#-----------------------------------------------------------
# Vivado v2018.3 (64-bit)
# SW Build 2405991 on Thu Dec  6 23:38:27 MST 2018
# IP Build 2404404 on Fri Dec  7 01:43:56 MST 2018
# Start of session at: Sat Oct 25 22:40:42 2025
# Process ID: 27780
# Current directory: F:/FPGA/work_space/AD_DA_tran
# Command line: vivado.exe -gui_launcher_event rodinguilauncherevent4256 F:\FPGA\work_space\AD_DA_tran\AD_DA_tran.xpr
# Log file: F:/FPGA/work_space/AD_DA_tran/vivado.log
# Journal file: F:/FPGA/work_space/AD_DA_tran\vivado.jou
#-----------------------------------------------------------
start_gui
open_project F:/FPGA/work_space/AD_DA_tran/AD_DA_tran.xpr
Scanning sources...
Finished scanning sources
INFO: [IP_Flow 19-234] Refreshing IP repositories
INFO: [IP_Flow 19-1704] No user IP repositories specified
INFO: [IP_Flow 19-2313] Loaded Vivado IP repository 'F:/FPGA/Vivado18.3/Vivado/2018.3/data/ip'.
open_project: Time (s): cpu = 00:00:12 ; elapsed = 00:00:07 . Memory (MB): peak = 907.203 ; gain = 191.957
update_compile_order -fileset sources_1
WARNING: [IP_Flow 19-4067] Ignoring invalid widget type specified checkbox.Providing a default widget
WARNING: [IP_Flow 19-4331] Invalid usage of property - Setting value property on PARAM_VALUE.ALL_PROBE_SAME_MU is not allowed in procedure update_gui_for_PARAM_VALUE.C_ADV_TRIGGER
WARNING: [IP_Flow 19-4331] Invalid usage of property - Setting value property on PARAM_VALUE.ALL_PROBE_SAME_MU is not allowed in procedure update_gui_for_PARAM_VALUE.C_ADV_TRIGGER
set_property -dict [list CONFIG.C_EN_STRG_QUAL {1} CONFIG.C_ADV_TRIGGER {true} CONFIG.C_PROBE7_MU_CNT {2} CONFIG.C_PROBE6_MU_CNT {2} CONFIG.C_PROBE5_MU_CNT {2} CONFIG.C_PROBE4_MU_CNT {2} CONFIG.C_PROBE3_MU_CNT {2} CONFIG.C_PROBE2_MU_CNT {2} CONFIG.C_PROBE1_MU_CNT {2} CONFIG.C_PROBE0_MU_CNT {2} CONFIG.ALL_PROBE_SAME_MU_CNT {2}] [get_ips ila_2]
generate_target all [get_files  F:/FPGA/work_space/AD_DA_tran/AD_DA_tran.srcs/sources_1/ip/ila_2/ila_2.xci]
INFO: [IP_Flow 19-1686] Generating 'Instantiation Template' target for IP 'ila_2'...
INFO: [IP_Flow 19-1686] Generating 'Synthesis' target for IP 'ila_2'...
WARNING: [IP_Flow 19-4994] Overwriting existing constraint file 'f:/FPGA/work_space/AD_DA_tran/AD_DA_tran.srcs/sources_1/ip/ila_2/ila_2_ooc.xdc'
INFO: [IP_Flow 19-1686] Generating 'Simulation' target for IP 'ila_2'...
INFO: [IP_Flow 19-1686] Generating 'Implementation' target for IP 'ila_2'...
INFO: [IP_Flow 19-1686] Generating 'Change Log' target for IP 'ila_2'...
catch { config_ip_cache -export [get_ips -all ila_2] }
export_ip_user_files -of_objects [get_files F:/FPGA/work_space/AD_DA_tran/AD_DA_tran.srcs/sources_1/ip/ila_2/ila_2.xci] -no_script -sync -force -quiet
reset_run ila_2_synth_1
launch_runs -jobs 12 ila_2_synth_1
[Sat Oct 25 22:51:27 2025] Launched ila_2_synth_1...
Run output will be captured here: F:/FPGA/work_space/AD_DA_tran/AD_DA_tran.runs/ila_2_synth_1/runme.log
INFO: [Vivado 12-4357] Exporting simulation files for 'ila_2'... please wait for 'ila_2_synth_1' run to finish...
wait_on_run ila_2_synth_1
[Sat Oct 25 22:51:27 2025] Waiting for ila_2_synth_1 to finish...
[Sat Oct 25 22:51:32 2025] Waiting for ila_2_synth_1 to finish...
[Sat Oct 25 22:51:37 2025] Waiting for ila_2_synth_1 to finish...
[Sat Oct 25 22:51:42 2025] Waiting for ila_2_synth_1 to finish...
[Sat Oct 25 22:51:52 2025] Waiting for ila_2_synth_1 to finish...
[Sat Oct 25 22:52:02 2025] Waiting for ila_2_synth_1 to finish...
[Sat Oct 25 22:52:12 2025] Waiting for ila_2_synth_1 to finish...
[Sat Oct 25 22:52:22 2025] Waiting for ila_2_synth_1 to finish...
[Sat Oct 25 22:52:42 2025] Waiting for ila_2_synth_1 to finish...
[Sat Oct 25 22:53:02 2025] Waiting for ila_2_synth_1 to finish...
[Sat Oct 25 22:53:22 2025] Waiting for ila_2_synth_1 to finish...
[Sat Oct 25 22:53:42 2025] Waiting for ila_2_synth_1 to finish...
[Sat Oct 25 22:54:23 2025] Waiting for ila_2_synth_1 to finish...

*** Running vivado
    with args -log ila_2.vds -m64 -product Vivado -mode batch -messageDb vivado.pb -notrace -source ila_2.tcl


****** Vivado v2018.3 (64-bit)
  **** SW Build 2405991 on Thu Dec  6 23:38:27 MST 2018
  **** IP Build 2404404 on Fri Dec  7 01:43:56 MST 2018
    ** Copyright 1986-2018 Xilinx, Inc. All Rights Reserved.

source ila_2.tcl -notrace
Command: synth_design -top ila_2 -part xc7z020clg400-2 -mode out_of_context
Starting synth_design
Attempting to get a license for feature 'Synthesis' and/or device 'xc7z020'
INFO: [Common 17-349] Got license for feature 'Synthesis' and/or device 'xc7z020'
INFO: Launching helper process for spawning children vivado processes
INFO: Helper process launched with PID 16144 
---------------------------------------------------------------------------------
Starting RTL Elaboration : Time (s): cpu = 00:00:04 ; elapsed = 00:00:05 . Memory (MB): peak = 523.727 ; gain = 128.969
---------------------------------------------------------------------------------
INFO: [Synth 8-6157] synthesizing module 'ila_2' [f:/FPGA/work_space/AD_DA_tran/AD_DA_tran.srcs/sources_1/ip/ila_2/synth/ila_2.v:84]
INFO: [Synth 8-6157] synthesizing module 'CFGLUT5' [F:/FPGA/Vivado18.3/Vivado/2018.3/scripts/rt/data/unisim_comp.v:1005]
INFO: [Synth 8-6155] done synthesizing module 'CFGLUT5' (12#1) [F:/FPGA/Vivado18.3/Vivado/2018.3/scripts/rt/data/unisim_comp.v:1005]
INFO: [Synth 8-6157] synthesizing module 'CARRY4' [F:/FPGA/Vivado18.3/Vivado/2018.3/scripts/rt/data/unisim_comp.v:968]
INFO: [Synth 8-6155] done synthesizing module 'CARRY4' (13#1) [F:/FPGA/Vivado18.3/Vivado/2018.3/scripts/rt/data/unisim_comp.v:968]
INFO: [Synth 8-6157] synthesizing module 'SRLC32E' [F:/FPGA/Vivado18.3/Vivado/2018.3/scripts/rt/data/unisim_comp.v:51849]
INFO: [Synth 8-6155] done synthesizing module 'SRLC32E' (23#1) [F:/FPGA/Vivado18.3/Vivado/2018.3/scripts/rt/data/unisim_comp.v:51849]
INFO: [Synth 8-6157] synthesizing module 'SRL16E' [F:/FPGA/Vivado18.3/Vivado/2018.3/scripts/rt/data/unisim_comp.v:51699]
INFO: [Synth 8-6155] done synthesizing module 'SRL16E' (25#1) [F:/FPGA/Vivado18.3/Vivado/2018.3/scripts/rt/data/unisim_comp.v:51699]
INFO: [Synth 8-6157] synthesizing module 'SRLC16E' [F:/FPGA/Vivado18.3/Vivado/2018.3/scripts/rt/data/unisim_comp.v:51788]
INFO: [Synth 8-6155] done synthesizing module 'SRLC16E' (27#1) [F:/FPGA/Vivado18.3/Vivado/2018.3/scripts/rt/data/unisim_comp.v:51788]
INFO: [Synth 8-6157] synthesizing module 'FDRE' [F:/FPGA/Vivado18.3/Vivado/2018.3/scripts/rt/data/unisim_comp.v:3971]
INFO: [Synth 8-6155] done synthesizing module 'FDRE' (32#1) [F:/FPGA/Vivado18.3/Vivado/2018.3/scripts/rt/data/unisim_comp.v:3971]
WARNING: [Synth 8-350] instance 'inst' of module 'ila_v6_2_8_ila' requires 1033 connections, but only 1027 given [f:/FPGA/work_space/AD_DA_tran/AD_DA_tran.srcs/sources_1/ip/ila_2/synth/ila_2.v:3223]
WARNING: [Synth 8-3848] Net sl_iport0 in module/entity ila_2 does not have driver. [f:/FPGA/work_space/AD_DA_tran/AD_DA_tran.srcs/sources_1/ip/ila_2/synth/ila_2.v:112]
INFO: [Synth 8-6155] done synthesizing module 'ila_2' (52#1) [f:/FPGA/work_space/AD_DA_tran/AD_DA_tran.srcs/sources_1/ip/ila_2/synth/ila_2.v:84]
WARNING: [Synth 8-3331] design blk_mem_gen_mux__parameterized0 has unconnected port MUX_RST[0]
WARNING: [Synth 8-3331] design blk_mem_gen_mux__parameterized0 has unconnected port MEM_LAT_RST
WARNING: [Synth 8-3331] design blk_mem_gen_mux__parameterized0 has unconnected port MUX_REGCE[0]
WARNING: [Synth 8-3331] design blk_mem_gen_mux__parameterized0 has unconnected port WE
WARNING: [Synth 8-3331] design blk_mem_gen_mux__parameterized0 has unconnected port ADDR_IN[15]
WARNING: [Synth 8-3331] design blk_mem_gen_mux__parameterized0 has unconnected port ADDR_IN[14]
WARNING: [Synth 8-3331] design blk_mem_gen_mux__parameterized0 has unconnected port ADDR_IN[13]
WARNING: [Synth 8-3331] design blk_mem_gen_mux__parameterized0 has unconnected port ADDR_IN[12]
WARNING: [Synth 8-3331] design blk_mem_gen_mux__parameterized0 has unconnected port ADDR_IN[11]
WARNING: [Synth 8-3331] design blk_mem_gen_mux__parameterized0 has unconnected port ADDR_IN[10]
WARNING: [Synth 8-3331] design blk_mem_gen_mux__parameterized0 has unconnected port ADDR_IN[9]
WARNING: [Synth 8-3331] design blk_mem_gen_mux__parameterized0 has unconnected port ADDR_IN[8]
WARNING: [Synth 8-3331] design blk_mem_gen_mux__parameterized0 has unconnected port ADDR_IN[7]
WARNING: [Synth 8-3331] design blk_mem_gen_mux__parameterized0 has unconnected port ADDR_IN[6]
WARNING: [Synth 8-3331] design blk_mem_gen_mux__parameterized0 has unconnected port ADDR_IN[5]
WARNING: [Synth 8-3331] design blk_mem_gen_mux__parameterized0 has unconnected port ADDR_IN[4]
WARNING: [Synth 8-3331] design blk_mem_gen_mux__parameterized0 has unconnected port ADDR_IN[3]
WARNING: [Synth 8-3331] design blk_mem_gen_mux__parameterized0 has unconnected port ADDR_IN[2]
WARNING: [Synth 8-3331] design blk_mem_gen_mux__parameterized0 has unconnected port ADDR_IN[1]
WARNING: [Synth 8-3331] design blk_mem_gen_mux__parameterized0 has unconnected port ADDR_IN[0]
WARNING: [Synth 8-3331] design blk_mem_gen_mux__parameterized0 has unconnected port SBITERRIN[1167]
WARNING: [Synth 8-3331] design blk_mem_gen_mux__parameterized0 has unconnected port SBITERRIN[1166]
WARNING: [Synth 8-3331] design blk_mem_gen_mux__parameterized0 has unconnected port SBITERRIN[1165]
WARNING: [Synth 8-3331] design blk_mem_gen_mux__parameterized0 has unconnected port SBITERRIN[1164]
WARNING: [Synth 8-3331] design blk_mem_gen_mux__parameterized0 has unconnected port SBITERRIN[1163]
WARNING: [Synth 8-3331] design blk_mem_gen_mux__parameterized0 has unconnected port SBITERRIN[1162]
WARNING: [Synth 8-3331] design blk_mem_gen_mux__parameterized0 has unconnected port SBITERRIN[1161]
WARNING: [Synth 8-3331] design blk_mem_gen_mux__parameterized0 has unconnected port SBITERRIN[1160]
WARNING: [Synth 8-3331] design blk_mem_gen_mux__parameterized0 has unconnected port SBITERRIN[1159]
WARNING: [Synth 8-3331] design blk_mem_gen_mux__parameterized0 has unconnected port SBITERRIN[1158]
WARNING: [Synth 8-3331] design blk_mem_gen_mux__parameterized0 has unconnected port SBITERRIN[1157]
WARNING: [Synth 8-3331] design blk_mem_gen_mux__parameterized0 has unconnected port SBITERRIN[1156]
WARNING: [Synth 8-3331] design blk_mem_gen_mux__parameterized0 has unconnected port SBITERRIN[1155]
WARNING: [Synth 8-3331] design blk_mem_gen_mux__parameterized0 has unconnected port SBITERRIN[1154]
WARNING: [Synth 8-3331] design blk_mem_gen_mux__parameterized0 has unconnected port SBITERRIN[1153]
WARNING: [Synth 8-3331] design blk_mem_gen_mux__parameterized0 has unconnected port SBITERRIN[1152]
WARNING: [Synth 8-3331] design blk_mem_gen_mux__parameterized0 has unconnected port SBITERRIN[1151]
WARNING: [Synth 8-3331] design blk_mem_gen_mux__parameterized0 has unconnected port SBITERRIN[1150]
WARNING: [Synth 8-3331] design blk_mem_gen_mux__parameterized0 has unconnected port SBITERRIN[1149]
WARNING: [Synth 8-3331] design blk_mem_gen_mux__parameterized0 has unconnected port SBITERRIN[1148]
WARNING: [Synth 8-3331] design blk_mem_gen_mux__parameterized0 has unconnected port SBITERRIN[1147]
WARNING: [Synth 8-3331] design blk_mem_gen_mux__parameterized0 has unconnected port SBITERRIN[1146]
WARNING: [Synth 8-3331] design blk_mem_gen_mux__parameterized0 has unconnected port SBITERRIN[1145]
WARNING: [Synth 8-3331] design blk_mem_gen_mux__parameterized0 has unconnected port SBITERRIN[1144]
WARNING: [Synth 8-3331] design blk_mem_gen_mux__parameterized0 has unconnected port SBITERRIN[1143]
WARNING: [Synth 8-3331] design blk_mem_gen_mux__parameterized0 has unconnected port SBITERRIN[1142]
WARNING: [Synth 8-3331] design blk_mem_gen_mux__parameterized0 has unconnected port SBITERRIN[1141]
WARNING: [Synth 8-3331] design blk_mem_gen_mux__parameterized0 has unconnected port SBITERRIN[1140]
WARNING: [Synth 8-3331] design blk_mem_gen_mux__parameterized0 has unconnected port SBITERRIN[1139]
WARNING: [Synth 8-3331] design blk_mem_gen_mux__parameterized0 has unconnected port SBITERRIN[1138]
WARNING: [Synth 8-3331] design blk_mem_gen_mux__parameterized0 has unconnected port SBITERRIN[1137]
WARNING: [Synth 8-3331] design blk_mem_gen_mux__parameterized0 has unconnected port SBITERRIN[1136]
WARNING: [Synth 8-3331] design blk_mem_gen_mux__parameterized0 has unconnected port SBITERRIN[1135]
WARNING: [Synth 8-3331] design blk_mem_gen_mux__parameterized0 has unconnected port SBITERRIN[1134]
WARNING: [Synth 8-3331] design blk_mem_gen_mux__parameterized0 has unconnected port SBITERRIN[1133]
WARNING: [Synth 8-3331] design blk_mem_gen_mux__parameterized0 has unconnected port SBITERRIN[1132]
WARNING: [Synth 8-3331] design blk_mem_gen_mux__parameterized0 has unconnected port SBITERRIN[1131]
WARNING: [Synth 8-3331] design blk_mem_gen_mux__parameterized0 has unconnected port SBITERRIN[1130]
WARNING: [Synth 8-3331] design blk_mem_gen_mux__parameterized0 has unconnected port SBITERRIN[1129]
WARNING: [Synth 8-3331] design blk_mem_gen_mux__parameterized0 has unconnected port SBITERRIN[1128]
WARNING: [Synth 8-3331] design blk_mem_gen_mux__parameterized0 has unconnected port SBITERRIN[1127]
WARNING: [Synth 8-3331] design blk_mem_gen_mux__parameterized0 has unconnected port SBITERRIN[1126]
WARNING: [Synth 8-3331] design blk_mem_gen_mux__parameterized0 has unconnected port SBITERRIN[1125]
WARNING: [Synth 8-3331] design blk_mem_gen_mux__parameterized0 has unconnected port SBITERRIN[1124]
WARNING: [Synth 8-3331] design blk_mem_gen_mux__parameterized0 has unconnected port SBITERRIN[1123]
WARNING: [Synth 8-3331] design blk_mem_gen_mux__parameterized0 has unconnected port SBITERRIN[1122]
WARNING: [Synth 8-3331] design blk_mem_gen_mux__parameterized0 has unconnected port SBITERRIN[1121]
WARNING: [Synth 8-3331] design blk_mem_gen_mux__parameterized0 has unconnected port SBITERRIN[1120]
WARNING: [Synth 8-3331] design blk_mem_gen_mux__parameterized0 has unconnected port SBITERRIN[1119]
WARNING: [Synth 8-3331] design blk_mem_gen_mux__parameterized0 has unconnected port SBITERRIN[1118]
WARNING: [Synth 8-3331] design blk_mem_gen_mux__parameterized0 has unconnected port SBITERRIN[1117]
WARNING: [Synth 8-3331] design blk_mem_gen_mux__parameterized0 has unconnected port SBITERRIN[1116]
WARNING: [Synth 8-3331] design blk_mem_gen_mux__parameterized0 has unconnected port SBITERRIN[1115]
WARNING: [Synth 8-3331] design blk_mem_gen_mux__parameterized0 has unconnected port SBITERRIN[1114]
WARNING: [Synth 8-3331] design blk_mem_gen_mux__parameterized0 has unconnected port SBITERRIN[1113]
WARNING: [Synth 8-3331] design blk_mem_gen_mux__parameterized0 has unconnected port SBITERRIN[1112]
WARNING: [Synth 8-3331] design blk_mem_gen_mux__parameterized0 has unconnected port SBITERRIN[1111]
WARNING: [Synth 8-3331] design blk_mem_gen_mux__parameterized0 has unconnected port SBITERRIN[1110]
WARNING: [Synth 8-3331] design blk_mem_gen_mux__parameterized0 has unconnected port SBITERRIN[1109]
WARNING: [Synth 8-3331] design blk_mem_gen_mux__parameterized0 has unconnected port SBITERRIN[1108]
WARNING: [Synth 8-3331] design blk_mem_gen_mux__parameterized0 has unconnected port SBITERRIN[1107]
WARNING: [Synth 8-3331] design blk_mem_gen_mux__parameterized0 has unconnected port SBITERRIN[1106]
WARNING: [Synth 8-3331] design blk_mem_gen_mux__parameterized0 has unconnected port SBITERRIN[1105]
WARNING: [Synth 8-3331] design blk_mem_gen_mux__parameterized0 has unconnected port SBITERRIN[1104]
WARNING: [Synth 8-3331] design blk_mem_gen_mux__parameterized0 has unconnected port SBITERRIN[1103]
WARNING: [Synth 8-3331] design blk_mem_gen_mux__parameterized0 has unconnected port SBITERRIN[1102]
WARNING: [Synth 8-3331] design blk_mem_gen_mux__parameterized0 has unconnected port SBITERRIN[1101]
WARNING: [Synth 8-3331] design blk_mem_gen_mux__parameterized0 has unconnected port SBITERRIN[1100]
WARNING: [Synth 8-3331] design blk_mem_gen_mux__parameterized0 has unconnected port SBITERRIN[1099]
WARNING: [Synth 8-3331] design blk_mem_gen_mux__parameterized0 has unconnected port SBITERRIN[1098]
WARNING: [Synth 8-3331] design blk_mem_gen_mux__parameterized0 has unconnected port SBITERRIN[1097]
WARNING: [Synth 8-3331] design blk_mem_gen_mux__parameterized0 has unconnected port SBITERRIN[1096]
WARNING: [Synth 8-3331] design blk_mem_gen_mux__parameterized0 has unconnected port SBITERRIN[1095]
WARNING: [Synth 8-3331] design blk_mem_gen_mux__parameterized0 has unconnected port SBITERRIN[1094]
WARNING: [Synth 8-3331] design blk_mem_gen_mux__parameterized0 has unconnected port SBITERRIN[1093]
WARNING: [Synth 8-3331] design blk_mem_gen_mux__parameterized0 has unconnected port SBITERRIN[1092]
WARNING: [Synth 8-3331] design blk_mem_gen_mux__parameterized0 has unconnected port SBITERRIN[1091]
WARNING: [Synth 8-3331] design blk_mem_gen_mux__parameterized0 has unconnected port SBITERRIN[1090]
WARNING: [Synth 8-3331] design blk_mem_gen_mux__parameterized0 has unconnected port SBITERRIN[1089]
WARNING: [Synth 8-3331] design blk_mem_gen_mux__parameterized0 has unconnected port SBITERRIN[1088]
INFO: [Common 17-14] Message 'Synth 8-3331' appears 100 times and further instances of the messages will be disabled. Use the Tcl command set_msg_config to change the current settings.
---------------------------------------------------------------------------------
Finished RTL Elaboration : Time (s): cpu = 00:01:55 ; elapsed = 00:01:58 . Memory (MB): peak = 960.508 ; gain = 565.750
---------------------------------------------------------------------------------

Report Check Netlist: 
+------+------------------+-------+---------+-------+------------------+
|      |Item              |Errors |Warnings |Status |Description       |
+------+------------------+-------+---------+-------+------------------+
|1     |multi_driven_nets |      0|        0|Passed |Multi driven nets |
+------+------------------+-------+---------+-------+------------------+
INFO: [Synth 8-3295] tying undriven pin inst:sl_iport0[36] to constant 0 [f:/FPGA/work_space/AD_DA_tran/AD_DA_tran.srcs/sources_1/ip/ila_2/synth/ila_2.v:3223]
INFO: [Synth 8-3295] tying undriven pin inst:sl_iport0[35] to constant 0 [f:/FPGA/work_space/AD_DA_tran/AD_DA_tran.srcs/sources_1/ip/ila_2/synth/ila_2.v:3223]
INFO: [Synth 8-3295] tying undriven pin inst:sl_iport0[34] to constant 0 [f:/FPGA/work_space/AD_DA_tran/AD_DA_tran.srcs/sources_1/ip/ila_2/synth/ila_2.v:3223]
INFO: [Synth 8-3295] tying undriven pin inst:sl_iport0[33] to constant 0 [f:/FPGA/work_space/AD_DA_tran/AD_DA_tran.srcs/sources_1/ip/ila_2/synth/ila_2.v:3223]
INFO: [Synth 8-3295] tying undriven pin inst:sl_iport0[32] to constant 0 [f:/FPGA/work_space/AD_DA_tran/AD_DA_tran.srcs/sources_1/ip/ila_2/synth/ila_2.v:3223]
INFO: [Synth 8-3295] tying undriven pin inst:sl_iport0[31] to constant 0 [f:/FPGA/work_space/AD_DA_tran/AD_DA_tran.srcs/sources_1/ip/ila_2/synth/ila_2.v:3223]
INFO: [Synth 8-3295] tying undriven pin inst:sl_iport0[30] to constant 0 [f:/FPGA/work_space/AD_DA_tran/AD_DA_tran.srcs/sources_1/ip/ila_2/synth/ila_2.v:3223]
INFO: [Synth 8-3295] tying undriven pin inst:sl_iport0[29] to constant 0 [f:/FPGA/work_space/AD_DA_tran/AD_DA_tran.srcs/sources_1/ip/ila_2/synth/ila_2.v:3223]
INFO: [Synth 8-3295] tying undriven pin inst:sl_iport0[28] to constant 0 [f:/FPGA/work_space/AD_DA_tran/AD_DA_tran.srcs/sources_1/ip/ila_2/synth/ila_2.v:3223]
INFO: [Synth 8-3295] tying undriven pin inst:sl_iport0[27] to constant 0 [f:/FPGA/work_space/AD_DA_tran/AD_DA_tran.srcs/sources_1/ip/ila_2/synth/ila_2.v:3223]
INFO: [Synth 8-3295] tying undriven pin inst:sl_iport0[26] to constant 0 [f:/FPGA/work_space/AD_DA_tran/AD_DA_tran.srcs/sources_1/ip/ila_2/synth/ila_2.v:3223]
INFO: [Synth 8-3295] tying undriven pin inst:sl_iport0[25] to constant 0 [f:/FPGA/work_space/AD_DA_tran/AD_DA_tran.srcs/sources_1/ip/ila_2/synth/ila_2.v:3223]
INFO: [Synth 8-3295] tying undriven pin inst:sl_iport0[24] to constant 0 [f:/FPGA/work_space/AD_DA_tran/AD_DA_tran.srcs/sources_1/ip/ila_2/synth/ila_2.v:3223]
INFO: [Synth 8-3295] tying undriven pin inst:sl_iport0[23] to constant 0 [f:/FPGA/work_space/AD_DA_tran/AD_DA_tran.srcs/sources_1/ip/ila_2/synth/ila_2.v:3223]
INFO: [Synth 8-3295] tying undriven pin inst:sl_iport0[22] to constant 0 [f:/FPGA/work_space/AD_DA_tran/AD_DA_tran.srcs/sources_1/ip/ila_2/synth/ila_2.v:3223]
INFO: [Synth 8-3295] tying undriven pin inst:sl_iport0[21] to constant 0 [f:/FPGA/work_space/AD_DA_tran/AD_DA_tran.srcs/sources_1/ip/ila_2/synth/ila_2.v:3223]
INFO: [Synth 8-3295] tying undriven pin inst:sl_iport0[20] to constant 0 [f:/FPGA/work_space/AD_DA_tran/AD_DA_tran.srcs/sources_1/ip/ila_2/synth/ila_2.v:3223]
INFO: [Synth 8-3295] tying undriven pin inst:sl_iport0[19] to constant 0 [f:/FPGA/work_space/AD_DA_tran/AD_DA_tran.srcs/sources_1/ip/ila_2/synth/ila_2.v:3223]
INFO: [Synth 8-3295] tying undriven pin inst:sl_iport0[18] to constant 0 [f:/FPGA/work_space/AD_DA_tran/AD_DA_tran.srcs/sources_1/ip/ila_2/synth/ila_2.v:3223]
INFO: [Synth 8-3295] tying undriven pin inst:sl_iport0[17] to constant 0 [f:/FPGA/work_space/AD_DA_tran/AD_DA_tran.srcs/sources_1/ip/ila_2/synth/ila_2.v:3223]
INFO: [Synth 8-3295] tying undriven pin inst:sl_iport0[16] to constant 0 [f:/FPGA/work_space/AD_DA_tran/AD_DA_tran.srcs/sources_1/ip/ila_2/synth/ila_2.v:3223]
INFO: [Synth 8-3295] tying undriven pin inst:sl_iport0[15] to constant 0 [f:/FPGA/work_space/AD_DA_tran/AD_DA_tran.srcs/sources_1/ip/ila_2/synth/ila_2.v:3223]
INFO: [Synth 8-3295] tying undriven pin inst:sl_iport0[14] to constant 0 [f:/FPGA/work_space/AD_DA_tran/AD_DA_tran.srcs/sources_1/ip/ila_2/synth/ila_2.v:3223]
INFO: [Synth 8-3295] tying undriven pin inst:sl_iport0[13] to constant 0 [f:/FPGA/work_space/AD_DA_tran/AD_DA_tran.srcs/sources_1/ip/ila_2/synth/ila_2.v:3223]
INFO: [Synth 8-3295] tying undriven pin inst:sl_iport0[12] to constant 0 [f:/FPGA/work_space/AD_DA_tran/AD_DA_tran.srcs/sources_1/ip/ila_2/synth/ila_2.v:3223]
INFO: [Synth 8-3295] tying undriven pin inst:sl_iport0[11] to constant 0 [f:/FPGA/work_space/AD_DA_tran/AD_DA_tran.srcs/sources_1/ip/ila_2/synth/ila_2.v:3223]
INFO: [Synth 8-3295] tying undriven pin inst:sl_iport0[10] to constant 0 [f:/FPGA/work_space/AD_DA_tran/AD_DA_tran.srcs/sources_1/ip/ila_2/synth/ila_2.v:3223]
INFO: [Synth 8-3295] tying undriven pin inst:sl_iport0[9] to constant 0 [f:/FPGA/work_space/AD_DA_tran/AD_DA_tran.srcs/sources_1/ip/ila_2/synth/ila_2.v:3223]
INFO: [Synth 8-3295] tying undriven pin inst:sl_iport0[8] to constant 0 [f:/FPGA/work_space/AD_DA_tran/AD_DA_tran.srcs/sources_1/ip/ila_2/synth/ila_2.v:3223]
INFO: [Synth 8-3295] tying undriven pin inst:sl_iport0[7] to constant 0 [f:/FPGA/work_space/AD_DA_tran/AD_DA_tran.srcs/sources_1/ip/ila_2/synth/ila_2.v:3223]
INFO: [Synth 8-3295] tying undriven pin inst:sl_iport0[6] to constant 0 [f:/FPGA/work_space/AD_DA_tran/AD_DA_tran.srcs/sources_1/ip/ila_2/synth/ila_2.v:3223]
INFO: [Synth 8-3295] tying undriven pin inst:sl_iport0[5] to constant 0 [f:/FPGA/work_space/AD_DA_tran/AD_DA_tran.srcs/sources_1/ip/ila_2/synth/ila_2.v:3223]
INFO: [Synth 8-3295] tying undriven pin inst:sl_iport0[4] to constant 0 [f:/FPGA/work_space/AD_DA_tran/AD_DA_tran.srcs/sources_1/ip/ila_2/synth/ila_2.v:3223]
INFO: [Synth 8-3295] tying undriven pin inst:sl_iport0[3] to constant 0 [f:/FPGA/work_space/AD_DA_tran/AD_DA_tran.srcs/sources_1/ip/ila_2/synth/ila_2.v:3223]
INFO: [Synth 8-3295] tying undriven pin inst:sl_iport0[2] to constant 0 [f:/FPGA/work_space/AD_DA_tran/AD_DA_tran.srcs/sources_1/ip/ila_2/synth/ila_2.v:3223]
INFO: [Synth 8-3295] tying undriven pin inst:sl_iport0[1] to constant 0 [f:/FPGA/work_space/AD_DA_tran/AD_DA_tran.srcs/sources_1/ip/ila_2/synth/ila_2.v:3223]
INFO: [Synth 8-3295] tying undriven pin inst:sl_iport0[0] to constant 0 [f:/FPGA/work_space/AD_DA_tran/AD_DA_tran.srcs/sources_1/ip/ila_2/synth/ila_2.v:3223]
INFO: [Synth 8-3295] tying undriven pin inst:trig_in to constant 0 [f:/FPGA/work_space/AD_DA_tran/AD_DA_tran.srcs/sources_1/ip/ila_2/synth/ila_2.v:3223]
INFO: [Synth 8-3295] tying undriven pin inst:trig_out_ack to constant 0 [f:/FPGA/work_space/AD_DA_tran/AD_DA_tran.srcs/sources_1/ip/ila_2/synth/ila_2.v:3223]
---------------------------------------------------------------------------------
Start Handling Custom Attributes
---------------------------------------------------------------------------------
---------------------------------------------------------------------------------
Finished Handling Custom Attributes : Time (s): cpu = 00:01:56 ; elapsed = 00:01:59 . Memory (MB): peak = 960.508 ; gain = 565.750
---------------------------------------------------------------------------------
---------------------------------------------------------------------------------
Finished RTL Optimization Phase 1 : Time (s): cpu = 00:01:56 ; elapsed = 00:01:59 . Memory (MB): peak = 960.508 ; gain = 565.750
---------------------------------------------------------------------------------
INFO: [Netlist 29-17] Analyzing 734 Unisim elements for replacement
INFO: [Netlist 29-28] Unisim Transformation completed in 1 CPU seconds
INFO: [Device 21-403] Loading part xc7z020clg400-2
INFO: [Project 1-570] Preparing netlist for logic optimization

Processing XDC Constraints
Initializing timing engine
Parsing XDC File [f:/FPGA/work_space/AD_DA_tran/AD_DA_tran.srcs/sources_1/ip/ila_2/ila_2_ooc.xdc] for cell 'inst'
Finished Parsing XDC File [f:/FPGA/work_space/AD_DA_tran/AD_DA_tran.srcs/sources_1/ip/ila_2/ila_2_ooc.xdc] for cell 'inst'
Parsing XDC File [f:/FPGA/work_space/AD_DA_tran/AD_DA_tran.srcs/sources_1/ip/ila_2/ila_v6_2/constraints/ila.xdc] for cell 'inst'
Finished Parsing XDC File [f:/FPGA/work_space/AD_DA_tran/AD_DA_tran.srcs/sources_1/ip/ila_2/ila_v6_2/constraints/ila.xdc] for cell 'inst'
Parsing XDC File [F:/FPGA/work_space/AD_DA_tran/AD_DA_tran.runs/ila_2_synth_1/dont_touch.xdc]
Finished Parsing XDC File [F:/FPGA/work_space/AD_DA_tran/AD_DA_tran.runs/ila_2_synth_1/dont_touch.xdc]
Completed Processing XDC Constraints

Netlist sorting complete. Time (s): cpu = 00:00:00 ; elapsed = 00:00:00.004 . Memory (MB): peak = 1108.906 ; gain = 0.000
INFO: [Project 1-111] Unisim Transformation Summary:
  A total of 452 instances were transformed.
  CFGLUT5 => CFGLUT5 (SRLC32E, SRL16E): 400 instances
  CFGLUT5 => SRLC32E: 52 instances

Netlist sorting complete. Time (s): cpu = 00:00:00 ; elapsed = 00:00:00.006 . Memory (MB): peak = 1109.875 ; gain = 0.000
Constraint Validation Runtime : Time (s): cpu = 00:00:00 ; elapsed = 00:00:00.100 . Memory (MB): peak = 1111.000 ; gain = 2.094
---------------------------------------------------------------------------------
Finished Constraint Validation : Time (s): cpu = 00:02:05 ; elapsed = 00:02:09 . Memory (MB): peak = 1111.000 ; gain = 716.242
---------------------------------------------------------------------------------
---------------------------------------------------------------------------------
Start Loading Part and Timing Information
---------------------------------------------------------------------------------
Loading part: xc7z020clg400-2
---------------------------------------------------------------------------------
Finished Loading Part and Timing Information : Time (s): cpu = 00:02:05 ; elapsed = 00:02:09 . Memory (MB): peak = 1111.000 ; gain = 716.242
---------------------------------------------------------------------------------
---------------------------------------------------------------------------------
Start Applying 'set_property' XDC Constraints
---------------------------------------------------------------------------------
Applied set_property DONT_TOUCH = true for inst. (constraint file  F:/FPGA/work_space/AD_DA_tran/AD_DA_tran.runs/ila_2_synth_1/dont_touch.xdc, line 9).
---------------------------------------------------------------------------------
Finished applying 'set_property' XDC Constraints : Time (s): cpu = 00:02:05 ; elapsed = 00:02:09 . Memory (MB): peak = 1111.000 ; gain = 716.242
---------------------------------------------------------------------------------
INFO: [Synth 8-802] inferred FSM for state register 'current_state_reg' in module 'xsdbs_v1_0_2_reg_p2s__parameterized51'
INFO: [Synth 8-5544] ROM "data_out_sel" won't be mapped to Block RAM because address size (4) smaller than threshold (5)
INFO: [Synth 8-5544] ROM "shift_en" won't be mapped to Block RAM because address size (4) smaller than threshold (5)
INFO: [Synth 8-5544] ROM "next_state" won't be mapped to Block RAM because address size (1) smaller than threshold (5)
INFO: [Synth 8-5544] ROM "next_state" won't be mapped to Block RAM because address size (1) smaller than threshold (5)
INFO: [Synth 8-5544] ROM "next_state" won't be mapped to Block RAM because address size (1) smaller than threshold (5)
INFO: [Synth 8-802] inferred FSM for state register 'current_state_reg' in module 'xsdbs_v1_0_2_reg_p2s__parameterized52'
INFO: [Synth 8-5544] ROM "data_out_sel" won't be mapped to Block RAM because address size (4) smaller than threshold (5)
INFO: [Synth 8-5544] ROM "shift_en" won't be mapped to Block RAM because address size (4) smaller than threshold (5)
INFO: [Synth 8-5544] ROM "next_state" won't be mapped to Block RAM because address size (1) smaller than threshold (5)
INFO: [Synth 8-5544] ROM "next_state" won't be mapped to Block RAM because address size (1) smaller than threshold (5)
INFO: [Synth 8-5544] ROM "next_state" won't be mapped to Block RAM because address size (1) smaller than threshold (5)
INFO: [Synth 8-802] inferred FSM for state register 'current_state_reg' in module 'xsdbs_v1_0_2_reg_p2s'
INFO: [Synth 8-5544] ROM "data_out_sel" won't be mapped to Block RAM because address size (4) smaller than threshold (5)
INFO: [Synth 8-5544] ROM "shift_en" won't be mapped to Block RAM because address size (4) smaller than threshold (5)
INFO: [Synth 8-5544] ROM "next_state" won't be mapped to Block RAM because address size (1) smaller than threshold (5)
INFO: [Synth 8-5544] ROM "next_state" won't be mapped to Block RAM because address size (1) smaller than threshold (5)
INFO: [Synth 8-5544] ROM "next_state" won't be mapped to Block RAM because address size (1) smaller than threshold (5)
INFO: [Synth 8-802] inferred FSM for state register 'current_state_reg' in module 'xsdbs_v1_0_2_reg_p2s__parameterized0'
INFO: [Synth 8-5544] ROM "data_out_sel" won't be mapped to Block RAM because address size (4) smaller than threshold (5)
INFO: [Synth 8-5544] ROM "shift_en" won't be mapped to Block RAM because address size (4) smaller than threshold (5)
INFO: [Synth 8-5544] ROM "next_state" won't be mapped to Block RAM because address size (1) smaller than threshold (5)
INFO: [Synth 8-5544] ROM "next_state" won't be mapped to Block RAM because address size (1) smaller than threshold (5)
INFO: [Synth 8-5544] ROM "next_state" won't be mapped to Block RAM because address size (1) smaller than threshold (5)
INFO: [Synth 8-802] inferred FSM for state register 'current_state_reg' in module 'xsdbs_v1_0_2_reg_p2s__parameterized1'
INFO: [Synth 8-5544] ROM "data_out_sel" won't be mapped to Block RAM because address size (4) smaller than threshold (5)
INFO: [Synth 8-5544] ROM "shift_en" won't be mapped to Block RAM because address size (4) smaller than threshold (5)
INFO: [Synth 8-5544] ROM "next_state" won't be mapped to Block RAM because address size (1) smaller than threshold (5)
INFO: [Synth 8-5544] ROM "next_state" won't be mapped to Block RAM because address size (1) smaller than threshold (5)
INFO: [Synth 8-5544] ROM "next_state" won't be mapped to Block RAM because address size (1) smaller than threshold (5)
INFO: [Synth 8-802] inferred FSM for state register 'current_state_reg' in module 'xsdbs_v1_0_2_reg_p2s__parameterized2'
INFO: [Synth 8-5544] ROM "data_out_sel" won't be mapped to Block RAM because address size (4) smaller than threshold (5)
INFO: [Synth 8-5544] ROM "shift_en" won't be mapped to Block RAM because address size (4) smaller than threshold (5)
INFO: [Synth 8-5544] ROM "next_state" won't be mapped to Block RAM because address size (1) smaller than threshold (5)
INFO: [Synth 8-5544] ROM "next_state" won't be mapped to Block RAM because address size (1) smaller than threshold (5)
INFO: [Synth 8-5544] ROM "next_state" won't be mapped to Block RAM because address size (1) smaller than threshold (5)
INFO: [Synth 8-802] inferred FSM for state register 'current_state_reg' in module 'xsdbs_v1_0_2_reg_p2s__parameterized3'
INFO: [Synth 8-5544] ROM "data_out_sel" won't be mapped to Block RAM because address size (4) smaller than threshold (5)
INFO: [Synth 8-5544] ROM "shift_en" won't be mapped to Block RAM because address size (4) smaller than threshold (5)
INFO: [Synth 8-5544] ROM "next_state" won't be mapped to Block RAM because address size (1) smaller than threshold (5)
INFO: [Synth 8-5544] ROM "next_state" won't be mapped to Block RAM because address size (1) smaller than threshold (5)
INFO: [Synth 8-5544] ROM "next_state" won't be mapped to Block RAM because address size (1) smaller than threshold (5)
INFO: [Synth 8-802] inferred FSM for state register 'current_state_reg' in module 'xsdbs_v1_0_2_reg_p2s__parameterized4'
INFO: [Synth 8-5544] ROM "data_out_sel" won't be mapped to Block RAM because address size (4) smaller than threshold (5)
INFO: [Synth 8-5544] ROM "shift_en" won't be mapped to Block RAM because address size (4) smaller than threshold (5)
INFO: [Synth 8-5544] ROM "next_state" won't be mapped to Block RAM because address size (1) smaller than threshold (5)
INFO: [Synth 8-5544] ROM "next_state" won't be mapped to Block RAM because address size (1) smaller than threshold (5)
INFO: [Synth 8-5544] ROM "next_state" won't be mapped to Block RAM because address size (1) smaller than threshold (5)
INFO: [Synth 8-802] inferred FSM for state register 'current_state_reg' in module 'xsdbs_v1_0_2_reg_p2s__parameterized5'
INFO: [Synth 8-5544] ROM "data_out_sel" won't be mapped to Block RAM because address size (4) smaller than threshold (5)
INFO: [Synth 8-5544] ROM "shift_en" won't be mapped to Block RAM because address size (4) smaller than threshold (5)
INFO: [Synth 8-5544] ROM "next_state" won't be mapped to Block RAM because address size (1) smaller than threshold (5)
INFO: [Synth 8-5544] ROM "next_state" won't be mapped to Block RAM because address size (1) smaller than threshold (5)
INFO: [Synth 8-5544] ROM "next_state" won't be mapped to Block RAM because address size (1) smaller than threshold (5)
INFO: [Synth 8-802] inferred FSM for state register 'current_state_reg' in module 'xsdbs_v1_0_2_reg_p2s__parameterized6'
INFO: [Synth 8-5544] ROM "data_out_sel" won't be mapped to Block RAM because address size (4) smaller than threshold (5)
INFO: [Synth 8-5544] ROM "shift_en" won't be mapped to Block RAM because address size (4) smaller than threshold (5)
INFO: [Synth 8-5544] ROM "next_state" won't be mapped to Block RAM because address size (1) smaller than threshold (5)
INFO: [Synth 8-5544] ROM "next_state" won't be mapped to Block RAM because address size (1) smaller than threshold (5)
INFO: [Synth 8-5544] ROM "next_state" won't be mapped to Block RAM because address size (1) smaller than threshold (5)
INFO: [Synth 8-802] inferred FSM for state register 'current_state_reg' in module 'xsdbs_v1_0_2_reg_p2s__parameterized7'
INFO: [Synth 8-5544] ROM "data_out_sel" won't be mapped to Block RAM because address size (4) smaller than threshold (5)
INFO: [Synth 8-5544] ROM "shift_en" won't be mapped to Block RAM because address size (4) smaller than threshold (5)
INFO: [Synth 8-5544] ROM "next_state" won't be mapped to Block RAM because address size (1) smaller than threshold (5)
INFO: [Synth 8-5544] ROM "next_state" won't be mapped to Block RAM because address size (1) smaller than threshold (5)
INFO: [Synth 8-5544] ROM "next_state" won't be mapped to Block RAM because address size (1) smaller than threshold (5)
INFO: [Synth 8-802] inferred FSM for state register 'current_state_reg' in module 'xsdbs_v1_0_2_reg_p2s__parameterized8'
INFO: [Synth 8-5544] ROM "data_out_sel" won't be mapped to Block RAM because address size (4) smaller than threshold (5)
INFO: [Synth 8-5544] ROM "shift_en" won't be mapped to Block RAM because address size (4) smaller than threshold (5)
INFO: [Synth 8-5544] ROM "next_state" won't be mapped to Block RAM because address size (1) smaller than threshold (5)
INFO: [Synth 8-5544] ROM "next_state" won't be mapped to Block RAM because address size (1) smaller than threshold (5)
INFO: [Synth 8-5544] ROM "next_state" won't be mapped to Block RAM because address size (1) smaller than threshold (5)
INFO: [Synth 8-802] inferred FSM for state register 'current_state_reg' in module 'xsdbs_v1_0_2_reg_p2s__parameterized9'
INFO: [Synth 8-5544] ROM "data_out_sel" won't be mapped to Block RAM because address size (4) smaller than threshold (5)
INFO: [Synth 8-5544] ROM "shift_en" won't be mapped to Block RAM because address size (4) smaller than threshold (5)
INFO: [Synth 8-5544] ROM "next_state" won't be mapped to Block RAM because address size (1) smaller than threshold (5)
INFO: [Synth 8-5544] ROM "next_state" won't be mapped to Block RAM because address size (1) smaller than threshold (5)
INFO: [Synth 8-5544] ROM "next_state" won't be mapped to Block RAM because address size (1) smaller than threshold (5)
INFO: [Synth 8-802] inferred FSM for state register 'current_state_reg' in module 'xsdbs_v1_0_2_reg_p2s__parameterized10'
INFO: [Synth 8-5544] ROM "data_out_sel" won't be mapped to Block RAM because address size (4) smaller than threshold (5)
INFO: [Synth 8-5544] ROM "shift_en" won't be mapped to Block RAM because address size (4) smaller than threshold (5)
INFO: [Synth 8-5544] ROM "next_state" won't be mapped to Block RAM because address size (1) smaller than threshold (5)
INFO: [Synth 8-5544] ROM "next_state" won't be mapped to Block RAM because address size (1) smaller than threshold (5)
INFO: [Synth 8-5544] ROM "next_state" won't be mapped to Block RAM because address size (1) smaller than threshold (5)
INFO: [Synth 8-802] inferred FSM for state register 'current_state_reg' in module 'xsdbs_v1_0_2_reg_p2s__parameterized11'
INFO: [Synth 8-5544] ROM "data_out_sel" won't be mapped to Block RAM because address size (4) smaller than threshold (5)
INFO: [Synth 8-5544] ROM "shift_en" won't be mapped to Block RAM because address size (4) smaller than threshold (5)
INFO: [Synth 8-5544] ROM "next_state" won't be mapped to Block RAM because address size (1) smaller than threshold (5)
INFO: [Synth 8-5544] ROM "next_state" won't be mapped to Block RAM because address size (1) smaller than threshold (5)
INFO: [Synth 8-5544] ROM "next_state" won't be mapped to Block RAM because address size (1) smaller than threshold (5)
INFO: [Synth 8-802] inferred FSM for state register 'current_state_reg' in module 'xsdbs_v1_0_2_reg_p2s__parameterized12'
INFO: [Synth 8-5544] ROM "data_out_sel" won't be mapped to Block RAM because address size (4) smaller than threshold (5)
INFO: [Synth 8-5544] ROM "shift_en" won't be mapped to Block RAM because address size (4) smaller than threshold (5)
INFO: [Synth 8-5544] ROM "next_state" won't be mapped to Block RAM because address size (1) smaller than threshold (5)
INFO: [Synth 8-5544] ROM "next_state" won't be mapped to Block RAM because address size (1) smaller than threshold (5)
INFO: [Synth 8-5544] ROM "next_state" won't be mapped to Block RAM because address size (1) smaller than threshold (5)
INFO: [Synth 8-802] inferred FSM for state register 'current_state_reg' in module 'xsdbs_v1_0_2_reg_p2s__parameterized13'
INFO: [Synth 8-5544] ROM "data_out_sel" won't be mapped to Block RAM because address size (4) smaller than threshold (5)
INFO: [Synth 8-5544] ROM "shift_en" won't be mapped to Block RAM because address size (4) smaller than threshold (5)
INFO: [Synth 8-5544] ROM "next_state" won't be mapped to Block RAM because address size (1) smaller than threshold (5)
INFO: [Synth 8-5544] ROM "next_state" won't be mapped to Block RAM because address size (1) smaller than threshold (5)
INFO: [Synth 8-5544] ROM "next_state" won't be mapped to Block RAM because address size (1) smaller than threshold (5)
INFO: [Synth 8-802] inferred FSM for state register 'current_state_reg' in module 'xsdbs_v1_0_2_reg_p2s__parameterized14'
INFO: [Synth 8-5544] ROM "data_out_sel" won't be mapped to Block RAM because address size (4) smaller than threshold (5)
INFO: [Synth 8-5544] ROM "shift_en" won't be mapped to Block RAM because address size (4) smaller than threshold (5)
INFO: [Synth 8-5544] ROM "next_state" won't be mapped to Block RAM because address size (1) smaller than threshold (5)
INFO: [Synth 8-5544] ROM "next_state" won't be mapped to Block RAM because address size (1) smaller than threshold (5)
INFO: [Synth 8-5544] ROM "next_state" won't be mapped to Block RAM because address size (1) smaller than threshold (5)
INFO: [Synth 8-802] inferred FSM for state register 'current_state_reg' in module 'xsdbs_v1_0_2_reg_p2s__parameterized15'
INFO: [Synth 8-5544] ROM "data_out_sel" won't be mapped to Block RAM because address size (4) smaller than threshold (5)
INFO: [Synth 8-5544] ROM "shift_en" won't be mapped to Block RAM because address size (4) smaller than threshold (5)
INFO: [Synth 8-5544] ROM "next_state" won't be mapped to Block RAM because address size (1) smaller than threshold (5)
INFO: [Synth 8-5544] ROM "next_state" won't be mapped to Block RAM because address size (1) smaller than threshold (5)
INFO: [Synth 8-5544] ROM "next_state" won't be mapped to Block RAM because address size (1) smaller than threshold (5)
INFO: [Synth 8-802] inferred FSM for state register 'current_state_reg' in module 'xsdbs_v1_0_2_reg_p2s__parameterized16'
INFO: [Synth 8-5544] ROM "data_out_sel" won't be mapped to Block RAM because address size (4) smaller than threshold (5)
INFO: [Synth 8-5544] ROM "shift_en" won't be mapped to Block RAM because address size (4) smaller than threshold (5)
INFO: [Synth 8-5544] ROM "next_state" won't be mapped to Block RAM because address size (1) smaller than threshold (5)
INFO: [Synth 8-5544] ROM "next_state" won't be mapped to Block RAM because address size (1) smaller than threshold (5)
INFO: [Synth 8-5544] ROM "next_state" won't be mapped to Block RAM because address size (1) smaller than threshold (5)
INFO: [Common 17-14] Message 'Synth 8-5544' appears 100 times and further instances of the messages will be disabled. Use the Tcl command set_msg_config to change the current settings.
INFO: [Synth 8-802] inferred FSM for state register 'current_state_reg' in module 'xsdbs_v1_0_2_reg_p2s__parameterized17'
INFO: [Synth 8-802] inferred FSM for state register 'current_state_reg' in module 'xsdbs_v1_0_2_reg_p2s__parameterized18'
INFO: [Synth 8-802] inferred FSM for state register 'current_state_reg' in module 'xsdbs_v1_0_2_reg_p2s__parameterized19'
INFO: [Synth 8-802] inferred FSM for state register 'current_state_reg' in module 'xsdbs_v1_0_2_reg_p2s__parameterized20'
INFO: [Synth 8-802] inferred FSM for state register 'current_state_reg' in module 'xsdbs_v1_0_2_reg_p2s__parameterized21'
INFO: [Synth 8-802] inferred FSM for state register 'current_state_reg' in module 'xsdbs_v1_0_2_reg_p2s__parameterized22'
INFO: [Synth 8-802] inferred FSM for state register 'current_state_reg' in module 'xsdbs_v1_0_2_reg_p2s__parameterized23'
INFO: [Synth 8-802] inferred FSM for state register 'current_state_reg' in module 'xsdbs_v1_0_2_reg_p2s__parameterized24'
INFO: [Synth 8-802] inferred FSM for state register 'current_state_reg' in module 'xsdbs_v1_0_2_reg_p2s__parameterized25'
INFO: [Synth 8-802] inferred FSM for state register 'current_state_reg' in module 'xsdbs_v1_0_2_reg_p2s__parameterized26'
INFO: [Synth 8-802] inferred FSM for state register 'current_state_reg' in module 'xsdbs_v1_0_2_reg_p2s__parameterized27'
INFO: [Synth 8-802] inferred FSM for state register 'current_state_reg' in module 'xsdbs_v1_0_2_reg_p2s__parameterized28'
INFO: [Synth 8-802] inferred FSM for state register 'current_state_reg' in module 'xsdbs_v1_0_2_reg_p2s__parameterized29'
INFO: [Synth 8-802] inferred FSM for state register 'current_state_reg' in module 'xsdbs_v1_0_2_reg_p2s__parameterized30'
INFO: [Synth 8-802] inferred FSM for state register 'current_state_reg' in module 'xsdbs_v1_0_2_reg_p2s__parameterized31'
INFO: [Synth 8-802] inferred FSM for state register 'current_state_reg' in module 'xsdbs_v1_0_2_reg_p2s__parameterized32'
INFO: [Synth 8-802] inferred FSM for state register 'current_state_reg' in module 'xsdbs_v1_0_2_reg_p2s__parameterized33'
INFO: [Synth 8-802] inferred FSM for state register 'current_state_reg' in module 'xsdbs_v1_0_2_reg_p2s__parameterized34'
INFO: [Synth 8-802] inferred FSM for state register 'current_state_reg' in module 'xsdbs_v1_0_2_reg_p2s__parameterized35'
INFO: [Synth 8-802] inferred FSM for state register 'current_state_reg' in module 'xsdbs_v1_0_2_reg_p2s__parameterized36'
INFO: [Synth 8-802] inferred FSM for state register 'current_state_reg' in module 'xsdbs_v1_0_2_reg_p2s__parameterized37'
INFO: [Synth 8-802] inferred FSM for state register 'current_state_reg' in module 'xsdbs_v1_0_2_reg_p2s__parameterized38'
INFO: [Synth 8-802] inferred FSM for state register 'current_state_reg' in module 'xsdbs_v1_0_2_reg_p2s__parameterized39'
INFO: [Synth 8-802] inferred FSM for state register 'current_state_reg' in module 'xsdbs_v1_0_2_reg_p2s__parameterized40'
INFO: [Synth 8-802] inferred FSM for state register 'current_state_reg' in module 'xsdbs_v1_0_2_reg_p2s__parameterized41'
INFO: [Synth 8-802] inferred FSM for state register 'current_state_reg' in module 'xsdbs_v1_0_2_reg_p2s__parameterized42'
INFO: [Synth 8-802] inferred FSM for state register 'current_state_reg' in module 'xsdbs_v1_0_2_reg_p2s__parameterized43'
INFO: [Synth 8-802] inferred FSM for state register 'current_state_reg' in module 'xsdbs_v1_0_2_reg_p2s__parameterized44'
INFO: [Synth 8-802] inferred FSM for state register 'current_state_reg' in module 'xsdbs_v1_0_2_reg_p2s__parameterized45'
INFO: [Synth 8-802] inferred FSM for state register 'current_state_reg' in module 'xsdbs_v1_0_2_reg_p2s__parameterized46'
INFO: [Synth 8-802] inferred FSM for state register 'current_state_reg' in module 'xsdbs_v1_0_2_reg_p2s__parameterized47'
INFO: [Synth 8-802] inferred FSM for state register 'current_state_reg' in module 'xsdbs_v1_0_2_reg_p2s__parameterized48'
INFO: [Synth 8-802] inferred FSM for state register 'current_state_reg' in module 'xsdbs_v1_0_2_reg_p2s__parameterized49'
INFO: [Synth 8-802] inferred FSM for state register 'current_state_reg' in module 'xsdbs_v1_0_2_reg_p2s__parameterized50'
INFO: [Synth 8-5546] ROM "drdy_mux_temp" won't be mapped to RAM because it is too sparse
INFO: [Synth 8-5546] ROM "adv_drdy" won't be mapped to RAM because it is too sparse
INFO: [Synth 8-5546] ROM "read_addr" won't be mapped to RAM because it is too sparse
INFO: [Synth 8-5546] ROM "curr_read_block" won't be mapped to RAM because it is too sparse
INFO: [Synth 8-5546] ROM "read_en" won't be mapped to RAM because it is too sparse
---------------------------------------------------------------------------------------------------
                   State |                     New Encoding |                Previous Encoding 
---------------------------------------------------------------------------------------------------
*
                    IDLE |                             0001 |                             0001
                     REG |                             0010 |                             0010
                     P2S |                             0100 |                             0100
                     S2P |                             1000 |                             1000
---------------------------------------------------------------------------------------------------
INFO: [Synth 8-3898] No Re-encoding of one hot register 'current_state_reg' in module 'xsdbs_v1_0_2_reg_p2s__parameterized51'
---------------------------------------------------------------------------------------------------
                   State |                     New Encoding |                Previous Encoding 
---------------------------------------------------------------------------------------------------
*
                    IDLE |                             0001 |                             0001
                     REG |                             0010 |                             0010
                     P2S |                             0100 |                             0100
                     S2P |                             1000 |                             1000
---------------------------------------------------------------------------------------------------
INFO: [Synth 8-3898] No Re-encoding of one hot register 'current_state_reg' in module 'xsdbs_v1_0_2_reg_p2s__parameterized52'
---------------------------------------------------------------------------------------------------
                   State |                     New Encoding |                Previous Encoding 
---------------------------------------------------------------------------------------------------
*
                    IDLE |                             0001 |                             0001
                     REG |                             0010 |                             0010
                     P2S |                             0100 |                             0100
                     S2P |                             1000 |                             1000
---------------------------------------------------------------------------------------------------
INFO: [Synth 8-3898] No Re-encoding of one hot register 'current_state_reg' in module 'xsdbs_v1_0_2_reg_p2s'
---------------------------------------------------------------------------------------------------
                   State |                     New Encoding |                Previous Encoding 
---------------------------------------------------------------------------------------------------
*
                    IDLE |                             0001 |                             0001
                     REG |                             0010 |                             0010
                     P2S |                             0100 |                             0100
                     S2P |                             1000 |                             1000
---------------------------------------------------------------------------------------------------
INFO: [Synth 8-3898] No Re-encoding of one hot register 'current_state_reg' in module 'xsdbs_v1_0_2_reg_p2s__parameterized0'
---------------------------------------------------------------------------------------------------
                   State |                     New Encoding |                Previous Encoding 
---------------------------------------------------------------------------------------------------
*
                    IDLE |                             0001 |                             0001
                     REG |                             0010 |                             0010
                     P2S |                             0100 |                             0100
                     S2P |                             1000 |                             1000
---------------------------------------------------------------------------------------------------
INFO: [Synth 8-3898] No Re-encoding of one hot register 'current_state_reg' in module 'xsdbs_v1_0_2_reg_p2s__parameterized1'
---------------------------------------------------------------------------------------------------
                   State |                     New Encoding |                Previous Encoding 
---------------------------------------------------------------------------------------------------
*
                    IDLE |                             0001 |                             0001
                     REG |                             0010 |                             0010
                     P2S |                             0100 |                             0100
                     S2P |                             1000 |                             1000
---------------------------------------------------------------------------------------------------
INFO: [Synth 8-3898] No Re-encoding of one hot register 'current_state_reg' in module 'xsdbs_v1_0_2_reg_p2s__parameterized2'
---------------------------------------------------------------------------------------------------
                   State |                     New Encoding |                Previous Encoding 
---------------------------------------------------------------------------------------------------
*
                    IDLE |                             0001 |                             0001
                     REG |                             0010 |                             0010
                     P2S |                             0100 |                             0100
                     S2P |                             1000 |                             1000
---------------------------------------------------------------------------------------------------
INFO: [Synth 8-3898] No Re-encoding of one hot register 'current_state_reg' in module 'xsdbs_v1_0_2_reg_p2s__parameterized3'
---------------------------------------------------------------------------------------------------
                   State |                     New Encoding |                Previous Encoding 
---------------------------------------------------------------------------------------------------
*
                    IDLE |                             0001 |                             0001
                     REG |                             0010 |                             0010
                     P2S |                             0100 |                             0100
                     S2P |                             1000 |                             1000
---------------------------------------------------------------------------------------------------
INFO: [Synth 8-3898] No Re-encoding of one hot register 'current_state_reg' in module 'xsdbs_v1_0_2_reg_p2s__parameterized4'
---------------------------------------------------------------------------------------------------
                   State |                     New Encoding |                Previous Encoding 
---------------------------------------------------------------------------------------------------
*
                    IDLE |                             0001 |                             0001
                     REG |                             0010 |                             0010
                     P2S |                             0100 |                             0100
                     S2P |                             1000 |                             1000
---------------------------------------------------------------------------------------------------
INFO: [Synth 8-3898] No Re-encoding of one hot register 'current_state_reg' in module 'xsdbs_v1_0_2_reg_p2s__parameterized5'
---------------------------------------------------------------------------------------------------
                   State |                     New Encoding |                Previous Encoding 
---------------------------------------------------------------------------------------------------
*
                    IDLE |                             0001 |                             0001
                     REG |                             0010 |                             0010
                     P2S |                             0100 |                             0100
                     S2P |                             1000 |                             1000
---------------------------------------------------------------------------------------------------
INFO: [Synth 8-3898] No Re-encoding of one hot register 'current_state_reg' in module 'xsdbs_v1_0_2_reg_p2s__parameterized6'
---------------------------------------------------------------------------------------------------
                   State |                     New Encoding |                Previous Encoding 
---------------------------------------------------------------------------------------------------
*
                    IDLE |                             0001 |                             0001
                     REG |                             0010 |                             0010
                     P2S |                             0100 |                             0100
                     S2P |                             1000 |                             1000
---------------------------------------------------------------------------------------------------
INFO: [Synth 8-3898] No Re-encoding of one hot register 'current_state_reg' in module 'xsdbs_v1_0_2_reg_p2s__parameterized7'
---------------------------------------------------------------------------------------------------
                   State |                     New Encoding |                Previous Encoding 
---------------------------------------------------------------------------------------------------
*
                    IDLE |                             0001 |                             0001
                     REG |                             0010 |                             0010
                     P2S |                             0100 |                             0100
                     S2P |                             1000 |                             1000
---------------------------------------------------------------------------------------------------
INFO: [Synth 8-3898] No Re-encoding of one hot register 'current_state_reg' in module 'xsdbs_v1_0_2_reg_p2s__parameterized8'
---------------------------------------------------------------------------------------------------
                   State |                     New Encoding |                Previous Encoding 
---------------------------------------------------------------------------------------------------
*
                    IDLE |                             0001 |                             0001
                     REG |                             0010 |                             0010
                     P2S |                             0100 |                             0100
                     S2P |                             1000 |                             1000
---------------------------------------------------------------------------------------------------
INFO: [Synth 8-3898] No Re-encoding of one hot register 'current_state_reg' in module 'xsdbs_v1_0_2_reg_p2s__parameterized9'
---------------------------------------------------------------------------------------------------
                   State |                     New Encoding |                Previous Encoding 
---------------------------------------------------------------------------------------------------
*
                    IDLE |                             0001 |                             0001
                     REG |                             0010 |                             0010
                     P2S |                             0100 |                             0100
                     S2P |                             1000 |                             1000
---------------------------------------------------------------------------------------------------
INFO: [Synth 8-3898] No Re-encoding of one hot register 'current_state_reg' in module 'xsdbs_v1_0_2_reg_p2s__parameterized10'
---------------------------------------------------------------------------------------------------
                   State |                     New Encoding |                Previous Encoding 
---------------------------------------------------------------------------------------------------
*
                    IDLE |                             0001 |                             0001
                     REG |                             0010 |                             0010
                     P2S |                             0100 |                             0100
                     S2P |                             1000 |                             1000
---------------------------------------------------------------------------------------------------
INFO: [Synth 8-3898] No Re-encoding of one hot register 'current_state_reg' in module 'xsdbs_v1_0_2_reg_p2s__parameterized11'
---------------------------------------------------------------------------------------------------
                   State |                     New Encoding |                Previous Encoding 
---------------------------------------------------------------------------------------------------
*
                    IDLE |                             0001 |                             0001
                     REG |                             0010 |                             0010
                     P2S |                             0100 |                             0100
                     S2P |                             1000 |                             1000
---------------------------------------------------------------------------------------------------
INFO: [Synth 8-3898] No Re-encoding of one hot register 'current_state_reg' in module 'xsdbs_v1_0_2_reg_p2s__parameterized12'
---------------------------------------------------------------------------------------------------
                   State |                     New Encoding |                Previous Encoding 
---------------------------------------------------------------------------------------------------
*
                    IDLE |                             0001 |                             0001
                     REG |                             0010 |                             0010
                     P2S |                             0100 |                             0100
                     S2P |                             1000 |                             1000
---------------------------------------------------------------------------------------------------
INFO: [Synth 8-3898] No Re-encoding of one hot register 'current_state_reg' in module 'xsdbs_v1_0_2_reg_p2s__parameterized13'
---------------------------------------------------------------------------------------------------
                   State |                     New Encoding |                Previous Encoding 
---------------------------------------------------------------------------------------------------
*
                    IDLE |                             0001 |                             0001
                     REG |                             0010 |                             0010
                     P2S |                             0100 |                             0100
                     S2P |                             1000 |                             1000
---------------------------------------------------------------------------------------------------
INFO: [Synth 8-3898] No Re-encoding of one hot register 'current_state_reg' in module 'xsdbs_v1_0_2_reg_p2s__parameterized14'
---------------------------------------------------------------------------------------------------
                   State |                     New Encoding |                Previous Encoding 
---------------------------------------------------------------------------------------------------
*
                    IDLE |                             0001 |                             0001
                     REG |                             0010 |                             0010
                     P2S |                             0100 |                             0100
                     S2P |                             1000 |                             1000
---------------------------------------------------------------------------------------------------
INFO: [Synth 8-3898] No Re-encoding of one hot register 'current_state_reg' in module 'xsdbs_v1_0_2_reg_p2s__parameterized15'
---------------------------------------------------------------------------------------------------
                   State |                     New Encoding |                Previous Encoding 
---------------------------------------------------------------------------------------------------
*
                    IDLE |                             0001 |                             0001
                     REG |                             0010 |                             0010
                     P2S |                             0100 |                             0100
                     S2P |                             1000 |                             1000
---------------------------------------------------------------------------------------------------
INFO: [Synth 8-3898] No Re-encoding of one hot register 'current_state_reg' in module 'xsdbs_v1_0_2_reg_p2s__parameterized16'
---------------------------------------------------------------------------------------------------
                   State |                     New Encoding |                Previous Encoding 
---------------------------------------------------------------------------------------------------
*
                    IDLE |                             0001 |                             0001
                     REG |                             0010 |                             0010
                     P2S |                             0100 |                             0100
                     S2P |                             1000 |                             1000
---------------------------------------------------------------------------------------------------
INFO: [Synth 8-3898] No Re-encoding of one hot register 'current_state_reg' in module 'xsdbs_v1_0_2_reg_p2s__parameterized17'
---------------------------------------------------------------------------------------------------
                   State |                     New Encoding |                Previous Encoding 
---------------------------------------------------------------------------------------------------
*
                    IDLE |                             0001 |                             0001
                     REG |                             0010 |                             0010
                     P2S |                             0100 |                             0100
                     S2P |                             1000 |                             1000
---------------------------------------------------------------------------------------------------
INFO: [Synth 8-3898] No Re-encoding of one hot register 'current_state_reg' in module 'xsdbs_v1_0_2_reg_p2s__parameterized18'
---------------------------------------------------------------------------------------------------
                   State |                     New Encoding |                Previous Encoding 
---------------------------------------------------------------------------------------------------
*
                    IDLE |                             0001 |                             0001
                     REG |                             0010 |                             0010
                     P2S |                             0100 |                             0100
                     S2P |                             1000 |                             1000
---------------------------------------------------------------------------------------------------
INFO: [Synth 8-3898] No Re-encoding of one hot register 'current_state_reg' in module 'xsdbs_v1_0_2_reg_p2s__parameterized19'
---------------------------------------------------------------------------------------------------
                   State |                     New Encoding |                Previous Encoding 
---------------------------------------------------------------------------------------------------
*
                    IDLE |                             0001 |                             0001
                     REG |                             0010 |                             0010
                     P2S |                             0100 |                             0100
                     S2P |                             1000 |                             1000
---------------------------------------------------------------------------------------------------
INFO: [Synth 8-3898] No Re-encoding of one hot register 'current_state_reg' in module 'xsdbs_v1_0_2_reg_p2s__parameterized20'
---------------------------------------------------------------------------------------------------
                   State |                     New Encoding |                Previous Encoding 
---------------------------------------------------------------------------------------------------
*
                    IDLE |                             0001 |                             0001
                     REG |                             0010 |                             0010
                     P2S |                             0100 |                             0100
                     S2P |                             1000 |                             1000
---------------------------------------------------------------------------------------------------
INFO: [Synth 8-3898] No Re-encoding of one hot register 'current_state_reg' in module 'xsdbs_v1_0_2_reg_p2s__parameterized21'
---------------------------------------------------------------------------------------------------
                   State |                     New Encoding |                Previous Encoding 
---------------------------------------------------------------------------------------------------
*
                    IDLE |                             0001 |                             0001
                     REG |                             0010 |                             0010
                     P2S |                             0100 |                             0100
                     S2P |                             1000 |                             1000
---------------------------------------------------------------------------------------------------
INFO: [Synth 8-3898] No Re-encoding of one hot register 'current_state_reg' in module 'xsdbs_v1_0_2_reg_p2s__parameterized22'
---------------------------------------------------------------------------------------------------
                   State |                     New Encoding |                Previous Encoding 
---------------------------------------------------------------------------------------------------
*
                    IDLE |                             0001 |                             0001
                     REG |                             0010 |                             0010
                     P2S |                             0100 |                             0100
                     S2P |                             1000 |                             1000
---------------------------------------------------------------------------------------------------
INFO: [Synth 8-3898] No Re-encoding of one hot register 'current_state_reg' in module 'xsdbs_v1_0_2_reg_p2s__parameterized23'
---------------------------------------------------------------------------------------------------
                   State |                     New Encoding |                Previous Encoding 
---------------------------------------------------------------------------------------------------
*
                    IDLE |                             0001 |                             0001
                     REG |                             0010 |                             0010
                     P2S |                             0100 |                             0100
                     S2P |                             1000 |                             1000
---------------------------------------------------------------------------------------------------
INFO: [Synth 8-3898] No Re-encoding of one hot register 'current_state_reg' in module 'xsdbs_v1_0_2_reg_p2s__parameterized24'
---------------------------------------------------------------------------------------------------
                   State |                     New Encoding |                Previous Encoding 
---------------------------------------------------------------------------------------------------
*
                    IDLE |                             0001 |                             0001
                     REG |                             0010 |                             0010
                     P2S |                             0100 |                             0100
                     S2P |                             1000 |                             1000
---------------------------------------------------------------------------------------------------
INFO: [Synth 8-3898] No Re-encoding of one hot register 'current_state_reg' in module 'xsdbs_v1_0_2_reg_p2s__parameterized25'
---------------------------------------------------------------------------------------------------
                   State |                     New Encoding |                Previous Encoding 
---------------------------------------------------------------------------------------------------
*
                    IDLE |                             0001 |                             0001
                     REG |                             0010 |                             0010
                     P2S |                             0100 |                             0100
                     S2P |                             1000 |                             1000
---------------------------------------------------------------------------------------------------
INFO: [Synth 8-3898] No Re-encoding of one hot register 'current_state_reg' in module 'xsdbs_v1_0_2_reg_p2s__parameterized26'
---------------------------------------------------------------------------------------------------
                   State |                     New Encoding |                Previous Encoding 
---------------------------------------------------------------------------------------------------
*
                    IDLE |                             0001 |                             0001
                     REG |                             0010 |                             0010
                     P2S |                             0100 |                             0100
                     S2P |                             1000 |                             1000
---------------------------------------------------------------------------------------------------
INFO: [Synth 8-3898] No Re-encoding of one hot register 'current_state_reg' in module 'xsdbs_v1_0_2_reg_p2s__parameterized27'
---------------------------------------------------------------------------------------------------
                   State |                     New Encoding |                Previous Encoding 
---------------------------------------------------------------------------------------------------
*
                    IDLE |                             0001 |                             0001
                     REG |                             0010 |                             0010
                     P2S |                             0100 |                             0100
                     S2P |                             1000 |                             1000
---------------------------------------------------------------------------------------------------
INFO: [Synth 8-3898] No Re-encoding of one hot register 'current_state_reg' in module 'xsdbs_v1_0_2_reg_p2s__parameterized28'
---------------------------------------------------------------------------------------------------
                   State |                     New Encoding |                Previous Encoding 
---------------------------------------------------------------------------------------------------
*
                    IDLE |                             0001 |                             0001
                     REG |                             0010 |                             0010
                     P2S |                             0100 |                             0100
                     S2P |                             1000 |                             1000
---------------------------------------------------------------------------------------------------
INFO: [Synth 8-3898] No Re-encoding of one hot register 'current_state_reg' in module 'xsdbs_v1_0_2_reg_p2s__parameterized29'
---------------------------------------------------------------------------------------------------
                   State |                     New Encoding |                Previous Encoding 
---------------------------------------------------------------------------------------------------
*
                    IDLE |                             0001 |                             0001
                     REG |                             0010 |                             0010
                     P2S |                             0100 |                             0100
                     S2P |                             1000 |                             1000
---------------------------------------------------------------------------------------------------
INFO: [Synth 8-3898] No Re-encoding of one hot register 'current_state_reg' in module 'xsdbs_v1_0_2_reg_p2s__parameterized30'
---------------------------------------------------------------------------------------------------
                   State |                     New Encoding |                Previous Encoding 
---------------------------------------------------------------------------------------------------
*
                    IDLE |                             0001 |                             0001
                     REG |                             0010 |                             0010
                     P2S |                             0100 |                             0100
                     S2P |                             1000 |                             1000
---------------------------------------------------------------------------------------------------
INFO: [Synth 8-3898] No Re-encoding of one hot register 'current_state_reg' in module 'xsdbs_v1_0_2_reg_p2s__parameterized31'
---------------------------------------------------------------------------------------------------
                   State |                     New Encoding |                Previous Encoding 
---------------------------------------------------------------------------------------------------
*
                    IDLE |                             0001 |                             0001
                     REG |                             0010 |                             0010
                     P2S |                             0100 |                             0100
                     S2P |                             1000 |                             1000
---------------------------------------------------------------------------------------------------
INFO: [Synth 8-3898] No Re-encoding of one hot register 'current_state_reg' in module 'xsdbs_v1_0_2_reg_p2s__parameterized32'
---------------------------------------------------------------------------------------------------
                   State |                     New Encoding |                Previous Encoding 
---------------------------------------------------------------------------------------------------
*
                    IDLE |                             0001 |                             0001
                     REG |                             0010 |                             0010
                     P2S |                             0100 |                             0100
                     S2P |                             1000 |                             1000
---------------------------------------------------------------------------------------------------
INFO: [Synth 8-3898] No Re-encoding of one hot register 'current_state_reg' in module 'xsdbs_v1_0_2_reg_p2s__parameterized33'
---------------------------------------------------------------------------------------------------
                   State |                     New Encoding |                Previous Encoding 
---------------------------------------------------------------------------------------------------
*
                    IDLE |                             0001 |                             0001
                     REG |                             0010 |                             0010
                     P2S |                             0100 |                             0100
                     S2P |                             1000 |                             1000
---------------------------------------------------------------------------------------------------
INFO: [Synth 8-3898] No Re-encoding of one hot register 'current_state_reg' in module 'xsdbs_v1_0_2_reg_p2s__parameterized34'
---------------------------------------------------------------------------------------------------
                   State |                     New Encoding |                Previous Encoding 
---------------------------------------------------------------------------------------------------
*
                    IDLE |                             0001 |                             0001
                     REG |                             0010 |                             0010
                     P2S |                             0100 |                             0100
                     S2P |                             1000 |                             1000
---------------------------------------------------------------------------------------------------
INFO: [Synth 8-3898] No Re-encoding of one hot register 'current_state_reg' in module 'xsdbs_v1_0_2_reg_p2s__parameterized35'
---------------------------------------------------------------------------------------------------
                   State |                     New Encoding |                Previous Encoding 
---------------------------------------------------------------------------------------------------
*
                    IDLE |                             0001 |                             0001
                     REG |                             0010 |                             0010
                     P2S |                             0100 |                             0100
                     S2P |                             1000 |                             1000
---------------------------------------------------------------------------------------------------
INFO: [Synth 8-3898] No Re-encoding of one hot register 'current_state_reg' in module 'xsdbs_v1_0_2_reg_p2s__parameterized36'
---------------------------------------------------------------------------------------------------
                   State |                     New Encoding |                Previous Encoding 
---------------------------------------------------------------------------------------------------
*
                    IDLE |                             0001 |                             0001
                     REG |                             0010 |                             0010
                     P2S |                             0100 |                             0100
                     S2P |                             1000 |                             1000
---------------------------------------------------------------------------------------------------
INFO: [Synth 8-3898] No Re-encoding of one hot register 'current_state_reg' in module 'xsdbs_v1_0_2_reg_p2s__parameterized37'
---------------------------------------------------------------------------------------------------
                   State |                     New Encoding |                Previous Encoding 
---------------------------------------------------------------------------------------------------
*
                    IDLE |                             0001 |                             0001
                     REG |                             0010 |                             0010
                     P2S |                             0100 |                             0100
                     S2P |                             1000 |                             1000
---------------------------------------------------------------------------------------------------
INFO: [Synth 8-3898] No Re-encoding of one hot register 'current_state_reg' in module 'xsdbs_v1_0_2_reg_p2s__parameterized38'
---------------------------------------------------------------------------------------------------
                   State |                     New Encoding |                Previous Encoding 
---------------------------------------------------------------------------------------------------
*
                    IDLE |                             0001 |                             0001
                     REG |                             0010 |                             0010
                     P2S |                             0100 |                             0100
                     S2P |                             1000 |                             1000
---------------------------------------------------------------------------------------------------
INFO: [Synth 8-3898] No Re-encoding of one hot register 'current_state_reg' in module 'xsdbs_v1_0_2_reg_p2s__parameterized39'
---------------------------------------------------------------------------------------------------
                   State |                     New Encoding |                Previous Encoding 
---------------------------------------------------------------------------------------------------
*
                    IDLE |                             0001 |                             0001
                     REG |                             0010 |                             0010
                     P2S |                             0100 |                             0100
                     S2P |                             1000 |                             1000
---------------------------------------------------------------------------------------------------
INFO: [Synth 8-3898] No Re-encoding of one hot register 'current_state_reg' in module 'xsdbs_v1_0_2_reg_p2s__parameterized40'
---------------------------------------------------------------------------------------------------
                   State |                     New Encoding |                Previous Encoding 
---------------------------------------------------------------------------------------------------
*
                    IDLE |                             0001 |                             0001
                     REG |                             0010 |                             0010
                     P2S |                             0100 |                             0100
                     S2P |                             1000 |                             1000
---------------------------------------------------------------------------------------------------
INFO: [Synth 8-3898] No Re-encoding of one hot register 'current_state_reg' in module 'xsdbs_v1_0_2_reg_p2s__parameterized41'
---------------------------------------------------------------------------------------------------
                   State |                     New Encoding |                Previous Encoding 
---------------------------------------------------------------------------------------------------
*
                    IDLE |                             0001 |                             0001
                     REG |                             0010 |                             0010
                     P2S |                             0100 |                             0100
                     S2P |                             1000 |                             1000
---------------------------------------------------------------------------------------------------
INFO: [Synth 8-3898] No Re-encoding of one hot register 'current_state_reg' in module 'xsdbs_v1_0_2_reg_p2s__parameterized42'
---------------------------------------------------------------------------------------------------
                   State |                     New Encoding |                Previous Encoding 
---------------------------------------------------------------------------------------------------
*
                    IDLE |                             0001 |                             0001
                     REG |                             0010 |                             0010
                     P2S |                             0100 |                             0100
                     S2P |                             1000 |                             1000
---------------------------------------------------------------------------------------------------
INFO: [Synth 8-3898] No Re-encoding of one hot register 'current_state_reg' in module 'xsdbs_v1_0_2_reg_p2s__parameterized43'
---------------------------------------------------------------------------------------------------
                   State |                     New Encoding |                Previous Encoding 
---------------------------------------------------------------------------------------------------
*
                    IDLE |                             0001 |                             0001
                     REG |                             0010 |                             0010
                     P2S |                             0100 |                             0100
                     S2P |                             1000 |                             1000
---------------------------------------------------------------------------------------------------
INFO: [Synth 8-3898] No Re-encoding of one hot register 'current_state_reg' in module 'xsdbs_v1_0_2_reg_p2s__parameterized44'
---------------------------------------------------------------------------------------------------
                   State |                     New Encoding |                Previous Encoding 
---------------------------------------------------------------------------------------------------
*
                    IDLE |                             0001 |                             0001
                     REG |                             0010 |                             0010
                     P2S |                             0100 |                             0100
                     S2P |                             1000 |                             1000
---------------------------------------------------------------------------------------------------
INFO: [Synth 8-3898] No Re-encoding of one hot register 'current_state_reg' in module 'xsdbs_v1_0_2_reg_p2s__parameterized45'
---------------------------------------------------------------------------------------------------
                   State |                     New Encoding |                Previous Encoding 
---------------------------------------------------------------------------------------------------
*
                    IDLE |                             0001 |                             0001
                     REG |                             0010 |                             0010
                     P2S |                             0100 |                             0100
                     S2P |                             1000 |                             1000
---------------------------------------------------------------------------------------------------
INFO: [Synth 8-3898] No Re-encoding of one hot register 'current_state_reg' in module 'xsdbs_v1_0_2_reg_p2s__parameterized46'
---------------------------------------------------------------------------------------------------
                   State |                     New Encoding |                Previous Encoding 
---------------------------------------------------------------------------------------------------
*
                    IDLE |                             0001 |                             0001
                     REG |                             0010 |                             0010
                     P2S |                             0100 |                             0100
                     S2P |                             1000 |                             1000
---------------------------------------------------------------------------------------------------
INFO: [Synth 8-3898] No Re-encoding of one hot register 'current_state_reg' in module 'xsdbs_v1_0_2_reg_p2s__parameterized47'
---------------------------------------------------------------------------------------------------
                   State |                     New Encoding |                Previous Encoding 
---------------------------------------------------------------------------------------------------
*
                    IDLE |                             0001 |                             0001
                     REG |                             0010 |                             0010
                     P2S |                             0100 |                             0100
                     S2P |                             1000 |                             1000
---------------------------------------------------------------------------------------------------
INFO: [Synth 8-3898] No Re-encoding of one hot register 'current_state_reg' in module 'xsdbs_v1_0_2_reg_p2s__parameterized48'
---------------------------------------------------------------------------------------------------
                   State |                     New Encoding |                Previous Encoding 
---------------------------------------------------------------------------------------------------
*
                    IDLE |                             0001 |                             0001
                     REG |                             0010 |                             0010
                     P2S |                             0100 |                             0100
                     S2P |                             1000 |                             1000
---------------------------------------------------------------------------------------------------
INFO: [Synth 8-3898] No Re-encoding of one hot register 'current_state_reg' in module 'xsdbs_v1_0_2_reg_p2s__parameterized49'
---------------------------------------------------------------------------------------------------
                   State |                     New Encoding |                Previous Encoding 
---------------------------------------------------------------------------------------------------
*
                    IDLE |                             0001 |                             0001
                     REG |                             0010 |                             0010
                     P2S |                             0100 |                             0100
                     S2P |                             1000 |                             1000
---------------------------------------------------------------------------------------------------
INFO: [Synth 8-3898] No Re-encoding of one hot register 'current_state_reg' in module 'xsdbs_v1_0_2_reg_p2s__parameterized50'
---------------------------------------------------------------------------------
Finished RTL Optimization Phase 2 : Time (s): cpu = 00:02:09 ; elapsed = 00:02:13 . Memory (MB): peak = 1111.000 ; gain = 716.242
---------------------------------------------------------------------------------

Report RTL Partitions: 
+-+--------------+------------+----------+
| |RTL Partition |Replication |Instances |
+-+--------------+------------+----------+
+-+--------------+------------+----------+
---------------------------------------------------------------------------------
Start RTL Component Statistics 
---------------------------------------------------------------------------------
Detailed RTL Component Info : 
+---Adders : 
	   2 Input     32 Bit       Adders := 4     
	   2 Input     16 Bit       Adders := 1     
	   2 Input      9 Bit       Adders := 1     
	   2 Input      7 Bit       Adders := 4     
	   2 Input      6 Bit       Adders := 1     
	   2 Input      4 Bit       Adders := 54    
	   2 Input      3 Bit       Adders := 1     
+---XORs : 
	   2 Input     13 Bit         XORs := 68    
	   2 Input      1 Bit         XORs := 4     
+---Registers : 
	             1024 Bit    Registers := 2     
	              128 Bit    Registers := 1     
	               80 Bit    Registers := 1     
	               72 Bit    Registers := 9     
	               33 Bit    Registers := 2     
	               32 Bit    Registers := 13    
	               24 Bit    Registers := 1     
	               17 Bit    Registers := 2     
	               16 Bit    Registers := 244   
	               12 Bit    Registers := 12    
	                9 Bit    Registers := 1     
	                8 Bit    Registers := 1     
	                7 Bit    Registers := 5     
	                6 Bit    Registers := 2     
	                4 Bit    Registers := 61    
	                3 Bit    Registers := 1     
	                2 Bit    Registers := 6     
	                1 Bit    Registers := 373   
+---Muxes : 
	   2 Input     72 Bit        Muxes := 1     
	   2 Input     32 Bit        Muxes := 12    
	   2 Input     16 Bit        Muxes := 68    
	  32 Input     16 Bit        Muxes := 1     
	   4 Input     16 Bit        Muxes := 2     
	   3 Input     16 Bit        Muxes := 1     
	   8 Input     16 Bit        Muxes := 1     
	   2 Input     15 Bit        Muxes := 54    
	   3 Input     15 Bit        Muxes := 1     
	   3 Input      7 Bit        Muxes := 1     
	   8 Input      7 Bit        Muxes := 1     
	   2 Input      6 Bit        Muxes := 4     
	  32 Input      5 Bit        Muxes := 1     
	   2 Input      5 Bit        Muxes := 2     
	   2 Input      4 Bit        Muxes := 164   
	   5 Input      4 Bit        Muxes := 54    
	   2 Input      3 Bit        Muxes := 54    
	   8 Input      3 Bit        Muxes := 1     
	   2 Input      2 Bit        Muxes := 6     
	   2 Input      1 Bit        Muxes := 364   
	   4 Input      1 Bit        Muxes := 2     
	   3 Input      1 Bit        Muxes := 54    
	   9 Input      1 Bit        Muxes := 1     
	   8 Input      1 Bit        Muxes := 5     
---------------------------------------------------------------------------------
Finished RTL Component Statistics 
---------------------------------------------------------------------------------
---------------------------------------------------------------------------------
Start RTL Hierarchical Component Statistics 
---------------------------------------------------------------------------------
Hierarchical RTL Component report 
Module ila_v6_2_8_generic_counter 
Detailed RTL Component Info : 
+---Adders : 
	   2 Input     32 Bit       Adders := 1     
+---Registers : 
	               32 Bit    Registers := 2     
+---Muxes : 
	   2 Input     32 Bit        Muxes := 3     
	   2 Input      1 Bit        Muxes := 2     
Module ila_v6_2_8_ila_adv_trigger_sequencer 
Detailed RTL Component Info : 
+---Adders : 
	   2 Input      7 Bit       Adders := 2     
+---Registers : 
	               24 Bit    Registers := 1     
	               16 Bit    Registers := 1     
	                7 Bit    Registers := 2     
	                4 Bit    Registers := 1     
	                2 Bit    Registers := 1     
	                1 Bit    Registers := 10    
+---Muxes : 
	   2 Input     16 Bit        Muxes := 1     
	   2 Input      4 Bit        Muxes := 1     
	   2 Input      2 Bit        Muxes := 1     
	   2 Input      1 Bit        Muxes := 9     
	   4 Input      1 Bit        Muxes := 1     
Module ila_v6_2_8_ila_fsm_memory_read 
Detailed RTL Component Info : 
+---Registers : 
	               16 Bit    Registers := 2     
	                8 Bit    Registers := 1     
	                1 Bit    Registers := 2     
+---Muxes : 
	   2 Input     16 Bit        Muxes := 1     
Module xsdbs_v1_0_2_reg_p2s__parameterized51 
Detailed RTL Component Info : 
+---Adders : 
	   2 Input      4 Bit       Adders := 1     
+---XORs : 
	   2 Input     13 Bit         XORs := 1     
+---Registers : 
	               16 Bit    Registers := 2     
	                4 Bit    Registers := 1     
	                1 Bit    Registers := 3     
+---Muxes : 
	   2 Input     16 Bit        Muxes := 1     
	   2 Input     15 Bit        Muxes := 1     
	   5 Input      4 Bit        Muxes := 1     
	   2 Input      4 Bit        Muxes := 3     
	   2 Input      3 Bit        Muxes := 1     
	   2 Input      1 Bit        Muxes := 5     
	   3 Input      1 Bit        Muxes := 1     
Module xsdbs_v1_0_2_reg_stat 
Detailed RTL Component Info : 
+---Registers : 
	               16 Bit    Registers := 1     
Module xsdbs_v1_0_2_reg_stream 
Detailed RTL Component Info : 
+---Muxes : 
	   2 Input      1 Bit        Muxes := 1     
Module xsdbs_v1_0_2_reg_ctl 
Detailed RTL Component Info : 
+---Registers : 
	               16 Bit    Registers := 1     
Module xsdbs_v1_0_2_reg_stream__parameterized0 
Detailed RTL Component Info : 
+---Registers : 
	                1 Bit    Registers := 1     
+---Muxes : 
	   2 Input      1 Bit        Muxes := 1     
Module xsdbs_v1_0_2_xsdbs 
Detailed RTL Component Info : 
+---Registers : 
	              128 Bit    Registers := 1     
	               17 Bit    Registers := 1     
	               16 Bit    Registers := 4     
	                1 Bit    Registers := 4     
+---Muxes : 
	   2 Input     16 Bit        Muxes := 1     
Module xsdbs_v1_0_2_reg__parameterized33 
Detailed RTL Component Info : 
+---XORs : 
	   2 Input     13 Bit         XORs := 1     
Module xsdbs_v1_0_2_reg_ctl__parameterized0 
Detailed RTL Component Info : 
+---Registers : 
	               16 Bit    Registers := 1     
Module xsdbs_v1_0_2_reg__parameterized34 
Detailed RTL Component Info : 
+---XORs : 
	   2 Input     13 Bit         XORs := 1     
Module xsdbs_v1_0_2_reg__parameterized48 
Detailed RTL Component Info : 
+---XORs : 
	   2 Input     13 Bit         XORs := 1     
Module xsdbs_v1_0_2_reg__parameterized49 
Detailed RTL Component Info : 
+---XORs : 
	   2 Input     13 Bit         XORs := 1     
Module xsdbs_v1_0_2_reg__parameterized50 
Detailed RTL Component Info : 
+---XORs : 
	   2 Input     13 Bit         XORs := 1     
Module xsdbs_v1_0_2_reg__parameterized51 
Detailed RTL Component Info : 
+---XORs : 
	   2 Input     13 Bit         XORs := 1     
Module xsdbs_v1_0_2_reg__parameterized52 
Detailed RTL Component Info : 
+---XORs : 
	   2 Input     13 Bit         XORs := 1     
Module xsdbs_v1_0_2_reg_ctl__parameterized1 
Detailed RTL Component Info : 
+---Registers : 
	               16 Bit    Registers := 1     
Module xsdbs_v1_0_2_reg__parameterized53 
Detailed RTL Component Info : 
+---XORs : 
	   2 Input     13 Bit         XORs := 1     
Module xsdbs_v1_0_2_reg_ctl__parameterized2 
Detailed RTL Component Info : 
+---Registers : 
	               16 Bit    Registers := 1     
Module xsdbs_v1_0_2_reg__parameterized54 
Detailed RTL Component Info : 
+---XORs : 
	   2 Input     13 Bit         XORs := 1     
Module xsdbs_v1_0_2_reg__parameterized55 
Detailed RTL Component Info : 
+---XORs : 
	   2 Input     13 Bit         XORs := 1     
Module xsdbs_v1_0_2_reg__parameterized56 
Detailed RTL Component Info : 
+---XORs : 
	   2 Input     13 Bit         XORs := 1     
Module xsdbs_v1_0_2_reg__parameterized57 
Detailed RTL Component Info : 
+---XORs : 
	   2 Input     13 Bit         XORs := 1     
Module xsdbs_v1_0_2_reg__parameterized58 
Detailed RTL Component Info : 
+---XORs : 
	   2 Input     13 Bit         XORs := 1     
Module xsdbs_v1_0_2_reg__parameterized59 
Detailed RTL Component Info : 
+---XORs : 
	   2 Input     13 Bit         XORs := 1     
Module xsdbs_v1_0_2_reg_p2s__parameterized52 
Detailed RTL Component Info : 
+---Adders : 
	   2 Input      4 Bit       Adders := 1     
+---XORs : 
	   2 Input     13 Bit         XORs := 1     
+---Registers : 
	               16 Bit    Registers := 2     
	                4 Bit    Registers := 1     
	                1 Bit    Registers := 3     
+---Muxes : 
	   2 Input     16 Bit        Muxes := 1     
	   2 Input     15 Bit        Muxes := 1     
	   5 Input      4 Bit        Muxes := 1     
	   2 Input      4 Bit        Muxes := 3     
	   2 Input      3 Bit        Muxes := 1     
	   2 Input      1 Bit        Muxes := 5     
	   3 Input      1 Bit        Muxes := 1     
Module xsdbs_v1_0_2_reg_stream__parameterized1 
Detailed RTL Component Info : 
+---Registers : 
	                1 Bit    Registers := 1     
+---Muxes : 
	   2 Input      1 Bit        Muxes := 1     
Module xsdbs_v1_0_2_reg_stream__parameterized2 
Detailed RTL Component Info : 
+---Muxes : 
	   2 Input      1 Bit        Muxes := 1     
Module xsdbs_v1_0_2_reg_p2s 
Detailed RTL Component Info : 
+---Adders : 
	   2 Input      4 Bit       Adders := 1     
+---XORs : 
	   2 Input     13 Bit         XORs := 1     
+---Registers : 
	               16 Bit    Registers := 2     
	                4 Bit    Registers := 1     
	                1 Bit    Registers := 3     
+---Muxes : 
	   2 Input     16 Bit        Muxes := 1     
	   2 Input     15 Bit        Muxes := 1     
	   5 Input      4 Bit        Muxes := 1     
	   2 Input      4 Bit        Muxes := 3     
	   2 Input      3 Bit        Muxes := 1     
	   2 Input      1 Bit        Muxes := 5     
	   3 Input      1 Bit        Muxes := 1     
Module xsdbs_v1_0_2_reg_p2s__parameterized0 
Detailed RTL Component Info : 
+---Adders : 
	   2 Input      4 Bit       Adders := 1     
+---XORs : 
	   2 Input     13 Bit         XORs := 1     
+---Registers : 
	               16 Bit    Registers := 2     
	                4 Bit    Registers := 1     
	                1 Bit    Registers := 3     
+---Muxes : 
	   2 Input     16 Bit        Muxes := 1     
	   2 Input     15 Bit        Muxes := 1     
	   5 Input      4 Bit        Muxes := 1     
	   2 Input      4 Bit        Muxes := 3     
	   2 Input      3 Bit        Muxes := 1     
	   2 Input      1 Bit        Muxes := 5     
	   3 Input      1 Bit        Muxes := 1     
Module xsdbs_v1_0_2_reg_p2s__parameterized1 
Detailed RTL Component Info : 
+---Adders : 
	   2 Input      4 Bit       Adders := 1     
+---XORs : 
	   2 Input     13 Bit         XORs := 1     
+---Registers : 
	               16 Bit    Registers := 2     
	                4 Bit    Registers := 1     
	                1 Bit    Registers := 3     
+---Muxes : 
	   2 Input     16 Bit        Muxes := 1     
	   2 Input     15 Bit        Muxes := 1     
	   5 Input      4 Bit        Muxes := 1     
	   2 Input      4 Bit        Muxes := 3     
	   2 Input      3 Bit        Muxes := 1     
	   2 Input      1 Bit        Muxes := 5     
	   3 Input      1 Bit        Muxes := 1     
Module xsdbs_v1_0_2_reg_p2s__parameterized2 
Detailed RTL Component Info : 
+---Adders : 
	   2 Input      4 Bit       Adders := 1     
+---XORs : 
	   2 Input     13 Bit         XORs := 1     
+---Registers : 
	               16 Bit    Registers := 2     
	                4 Bit    Registers := 1     
	                1 Bit    Registers := 3     
+---Muxes : 
	   2 Input     16 Bit        Muxes := 1     
	   2 Input     15 Bit        Muxes := 1     
	   5 Input      4 Bit        Muxes := 1     
	   2 Input      4 Bit        Muxes := 3     
	   2 Input      3 Bit        Muxes := 1     
	   2 Input      1 Bit        Muxes := 5     
	   3 Input      1 Bit        Muxes := 1     
Module xsdbs_v1_0_2_reg_p2s__parameterized3 
Detailed RTL Component Info : 
+---Adders : 
	   2 Input      4 Bit       Adders := 1     
+---XORs : 
	   2 Input     13 Bit         XORs := 1     
+---Registers : 
	               16 Bit    Registers := 2     
	                4 Bit    Registers := 1     
	                1 Bit    Registers := 3     
+---Muxes : 
	   2 Input     16 Bit        Muxes := 1     
	   2 Input     15 Bit        Muxes := 1     
	   5 Input      4 Bit        Muxes := 1     
	   2 Input      4 Bit        Muxes := 3     
	   2 Input      3 Bit        Muxes := 1     
	   2 Input      1 Bit        Muxes := 5     
	   3 Input      1 Bit        Muxes := 1     
Module xsdbs_v1_0_2_reg_p2s__parameterized4 
Detailed RTL Component Info : 
+---Adders : 
	   2 Input      4 Bit       Adders := 1     
+---XORs : 
	   2 Input     13 Bit         XORs := 1     
+---Registers : 
	               16 Bit    Registers := 2     
	                4 Bit    Registers := 1     
	                1 Bit    Registers := 3     
+---Muxes : 
	   2 Input     16 Bit        Muxes := 1     
	   2 Input     15 Bit        Muxes := 1     
	   5 Input      4 Bit        Muxes := 1     
	   2 Input      4 Bit        Muxes := 3     
	   2 Input      3 Bit        Muxes := 1     
	   2 Input      1 Bit        Muxes := 5     
	   3 Input      1 Bit        Muxes := 1     
Module xsdbs_v1_0_2_reg_p2s__parameterized5 
Detailed RTL Component Info : 
+---Adders : 
	   2 Input      4 Bit       Adders := 1     
+---XORs : 
	   2 Input     13 Bit         XORs := 1     
+---Registers : 
	               16 Bit    Registers := 2     
	                4 Bit    Registers := 1     
	                1 Bit    Registers := 3     
+---Muxes : 
	   2 Input     16 Bit        Muxes := 1     
	   2 Input     15 Bit        Muxes := 1     
	   5 Input      4 Bit        Muxes := 1     
	   2 Input      4 Bit        Muxes := 3     
	   2 Input      3 Bit        Muxes := 1     
	   2 Input      1 Bit        Muxes := 5     
	   3 Input      1 Bit        Muxes := 1     
Module xsdbs_v1_0_2_reg_p2s__parameterized6 
Detailed RTL Component Info : 
+---Adders : 
	   2 Input      4 Bit       Adders := 1     
+---XORs : 
	   2 Input     13 Bit         XORs := 1     
+---Registers : 
	               16 Bit    Registers := 2     
	                4 Bit    Registers := 1     
	                1 Bit    Registers := 3     
+---Muxes : 
	   2 Input     16 Bit        Muxes := 1     
	   2 Input     15 Bit        Muxes := 1     
	   5 Input      4 Bit        Muxes := 1     
	   2 Input      4 Bit        Muxes := 3     
	   2 Input      3 Bit        Muxes := 1     
	   2 Input      1 Bit        Muxes := 5     
	   3 Input      1 Bit        Muxes := 1     
Module xsdbs_v1_0_2_reg_p2s__parameterized7 
Detailed RTL Component Info : 
+---Adders : 
	   2 Input      4 Bit       Adders := 1     
+---XORs : 
	   2 Input     13 Bit         XORs := 1     
+---Registers : 
	               16 Bit    Registers := 2     
	                4 Bit    Registers := 1     
	                1 Bit    Registers := 3     
+---Muxes : 
	   2 Input     16 Bit        Muxes := 1     
	   2 Input     15 Bit        Muxes := 1     
	   5 Input      4 Bit        Muxes := 1     
	   2 Input      4 Bit        Muxes := 3     
	   2 Input      3 Bit        Muxes := 1     
	   2 Input      1 Bit        Muxes := 5     
	   3 Input      1 Bit        Muxes := 1     
Module xsdbs_v1_0_2_reg_p2s__parameterized8 
Detailed RTL Component Info : 
+---Adders : 
	   2 Input      4 Bit       Adders := 1     
+---XORs : 
	   2 Input     13 Bit         XORs := 1     
+---Registers : 
	               16 Bit    Registers := 2     
	                4 Bit    Registers := 1     
	                1 Bit    Registers := 3     
+---Muxes : 
	   2 Input     16 Bit        Muxes := 1     
	   2 Input     15 Bit        Muxes := 1     
	   5 Input      4 Bit        Muxes := 1     
	   2 Input      4 Bit        Muxes := 3     
	   2 Input      3 Bit        Muxes := 1     
	   2 Input      1 Bit        Muxes := 5     
	   3 Input      1 Bit        Muxes := 1     
Module xsdbs_v1_0_2_reg_p2s__parameterized9 
Detailed RTL Component Info : 
+---Adders : 
	   2 Input      4 Bit       Adders := 1     
+---XORs : 
	   2 Input     13 Bit         XORs := 1     
+---Registers : 
	               16 Bit    Registers := 2     
	                4 Bit    Registers := 1     
	                1 Bit    Registers := 3     
+---Muxes : 
	   2 Input     16 Bit        Muxes := 1     
	   2 Input     15 Bit        Muxes := 1     
	   5 Input      4 Bit        Muxes := 1     
	   2 Input      4 Bit        Muxes := 3     
	   2 Input      3 Bit        Muxes := 1     
	   2 Input      1 Bit        Muxes := 5     
	   3 Input      1 Bit        Muxes := 1     
Module xsdbs_v1_0_2_reg_p2s__parameterized10 
Detailed RTL Component Info : 
+---Adders : 
	   2 Input      4 Bit       Adders := 1     
+---XORs : 
	   2 Input     13 Bit         XORs := 1     
+---Registers : 
	               16 Bit    Registers := 2     
	                4 Bit    Registers := 1     
	                1 Bit    Registers := 3     
+---Muxes : 
	   2 Input     16 Bit        Muxes := 1     
	   2 Input     15 Bit        Muxes := 1     
	   5 Input      4 Bit        Muxes := 1     
	   2 Input      4 Bit        Muxes := 3     
	   2 Input      3 Bit        Muxes := 1     
	   2 Input      1 Bit        Muxes := 5     
	   3 Input      1 Bit        Muxes := 1     
Module xsdbs_v1_0_2_reg_p2s__parameterized11 
Detailed RTL Component Info : 
+---Adders : 
	   2 Input      4 Bit       Adders := 1     
+---XORs : 
	   2 Input     13 Bit         XORs := 1     
+---Registers : 
	               16 Bit    Registers := 2     
	                4 Bit    Registers := 1     
	                1 Bit    Registers := 3     
+---Muxes : 
	   2 Input     16 Bit        Muxes := 1     
	   2 Input     15 Bit        Muxes := 1     
	   5 Input      4 Bit        Muxes := 1     
	   2 Input      4 Bit        Muxes := 3     
	   2 Input      3 Bit        Muxes := 1     
	   2 Input      1 Bit        Muxes := 5     
	   3 Input      1 Bit        Muxes := 1     
Module xsdbs_v1_0_2_reg_p2s__parameterized12 
Detailed RTL Component Info : 
+---Adders : 
	   2 Input      4 Bit       Adders := 1     
+---XORs : 
	   2 Input     13 Bit         XORs := 1     
+---Registers : 
	               16 Bit    Registers := 2     
	                4 Bit    Registers := 1     
	                1 Bit    Registers := 3     
+---Muxes : 
	   2 Input     16 Bit        Muxes := 1     
	   2 Input     15 Bit        Muxes := 1     
	   5 Input      4 Bit        Muxes := 1     
	   2 Input      4 Bit        Muxes := 3     
	   2 Input      3 Bit        Muxes := 1     
	   2 Input      1 Bit        Muxes := 5     
	   3 Input      1 Bit        Muxes := 1     
Module xsdbs_v1_0_2_reg_p2s__parameterized13 
Detailed RTL Component Info : 
+---Adders : 
	   2 Input      4 Bit       Adders := 1     
+---XORs : 
	   2 Input     13 Bit         XORs := 1     
+---Registers : 
	               16 Bit    Registers := 2     
	                4 Bit    Registers := 1     
	                1 Bit    Registers := 3     
+---Muxes : 
	   2 Input     16 Bit        Muxes := 1     
	   2 Input     15 Bit        Muxes := 1     
	   5 Input      4 Bit        Muxes := 1     
	   2 Input      4 Bit        Muxes := 3     
	   2 Input      3 Bit        Muxes := 1     
	   2 Input      1 Bit        Muxes := 5     
	   3 Input      1 Bit        Muxes := 1     
Module xsdbs_v1_0_2_reg_p2s__parameterized14 
Detailed RTL Component Info : 
+---Adders : 
	   2 Input      4 Bit       Adders := 1     
+---XORs : 
	   2 Input     13 Bit         XORs := 1     
+---Registers : 
	               16 Bit    Registers := 2     
	                4 Bit    Registers := 1     
	                1 Bit    Registers := 3     
+---Muxes : 
	   2 Input     16 Bit        Muxes := 1     
	   2 Input     15 Bit        Muxes := 1     
	   5 Input      4 Bit        Muxes := 1     
	   2 Input      4 Bit        Muxes := 3     
	   2 Input      3 Bit        Muxes := 1     
	   2 Input      1 Bit        Muxes := 5     
	   3 Input      1 Bit        Muxes := 1     
Module xsdbs_v1_0_2_reg_p2s__parameterized15 
Detailed RTL Component Info : 
+---Adders : 
	   2 Input      4 Bit       Adders := 1     
+---XORs : 
	   2 Input     13 Bit         XORs := 1     
+---Registers : 
	               16 Bit    Registers := 2     
	                4 Bit    Registers := 1     
	                1 Bit    Registers := 3     
+---Muxes : 
	   2 Input     16 Bit        Muxes := 1     
	   2 Input     15 Bit        Muxes := 1     
	   5 Input      4 Bit        Muxes := 1     
	   2 Input      4 Bit        Muxes := 3     
	   2 Input      3 Bit        Muxes := 1     
	   2 Input      1 Bit        Muxes := 5     
	   3 Input      1 Bit        Muxes := 1     
Module xsdbs_v1_0_2_reg_p2s__parameterized16 
Detailed RTL Component Info : 
+---Adders : 
	   2 Input      4 Bit       Adders := 1     
+---XORs : 
	   2 Input     13 Bit         XORs := 1     
+---Registers : 
	               16 Bit    Registers := 2     
	                4 Bit    Registers := 1     
	                1 Bit    Registers := 3     
+---Muxes : 
	   2 Input     16 Bit        Muxes := 1     
	   2 Input     15 Bit        Muxes := 1     
	   5 Input      4 Bit        Muxes := 1     
	   2 Input      4 Bit        Muxes := 3     
	   2 Input      3 Bit        Muxes := 1     
	   2 Input      1 Bit        Muxes := 5     
	   3 Input      1 Bit        Muxes := 1     
Module xsdbs_v1_0_2_reg_p2s__parameterized17 
Detailed RTL Component Info : 
+---Adders : 
	   2 Input      4 Bit       Adders := 1     
+---XORs : 
	   2 Input     13 Bit         XORs := 1     
+---Registers : 
	               16 Bit    Registers := 2     
	                4 Bit    Registers := 1     
	                1 Bit    Registers := 3     
+---Muxes : 
	   2 Input     16 Bit        Muxes := 1     
	   2 Input     15 Bit        Muxes := 1     
	   5 Input      4 Bit        Muxes := 1     
	   2 Input      4 Bit        Muxes := 3     
	   2 Input      3 Bit        Muxes := 1     
	   2 Input      1 Bit        Muxes := 5     
	   3 Input      1 Bit        Muxes := 1     
Module xsdbs_v1_0_2_reg_p2s__parameterized18 
Detailed RTL Component Info : 
+---Adders : 
	   2 Input      4 Bit       Adders := 1     
+---XORs : 
	   2 Input     13 Bit         XORs := 1     
+---Registers : 
	               16 Bit    Registers := 2     
	                4 Bit    Registers := 1     
	                1 Bit    Registers := 3     
+---Muxes : 
	   2 Input     16 Bit        Muxes := 1     
	   2 Input     15 Bit        Muxes := 1     
	   5 Input      4 Bit        Muxes := 1     
	   2 Input      4 Bit        Muxes := 3     
	   2 Input      3 Bit        Muxes := 1     
	   2 Input      1 Bit        Muxes := 5     
	   3 Input      1 Bit        Muxes := 1     
Module xsdbs_v1_0_2_reg_p2s__parameterized19 
Detailed RTL Component Info : 
+---Adders : 
	   2 Input      4 Bit       Adders := 1     
+---XORs : 
	   2 Input     13 Bit         XORs := 1     
+---Registers : 
	               16 Bit    Registers := 2     
	                4 Bit    Registers := 1     
	                1 Bit    Registers := 3     
+---Muxes : 
	   2 Input     16 Bit        Muxes := 1     
	   2 Input     15 Bit        Muxes := 1     
	   5 Input      4 Bit        Muxes := 1     
	   2 Input      4 Bit        Muxes := 3     
	   2 Input      3 Bit        Muxes := 1     
	   2 Input      1 Bit        Muxes := 5     
	   3 Input      1 Bit        Muxes := 1     
Module xsdbs_v1_0_2_reg_p2s__parameterized20 
Detailed RTL Component Info : 
+---Adders : 
	   2 Input      4 Bit       Adders := 1     
+---XORs : 
	   2 Input     13 Bit         XORs := 1     
+---Registers : 
	               16 Bit    Registers := 2     
	                4 Bit    Registers := 1     
	                1 Bit    Registers := 3     
+---Muxes : 
	   2 Input     16 Bit        Muxes := 1     
	   2 Input     15 Bit        Muxes := 1     
	   5 Input      4 Bit        Muxes := 1     
	   2 Input      4 Bit        Muxes := 3     
	   2 Input      3 Bit        Muxes := 1     
	   2 Input      1 Bit        Muxes := 5     
	   3 Input      1 Bit        Muxes := 1     
Module xsdbs_v1_0_2_reg_p2s__parameterized21 
Detailed RTL Component Info : 
+---Adders : 
	   2 Input      4 Bit       Adders := 1     
+---XORs : 
	   2 Input     13 Bit         XORs := 1     
+---Registers : 
	               16 Bit    Registers := 2     
	                4 Bit    Registers := 1     
	                1 Bit    Registers := 3     
+---Muxes : 
	   2 Input     16 Bit        Muxes := 1     
	   2 Input     15 Bit        Muxes := 1     
	   5 Input      4 Bit        Muxes := 1     
	   2 Input      4 Bit        Muxes := 3     
	   2 Input      3 Bit        Muxes := 1     
	   2 Input      1 Bit        Muxes := 5     
	   3 Input      1 Bit        Muxes := 1     
Module xsdbs_v1_0_2_reg_p2s__parameterized22 
Detailed RTL Component Info : 
+---Adders : 
	   2 Input      4 Bit       Adders := 1     
+---XORs : 
	   2 Input     13 Bit         XORs := 1     
+---Registers : 
	               16 Bit    Registers := 2     
	                4 Bit    Registers := 1     
	                1 Bit    Registers := 3     
+---Muxes : 
	   2 Input     16 Bit        Muxes := 1     
	   2 Input     15 Bit        Muxes := 1     
	   5 Input      4 Bit        Muxes := 1     
	   2 Input      4 Bit        Muxes := 3     
	   2 Input      3 Bit        Muxes := 1     
	   2 Input      1 Bit        Muxes := 5     
	   3 Input      1 Bit        Muxes := 1     
Module xsdbs_v1_0_2_reg_p2s__parameterized23 
Detailed RTL Component Info : 
+---Adders : 
	   2 Input      4 Bit       Adders := 1     
+---XORs : 
	   2 Input     13 Bit         XORs := 1     
+---Registers : 
	               16 Bit    Registers := 2     
	                4 Bit    Registers := 1     
	                1 Bit    Registers := 3     
+---Muxes : 
	   2 Input     16 Bit        Muxes := 1     
	   2 Input     15 Bit        Muxes := 1     
	   5 Input      4 Bit        Muxes := 1     
	   2 Input      4 Bit        Muxes := 3     
	   2 Input      3 Bit        Muxes := 1     
	   2 Input      1 Bit        Muxes := 5     
	   3 Input      1 Bit        Muxes := 1     
Module xsdbs_v1_0_2_reg_p2s__parameterized24 
Detailed RTL Component Info : 
+---Adders : 
	   2 Input      4 Bit       Adders := 1     
+---XORs : 
	   2 Input     13 Bit         XORs := 1     
+---Registers : 
	               16 Bit    Registers := 2     
	                4 Bit    Registers := 1     
	                1 Bit    Registers := 3     
+---Muxes : 
	   2 Input     16 Bit        Muxes := 1     
	   2 Input     15 Bit        Muxes := 1     
	   5 Input      4 Bit        Muxes := 1     
	   2 Input      4 Bit        Muxes := 3     
	   2 Input      3 Bit        Muxes := 1     
	   2 Input      1 Bit        Muxes := 5     
	   3 Input      1 Bit        Muxes := 1     
Module xsdbs_v1_0_2_reg_p2s__parameterized25 
Detailed RTL Component Info : 
+---Adders : 
	   2 Input      4 Bit       Adders := 1     
+---XORs : 
	   2 Input     13 Bit         XORs := 1     
+---Registers : 
	               16 Bit    Registers := 2     
	                4 Bit    Registers := 1     
	                1 Bit    Registers := 3     
+---Muxes : 
	   2 Input     16 Bit        Muxes := 1     
	   2 Input     15 Bit        Muxes := 1     
	   5 Input      4 Bit        Muxes := 1     
	   2 Input      4 Bit        Muxes := 3     
	   2 Input      3 Bit        Muxes := 1     
	   2 Input      1 Bit        Muxes := 5     
	   3 Input      1 Bit        Muxes := 1     
Module xsdbs_v1_0_2_reg_p2s__parameterized26 
Detailed RTL Component Info : 
+---Adders : 
	   2 Input      4 Bit       Adders := 1     
+---XORs : 
	   2 Input     13 Bit         XORs := 1     
+---Registers : 
	               16 Bit    Registers := 2     
	                4 Bit    Registers := 1     
	                1 Bit    Registers := 3     
+---Muxes : 
	   2 Input     16 Bit        Muxes := 1     
	   2 Input     15 Bit        Muxes := 1     
	   5 Input      4 Bit        Muxes := 1     
	   2 Input      4 Bit        Muxes := 3     
	   2 Input      3 Bit        Muxes := 1     
	   2 Input      1 Bit        Muxes := 5     
	   3 Input      1 Bit        Muxes := 1     
Module xsdbs_v1_0_2_reg_p2s__parameterized27 
Detailed RTL Component Info : 
+---Adders : 
	   2 Input      4 Bit       Adders := 1     
+---XORs : 
	   2 Input     13 Bit         XORs := 1     
+---Registers : 
	               16 Bit    Registers := 2     
	                4 Bit    Registers := 1     
	                1 Bit    Registers := 3     
+---Muxes : 
	   2 Input     16 Bit        Muxes := 1     
	   2 Input     15 Bit        Muxes := 1     
	   5 Input      4 Bit        Muxes := 1     
	   2 Input      4 Bit        Muxes := 3     
	   2 Input      3 Bit        Muxes := 1     
	   2 Input      1 Bit        Muxes := 5     
	   3 Input      1 Bit        Muxes := 1     
Module xsdbs_v1_0_2_reg_p2s__parameterized28 
Detailed RTL Component Info : 
+---Adders : 
	   2 Input      4 Bit       Adders := 1     
+---XORs : 
	   2 Input     13 Bit         XORs := 1     
+---Registers : 
	               16 Bit    Registers := 2     
	                4 Bit    Registers := 1     
	                1 Bit    Registers := 3     
+---Muxes : 
	   2 Input     16 Bit        Muxes := 1     
	   2 Input     15 Bit        Muxes := 1     
	   5 Input      4 Bit        Muxes := 1     
	   2 Input      4 Bit        Muxes := 3     
	   2 Input      3 Bit        Muxes := 1     
	   2 Input      1 Bit        Muxes := 5     
	   3 Input      1 Bit        Muxes := 1     
Module xsdbs_v1_0_2_reg_p2s__parameterized29 
Detailed RTL Component Info : 
+---Adders : 
	   2 Input      4 Bit       Adders := 1     
+---XORs : 
	   2 Input     13 Bit         XORs := 1     
+---Registers : 
	               16 Bit    Registers := 2     
	                4 Bit    Registers := 1     
	                1 Bit    Registers := 3     
+---Muxes : 
	   2 Input     16 Bit        Muxes := 1     
	   2 Input     15 Bit        Muxes := 1     
	   5 Input      4 Bit        Muxes := 1     
	   2 Input      4 Bit        Muxes := 3     
	   2 Input      3 Bit        Muxes := 1     
	   2 Input      1 Bit        Muxes := 5     
	   3 Input      1 Bit        Muxes := 1     
Module xsdbs_v1_0_2_reg_p2s__parameterized30 
Detailed RTL Component Info : 
+---Adders : 
	   2 Input      4 Bit       Adders := 1     
+---XORs : 
	   2 Input     13 Bit         XORs := 1     
+---Registers : 
	               16 Bit    Registers := 2     
	                4 Bit    Registers := 1     
	                1 Bit    Registers := 3     
+---Muxes : 
	   2 Input     16 Bit        Muxes := 1     
	   2 Input     15 Bit        Muxes := 1     
	   5 Input      4 Bit        Muxes := 1     
	   2 Input      4 Bit        Muxes := 3     
	   2 Input      3 Bit        Muxes := 1     
	   2 Input      1 Bit        Muxes := 5     
	   3 Input      1 Bit        Muxes := 1     
Module xsdbs_v1_0_2_reg_p2s__parameterized31 
Detailed RTL Component Info : 
+---Adders : 
	   2 Input      4 Bit       Adders := 1     
+---XORs : 
	   2 Input     13 Bit         XORs := 1     
+---Registers : 
	               16 Bit    Registers := 2     
	                4 Bit    Registers := 1     
	                1 Bit    Registers := 3     
+---Muxes : 
	   2 Input     16 Bit        Muxes := 1     
	   2 Input     15 Bit        Muxes := 1     
	   5 Input      4 Bit        Muxes := 1     
	   2 Input      4 Bit        Muxes := 3     
	   2 Input      3 Bit        Muxes := 1     
	   2 Input      1 Bit        Muxes := 5     
	   3 Input      1 Bit        Muxes := 1     
Module xsdbs_v1_0_2_reg_p2s__parameterized32 
Detailed RTL Component Info : 
+---Adders : 
	   2 Input      4 Bit       Adders := 1     
+---XORs : 
	   2 Input     13 Bit         XORs := 1     
+---Registers : 
	               16 Bit    Registers := 2     
	                4 Bit    Registers := 1     
	                1 Bit    Registers := 3     
+---Muxes : 
	   2 Input     16 Bit        Muxes := 1     
	   2 Input     15 Bit        Muxes := 1     
	   5 Input      4 Bit        Muxes := 1     
	   2 Input      4 Bit        Muxes := 3     
	   2 Input      3 Bit        Muxes := 1     
	   2 Input      1 Bit        Muxes := 5     
	   3 Input      1 Bit        Muxes := 1     
Module xsdbs_v1_0_2_reg_p2s__parameterized33 
Detailed RTL Component Info : 
+---Adders : 
	   2 Input      4 Bit       Adders := 1     
+---XORs : 
	   2 Input     13 Bit         XORs := 1     
+---Registers : 
	               16 Bit    Registers := 2     
	                4 Bit    Registers := 1     
	                1 Bit    Registers := 3     
+---Muxes : 
	   2 Input     16 Bit        Muxes := 1     
	   2 Input     15 Bit        Muxes := 1     
	   5 Input      4 Bit        Muxes := 1     
	   2 Input      4 Bit        Muxes := 3     
	   2 Input      3 Bit        Muxes := 1     
	   2 Input      1 Bit        Muxes := 5     
	   3 Input      1 Bit        Muxes := 1     
Module xsdbs_v1_0_2_reg_p2s__parameterized34 
Detailed RTL Component Info : 
+---Adders : 
	   2 Input      4 Bit       Adders := 1     
+---XORs : 
	   2 Input     13 Bit         XORs := 1     
+---Registers : 
	               16 Bit    Registers := 2     
	                4 Bit    Registers := 1     
	                1 Bit    Registers := 3     
+---Muxes : 
	   2 Input     16 Bit        Muxes := 1     
	   2 Input     15 Bit        Muxes := 1     
	   5 Input      4 Bit        Muxes := 1     
	   2 Input      4 Bit        Muxes := 3     
	   2 Input      3 Bit        Muxes := 1     
	   2 Input      1 Bit        Muxes := 5     
	   3 Input      1 Bit        Muxes := 1     
Module xsdbs_v1_0_2_reg_p2s__parameterized35 
Detailed RTL Component Info : 
+---Adders : 
	   2 Input      4 Bit       Adders := 1     
+---XORs : 
	   2 Input     13 Bit         XORs := 1     
+---Registers : 
	               16 Bit    Registers := 2     
	                4 Bit    Registers := 1     
	                1 Bit    Registers := 3     
+---Muxes : 
	   2 Input     16 Bit        Muxes := 1     
	   2 Input     15 Bit        Muxes := 1     
	   5 Input      4 Bit        Muxes := 1     
	   2 Input      4 Bit        Muxes := 3     
	   2 Input      3 Bit        Muxes := 1     
	   2 Input      1 Bit        Muxes := 5     
	   3 Input      1 Bit        Muxes := 1     
Module xsdbs_v1_0_2_reg_p2s__parameterized36 
Detailed RTL Component Info : 
+---Adders : 
	   2 Input      4 Bit       Adders := 1     
+---XORs : 
	   2 Input     13 Bit         XORs := 1     
+---Registers : 
	               16 Bit    Registers := 2     
	                4 Bit    Registers := 1     
	                1 Bit    Registers := 3     
+---Muxes : 
	   2 Input     16 Bit        Muxes := 1     
	   2 Input     15 Bit        Muxes := 1     
	   5 Input      4 Bit        Muxes := 1     
	   2 Input      4 Bit        Muxes := 3     
	   2 Input      3 Bit        Muxes := 1     
	   2 Input      1 Bit        Muxes := 5     
	   3 Input      1 Bit        Muxes := 1     
Module xsdbs_v1_0_2_reg_p2s__parameterized37 
Detailed RTL Component Info : 
+---Adders : 
	   2 Input      4 Bit       Adders := 1     
+---XORs : 
	   2 Input     13 Bit         XORs := 1     
+---Registers : 
	               16 Bit    Registers := 2     
	                4 Bit    Registers := 1     
	                1 Bit    Registers := 3     
+---Muxes : 
	   2 Input     16 Bit        Muxes := 1     
	   2 Input     15 Bit        Muxes := 1     
	   5 Input      4 Bit        Muxes := 1     
	   2 Input      4 Bit        Muxes := 3     
	   2 Input      3 Bit        Muxes := 1     
	   2 Input      1 Bit        Muxes := 5     
	   3 Input      1 Bit        Muxes := 1     
Module xsdbs_v1_0_2_reg_p2s__parameterized38 
Detailed RTL Component Info : 
+---Adders : 
	   2 Input      4 Bit       Adders := 1     
+---XORs : 
	   2 Input     13 Bit         XORs := 1     
+---Registers : 
	               16 Bit    Registers := 2     
	                4 Bit    Registers := 1     
	                1 Bit    Registers := 3     
+---Muxes : 
	   2 Input     16 Bit        Muxes := 1     
	   2 Input     15 Bit        Muxes := 1     
	   5 Input      4 Bit        Muxes := 1     
	   2 Input      4 Bit        Muxes := 3     
	   2 Input      3 Bit        Muxes := 1     
	   2 Input      1 Bit        Muxes := 5     
	   3 Input      1 Bit        Muxes := 1     
Module xsdbs_v1_0_2_reg_p2s__parameterized39 
Detailed RTL Component Info : 
+---Adders : 
	   2 Input      4 Bit       Adders := 1     
+---XORs : 
	   2 Input     13 Bit         XORs := 1     
+---Registers : 
	               16 Bit    Registers := 2     
	                4 Bit    Registers := 1     
	                1 Bit    Registers := 3     
+---Muxes : 
	   2 Input     16 Bit        Muxes := 1     
	   2 Input     15 Bit        Muxes := 1     
	   5 Input      4 Bit        Muxes := 1     
	   2 Input      4 Bit        Muxes := 3     
	   2 Input      3 Bit        Muxes := 1     
	   2 Input      1 Bit        Muxes := 5     
	   3 Input      1 Bit        Muxes := 1     
Module xsdbs_v1_0_2_reg_p2s__parameterized40 
Detailed RTL Component Info : 
+---Adders : 
	   2 Input      4 Bit       Adders := 1     
+---XORs : 
	   2 Input     13 Bit         XORs := 1     
+---Registers : 
	               16 Bit    Registers := 2     
	                4 Bit    Registers := 1     
	                1 Bit    Registers := 3     
+---Muxes : 
	   2 Input     16 Bit        Muxes := 1     
	   2 Input     15 Bit        Muxes := 1     
	   5 Input      4 Bit        Muxes := 1     
	   2 Input      4 Bit        Muxes := 3     
	   2 Input      3 Bit        Muxes := 1     
	   2 Input      1 Bit        Muxes := 5     
	   3 Input      1 Bit        Muxes := 1     
Module xsdbs_v1_0_2_reg_p2s__parameterized41 
Detailed RTL Component Info : 
+---Adders : 
	   2 Input      4 Bit       Adders := 1     
+---XORs : 
	   2 Input     13 Bit         XORs := 1     
+---Registers : 
	               16 Bit    Registers := 2     
	                4 Bit    Registers := 1     
	                1 Bit    Registers := 3     
+---Muxes : 
	   2 Input     16 Bit        Muxes := 1     
	   2 Input     15 Bit        Muxes := 1     
	   5 Input      4 Bit        Muxes := 1     
	   2 Input      4 Bit        Muxes := 3     
	   2 Input      3 Bit        Muxes := 1     
	   2 Input      1 Bit        Muxes := 5     
	   3 Input      1 Bit        Muxes := 1     
Module xsdbs_v1_0_2_reg_p2s__parameterized42 
Detailed RTL Component Info : 
+---Adders : 
	   2 Input      4 Bit       Adders := 1     
+---XORs : 
	   2 Input     13 Bit         XORs := 1     
+---Registers : 
	               16 Bit    Registers := 2     
	                4 Bit    Registers := 1     
	                1 Bit    Registers := 3     
+---Muxes : 
	   2 Input     16 Bit        Muxes := 1     
	   2 Input     15 Bit        Muxes := 1     
	   5 Input      4 Bit        Muxes := 1     
	   2 Input      4 Bit        Muxes := 3     
	   2 Input      3 Bit        Muxes := 1     
	   2 Input      1 Bit        Muxes := 5     
	   3 Input      1 Bit        Muxes := 1     
Module xsdbs_v1_0_2_reg_p2s__parameterized43 
Detailed RTL Component Info : 
+---Adders : 
	   2 Input      4 Bit       Adders := 1     
+---XORs : 
	   2 Input     13 Bit         XORs := 1     
+---Registers : 
	               16 Bit    Registers := 2     
	                4 Bit    Registers := 1     
	                1 Bit    Registers := 3     
+---Muxes : 
	   2 Input     16 Bit        Muxes := 1     
	   2 Input     15 Bit        Muxes := 1     
	   5 Input      4 Bit        Muxes := 1     
	   2 Input      4 Bit        Muxes := 3     
	   2 Input      3 Bit        Muxes := 1     
	   2 Input      1 Bit        Muxes := 5     
	   3 Input      1 Bit        Muxes := 1     
Module xsdbs_v1_0_2_reg_p2s__parameterized44 
Detailed RTL Component Info : 
+---Adders : 
	   2 Input      4 Bit       Adders := 1     
+---XORs : 
	   2 Input     13 Bit         XORs := 1     
+---Registers : 
	               16 Bit    Registers := 2     
	                4 Bit    Registers := 1     
	                1 Bit    Registers := 3     
+---Muxes : 
	   2 Input     16 Bit        Muxes := 1     
	   2 Input     15 Bit        Muxes := 1     
	   5 Input      4 Bit        Muxes := 1     
	   2 Input      4 Bit        Muxes := 3     
	   2 Input      3 Bit        Muxes := 1     
	   2 Input      1 Bit        Muxes := 5     
	   3 Input      1 Bit        Muxes := 1     
Module xsdbs_v1_0_2_reg_p2s__parameterized45 
Detailed RTL Component Info : 
+---Adders : 
	   2 Input      4 Bit       Adders := 1     
+---XORs : 
	   2 Input     13 Bit         XORs := 1     
+---Registers : 
	               16 Bit    Registers := 2     
	                4 Bit    Registers := 1     
	                1 Bit    Registers := 3     
+---Muxes : 
	   2 Input     16 Bit        Muxes := 1     
	   2 Input     15 Bit        Muxes := 1     
	   5 Input      4 Bit        Muxes := 1     
	   2 Input      4 Bit        Muxes := 3     
	   2 Input      3 Bit        Muxes := 1     
	   2 Input      1 Bit        Muxes := 5     
	   3 Input      1 Bit        Muxes := 1     
Module xsdbs_v1_0_2_reg_p2s__parameterized46 
Detailed RTL Component Info : 
+---Adders : 
	   2 Input      4 Bit       Adders := 1     
+---XORs : 
	   2 Input     13 Bit         XORs := 1     
+---Registers : 
	               16 Bit    Registers := 2     
	                4 Bit    Registers := 1     
	                1 Bit    Registers := 3     
+---Muxes : 
	   2 Input     16 Bit        Muxes := 1     
	   2 Input     15 Bit        Muxes := 1     
	   5 Input      4 Bit        Muxes := 1     
	   2 Input      4 Bit        Muxes := 3     
	   2 Input      3 Bit        Muxes := 1     
	   2 Input      1 Bit        Muxes := 5     
	   3 Input      1 Bit        Muxes := 1     
Module xsdbs_v1_0_2_reg_p2s__parameterized47 
Detailed RTL Component Info : 
+---Adders : 
	   2 Input      4 Bit       Adders := 1     
+---XORs : 
	   2 Input     13 Bit         XORs := 1     
+---Registers : 
	               16 Bit    Registers := 2     
	                4 Bit    Registers := 1     
	                1 Bit    Registers := 3     
+---Muxes : 
	   2 Input     16 Bit        Muxes := 1     
	   2 Input     15 Bit        Muxes := 1     
	   5 Input      4 Bit        Muxes := 1     
	   2 Input      4 Bit        Muxes := 3     
	   2 Input      3 Bit        Muxes := 1     
	   2 Input      1 Bit        Muxes := 5     
	   3 Input      1 Bit        Muxes := 1     
Module xsdbs_v1_0_2_reg_p2s__parameterized48 
Detailed RTL Component Info : 
+---Adders : 
	   2 Input      4 Bit       Adders := 1     
+---XORs : 
	   2 Input     13 Bit         XORs := 1     
+---Registers : 
	               16 Bit    Registers := 2     
	                4 Bit    Registers := 1     
	                1 Bit    Registers := 3     
+---Muxes : 
	   2 Input     16 Bit        Muxes := 1     
	   2 Input     15 Bit        Muxes := 1     
	   5 Input      4 Bit        Muxes := 1     
	   2 Input      4 Bit        Muxes := 3     
	   2 Input      3 Bit        Muxes := 1     
	   2 Input      1 Bit        Muxes := 5     
	   3 Input      1 Bit        Muxes := 1     
Module xsdbs_v1_0_2_reg_p2s__parameterized49 
Detailed RTL Component Info : 
+---Adders : 
	   2 Input      4 Bit       Adders := 1     
+---XORs : 
	   2 Input     13 Bit         XORs := 1     
+---Registers : 
	               16 Bit    Registers := 2     
	                4 Bit    Registers := 1     
	                1 Bit    Registers := 3     
+---Muxes : 
	   2 Input     16 Bit        Muxes := 1     
	   2 Input     15 Bit        Muxes := 1     
	   5 Input      4 Bit        Muxes := 1     
	   2 Input      4 Bit        Muxes := 3     
	   2 Input      3 Bit        Muxes := 1     
	   2 Input      1 Bit        Muxes := 5     
	   3 Input      1 Bit        Muxes := 1     
Module xsdbs_v1_0_2_reg_p2s__parameterized50 
Detailed RTL Component Info : 
+---Adders : 
	   2 Input      4 Bit       Adders := 1     
+---XORs : 
	   2 Input     13 Bit         XORs := 1     
+---Registers : 
	               16 Bit    Registers := 2     
	                4 Bit    Registers := 1     
	                1 Bit    Registers := 3     
+---Muxes : 
	   2 Input     16 Bit        Muxes := 1     
	   2 Input     15 Bit        Muxes := 1     
	   5 Input      4 Bit        Muxes := 1     
	   2 Input      4 Bit        Muxes := 3     
	   2 Input      3 Bit        Muxes := 1     
	   2 Input      1 Bit        Muxes := 5     
	   3 Input      1 Bit        Muxes := 1     
Module ila_v6_2_8_ila_register 
Detailed RTL Component Info : 
+---Adders : 
	   2 Input      9 Bit       Adders := 1     
	   2 Input      7 Bit       Adders := 2     
	   2 Input      6 Bit       Adders := 1     
+---Registers : 
	             1024 Bit    Registers := 2     
	               17 Bit    Registers := 1     
	               16 Bit    Registers := 12    
	                9 Bit    Registers := 1     
	                7 Bit    Registers := 2     
	                6 Bit    Registers := 1     
	                1 Bit    Registers := 31    
+---Muxes : 
	  32 Input     16 Bit        Muxes := 1     
	   2 Input     16 Bit        Muxes := 10    
	   4 Input     16 Bit        Muxes := 2     
	   3 Input     16 Bit        Muxes := 1     
	   3 Input     15 Bit        Muxes := 1     
	   2 Input      6 Bit        Muxes := 4     
	  32 Input      5 Bit        Muxes := 1     
	   2 Input      5 Bit        Muxes := 2     
	   2 Input      1 Bit        Muxes := 13    
	   9 Input      1 Bit        Muxes := 1     
Module ltlib_v1_0_0_all_typeA_slice__parameterized0 
Detailed RTL Component Info : 
+---Registers : 
	                1 Bit    Registers := 1     
Module ltlib_v1_0_0_allx_typeA 
Detailed RTL Component Info : 
+---Registers : 
	               16 Bit    Registers := 1     
Module ltlib_v1_0_0_match 
Detailed RTL Component Info : 
+---Registers : 
	                1 Bit    Registers := 1     
Module ltlib_v1_0_0_allx_typeA__parameterized0 
Detailed RTL Component Info : 
+---Registers : 
	                1 Bit    Registers := 2     
Module ltlib_v1_0_0_match__parameterized0 
Detailed RTL Component Info : 
+---Registers : 
	                1 Bit    Registers := 1     
Module ltlib_v1_0_0_allx_typeA__parameterized1 
Detailed RTL Component Info : 
+---Registers : 
	               12 Bit    Registers := 2     
Module ltlib_v1_0_0_match__parameterized1 
Detailed RTL Component Info : 
+---Registers : 
	                1 Bit    Registers := 1     
Module ltlib_v1_0_0_allx_typeA__parameterized2 
Detailed RTL Component Info : 
+---Registers : 
	               32 Bit    Registers := 2     
Module ltlib_v1_0_0_match__parameterized2 
Detailed RTL Component Info : 
+---Registers : 
	                1 Bit    Registers := 1     
Module ila_v6_2_8_ila_trigger 
Detailed RTL Component Info : 
+---Registers : 
	               32 Bit    Registers := 1     
	                1 Bit    Registers := 2     
Module ltlib_v1_0_0_async_edge_xfer 
Detailed RTL Component Info : 
+---XORs : 
	   2 Input      1 Bit         XORs := 1     
+---Registers : 
	                1 Bit    Registers := 5     
Module ltlib_v1_0_0_rising_edge_detection 
Detailed RTL Component Info : 
+---Registers : 
	                2 Bit    Registers := 1     
	                1 Bit    Registers := 1     
+---Muxes : 
	   2 Input      2 Bit        Muxes := 2     
Module ila_v6_2_8_ila_reset_ctrl 
Detailed RTL Component Info : 
+---Registers : 
	                6 Bit    Registers := 1     
	                1 Bit    Registers := 2     
Module ltlib_v1_0_0_cfglut7 
Detailed RTL Component Info : 
+---Registers : 
	                1 Bit    Registers := 1     
+---Muxes : 
	   2 Input      1 Bit        Muxes := 3     
Module ltlib_v1_0_0_cfglut6 
Detailed RTL Component Info : 
+---Muxes : 
	   2 Input      1 Bit        Muxes := 1     
Module ltlib_v1_0_0_allx_typeA_nodelay 
Detailed RTL Component Info : 
+---Registers : 
	               16 Bit    Registers := 1     
Module ila_v6_2_8_ila_cap_addrgen 
Detailed RTL Component Info : 
+---Registers : 
	               33 Bit    Registers := 2     
	               16 Bit    Registers := 4     
	                1 Bit    Registers := 2     
+---Muxes : 
	   2 Input      1 Bit        Muxes := 16    
Module ltlib_v1_0_0_cfglut6__parameterized0 
Detailed RTL Component Info : 
+---Registers : 
	                1 Bit    Registers := 1     
+---Muxes : 
	   2 Input      1 Bit        Muxes := 1     
Module ila_v6_2_8_ila_cap_ctrl_legacy 
Detailed RTL Component Info : 
+---Registers : 
	                1 Bit    Registers := 3     
+---Muxes : 
	   2 Input      1 Bit        Muxes := 1     
	   4 Input      1 Bit        Muxes := 1     
Module bindec 
Detailed RTL Component Info : 
+---Muxes : 
	   2 Input      1 Bit        Muxes := 16    
Module blk_mem_gen_mux 
Detailed RTL Component Info : 
+---Registers : 
	               16 Bit    Registers := 1     
	                4 Bit    Registers := 2     
+---Muxes : 
	   2 Input      1 Bit        Muxes := 1     
Module blk_mem_gen_mux__parameterized0 
Detailed RTL Component Info : 
+---Registers : 
	               16 Bit    Registers := 1     
	                4 Bit    Registers := 2     
+---Muxes : 
	   2 Input      1 Bit        Muxes := 1     
Module ltlib_v1_0_0_generic_memrd 
Detailed RTL Component Info : 
+---Adders : 
	   2 Input     16 Bit       Adders := 1     
	   2 Input      3 Bit       Adders := 1     
+---Registers : 
	               80 Bit    Registers := 1     
	               16 Bit    Registers := 1     
	                7 Bit    Registers := 1     
	                4 Bit    Registers := 2     
	                3 Bit    Registers := 1     
	                1 Bit    Registers := 3     
+---Muxes : 
	   8 Input     16 Bit        Muxes := 1     
	   3 Input      7 Bit        Muxes := 1     
	   8 Input      7 Bit        Muxes := 1     
	   2 Input      4 Bit        Muxes := 1     
	   8 Input      3 Bit        Muxes := 1     
	   2 Input      2 Bit        Muxes := 1     
	   8 Input      1 Bit        Muxes := 5     
Module ila_v6_2_8_ila_core 
Detailed RTL Component Info : 
+---Registers : 
	               72 Bit    Registers := 9     
	               16 Bit    Registers := 2     
	                2 Bit    Registers := 3     
	                1 Bit    Registers := 5     
+---Muxes : 
	   2 Input     72 Bit        Muxes := 1     
	   2 Input     16 Bit        Muxes := 1     
Module ila_v6_2_8_ila 
Detailed RTL Component Info : 
+---Registers : 
	                1 Bit    Registers := 6     
---------------------------------------------------------------------------------
Finished RTL Hierarchical Component Statistics
---------------------------------------------------------------------------------
---------------------------------------------------------------------------------
Start Part Resource Summary
---------------------------------------------------------------------------------
Part Resources:
DSPs: 220 (col length:60)
BRAMs: 280 (col length: RAMB18 60 RAMB36 30)
---------------------------------------------------------------------------------
Finished Part Resource Summary
---------------------------------------------------------------------------------
---------------------------------------------------------------------------------
Start Cross Boundary and Area Optimization
---------------------------------------------------------------------------------
Warning: Parallel synthesis criteria is not met 
INFO: [Synth 8-5546] ROM "drdy_mux_temp" won't be mapped to RAM because it is too sparse
INFO: [Synth 8-5546] ROM "ila_core_inst/xsdb_memory_read_inst/curr_read_block" won't be mapped to RAM because it is too sparse
INFO: [Synth 8-5546] ROM "ila_core_inst/xsdb_memory_read_inst/read_en" won't be mapped to RAM because it is too sparse
INFO: [Synth 8-5546] ROM "ila_core_inst/xsdb_memory_read_inst/read_addr" won't be mapped to RAM because it is too sparse
INFO: [Synth 8-3333] propagating constant 0 across sequential element (inst/\ila_core_inst/u_ila_regs /\shift_reg1_reg[1008] )
INFO: [Synth 8-3333] propagating constant 0 across sequential element (inst/\ila_core_inst/u_ila_regs /\shift_reg0_reg[1008] )
INFO: [Synth 8-3333] propagating constant 0 across sequential element (inst/\ila_core_inst/u_ila_regs /\shift_reg1_reg[1009] )
INFO: [Synth 8-3333] propagating constant 0 across sequential element (inst/\ila_core_inst/u_ila_regs /\shift_reg0_reg[1009] )
INFO: [Synth 8-3333] propagating constant 0 across sequential element (inst/\ila_core_inst/u_ila_regs /\shift_reg1_reg[1010] )
INFO: [Synth 8-3333] propagating constant 0 across sequential element (inst/\ila_core_inst/u_ila_regs /\shift_reg0_reg[1010] )
INFO: [Synth 8-3333] propagating constant 0 across sequential element (inst/\ila_core_inst/u_ila_regs /\shift_reg1_reg[1011] )
INFO: [Synth 8-3333] propagating constant 0 across sequential element (inst/\ila_core_inst/u_ila_regs /\shift_reg0_reg[1011] )
INFO: [Synth 8-3333] propagating constant 0 across sequential element (inst/\ila_core_inst/u_ila_regs /\shift_reg1_reg[1012] )
INFO: [Synth 8-3333] propagating constant 0 across sequential element (inst/\ila_core_inst/u_ila_regs /\shift_reg0_reg[1012] )
INFO: [Synth 8-3333] propagating constant 0 across sequential element (inst/\ila_core_inst/u_ila_regs /\shift_reg1_reg[1013] )
INFO: [Synth 8-3333] propagating constant 0 across sequential element (inst/\ila_core_inst/u_ila_regs /\shift_reg0_reg[1013] )
INFO: [Synth 8-3333] propagating constant 0 across sequential element (inst/\ila_core_inst/u_ila_regs /\shift_reg1_reg[1014] )
INFO: [Synth 8-3333] propagating constant 0 across sequential element (inst/\ila_core_inst/u_ila_regs /\shift_reg0_reg[1014] )
INFO: [Synth 8-3333] propagating constant 0 across sequential element (inst/\ila_core_inst/u_ila_regs /\shift_reg1_reg[1015] )
INFO: [Synth 8-3333] propagating constant 0 across sequential element (inst/\ila_core_inst/u_ila_regs /\shift_reg0_reg[1015] )
INFO: [Synth 8-3333] propagating constant 0 across sequential element (inst/\ila_core_inst/u_ila_regs /\shift_reg1_reg[1016] )
INFO: [Synth 8-3333] propagating constant 0 across sequential element (inst/\ila_core_inst/u_ila_regs /\shift_reg0_reg[1016] )
INFO: [Synth 8-3333] propagating constant 0 across sequential element (inst/\ila_core_inst/u_ila_regs /\shift_reg1_reg[1017] )
INFO: [Synth 8-3333] propagating constant 0 across sequential element (inst/\ila_core_inst/u_ila_regs /\shift_reg0_reg[1017] )
INFO: [Synth 8-3333] propagating constant 0 across sequential element (inst/\ila_core_inst/u_ila_regs /\shift_reg1_reg[1018] )
INFO: [Synth 8-3333] propagating constant 0 across sequential element (inst/\ila_core_inst/u_ila_regs /\shift_reg0_reg[1018] )
INFO: [Synth 8-3333] propagating constant 0 across sequential element (inst/\ila_core_inst/u_ila_regs /\shift_reg1_reg[1019] )
INFO: [Synth 8-3333] propagating constant 0 across sequential element (inst/\ila_core_inst/u_ila_regs /\shift_reg0_reg[1019] )
INFO: [Synth 8-3333] propagating constant 0 across sequential element (inst/\ila_core_inst/u_ila_regs /\shift_reg1_reg[1020] )
INFO: [Synth 8-3333] propagating constant 0 across sequential element (inst/\ila_core_inst/u_ila_regs /\shift_reg0_reg[1020] )
INFO: [Synth 8-3333] propagating constant 0 across sequential element (inst/\ila_core_inst/u_ila_regs /\shift_reg1_reg[1021] )
INFO: [Synth 8-3333] propagating constant 0 across sequential element (inst/\ila_core_inst/u_ila_regs /\shift_reg0_reg[1021] )
INFO: [Synth 8-3333] propagating constant 0 across sequential element (inst/\ila_core_inst/u_ila_regs /\shift_reg1_reg[1022] )
INFO: [Synth 8-3333] propagating constant 0 across sequential element (inst/\ila_core_inst/u_ila_regs /\shift_reg0_reg[1022] )
INFO: [Synth 8-3333] propagating constant 0 across sequential element (inst/\ila_core_inst/u_ila_regs /\shift_reg1_reg[1023] )
INFO: [Synth 8-3333] propagating constant 0 across sequential element (inst/\ila_core_inst/u_ila_regs /\shift_reg0_reg[1023] )
INFO: [Synth 8-3886] merging instance 'inst/ila_core_inst/u_ila_regs/slaveRegDo_ff8_reg[0]' (FDRE) to 'inst/ila_core_inst/u_ila_regs/slaveRegDo_ff8_reg[5]'
INFO: [Synth 8-3333] propagating constant 1 across sequential element (inst/\ila_core_inst/u_ila_regs /\slaveRegDo_ff7_reg[0] )
INFO: [Synth 8-3886] merging instance 'inst/ila_core_inst/u_ila_regs/CNT_WIDTH_STATUS[0].cnt_width_reg/I_EN_STAT_EQ1.U_STAT/xsdb_reg_reg[0]' (FDE) to 'inst/ila_core_inst/u_ila_regs/CNT_WIDTH_STATUS[0].cnt_width_reg/I_EN_STAT_EQ1.U_STAT/xsdb_reg_reg[4]'
INFO: [Synth 8-3886] merging instance 'inst/ila_core_inst/u_ila_regs/reg_887/I_EN_STAT_EQ1.U_STAT/xsdb_reg_reg[0]' (FDE) to 'inst/ila_core_inst/u_ila_regs/CNT_WIDTH_STATUS[0].cnt_width_reg/I_EN_STAT_EQ1.U_STAT/xsdb_reg_reg[1]'
INFO: [Synth 8-3886] merging instance 'inst/ila_core_inst/u_ila_regs/N_DDR_MODE_MU1.MU_STATUS[12].mu_tpid_reg/I_EN_STAT_EQ1.U_STAT/xsdb_reg_reg[0]' (FDE) to 'inst/ila_core_inst/u_ila_regs/CNT_WIDTH_STATUS[0].cnt_width_reg/I_EN_STAT_EQ1.U_STAT/xsdb_reg_reg[1]'
INFO: [Synth 8-3886] merging instance 'inst/ila_core_inst/u_ila_regs/N_DDR_MODE_MU1.MU_STATUS[14].mu_tpid_reg/I_EN_STAT_EQ1.U_STAT/xsdb_reg_reg[0]' (FDE) to 'inst/ila_core_inst/u_ila_regs/CNT_WIDTH_STATUS[0].cnt_width_reg/I_EN_STAT_EQ1.U_STAT/xsdb_reg_reg[4]'
INFO: [Synth 8-3886] merging instance 'inst/ila_core_inst/u_ila_regs/N_DDR_MODE_MU1.MU_STATUS[10].mu_tpid_reg/I_EN_STAT_EQ1.U_STAT/xsdb_reg_reg[0]' (FDE) to 'inst/ila_core_inst/u_ila_regs/CNT_WIDTH_STATUS[0].cnt_width_reg/I_EN_STAT_EQ1.U_STAT/xsdb_reg_reg[4]'
INFO: [Synth 8-3886] merging instance 'inst/ila_core_inst/u_ila_regs/N_DDR_MODE_MU1.MU_STATUS[8].mu_tpid_reg/I_EN_STAT_EQ1.U_STAT/xsdb_reg_reg[0]' (FDE) to 'inst/ila_core_inst/u_ila_regs/CNT_WIDTH_STATUS[0].cnt_width_reg/I_EN_STAT_EQ1.U_STAT/xsdb_reg_reg[1]'
INFO: [Synth 8-3886] merging instance 'inst/ila_core_inst/u_ila_regs/N_DDR_MODE_MU1.MU_STATUS[6].mu_tpid_reg/I_EN_STAT_EQ1.U_STAT/xsdb_reg_reg[0]' (FDE) to 'inst/ila_core_inst/u_ila_regs/CNT_WIDTH_STATUS[0].cnt_width_reg/I_EN_STAT_EQ1.U_STAT/xsdb_reg_reg[4]'
INFO: [Synth 8-3886] merging instance 'inst/ila_core_inst/u_ila_regs/N_DDR_MODE_MU1.MU_STATUS[4].mu_tpid_reg/I_EN_STAT_EQ1.U_STAT/xsdb_reg_reg[0]' (FDE) to 'inst/ila_core_inst/u_ila_regs/CNT_WIDTH_STATUS[0].cnt_width_reg/I_EN_STAT_EQ1.U_STAT/xsdb_reg_reg[1]'
INFO: [Synth 8-3886] merging instance 'inst/ila_core_inst/u_ila_regs/N_DDR_MODE.PROBE_STATUS[1].probe_width_reg/I_EN_STAT_EQ1.U_STAT/xsdb_reg_reg[0]' (FDE) to 'inst/ila_core_inst/u_ila_regs/CNT_WIDTH_STATUS[0].cnt_width_reg/I_EN_STAT_EQ1.U_STAT/xsdb_reg_reg[1]'
INFO: [Synth 8-3886] merging instance 'inst/ila_core_inst/u_ila_regs/reg_14/I_EN_STAT_EQ1.U_STAT/xsdb_reg_reg[0]' (FDE) to 'inst/ila_core_inst/u_ila_regs/CNT_WIDTH_STATUS[0].cnt_width_reg/I_EN_STAT_EQ1.U_STAT/xsdb_reg_reg[1]'
INFO: [Synth 8-3886] merging instance 'inst/ila_core_inst/u_ila_regs/reg_13/I_EN_STAT_EQ1.U_STAT/xsdb_reg_reg[0]' (FDE) to 'inst/ila_core_inst/u_ila_regs/CNT_WIDTH_STATUS[0].cnt_width_reg/I_EN_STAT_EQ1.U_STAT/xsdb_reg_reg[1]'
INFO: [Synth 8-3886] merging instance 'inst/ila_core_inst/u_ila_regs/reg_12/I_EN_STAT_EQ1.U_STAT/xsdb_reg_reg[0]' (FDE) to 'inst/ila_core_inst/u_ila_regs/CNT_WIDTH_STATUS[0].cnt_width_reg/I_EN_STAT_EQ1.U_STAT/xsdb_reg_reg[1]'
INFO: [Synth 8-3886] merging instance 'inst/ila_core_inst/u_ila_regs/reg_11/I_EN_STAT_EQ1.U_STAT/xsdb_reg_reg[0]' (FDE) to 'inst/ila_core_inst/u_ila_regs/CNT_WIDTH_STATUS[0].cnt_width_reg/I_EN_STAT_EQ1.U_STAT/xsdb_reg_reg[1]'
INFO: [Synth 8-3886] merging instance 'inst/ila_core_inst/u_ila_regs/reg_10/I_EN_STAT_EQ1.U_STAT/xsdb_reg_reg[0]' (FDE) to 'inst/ila_core_inst/u_ila_regs/CNT_WIDTH_STATUS[0].cnt_width_reg/I_EN_STAT_EQ1.U_STAT/xsdb_reg_reg[1]'
INFO: [Synth 8-3886] merging instance 'inst/ila_core_inst/u_ila_regs/reg_f/I_EN_STAT_EQ1.U_STAT/xsdb_reg_reg[0]' (FDE) to 'inst/ila_core_inst/u_ila_regs/CNT_WIDTH_STATUS[0].cnt_width_reg/I_EN_STAT_EQ1.U_STAT/xsdb_reg_reg[1]'
INFO: [Synth 8-3886] merging instance 'inst/ila_core_inst/u_ila_regs/reg_e/I_EN_STAT_EQ1.U_STAT/xsdb_reg_reg[0]' (FDE) to 'inst/ila_core_inst/u_ila_regs/CNT_WIDTH_STATUS[0].cnt_width_reg/I_EN_STAT_EQ1.U_STAT/xsdb_reg_reg[1]'
INFO: [Synth 8-3886] merging instance 'inst/ila_core_inst/u_ila_regs/reg_d/I_EN_STAT_EQ1.U_STAT/xsdb_reg_reg[0]' (FDE) to 'inst/ila_core_inst/u_ila_regs/CNT_WIDTH_STATUS[0].cnt_width_reg/I_EN_STAT_EQ1.U_STAT/xsdb_reg_reg[1]'
INFO: [Synth 8-3886] merging instance 'inst/ila_core_inst/u_ila_regs/reg_c/I_EN_STAT_EQ1.U_STAT/xsdb_reg_reg[0]' (FDE) to 'inst/ila_core_inst/u_ila_regs/CNT_WIDTH_STATUS[0].cnt_width_reg/I_EN_STAT_EQ1.U_STAT/xsdb_reg_reg[1]'
INFO: [Synth 8-3886] merging instance 'inst/ila_core_inst/u_ila_regs/reg_b/I_EN_STAT_EQ1.U_STAT/xsdb_reg_reg[0]' (FDE) to 'inst/ila_core_inst/u_ila_regs/CNT_WIDTH_STATUS[0].cnt_width_reg/I_EN_STAT_EQ1.U_STAT/xsdb_reg_reg[1]'
INFO: [Synth 8-3886] merging instance 'inst/ila_core_inst/u_ila_regs/reg_a/I_EN_STAT_EQ1.U_STAT/xsdb_reg_reg[0]' (FDE) to 'inst/ila_core_inst/u_ila_regs/CNT_WIDTH_STATUS[0].cnt_width_reg/I_EN_STAT_EQ1.U_STAT/xsdb_reg_reg[1]'
INFO: [Synth 8-3886] merging instance 'inst/ila_core_inst/u_ila_regs/reg_4/I_EN_STAT_EQ1.U_STAT/xsdb_reg_reg[0]' (FDE) to 'inst/ila_core_inst/u_ila_regs/CNT_WIDTH_STATUS[0].cnt_width_reg/I_EN_STAT_EQ1.U_STAT/xsdb_reg_reg[1]'
INFO: [Synth 8-3886] merging instance 'inst/ila_core_inst/u_ila_regs/reg_3/I_EN_STAT_EQ1.U_STAT/xsdb_reg_reg[0]' (FDE) to 'inst/ila_core_inst/u_ila_regs/CNT_WIDTH_STATUS[0].cnt_width_reg/I_EN_STAT_EQ1.U_STAT/xsdb_reg_reg[1]'
INFO: [Synth 8-3886] merging instance 'inst/ila_core_inst/u_ila_regs/reg_2/I_EN_STAT_EQ1.U_STAT/xsdb_reg_reg[0]' (FDE) to 'inst/ila_core_inst/u_ila_regs/CNT_WIDTH_STATUS[0].cnt_width_reg/I_EN_STAT_EQ1.U_STAT/xsdb_reg_reg[4]'
INFO: [Synth 8-3886] merging instance 'inst/ila_core_inst/u_ila_regs/reg_1/I_EN_STAT_EQ1.U_STAT/xsdb_reg_reg[0]' (FDE) to 'inst/ila_core_inst/u_ila_regs/CNT_WIDTH_STATUS[0].cnt_width_reg/I_EN_STAT_EQ1.U_STAT/xsdb_reg_reg[1]'
INFO: [Synth 8-3886] merging instance 'inst/ila_core_inst/u_ila_regs/reg_0/I_EN_STAT_EQ1.U_STAT/xsdb_reg_reg[0]' (FDE) to 'inst/ila_core_inst/u_ila_regs/CNT_WIDTH_STATUS[0].cnt_width_reg/I_EN_STAT_EQ1.U_STAT/xsdb_reg_reg[1]'
INFO: [Synth 8-3886] merging instance 'inst/ila_core_inst/u_ila_regs/slaveRegDo_ff8_reg[1]' (FDRE) to 'inst/ila_core_inst/u_ila_regs/slaveRegDo_ff8_reg[4]'
INFO: [Synth 8-3333] propagating constant 0 across sequential element (inst/\ila_core_inst/u_ila_regs /\slaveRegDo_ff7_reg[1] )
INFO: [Synth 8-3886] merging instance 'inst/ila_core_inst/u_ila_regs/CNT_WIDTH_STATUS[0].cnt_width_reg/I_EN_STAT_EQ1.U_STAT/xsdb_reg_reg[1]' (FDE) to 'inst/ila_core_inst/u_ila_regs/CNT_WIDTH_STATUS[0].cnt_width_reg/I_EN_STAT_EQ1.U_STAT/xsdb_reg_reg[2]'
INFO: [Synth 8-3886] merging instance 'inst/ila_core_inst/u_ila_regs/reg_887/I_EN_STAT_EQ1.U_STAT/xsdb_reg_reg[1]' (FDE) to 'inst/ila_core_inst/u_ila_regs/CNT_WIDTH_STATUS[0].cnt_width_reg/I_EN_STAT_EQ1.U_STAT/xsdb_reg_reg[2]'
INFO: [Synth 8-3886] merging instance 'inst/ila_core_inst/u_ila_regs/N_DDR_MODE_MU1.MU_STATUS[12].mu_tpid_reg/I_EN_STAT_EQ1.U_STAT/xsdb_reg_reg[1]' (FDE) to 'inst/ila_core_inst/u_ila_regs/CNT_WIDTH_STATUS[0].cnt_width_reg/I_EN_STAT_EQ1.U_STAT/xsdb_reg_reg[4]'
INFO: [Synth 8-3886] merging instance 'inst/ila_core_inst/u_ila_regs/N_DDR_MODE_MU1.MU_STATUS[14].mu_tpid_reg/I_EN_STAT_EQ1.U_STAT/xsdb_reg_reg[1]' (FDE) to 'inst/ila_core_inst/u_ila_regs/CNT_WIDTH_STATUS[0].cnt_width_reg/I_EN_STAT_EQ1.U_STAT/xsdb_reg_reg[4]'
INFO: [Synth 8-3886] merging instance 'inst/ila_core_inst/u_ila_regs/N_DDR_MODE_MU1.MU_STATUS[10].mu_tpid_reg/I_EN_STAT_EQ1.U_STAT/xsdb_reg_reg[1]' (FDE) to 'inst/ila_core_inst/u_ila_regs/CNT_WIDTH_STATUS[0].cnt_width_reg/I_EN_STAT_EQ1.U_STAT/xsdb_reg_reg[2]'
INFO: [Synth 8-3886] merging instance 'inst/ila_core_inst/u_ila_regs/N_DDR_MODE_MU1.MU_STATUS[8].mu_tpid_reg/I_EN_STAT_EQ1.U_STAT/xsdb_reg_reg[1]' (FDE) to 'inst/ila_core_inst/u_ila_regs/CNT_WIDTH_STATUS[0].cnt_width_reg/I_EN_STAT_EQ1.U_STAT/xsdb_reg_reg[2]'
INFO: [Synth 8-3886] merging instance 'inst/ila_core_inst/u_ila_regs/N_DDR_MODE_MU1.MU_STATUS[6].mu_tpid_reg/I_EN_STAT_EQ1.U_STAT/xsdb_reg_reg[1]' (FDE) to 'inst/ila_core_inst/u_ila_regs/CNT_WIDTH_STATUS[0].cnt_width_reg/I_EN_STAT_EQ1.U_STAT/xsdb_reg_reg[4]'
INFO: [Synth 8-3886] merging instance 'inst/ila_core_inst/u_ila_regs/N_DDR_MODE_MU1.MU_STATUS[4].mu_tpid_reg/I_EN_STAT_EQ1.U_STAT/xsdb_reg_reg[1]' (FDE) to 'inst/ila_core_inst/u_ila_regs/CNT_WIDTH_STATUS[0].cnt_width_reg/I_EN_STAT_EQ1.U_STAT/xsdb_reg_reg[4]'
INFO: [Synth 8-3886] merging instance 'inst/ila_core_inst/u_ila_regs/N_DDR_MODE.PROBE_STATUS[1].probe_width_reg/I_EN_STAT_EQ1.U_STAT/xsdb_reg_reg[1]' (FDE) to 'inst/ila_core_inst/u_ila_regs/CNT_WIDTH_STATUS[0].cnt_width_reg/I_EN_STAT_EQ1.U_STAT/xsdb_reg_reg[2]'
INFO: [Synth 8-3886] merging instance 'inst/ila_core_inst/u_ila_regs/reg_14/I_EN_STAT_EQ1.U_STAT/xsdb_reg_reg[1]' (FDE) to 'inst/ila_core_inst/u_ila_regs/CNT_WIDTH_STATUS[0].cnt_width_reg/I_EN_STAT_EQ1.U_STAT/xsdb_reg_reg[2]'
INFO: [Synth 8-3886] merging instance 'inst/ila_core_inst/u_ila_regs/reg_13/I_EN_STAT_EQ1.U_STAT/xsdb_reg_reg[1]' (FDE) to 'inst/ila_core_inst/u_ila_regs/CNT_WIDTH_STATUS[0].cnt_width_reg/I_EN_STAT_EQ1.U_STAT/xsdb_reg_reg[2]'
INFO: [Synth 8-3886] merging instance 'inst/ila_core_inst/u_ila_regs/reg_12/I_EN_STAT_EQ1.U_STAT/xsdb_reg_reg[1]' (FDE) to 'inst/ila_core_inst/u_ila_regs/CNT_WIDTH_STATUS[0].cnt_width_reg/I_EN_STAT_EQ1.U_STAT/xsdb_reg_reg[2]'
INFO: [Synth 8-3886] merging instance 'inst/ila_core_inst/u_ila_regs/reg_11/I_EN_STAT_EQ1.U_STAT/xsdb_reg_reg[1]' (FDE) to 'inst/ila_core_inst/u_ila_regs/CNT_WIDTH_STATUS[0].cnt_width_reg/I_EN_STAT_EQ1.U_STAT/xsdb_reg_reg[2]'
INFO: [Synth 8-3886] merging instance 'inst/ila_core_inst/u_ila_regs/reg_10/I_EN_STAT_EQ1.U_STAT/xsdb_reg_reg[1]' (FDE) to 'inst/ila_core_inst/u_ila_regs/CNT_WIDTH_STATUS[0].cnt_width_reg/I_EN_STAT_EQ1.U_STAT/xsdb_reg_reg[2]'
INFO: [Synth 8-3886] merging instance 'inst/ila_core_inst/u_ila_regs/reg_f/I_EN_STAT_EQ1.U_STAT/xsdb_reg_reg[1]' (FDE) to 'inst/ila_core_inst/u_ila_regs/CNT_WIDTH_STATUS[0].cnt_width_reg/I_EN_STAT_EQ1.U_STAT/xsdb_reg_reg[2]'
INFO: [Synth 8-3886] merging instance 'inst/ila_core_inst/u_ila_regs/reg_e/I_EN_STAT_EQ1.U_STAT/xsdb_reg_reg[1]' (FDE) to 'inst/ila_core_inst/u_ila_regs/CNT_WIDTH_STATUS[0].cnt_width_reg/I_EN_STAT_EQ1.U_STAT/xsdb_reg_reg[2]'
INFO: [Synth 8-3886] merging instance 'inst/ila_core_inst/u_ila_regs/reg_d/I_EN_STAT_EQ1.U_STAT/xsdb_reg_reg[1]' (FDE) to 'inst/ila_core_inst/u_ila_regs/CNT_WIDTH_STATUS[0].cnt_width_reg/I_EN_STAT_EQ1.U_STAT/xsdb_reg_reg[2]'
INFO: [Synth 8-3886] merging instance 'inst/ila_core_inst/u_ila_regs/reg_c/I_EN_STAT_EQ1.U_STAT/xsdb_reg_reg[1]' (FDE) to 'inst/ila_core_inst/u_ila_regs/CNT_WIDTH_STATUS[0].cnt_width_reg/I_EN_STAT_EQ1.U_STAT/xsdb_reg_reg[2]'
INFO: [Synth 8-3886] merging instance 'inst/ila_core_inst/u_ila_regs/reg_b/I_EN_STAT_EQ1.U_STAT/xsdb_reg_reg[1]' (FDE) to 'inst/ila_core_inst/u_ila_regs/CNT_WIDTH_STATUS[0].cnt_width_reg/I_EN_STAT_EQ1.U_STAT/xsdb_reg_reg[2]'
INFO: [Synth 8-3886] merging instance 'inst/ila_core_inst/u_ila_regs/reg_a/I_EN_STAT_EQ1.U_STAT/xsdb_reg_reg[1]' (FDE) to 'inst/ila_core_inst/u_ila_regs/CNT_WIDTH_STATUS[0].cnt_width_reg/I_EN_STAT_EQ1.U_STAT/xsdb_reg_reg[2]'
INFO: [Synth 8-3886] merging instance 'inst/ila_core_inst/u_ila_regs/reg_4/I_EN_STAT_EQ1.U_STAT/xsdb_reg_reg[1]' (FDE) to 'inst/ila_core_inst/u_ila_regs/CNT_WIDTH_STATUS[0].cnt_width_reg/I_EN_STAT_EQ1.U_STAT/xsdb_reg_reg[2]'
INFO: [Synth 8-3886] merging instance 'inst/ila_core_inst/u_ila_regs/reg_3/I_EN_STAT_EQ1.U_STAT/xsdb_reg_reg[1]' (FDE) to 'inst/ila_core_inst/u_ila_regs/CNT_WIDTH_STATUS[0].cnt_width_reg/I_EN_STAT_EQ1.U_STAT/xsdb_reg_reg[2]'
INFO: [Synth 8-3886] merging instance 'inst/ila_core_inst/u_ila_regs/reg_2/I_EN_STAT_EQ1.U_STAT/xsdb_reg_reg[1]' (FDE) to 'inst/ila_core_inst/u_ila_regs/CNT_WIDTH_STATUS[0].cnt_width_reg/I_EN_STAT_EQ1.U_STAT/xsdb_reg_reg[2]'
INFO: [Synth 8-3886] merging instance 'inst/ila_core_inst/u_ila_regs/reg_1/I_EN_STAT_EQ1.U_STAT/xsdb_reg_reg[1]' (FDE) to 'inst/ila_core_inst/u_ila_regs/CNT_WIDTH_STATUS[0].cnt_width_reg/I_EN_STAT_EQ1.U_STAT/xsdb_reg_reg[2]'
INFO: [Synth 8-3886] merging instance 'inst/ila_core_inst/u_ila_regs/reg_0/I_EN_STAT_EQ1.U_STAT/xsdb_reg_reg[1]' (FDE) to 'inst/ila_core_inst/u_ila_regs/CNT_WIDTH_STATUS[0].cnt_width_reg/I_EN_STAT_EQ1.U_STAT/xsdb_reg_reg[2]'
INFO: [Synth 8-3886] merging instance 'inst/ila_core_inst/u_ila_regs/slaveRegDo_ff8_reg[2]' (FDRE) to 'inst/ila_core_inst/u_ila_regs/slaveRegDo_ff8_reg[4]'
INFO: [Synth 8-3333] propagating constant 0 across sequential element (inst/\ila_core_inst/u_ila_regs /\slaveRegDo_ff7_reg[2] )
INFO: [Synth 8-3886] merging instance 'inst/ila_core_inst/u_ila_regs/CNT_WIDTH_STATUS[0].cnt_width_reg/I_EN_STAT_EQ1.U_STAT/xsdb_reg_reg[2]' (FDE) to 'inst/ila_core_inst/u_ila_regs/CNT_WIDTH_STATUS[0].cnt_width_reg/I_EN_STAT_EQ1.U_STAT/xsdb_reg_reg[3]'
INFO: [Synth 8-3886] merging instance 'inst/ila_core_inst/u_ila_regs/reg_88d/I_EN_STAT_EQ1.U_STAT/xsdb_reg_reg[2]' (FDE) to 'inst/ila_core_inst/u_ila_regs/CNT_WIDTH_STATUS[0].cnt_width_reg/I_EN_STAT_EQ1.U_STAT/xsdb_reg_reg[4]'
INFO: [Synth 8-3886] merging instance 'inst/ila_core_inst/u_ila_regs/reg_887/I_EN_STAT_EQ1.U_STAT/xsdb_reg_reg[2]' (FDE) to 'inst/ila_core_inst/u_ila_regs/CNT_WIDTH_STATUS[0].cnt_width_reg/I_EN_STAT_EQ1.U_STAT/xsdb_reg_reg[4]'
INFO: [Synth 8-3886] merging instance 'inst/ila_core_inst/u_ila_regs/N_DDR_MODE_MU1.MU_STATUS[12].mu_tpid_reg/I_EN_STAT_EQ1.U_STAT/xsdb_reg_reg[2]' (FDE) to 'inst/ila_core_inst/u_ila_regs/CNT_WIDTH_STATUS[0].cnt_width_reg/I_EN_STAT_EQ1.U_STAT/xsdb_reg_reg[4]'
INFO: [Synth 8-3886] merging instance 'inst/ila_core_inst/u_ila_regs/N_DDR_MODE_MU1.MU_STATUS[14].mu_tpid_reg/I_EN_STAT_EQ1.U_STAT/xsdb_reg_reg[2]' (FDE) to 'inst/ila_core_inst/u_ila_regs/CNT_WIDTH_STATUS[0].cnt_width_reg/I_EN_STAT_EQ1.U_STAT/xsdb_reg_reg[4]'
INFO: [Synth 8-3886] merging instance 'inst/ila_core_inst/u_ila_regs/N_DDR_MODE_MU1.MU_STATUS[10].mu_tpid_reg/I_EN_STAT_EQ1.U_STAT/xsdb_reg_reg[2]' (FDE) to 'inst/ila_core_inst/u_ila_regs/CNT_WIDTH_STATUS[0].cnt_width_reg/I_EN_STAT_EQ1.U_STAT/xsdb_reg_reg[4]'
INFO: [Synth 8-3886] merging instance 'inst/ila_core_inst/u_ila_regs/N_DDR_MODE_MU1.MU_STATUS[8].mu_tpid_reg/I_EN_STAT_EQ1.U_STAT/xsdb_reg_reg[2]' (FDE) to 'inst/ila_core_inst/u_ila_regs/CNT_WIDTH_STATUS[0].cnt_width_reg/I_EN_STAT_EQ1.U_STAT/xsdb_reg_reg[4]'
INFO: [Synth 8-3886] merging instance 'inst/ila_core_inst/u_ila_regs/N_DDR_MODE_MU1.MU_STATUS[6].mu_tpid_reg/I_EN_STAT_EQ1.U_STAT/xsdb_reg_reg[2]' (FDE) to 'inst/ila_core_inst/u_ila_regs/CNT_WIDTH_STATUS[0].cnt_width_reg/I_EN_STAT_EQ1.U_STAT/xsdb_reg_reg[3]'
INFO: [Synth 8-3886] merging instance 'inst/ila_core_inst/u_ila_regs/N_DDR_MODE_MU1.MU_STATUS[4].mu_tpid_reg/I_EN_STAT_EQ1.U_STAT/xsdb_reg_reg[2]' (FDE) to 'inst/ila_core_inst/u_ila_regs/CNT_WIDTH_STATUS[0].cnt_width_reg/I_EN_STAT_EQ1.U_STAT/xsdb_reg_reg[3]'
INFO: [Synth 8-3886] merging instance 'inst/ila_core_inst/u_ila_regs/N_DDR_MODE.PROBE_STATUS[1].probe_width_reg/I_EN_STAT_EQ1.U_STAT/xsdb_reg_reg[2]' (FDE) to 'inst/ila_core_inst/u_ila_regs/CNT_WIDTH_STATUS[0].cnt_width_reg/I_EN_STAT_EQ1.U_STAT/xsdb_reg_reg[4]'
INFO: [Synth 8-3886] merging instance 'inst/ila_core_inst/u_ila_regs/reg_14/I_EN_STAT_EQ1.U_STAT/xsdb_reg_reg[2]' (FDE) to 'inst/ila_core_inst/u_ila_regs/CNT_WIDTH_STATUS[0].cnt_width_reg/I_EN_STAT_EQ1.U_STAT/xsdb_reg_reg[3]'
INFO: [Synth 8-3886] merging instance 'inst/ila_core_inst/u_ila_regs/reg_13/I_EN_STAT_EQ1.U_STAT/xsdb_reg_reg[2]' (FDE) to 'inst/ila_core_inst/u_ila_regs/CNT_WIDTH_STATUS[0].cnt_width_reg/I_EN_STAT_EQ1.U_STAT/xsdb_reg_reg[3]'
INFO: [Synth 8-3886] merging instance 'inst/ila_core_inst/u_ila_regs/reg_12/I_EN_STAT_EQ1.U_STAT/xsdb_reg_reg[2]' (FDE) to 'inst/ila_core_inst/u_ila_regs/CNT_WIDTH_STATUS[0].cnt_width_reg/I_EN_STAT_EQ1.U_STAT/xsdb_reg_reg[3]'
INFO: [Synth 8-3886] merging instance 'inst/ila_core_inst/u_ila_regs/reg_11/I_EN_STAT_EQ1.U_STAT/xsdb_reg_reg[2]' (FDE) to 'inst/ila_core_inst/u_ila_regs/CNT_WIDTH_STATUS[0].cnt_width_reg/I_EN_STAT_EQ1.U_STAT/xsdb_reg_reg[3]'
INFO: [Synth 8-3886] merging instance 'inst/ila_core_inst/u_ila_regs/reg_10/I_EN_STAT_EQ1.U_STAT/xsdb_reg_reg[2]' (FDE) to 'inst/ila_core_inst/u_ila_regs/CNT_WIDTH_STATUS[0].cnt_width_reg/I_EN_STAT_EQ1.U_STAT/xsdb_reg_reg[3]'
INFO: [Synth 8-3886] merging instance 'inst/ila_core_inst/u_ila_regs/reg_f/I_EN_STAT_EQ1.U_STAT/xsdb_reg_reg[2]' (FDE) to 'inst/ila_core_inst/u_ila_regs/CNT_WIDTH_STATUS[0].cnt_width_reg/I_EN_STAT_EQ1.U_STAT/xsdb_reg_reg[3]'
INFO: [Synth 8-3886] merging instance 'inst/ila_core_inst/u_ila_regs/reg_e/I_EN_STAT_EQ1.U_STAT/xsdb_reg_reg[2]' (FDE) to 'inst/ila_core_inst/u_ila_regs/CNT_WIDTH_STATUS[0].cnt_width_reg/I_EN_STAT_EQ1.U_STAT/xsdb_reg_reg[3]'
INFO: [Synth 8-3886] merging instance 'inst/ila_core_inst/u_ila_regs/reg_d/I_EN_STAT_EQ1.U_STAT/xsdb_reg_reg[2]' (FDE) to 'inst/ila_core_inst/u_ila_regs/CNT_WIDTH_STATUS[0].cnt_width_reg/I_EN_STAT_EQ1.U_STAT/xsdb_reg_reg[3]'
INFO: [Synth 8-3886] merging instance 'inst/ila_core_inst/u_ila_regs/reg_c/I_EN_STAT_EQ1.U_STAT/xsdb_reg_reg[2]' (FDE) to 'inst/ila_core_inst/u_ila_regs/CNT_WIDTH_STATUS[0].cnt_width_reg/I_EN_STAT_EQ1.U_STAT/xsdb_reg_reg[3]'
INFO: [Synth 8-3886] merging instance 'inst/ila_core_inst/u_ila_regs/reg_b/I_EN_STAT_EQ1.U_STAT/xsdb_reg_reg[2]' (FDE) to 'inst/ila_core_inst/u_ila_regs/CNT_WIDTH_STATUS[0].cnt_width_reg/I_EN_STAT_EQ1.U_STAT/xsdb_reg_reg[3]'
INFO: [Synth 8-3886] merging instance 'inst/ila_core_inst/u_ila_regs/reg_a/I_EN_STAT_EQ1.U_STAT/xsdb_reg_reg[2]' (FDE) to 'inst/ila_core_inst/u_ila_regs/CNT_WIDTH_STATUS[0].cnt_width_reg/I_EN_STAT_EQ1.U_STAT/xsdb_reg_reg[3]'
INFO: [Synth 8-3886] merging instance 'inst/ila_core_inst/u_ila_regs/reg_4/I_EN_STAT_EQ1.U_STAT/xsdb_reg_reg[2]' (FDE) to 'inst/ila_core_inst/u_ila_regs/CNT_WIDTH_STATUS[0].cnt_width_reg/I_EN_STAT_EQ1.U_STAT/xsdb_reg_reg[3]'
INFO: [Synth 8-3886] merging instance 'inst/ila_core_inst/u_ila_regs/reg_3/I_EN_STAT_EQ1.U_STAT/xsdb_reg_reg[2]' (FDE) to 'inst/ila_core_inst/u_ila_regs/CNT_WIDTH_STATUS[0].cnt_width_reg/I_EN_STAT_EQ1.U_STAT/xsdb_reg_reg[3]'
INFO: [Synth 8-3886] merging instance 'inst/ila_core_inst/u_ila_regs/reg_2/I_EN_STAT_EQ1.U_STAT/xsdb_reg_reg[2]' (FDE) to 'inst/ila_core_inst/u_ila_regs/CNT_WIDTH_STATUS[0].cnt_width_reg/I_EN_STAT_EQ1.U_STAT/xsdb_reg_reg[3]'
INFO: [Synth 8-3886] merging instance 'inst/ila_core_inst/u_ila_regs/reg_1/I_EN_STAT_EQ1.U_STAT/xsdb_reg_reg[2]' (FDE) to 'inst/ila_core_inst/u_ila_regs/CNT_WIDTH_STATUS[0].cnt_width_reg/I_EN_STAT_EQ1.U_STAT/xsdb_reg_reg[3]'
INFO: [Synth 8-3886] merging instance 'inst/ila_core_inst/u_ila_regs/reg_0/I_EN_STAT_EQ1.U_STAT/xsdb_reg_reg[2]' (FDE) to 'inst/ila_core_inst/u_ila_regs/CNT_WIDTH_STATUS[0].cnt_width_reg/I_EN_STAT_EQ1.U_STAT/xsdb_reg_reg[3]'
INFO: [Synth 8-3886] merging instance 'inst/ila_core_inst/u_ila_regs/slaveRegDo_ff8_reg[3]' (FDRE) to 'inst/ila_core_inst/u_ila_regs/slaveRegDo_ff8_reg[4]'
INFO: [Synth 8-3333] propagating constant 0 across sequential element (inst/\ila_core_inst/u_ila_regs /\slaveRegDo_ff7_reg[3] )
INFO: [Synth 8-3886] merging instance 'inst/ila_core_inst/u_ila_regs/CNT_WIDTH_STATUS[0].cnt_width_reg/I_EN_STAT_EQ1.U_STAT/xsdb_reg_reg[3]' (FDE) to 'inst/ila_core_inst/u_ila_regs/CNT_WIDTH_STATUS[0].cnt_width_reg/I_EN_STAT_EQ1.U_STAT/xsdb_reg_reg[5]'
INFO: [Synth 8-3886] merging instance 'inst/ila_core_inst/u_ila_regs/reg_88d/I_EN_STAT_EQ1.U_STAT/xsdb_reg_reg[3]' (FDE) to 'inst/ila_core_inst/u_ila_regs/CNT_WIDTH_STATUS[0].cnt_width_reg/I_EN_STAT_EQ1.U_STAT/xsdb_reg_reg[5]'
INFO: [Synth 8-3886] merging instance 'inst/ila_core_inst/u_ila_regs/N_DDR_MODE_MU1.MU_STATUS[12].mu_tpid_reg/I_EN_STAT_EQ1.U_STAT/xsdb_reg_reg[3]' (FDE) to 'inst/ila_core_inst/u_ila_regs/CNT_WIDTH_STATUS[0].cnt_width_reg/I_EN_STAT_EQ1.U_STAT/xsdb_reg_reg[5]'
INFO: [Synth 8-3886] merging instance 'inst/ila_core_inst/u_ila_regs/N_DDR_MODE_MU1.MU_STATUS[14].mu_tpid_reg/I_EN_STAT_EQ1.U_STAT/xsdb_reg_reg[3]' (FDE) to 'inst/ila_core_inst/u_ila_regs/CNT_WIDTH_STATUS[0].cnt_width_reg/I_EN_STAT_EQ1.U_STAT/xsdb_reg_reg[5]'
INFO: [Synth 8-3886] merging instance 'inst/ila_core_inst/u_ila_regs/N_DDR_MODE_MU1.MU_STATUS[10].mu_tpid_reg/I_EN_STAT_EQ1.U_STAT/xsdb_reg_reg[3]' (FDE) to 'inst/ila_core_inst/u_ila_regs/CNT_WIDTH_STATUS[0].cnt_width_reg/I_EN_STAT_EQ1.U_STAT/xsdb_reg_reg[5]'
INFO: [Synth 8-3886] merging instance 'inst/ila_core_inst/u_ila_regs/N_DDR_MODE_MU1.MU_STATUS[8].mu_tpid_reg/I_EN_STAT_EQ1.U_STAT/xsdb_reg_reg[3]' (FDE) to 'inst/ila_core_inst/u_ila_regs/CNT_WIDTH_STATUS[0].cnt_width_reg/I_EN_STAT_EQ1.U_STAT/xsdb_reg_reg[5]'
INFO: [Synth 8-3886] merging instance 'inst/ila_core_inst/u_ila_regs/N_DDR_MODE_MU1.MU_STATUS[6].mu_tpid_reg/I_EN_STAT_EQ1.U_STAT/xsdb_reg_reg[3]' (FDE) to 'inst/ila_core_inst/u_ila_regs/CNT_WIDTH_STATUS[0].cnt_width_reg/I_EN_STAT_EQ1.U_STAT/xsdb_reg_reg[5]'
INFO: [Synth 8-3886] merging instance 'inst/ila_core_inst/u_ila_regs/N_DDR_MODE_MU1.MU_STATUS[4].mu_tpid_reg/I_EN_STAT_EQ1.U_STAT/xsdb_reg_reg[3]' (FDE) to 'inst/ila_core_inst/u_ila_regs/CNT_WIDTH_STATUS[0].cnt_width_reg/I_EN_STAT_EQ1.U_STAT/xsdb_reg_reg[5]'
INFO: [Synth 8-3886] merging instance 'inst/ila_core_inst/u_ila_regs/N_DDR_MODE.PROBE_STATUS[1].probe_width_reg/I_EN_STAT_EQ1.U_STAT/xsdb_reg_reg[3]' (FDE) to 'inst/ila_core_inst/u_ila_regs/CNT_WIDTH_STATUS[0].cnt_width_reg/I_EN_STAT_EQ1.U_STAT/xsdb_reg_reg[4]'
INFO: [Synth 8-3886] merging instance 'inst/ila_core_inst/u_ila_regs/reg_14/I_EN_STAT_EQ1.U_STAT/xsdb_reg_reg[3]' (FDE) to 'inst/ila_core_inst/u_ila_regs/CNT_WIDTH_STATUS[0].cnt_width_reg/I_EN_STAT_EQ1.U_STAT/xsdb_reg_reg[5]'
INFO: [Synth 8-3886] merging instance 'inst/ila_core_inst/u_ila_regs/reg_13/I_EN_STAT_EQ1.U_STAT/xsdb_reg_reg[3]' (FDE) to 'inst/ila_core_inst/u_ila_regs/CNT_WIDTH_STATUS[0].cnt_width_reg/I_EN_STAT_EQ1.U_STAT/xsdb_reg_reg[5]'
INFO: [Synth 8-3886] merging instance 'inst/ila_core_inst/u_ila_regs/reg_12/I_EN_STAT_EQ1.U_STAT/xsdb_reg_reg[3]' (FDE) to 'inst/ila_core_inst/u_ila_regs/CNT_WIDTH_STATUS[0].cnt_width_reg/I_EN_STAT_EQ1.U_STAT/xsdb_reg_reg[5]'
INFO: [Synth 8-3886] merging instance 'inst/ila_core_inst/u_ila_regs/reg_11/I_EN_STAT_EQ1.U_STAT/xsdb_reg_reg[3]' (FDE) to 'inst/ila_core_inst/u_ila_regs/CNT_WIDTH_STATUS[0].cnt_width_reg/I_EN_STAT_EQ1.U_STAT/xsdb_reg_reg[5]'
INFO: [Synth 8-3886] merging instance 'inst/ila_core_inst/u_ila_regs/reg_10/I_EN_STAT_EQ1.U_STAT/xsdb_reg_reg[3]' (FDE) to 'inst/ila_core_inst/u_ila_regs/CNT_WIDTH_STATUS[0].cnt_width_reg/I_EN_STAT_EQ1.U_STAT/xsdb_reg_reg[5]'
INFO: [Synth 8-3886] merging instance 'inst/ila_core_inst/u_ila_regs/reg_f/I_EN_STAT_EQ1.U_STAT/xsdb_reg_reg[3]' (FDE) to 'inst/ila_core_inst/u_ila_regs/CNT_WIDTH_STATUS[0].cnt_width_reg/I_EN_STAT_EQ1.U_STAT/xsdb_reg_reg[5]'
INFO: [Synth 8-3886] merging instance 'inst/ila_core_inst/u_ila_regs/reg_e/I_EN_STAT_EQ1.U_STAT/xsdb_reg_reg[3]' (FDE) to 'inst/ila_core_inst/u_ila_regs/CNT_WIDTH_STATUS[0].cnt_width_reg/I_EN_STAT_EQ1.U_STAT/xsdb_reg_reg[5]'
INFO: [Synth 8-3886] merging instance 'inst/ila_core_inst/u_ila_regs/reg_d/I_EN_STAT_EQ1.U_STAT/xsdb_reg_reg[3]' (FDE) to 'inst/ila_core_inst/u_ila_regs/CNT_WIDTH_STATUS[0].cnt_width_reg/I_EN_STAT_EQ1.U_STAT/xsdb_reg_reg[5]'
INFO: [Synth 8-3886] merging instance 'inst/ila_core_inst/u_ila_regs/reg_c/I_EN_STAT_EQ1.U_STAT/xsdb_reg_reg[3]' (FDE) to 'inst/ila_core_inst/u_ila_regs/CNT_WIDTH_STATUS[0].cnt_width_reg/I_EN_STAT_EQ1.U_STAT/xsdb_reg_reg[5]'
INFO: [Synth 8-3886] merging instance 'inst/ila_core_inst/u_ila_regs/reg_b/I_EN_STAT_EQ1.U_STAT/xsdb_reg_reg[3]' (FDE) to 'inst/ila_core_inst/u_ila_regs/CNT_WIDTH_STATUS[0].cnt_width_reg/I_EN_STAT_EQ1.U_STAT/xsdb_reg_reg[5]'
INFO: [Synth 8-3886] merging instance 'inst/ila_core_inst/u_ila_regs/reg_a/I_EN_STAT_EQ1.U_STAT/xsdb_reg_reg[3]' (FDE) to 'inst/ila_core_inst/u_ila_regs/CNT_WIDTH_STATUS[0].cnt_width_reg/I_EN_STAT_EQ1.U_STAT/xsdb_reg_reg[5]'
INFO: [Common 17-14] Message 'Synth 8-3886' appears 100 times and further instances of the messages will be disabled. Use the Tcl command set_msg_config to change the current settings.
INFO: [Synth 8-3333] propagating constant 0 across sequential element (inst/\ila_core_inst/u_ila_regs /\slaveRegDo_ff7_reg[4] )
INFO: [Synth 8-3333] propagating constant 0 across sequential element (inst/\ila_core_inst/u_ila_regs /\slaveRegDo_ff7_reg[5] )
INFO: [Synth 8-3333] propagating constant 0 across sequential element (inst/\ila_core_inst/u_ila_regs /\slaveRegDo_ff7_reg[6] )
INFO: [Synth 8-3333] propagating constant 1 across sequential element (inst/\ila_core_inst/u_ila_regs /\reg_0/I_EN_STAT_EQ1.U_STAT/xsdb_reg_reg[6] )
INFO: [Synth 8-3333] propagating constant 0 across sequential element (inst/\ila_core_inst/u_ila_regs /\slaveRegDo_ff7_reg[7] )
INFO: [Synth 8-3333] propagating constant 0 across sequential element (inst/\ila_core_inst/u_ila_regs /\slaveRegDo_ff7_reg[8] )
INFO: [Synth 8-3333] propagating constant 0 across sequential element (inst/\ila_core_inst/u_ila_regs /\slaveRegDo_ff7_reg[9] )
INFO: [Synth 8-3333] propagating constant 0 across sequential element (inst/\ila_core_inst/u_ila_regs /\slaveRegDo_ff7_reg[10] )
INFO: [Synth 8-3333] propagating constant 0 across sequential element (inst/\ila_core_inst/u_ila_regs /\slaveRegDo_ff7_reg[11] )
INFO: [Synth 8-3333] propagating constant 0 across sequential element (inst/\ila_core_inst/u_ila_regs /\slaveRegDo_ff7_reg[12] )
INFO: [Synth 8-3333] propagating constant 0 across sequential element (inst/\ila_core_inst/u_ila_regs /\slaveRegDo_ff7_reg[13] )
INFO: [Synth 8-3333] propagating constant 0 across sequential element (inst/\ila_core_inst/u_ila_regs /\slaveRegDo_ff8_reg[14] )
INFO: [Synth 8-3333] propagating constant 0 across sequential element (inst/\ila_core_inst/u_ila_regs /\slaveRegDo_ff7_reg[14] )
INFO: [Synth 8-3333] propagating constant 0 across sequential element (inst/\ila_core_inst/u_ila_regs /\slaveRegDo_ff7_reg[15] )
INFO: [Synth 8-3333] propagating constant 0 across sequential element (inst/\ila_core_inst/u_ila_regs /\reg_0/I_EN_STAT_EQ1.U_STAT/xsdb_reg_reg[15] )
INFO: [Synth 8-3333] propagating constant 0 across sequential element (inst/\ila_core_inst/u_ila_regs /\slaveRegDo_mux_1_reg[4] )
INFO: [Synth 8-3333] propagating constant 0 across sequential element (inst/\ila_core_inst/u_ila_regs /\slaveRegDo_mux_1_reg[6] )
INFO: [Synth 8-3333] propagating constant 0 across sequential element (inst/\ila_core_inst/u_ila_regs /\slaveRegDo_mux_1_reg[7] )
INFO: [Synth 8-3333] propagating constant 0 across sequential element (inst/\ila_core_inst/u_ila_regs /\slaveRegDo_mux_1_reg[8] )
INFO: [Synth 8-3333] propagating constant 0 across sequential element (inst/\ila_core_inst/u_ila_regs /\slaveRegDo_mux_1_reg[9] )
INFO: [Synth 8-3333] propagating constant 0 across sequential element (inst/\ila_core_inst/u_ila_regs /\slaveRegDo_mux_1_reg[10] )
INFO: [Synth 8-3333] propagating constant 0 across sequential element (inst/\ila_core_inst/u_ila_regs /\slaveRegDo_mux_1_reg[11] )
INFO: [Synth 8-3333] propagating constant 0 across sequential element (inst/\ila_core_inst/u_ila_regs /\slaveRegDo_mux_1_reg[12] )
INFO: [Synth 8-3333] propagating constant 0 across sequential element (inst/\ila_core_inst/u_ila_regs /\slaveRegDo_mux_1_reg[13] )
INFO: [Synth 8-3333] propagating constant 0 across sequential element (inst/\ila_core_inst/u_ila_regs /\slaveRegDo_mux_1_reg[14] )
INFO: [Synth 8-3333] propagating constant 0 across sequential element (inst/\ila_core_inst/u_ila_regs /\slaveRegDo_mux_1_reg[15] )
---------------------------------------------------------------------------------
Finished Cross Boundary and Area Optimization : Time (s): cpu = 00:02:20 ; elapsed = 00:02:24 . Memory (MB): peak = 1111.000 ; gain = 716.242
---------------------------------------------------------------------------------
---------------------------------------------------------------------------------
Start ROM, RAM, DSP and Shift Register Reporting
---------------------------------------------------------------------------------

Distributed RAM: Preliminary Mapping  Report (see note below)
+------------+----------------------------------------------------+----------------+----------------------+---------------+
|Module Name | RTL Object                                         | Inference      | Size (Depth x Width) | Primitives    | 
+------------+----------------------------------------------------+----------------+----------------------+---------------+
|inst        | ila_core_inst/ADV_TRIG.u_adv_trig/fsm_mem_data_reg | User Attribute | 128 x 24             | RAM64M x 32   | 
+------------+----------------------------------------------------+----------------+----------------------+---------------+

Note: The table above is a preliminary report that shows the Distributed RAMs at the current stage of the synthesis flow. Some Distributed RAMs may be reimplemented as non Distributed RAM primitives later in the synthesis flow. Multiple instantiated RAMs are reported only once.
---------------------------------------------------------------------------------
Finished ROM, RAM, DSP and Shift Register Reporting
---------------------------------------------------------------------------------

Report RTL Partitions: 
+-+--------------+------------+----------+
| |RTL Partition |Replication |Instances |
+-+--------------+------------+----------+
+-+--------------+------------+----------+
---------------------------------------------------------------------------------
Start Applying XDC Timing Constraints
---------------------------------------------------------------------------------
---------------------------------------------------------------------------------
Finished Applying XDC Timing Constraints : Time (s): cpu = 00:02:25 ; elapsed = 00:02:30 . Memory (MB): peak = 1111.000 ; gain = 716.242
---------------------------------------------------------------------------------
---------------------------------------------------------------------------------
Start Timing Optimization
---------------------------------------------------------------------------------
---------------------------------------------------------------------------------
Finished Timing Optimization : Time (s): cpu = 00:02:26 ; elapsed = 00:02:31 . Memory (MB): peak = 1111.000 ; gain = 716.242
---------------------------------------------------------------------------------
---------------------------------------------------------------------------------
Start ROM, RAM, DSP and Shift Register Reporting
---------------------------------------------------------------------------------

Distributed RAM: Final Mapping  Report
+------------+----------------------------------------------------+----------------+----------------------+---------------+
|Module Name | RTL Object                                         | Inference      | Size (Depth x Width) | Primitives    | 
+------------+----------------------------------------------------+----------------+----------------------+---------------+
|inst        | ila_core_inst/ADV_TRIG.u_adv_trig/fsm_mem_data_reg | User Attribute | 128 x 24             | RAM64M x 32   | 
+------------+----------------------------------------------------+----------------+----------------------+---------------+

---------------------------------------------------------------------------------
Finished ROM, RAM, DSP and Shift Register Reporting
---------------------------------------------------------------------------------

Report RTL Partitions: 
+-+--------------+------------+----------+
| |RTL Partition |Replication |Instances |
+-+--------------+------------+----------+
+-+--------------+------------+----------+
---------------------------------------------------------------------------------
Start Technology Mapping
---------------------------------------------------------------------------------
---------------------------------------------------------------------------------
Finished Technology Mapping : Time (s): cpu = 00:02:28 ; elapsed = 00:02:33 . Memory (MB): peak = 1111.000 ; gain = 716.242
---------------------------------------------------------------------------------

Report RTL Partitions: 
+-+--------------+------------+----------+
| |RTL Partition |Replication |Instances |
+-+--------------+------------+----------+
+-+--------------+------------+----------+
---------------------------------------------------------------------------------
Start IO Insertion
---------------------------------------------------------------------------------
---------------------------------------------------------------------------------
Start Flattening Before IO Insertion
---------------------------------------------------------------------------------
---------------------------------------------------------------------------------
Finished Flattening Before IO Insertion
---------------------------------------------------------------------------------
---------------------------------------------------------------------------------
Start Final Netlist Cleanup
---------------------------------------------------------------------------------
INFO: [Synth 8-6064] Net \ila_core_inst/trace_read_addr [1] is driving 130 big block pins (URAM, BRAM and DSP loads). Created 13 replicas of its driver. 
INFO: [Synth 8-6064] Net \ila_core_inst/trace_read_addr [2] is driving 130 big block pins (URAM, BRAM and DSP loads). Created 13 replicas of its driver. 
INFO: [Synth 8-6064] Net \ila_core_inst/trace_read_addr [4] is driving 130 big block pins (URAM, BRAM and DSP loads). Created 13 replicas of its driver. 
INFO: [Synth 8-6064] Net \ila_core_inst/trace_read_addr [5] is driving 130 big block pins (URAM, BRAM and DSP loads). Created 13 replicas of its driver. 
INFO: [Synth 8-6064] Net \ila_core_inst/trace_read_addr [7] is driving 130 big block pins (URAM, BRAM and DSP loads). Created 13 replicas of its driver. 
INFO: [Synth 8-6064] Net \ila_core_inst/trace_read_addr [8] is driving 130 big block pins (URAM, BRAM and DSP loads). Created 13 replicas of its driver. 
INFO: [Synth 8-6064] Net \ila_core_inst/trace_read_addr [9] is driving 130 big block pins (URAM, BRAM and DSP loads). Created 13 replicas of its driver. 
INFO: [Synth 8-6064] Net \ila_core_inst/trace_read_addr [10] is driving 130 big block pins (URAM, BRAM and DSP loads). Created 13 replicas of its driver. 
INFO: [Synth 8-6064] Net \ila_core_inst/ila_trace_memory_inst/SUBCORE_RAM_BLK_MEM_1.trace_block_memory/inst_blk_mem_gen/gnbram.gnativebmg.native_blk_mem_gen/valid.cstr/ram_enb  is driving 132 big block pins (URAM, BRAM and DSP loads). Created 14 replicas of its driver. 
---------------------------------------------------------------------------------
Finished Final Netlist Cleanup
---------------------------------------------------------------------------------
INFO: [Synth 8-3295] tying undriven pin dummy_inferred:in0 to constant 0
INFO: [Synth 8-3295] tying undriven pin inst:sl_iport0[36] to constant 0
INFO: [Synth 8-3295] tying undriven pin inst:sl_iport0[35] to constant 0
INFO: [Synth 8-3295] tying undriven pin inst:sl_iport0[34] to constant 0
INFO: [Synth 8-3295] tying undriven pin inst:sl_iport0[33] to constant 0
INFO: [Synth 8-3295] tying undriven pin inst:sl_iport0[32] to constant 0
INFO: [Synth 8-3295] tying undriven pin inst:sl_iport0[31] to constant 0
INFO: [Synth 8-3295] tying undriven pin inst:sl_iport0[30] to constant 0
INFO: [Synth 8-3295] tying undriven pin inst:sl_iport0[29] to constant 0
INFO: [Synth 8-3295] tying undriven pin inst:sl_iport0[28] to constant 0
INFO: [Synth 8-3295] tying undriven pin inst:sl_iport0[27] to constant 0
INFO: [Synth 8-3295] tying undriven pin inst:sl_iport0[26] to constant 0
INFO: [Synth 8-3295] tying undriven pin inst:sl_iport0[25] to constant 0
INFO: [Synth 8-3295] tying undriven pin inst:sl_iport0[24] to constant 0
INFO: [Synth 8-3295] tying undriven pin inst:sl_iport0[23] to constant 0
INFO: [Synth 8-3295] tying undriven pin inst:sl_iport0[22] to constant 0
INFO: [Synth 8-3295] tying undriven pin inst:sl_iport0[21] to constant 0
INFO: [Synth 8-3295] tying undriven pin inst:sl_iport0[20] to constant 0
INFO: [Synth 8-3295] tying undriven pin inst:sl_iport0[19] to constant 0
INFO: [Synth 8-3295] tying undriven pin inst:sl_iport0[18] to constant 0
INFO: [Synth 8-3295] tying undriven pin inst:sl_iport0[17] to constant 0
INFO: [Synth 8-3295] tying undriven pin inst:sl_iport0[16] to constant 0
INFO: [Synth 8-3295] tying undriven pin inst:sl_iport0[15] to constant 0
INFO: [Synth 8-3295] tying undriven pin inst:sl_iport0[14] to constant 0
INFO: [Synth 8-3295] tying undriven pin inst:sl_iport0[13] to constant 0
INFO: [Synth 8-3295] tying undriven pin inst:sl_iport0[12] to constant 0
INFO: [Synth 8-3295] tying undriven pin inst:sl_iport0[11] to constant 0
INFO: [Synth 8-3295] tying undriven pin inst:sl_iport0[10] to constant 0
INFO: [Synth 8-3295] tying undriven pin inst:sl_iport0[9] to constant 0
INFO: [Synth 8-3295] tying undriven pin inst:sl_iport0[8] to constant 0
INFO: [Synth 8-3295] tying undriven pin inst:sl_iport0[7] to constant 0
INFO: [Synth 8-3295] tying undriven pin inst:sl_iport0[6] to constant 0
INFO: [Synth 8-3295] tying undriven pin inst:sl_iport0[5] to constant 0
INFO: [Synth 8-3295] tying undriven pin inst:sl_iport0[4] to constant 0
INFO: [Synth 8-3295] tying undriven pin inst:sl_iport0[3] to constant 0
INFO: [Synth 8-3295] tying undriven pin inst:sl_iport0[2] to constant 0
INFO: [Synth 8-3295] tying undriven pin inst:sl_iport0[1] to constant 0
INFO: [Synth 8-3295] tying undriven pin inst:sl_iport0[0] to constant 0
INFO: [Synth 8-3295] tying undriven pin inst:trig_in to constant 0
INFO: [Synth 8-3295] tying undriven pin inst:trig_out_ack to constant 0
---------------------------------------------------------------------------------
Finished IO Insertion : Time (s): cpu = 00:02:29 ; elapsed = 00:02:34 . Memory (MB): peak = 1111.000 ; gain = 716.242
---------------------------------------------------------------------------------

Report Check Netlist: 
+------+------------------+-------+---------+-------+------------------+
|      |Item              |Errors |Warnings |Status |Description       |
+------+------------------+-------+---------+-------+------------------+
|1     |multi_driven_nets |      0|        0|Passed |Multi driven nets |
+------+------------------+-------+---------+-------+------------------+
---------------------------------------------------------------------------------
Start Renaming Generated Instances
---------------------------------------------------------------------------------
---------------------------------------------------------------------------------
Finished Renaming Generated Instances : Time (s): cpu = 00:02:29 ; elapsed = 00:02:34 . Memory (MB): peak = 1111.000 ; gain = 716.242
---------------------------------------------------------------------------------

Report RTL Partitions: 
+-+--------------+------------+----------+
| |RTL Partition |Replication |Instances |
+-+--------------+------------+----------+
+-+--------------+------------+----------+
---------------------------------------------------------------------------------
Start Rebuilding User Hierarchy
---------------------------------------------------------------------------------
---------------------------------------------------------------------------------
Finished Rebuilding User Hierarchy : Time (s): cpu = 00:02:29 ; elapsed = 00:02:34 . Memory (MB): peak = 1111.000 ; gain = 716.242
---------------------------------------------------------------------------------
---------------------------------------------------------------------------------
Start Renaming Generated Ports
---------------------------------------------------------------------------------
---------------------------------------------------------------------------------
Finished Renaming Generated Ports : Time (s): cpu = 00:02:30 ; elapsed = 00:02:34 . Memory (MB): peak = 1111.000 ; gain = 716.242
---------------------------------------------------------------------------------
---------------------------------------------------------------------------------
Start Handling Custom Attributes
---------------------------------------------------------------------------------
---------------------------------------------------------------------------------
Finished Handling Custom Attributes : Time (s): cpu = 00:02:30 ; elapsed = 00:02:34 . Memory (MB): peak = 1111.000 ; gain = 716.242
---------------------------------------------------------------------------------
---------------------------------------------------------------------------------
Start Renaming Generated Nets
---------------------------------------------------------------------------------
---------------------------------------------------------------------------------
Finished Renaming Generated Nets : Time (s): cpu = 00:02:30 ; elapsed = 00:02:34 . Memory (MB): peak = 1111.000 ; gain = 716.242
---------------------------------------------------------------------------------
---------------------------------------------------------------------------------
Start ROM, RAM, DSP and Shift Register Reporting
---------------------------------------------------------------------------------

Static Shift Register Report:
+---------------------------+----------------------------------------------------------------------------------+--------+-------+--------------+--------------------+-------------------+--------+---------+
|Module Name                | RTL Name                                                                         | Length | Width | Reset Signal | Pull out first Reg | Pull out last Reg | SRL16E | SRLC32E | 
+---------------------------+----------------------------------------------------------------------------------+--------+-------+--------------+--------------------+-------------------+--------+---------+
|ila_v6_2_8_generic_counter | counter_load_i_reg[16]                                                           | 16     | 4     | NO           | NO                 | YES               | 4      | 0       | 
|ila_v6_2_8_ila             | ila_core_inst/u_ila_regs/adv_rb_drdy4_reg                                        | 3      | 1     | NO           | NO                 | YES               | 1      | 0       | 
|ila_v6_2_8_ila             | ila_core_inst/shifted_data_in_reg[8][71]                                         | 9      | 72    | NO           | NO                 | YES               | 72     | 0       | 
|ila_v6_2_8_ila             | ila_core_inst/xsdb_memory_read_inst/multiple_read_latency.read_enable_out_reg[3] | 4      | 1     | NO           | NO                 | YES               | 1      | 0       | 
|ila_v6_2_8_ila             | ila_core_inst/xsdb_memory_read_inst/multiple_enable_latency.enable_out_reg[3]    | 4      | 1     | NO           | NO                 | YES               | 1      | 0       | 
+---------------------------+----------------------------------------------------------------------------------+--------+-------+--------------+--------------------+-------------------+--------+---------+

---------------------------------------------------------------------------------
Finished ROM, RAM, DSP and Shift Register Reporting
---------------------------------------------------------------------------------
---------------------------------------------------------------------------------
Start Writing Synthesis Report
---------------------------------------------------------------------------------

Report BlackBoxes: 
+-+--------------+----------+
| |BlackBox name |Instances |
+-+--------------+----------+
+-+--------------+----------+

Report Cell Usage: 
+------+-----------+------+
|      |Cell       |Count |
+------+-----------+------+
|1     |CARRY4     |   180|
|2     |CFGLUT5    |   452|
|3     |LUT1       |    87|
|4     |LUT2       |   123|
|5     |LUT3       |   400|
|6     |LUT4       |   526|
|7     |LUT5       |   250|
|8     |LUT6       |  1796|
|9     |MUXF7      |   269|
|10    |MUXF8      |    91|
|11    |RAM64M     |    32|
|12    |RAMB36E1   |   128|
|13    |RAMB36E1_1 |     1|
|14    |RAMB36E1_2 |     1|
|15    |SRL16E     |    80|
|16    |SRLC16E    |     2|
|17    |SRLC32E    |    17|
|18    |FDRE       |  4223|
|19    |FDSE       |     9|
+------+-----------+------+

Report Instance Areas: 
+------+------------------------------------------------------------------------+-------------------------------------------------+------+
|      |Instance                                                                |Module                                           |Cells |
+------+------------------------------------------------------------------------+-------------------------------------------------+------+
|1     |top                                                                     |                                                 |  8667|
|2     |  inst                                                                  |ila_v6_2_8_ila                                   |  8667|
|3     |    ila_core_inst                                                       |ila_v6_2_8_ila_core                              |  8660|
|4     |      \ADV_TRIG.u_adv_trig                                              |ila_v6_2_8_ila_adv_trigger_sequencer             |   185|
|5     |      \ADV_TRIG_MEM_READ.u_fsm_memory_read_inst                         |ila_v6_2_8_ila_fsm_memory_read                   |    52|
|6     |      \COUNTER.u_count                                                  |ila_v6_2_8_ila_counter                           |   232|
|7     |        \G_COUNTER[0].U_COUNTER                                         |ila_v6_2_8_generic_counter__1                    |    58|
|8     |        \G_COUNTER[1].U_COUNTER                                         |ila_v6_2_8_generic_counter__2                    |    58|
|9     |        \G_COUNTER[2].U_COUNTER                                         |ila_v6_2_8_generic_counter__3                    |    58|
|10    |        \G_COUNTER[3].U_COUNTER                                         |ila_v6_2_8_generic_counter                       |    58|
|11    |      ila_trace_memory_inst                                             |ila_v6_2_8_ila_trace_memory                      |   661|
|12    |        \SUBCORE_RAM_BLK_MEM_1.trace_block_memory                       |blk_mem_gen_v8_3_6                               |   661|
|13    |          inst_blk_mem_gen                                              |blk_mem_gen_v8_3_6_synth                         |   661|
|14    |            \gnbram.gnativebmg.native_blk_mem_gen                       |blk_mem_gen_top                                  |   661|
|15    |              \valid.cstr                                               |blk_mem_gen_generic_cstr                         |   661|
|16    |                \bindec_a.bindec_inst_a                                 |bindec                                           |    15|
|17    |                \has_mux_b.B                                            |blk_mem_gen_mux__parameterized0                  |   516|
|18    |                \ramloop[0].ram.r                                       |blk_mem_gen_prim_width                           |     1|
|19    |                  \prim_noinit.ram                                      |blk_mem_gen_prim_wrapper                         |     1|
|20    |                \ramloop[100].ram.r                                     |blk_mem_gen_prim_width__parameterized99          |     1|
|21    |                  \prim_noinit.ram                                      |blk_mem_gen_prim_wrapper__parameterized99        |     1|
|22    |                \ramloop[101].ram.r                                     |blk_mem_gen_prim_width__parameterized100         |     1|
|23    |                  \prim_noinit.ram                                      |blk_mem_gen_prim_wrapper__parameterized100       |     1|
|24    |                \ramloop[102].ram.r                                     |blk_mem_gen_prim_width__parameterized101         |     1|
|25    |                  \prim_noinit.ram                                      |blk_mem_gen_prim_wrapper__parameterized101       |     1|
|26    |                \ramloop[103].ram.r                                     |blk_mem_gen_prim_width__parameterized102         |     1|
|27    |                  \prim_noinit.ram                                      |blk_mem_gen_prim_wrapper__parameterized102       |     1|
|28    |                \ramloop[104].ram.r                                     |blk_mem_gen_prim_width__parameterized103         |     1|
|29    |                  \prim_noinit.ram                                      |blk_mem_gen_prim_wrapper__parameterized103       |     1|
|30    |                \ramloop[105].ram.r                                     |blk_mem_gen_prim_width__parameterized104         |     1|
|31    |                  \prim_noinit.ram                                      |blk_mem_gen_prim_wrapper__parameterized104       |     1|
|32    |                \ramloop[106].ram.r                                     |blk_mem_gen_prim_width__parameterized105         |     1|
|33    |                  \prim_noinit.ram                                      |blk_mem_gen_prim_wrapper__parameterized105       |     1|
|34    |                \ramloop[107].ram.r                                     |blk_mem_gen_prim_width__parameterized106         |     1|
|35    |                  \prim_noinit.ram                                      |blk_mem_gen_prim_wrapper__parameterized106       |     1|
|36    |                \ramloop[108].ram.r                                     |blk_mem_gen_prim_width__parameterized107         |     1|
|37    |                  \prim_noinit.ram                                      |blk_mem_gen_prim_wrapper__parameterized107       |     1|
|38    |                \ramloop[109].ram.r                                     |blk_mem_gen_prim_width__parameterized108         |     1|
|39    |                  \prim_noinit.ram                                      |blk_mem_gen_prim_wrapper__parameterized108       |     1|
|40    |                \ramloop[10].ram.r                                      |blk_mem_gen_prim_width__parameterized9           |     1|
|41    |                  \prim_noinit.ram                                      |blk_mem_gen_prim_wrapper__parameterized9         |     1|
|42    |                \ramloop[110].ram.r                                     |blk_mem_gen_prim_width__parameterized109         |     1|
|43    |                  \prim_noinit.ram                                      |blk_mem_gen_prim_wrapper__parameterized109       |     1|
|44    |                \ramloop[111].ram.r                                     |blk_mem_gen_prim_width__parameterized110         |     1|
|45    |                  \prim_noinit.ram                                      |blk_mem_gen_prim_wrapper__parameterized110       |     1|
|46    |                \ramloop[112].ram.r                                     |blk_mem_gen_prim_width__parameterized111         |     1|
|47    |                  \prim_noinit.ram                                      |blk_mem_gen_prim_wrapper__parameterized111       |     1|
|48    |                \ramloop[113].ram.r                                     |blk_mem_gen_prim_width__parameterized112         |     1|
|49    |                  \prim_noinit.ram                                      |blk_mem_gen_prim_wrapper__parameterized112       |     1|
|50    |                \ramloop[114].ram.r                                     |blk_mem_gen_prim_width__parameterized113         |     1|
|51    |                  \prim_noinit.ram                                      |blk_mem_gen_prim_wrapper__parameterized113       |     1|
|52    |                \ramloop[115].ram.r                                     |blk_mem_gen_prim_width__parameterized114         |     1|
|53    |                  \prim_noinit.ram                                      |blk_mem_gen_prim_wrapper__parameterized114       |     1|
|54    |                \ramloop[116].ram.r                                     |blk_mem_gen_prim_width__parameterized115         |     1|
|55    |                  \prim_noinit.ram                                      |blk_mem_gen_prim_wrapper__parameterized115       |     1|
|56    |                \ramloop[117].ram.r                                     |blk_mem_gen_prim_width__parameterized116         |     1|
|57    |                  \prim_noinit.ram                                      |blk_mem_gen_prim_wrapper__parameterized116       |     1|
|58    |                \ramloop[118].ram.r                                     |blk_mem_gen_prim_width__parameterized117         |     1|
|59    |                  \prim_noinit.ram                                      |blk_mem_gen_prim_wrapper__parameterized117       |     1|
|60    |                \ramloop[119].ram.r                                     |blk_mem_gen_prim_width__parameterized118         |     1|
|61    |                  \prim_noinit.ram                                      |blk_mem_gen_prim_wrapper__parameterized118       |     1|
|62    |                \ramloop[11].ram.r                                      |blk_mem_gen_prim_width__parameterized10          |     1|
|63    |                  \prim_noinit.ram                                      |blk_mem_gen_prim_wrapper__parameterized10        |     1|
|64    |                \ramloop[120].ram.r                                     |blk_mem_gen_prim_width__parameterized119         |     1|
|65    |                  \prim_noinit.ram                                      |blk_mem_gen_prim_wrapper__parameterized119       |     1|
|66    |                \ramloop[121].ram.r                                     |blk_mem_gen_prim_width__parameterized120         |     1|
|67    |                  \prim_noinit.ram                                      |blk_mem_gen_prim_wrapper__parameterized120       |     1|
|68    |                \ramloop[122].ram.r                                     |blk_mem_gen_prim_width__parameterized121         |     1|
|69    |                  \prim_noinit.ram                                      |blk_mem_gen_prim_wrapper__parameterized121       |     1|
|70    |                \ramloop[123].ram.r                                     |blk_mem_gen_prim_width__parameterized122         |     1|
|71    |                  \prim_noinit.ram                                      |blk_mem_gen_prim_wrapper__parameterized122       |     1|
|72    |                \ramloop[124].ram.r                                     |blk_mem_gen_prim_width__parameterized123         |     1|
|73    |                  \prim_noinit.ram                                      |blk_mem_gen_prim_wrapper__parameterized123       |     1|
|74    |                \ramloop[125].ram.r                                     |blk_mem_gen_prim_width__parameterized124         |     1|
|75    |                  \prim_noinit.ram                                      |blk_mem_gen_prim_wrapper__parameterized124       |     1|
|76    |                \ramloop[126].ram.r                                     |blk_mem_gen_prim_width__parameterized125         |     1|
|77    |                  \prim_noinit.ram                                      |blk_mem_gen_prim_wrapper__parameterized125       |     1|
|78    |                \ramloop[127].ram.r                                     |blk_mem_gen_prim_width__parameterized126         |     1|
|79    |                  \prim_noinit.ram                                      |blk_mem_gen_prim_wrapper__parameterized126       |     1|
|80    |                \ramloop[128].ram.r                                     |blk_mem_gen_prim_width__parameterized127         |     2|
|81    |                  \prim_noinit.ram                                      |blk_mem_gen_prim_wrapper__parameterized127       |     2|
|82    |                \ramloop[12].ram.r                                      |blk_mem_gen_prim_width__parameterized11          |     1|
|83    |                  \prim_noinit.ram                                      |blk_mem_gen_prim_wrapper__parameterized11        |     1|
|84    |                \ramloop[13].ram.r                                      |blk_mem_gen_prim_width__parameterized12          |     1|
|85    |                  \prim_noinit.ram                                      |blk_mem_gen_prim_wrapper__parameterized12        |     1|
|86    |                \ramloop[14].ram.r                                      |blk_mem_gen_prim_width__parameterized13          |     1|
|87    |                  \prim_noinit.ram                                      |blk_mem_gen_prim_wrapper__parameterized13        |     1|
|88    |                \ramloop[15].ram.r                                      |blk_mem_gen_prim_width__parameterized14          |     1|
|89    |                  \prim_noinit.ram                                      |blk_mem_gen_prim_wrapper__parameterized14        |     1|
|90    |                \ramloop[16].ram.r                                      |blk_mem_gen_prim_width__parameterized15          |     1|
|91    |                  \prim_noinit.ram                                      |blk_mem_gen_prim_wrapper__parameterized15        |     1|
|92    |                \ramloop[17].ram.r                                      |blk_mem_gen_prim_width__parameterized16          |     1|
|93    |                  \prim_noinit.ram                                      |blk_mem_gen_prim_wrapper__parameterized16        |     1|
|94    |                \ramloop[18].ram.r                                      |blk_mem_gen_prim_width__parameterized17          |     1|
|95    |                  \prim_noinit.ram                                      |blk_mem_gen_prim_wrapper__parameterized17        |     1|
|96    |                \ramloop[19].ram.r                                      |blk_mem_gen_prim_width__parameterized18          |     1|
|97    |                  \prim_noinit.ram                                      |blk_mem_gen_prim_wrapper__parameterized18        |     1|
|98    |                \ramloop[1].ram.r                                       |blk_mem_gen_prim_width__parameterized0           |     1|
|99    |                  \prim_noinit.ram                                      |blk_mem_gen_prim_wrapper__parameterized0         |     1|
|100   |                \ramloop[20].ram.r                                      |blk_mem_gen_prim_width__parameterized19          |     1|
|101   |                  \prim_noinit.ram                                      |blk_mem_gen_prim_wrapper__parameterized19        |     1|
|102   |                \ramloop[21].ram.r                                      |blk_mem_gen_prim_width__parameterized20          |     1|
|103   |                  \prim_noinit.ram                                      |blk_mem_gen_prim_wrapper__parameterized20        |     1|
|104   |                \ramloop[22].ram.r                                      |blk_mem_gen_prim_width__parameterized21          |     1|
|105   |                  \prim_noinit.ram                                      |blk_mem_gen_prim_wrapper__parameterized21        |     1|
|106   |                \ramloop[23].ram.r                                      |blk_mem_gen_prim_width__parameterized22          |     1|
|107   |                  \prim_noinit.ram                                      |blk_mem_gen_prim_wrapper__parameterized22        |     1|
|108   |                \ramloop[24].ram.r                                      |blk_mem_gen_prim_width__parameterized23          |     1|
|109   |                  \prim_noinit.ram                                      |blk_mem_gen_prim_wrapper__parameterized23        |     1|
|110   |                \ramloop[25].ram.r                                      |blk_mem_gen_prim_width__parameterized24          |     1|
|111   |                  \prim_noinit.ram                                      |blk_mem_gen_prim_wrapper__parameterized24        |     1|
|112   |                \ramloop[26].ram.r                                      |blk_mem_gen_prim_width__parameterized25          |     1|
|113   |                  \prim_noinit.ram                                      |blk_mem_gen_prim_wrapper__parameterized25        |     1|
|114   |                \ramloop[27].ram.r                                      |blk_mem_gen_prim_width__parameterized26          |     1|
|115   |                  \prim_noinit.ram                                      |blk_mem_gen_prim_wrapper__parameterized26        |     1|
|116   |                \ramloop[28].ram.r                                      |blk_mem_gen_prim_width__parameterized27          |     1|
|117   |                  \prim_noinit.ram                                      |blk_mem_gen_prim_wrapper__parameterized27        |     1|
|118   |                \ramloop[29].ram.r                                      |blk_mem_gen_prim_width__parameterized28          |     1|
|119   |                  \prim_noinit.ram                                      |blk_mem_gen_prim_wrapper__parameterized28        |     1|
|120   |                \ramloop[2].ram.r                                       |blk_mem_gen_prim_width__parameterized1           |     1|
|121   |                  \prim_noinit.ram                                      |blk_mem_gen_prim_wrapper__parameterized1         |     1|
|122   |                \ramloop[30].ram.r                                      |blk_mem_gen_prim_width__parameterized29          |     1|
|123   |                  \prim_noinit.ram                                      |blk_mem_gen_prim_wrapper__parameterized29        |     1|
|124   |                \ramloop[31].ram.r                                      |blk_mem_gen_prim_width__parameterized30          |     1|
|125   |                  \prim_noinit.ram                                      |blk_mem_gen_prim_wrapper__parameterized30        |     1|
|126   |                \ramloop[32].ram.r                                      |blk_mem_gen_prim_width__parameterized31          |     1|
|127   |                  \prim_noinit.ram                                      |blk_mem_gen_prim_wrapper__parameterized31        |     1|
|128   |                \ramloop[33].ram.r                                      |blk_mem_gen_prim_width__parameterized32          |     1|
|129   |                  \prim_noinit.ram                                      |blk_mem_gen_prim_wrapper__parameterized32        |     1|
|130   |                \ramloop[34].ram.r                                      |blk_mem_gen_prim_width__parameterized33          |     1|
|131   |                  \prim_noinit.ram                                      |blk_mem_gen_prim_wrapper__parameterized33        |     1|
|132   |                \ramloop[35].ram.r                                      |blk_mem_gen_prim_width__parameterized34          |     1|
|133   |                  \prim_noinit.ram                                      |blk_mem_gen_prim_wrapper__parameterized34        |     1|
|134   |                \ramloop[36].ram.r                                      |blk_mem_gen_prim_width__parameterized35          |     1|
|135   |                  \prim_noinit.ram                                      |blk_mem_gen_prim_wrapper__parameterized35        |     1|
|136   |                \ramloop[37].ram.r                                      |blk_mem_gen_prim_width__parameterized36          |     1|
|137   |                  \prim_noinit.ram                                      |blk_mem_gen_prim_wrapper__parameterized36        |     1|
|138   |                \ramloop[38].ram.r                                      |blk_mem_gen_prim_width__parameterized37          |     1|
|139   |                  \prim_noinit.ram                                      |blk_mem_gen_prim_wrapper__parameterized37        |     1|
|140   |                \ramloop[39].ram.r                                      |blk_mem_gen_prim_width__parameterized38          |     1|
|141   |                  \prim_noinit.ram                                      |blk_mem_gen_prim_wrapper__parameterized38        |     1|
|142   |                \ramloop[3].ram.r                                       |blk_mem_gen_prim_width__parameterized2           |     1|
|143   |                  \prim_noinit.ram                                      |blk_mem_gen_prim_wrapper__parameterized2         |     1|
|144   |                \ramloop[40].ram.r                                      |blk_mem_gen_prim_width__parameterized39          |     1|
|145   |                  \prim_noinit.ram                                      |blk_mem_gen_prim_wrapper__parameterized39        |     1|
|146   |                \ramloop[41].ram.r                                      |blk_mem_gen_prim_width__parameterized40          |     1|
|147   |                  \prim_noinit.ram                                      |blk_mem_gen_prim_wrapper__parameterized40        |     1|
|148   |                \ramloop[42].ram.r                                      |blk_mem_gen_prim_width__parameterized41          |     1|
|149   |                  \prim_noinit.ram                                      |blk_mem_gen_prim_wrapper__parameterized41        |     1|
|150   |                \ramloop[43].ram.r                                      |blk_mem_gen_prim_width__parameterized42          |     1|
|151   |                  \prim_noinit.ram                                      |blk_mem_gen_prim_wrapper__parameterized42        |     1|
|152   |                \ramloop[44].ram.r                                      |blk_mem_gen_prim_width__parameterized43          |     1|
|153   |                  \prim_noinit.ram                                      |blk_mem_gen_prim_wrapper__parameterized43        |     1|
|154   |                \ramloop[45].ram.r                                      |blk_mem_gen_prim_width__parameterized44          |     1|
|155   |                  \prim_noinit.ram                                      |blk_mem_gen_prim_wrapper__parameterized44        |     1|
|156   |                \ramloop[46].ram.r                                      |blk_mem_gen_prim_width__parameterized45          |     1|
|157   |                  \prim_noinit.ram                                      |blk_mem_gen_prim_wrapper__parameterized45        |     1|
|158   |                \ramloop[47].ram.r                                      |blk_mem_gen_prim_width__parameterized46          |     1|
|159   |                  \prim_noinit.ram                                      |blk_mem_gen_prim_wrapper__parameterized46        |     1|
|160   |                \ramloop[48].ram.r                                      |blk_mem_gen_prim_width__parameterized47          |     1|
|161   |                  \prim_noinit.ram                                      |blk_mem_gen_prim_wrapper__parameterized47        |     1|
|162   |                \ramloop[49].ram.r                                      |blk_mem_gen_prim_width__parameterized48          |     1|
|163   |                  \prim_noinit.ram                                      |blk_mem_gen_prim_wrapper__parameterized48        |     1|
|164   |                \ramloop[4].ram.r                                       |blk_mem_gen_prim_width__parameterized3           |     1|
|165   |                  \prim_noinit.ram                                      |blk_mem_gen_prim_wrapper__parameterized3         |     1|
|166   |                \ramloop[50].ram.r                                      |blk_mem_gen_prim_width__parameterized49          |     1|
|167   |                  \prim_noinit.ram                                      |blk_mem_gen_prim_wrapper__parameterized49        |     1|
|168   |                \ramloop[51].ram.r                                      |blk_mem_gen_prim_width__parameterized50          |     1|
|169   |                  \prim_noinit.ram                                      |blk_mem_gen_prim_wrapper__parameterized50        |     1|
|170   |                \ramloop[52].ram.r                                      |blk_mem_gen_prim_width__parameterized51          |     1|
|171   |                  \prim_noinit.ram                                      |blk_mem_gen_prim_wrapper__parameterized51        |     1|
|172   |                \ramloop[53].ram.r                                      |blk_mem_gen_prim_width__parameterized52          |     1|
|173   |                  \prim_noinit.ram                                      |blk_mem_gen_prim_wrapper__parameterized52        |     1|
|174   |                \ramloop[54].ram.r                                      |blk_mem_gen_prim_width__parameterized53          |     1|
|175   |                  \prim_noinit.ram                                      |blk_mem_gen_prim_wrapper__parameterized53        |     1|
|176   |                \ramloop[55].ram.r                                      |blk_mem_gen_prim_width__parameterized54          |     1|
|177   |                  \prim_noinit.ram                                      |blk_mem_gen_prim_wrapper__parameterized54        |     1|
|178   |                \ramloop[56].ram.r                                      |blk_mem_gen_prim_width__parameterized55          |     1|
|179   |                  \prim_noinit.ram                                      |blk_mem_gen_prim_wrapper__parameterized55        |     1|
|180   |                \ramloop[57].ram.r                                      |blk_mem_gen_prim_width__parameterized56          |     1|
|181   |                  \prim_noinit.ram                                      |blk_mem_gen_prim_wrapper__parameterized56        |     1|
|182   |                \ramloop[58].ram.r                                      |blk_mem_gen_prim_width__parameterized57          |     1|
|183   |                  \prim_noinit.ram                                      |blk_mem_gen_prim_wrapper__parameterized57        |     1|
|184   |                \ramloop[59].ram.r                                      |blk_mem_gen_prim_width__parameterized58          |     1|
|185   |                  \prim_noinit.ram                                      |blk_mem_gen_prim_wrapper__parameterized58        |     1|
|186   |                \ramloop[5].ram.r                                       |blk_mem_gen_prim_width__parameterized4           |     1|
|187   |                  \prim_noinit.ram                                      |blk_mem_gen_prim_wrapper__parameterized4         |     1|
|188   |                \ramloop[60].ram.r                                      |blk_mem_gen_prim_width__parameterized59          |     1|
|189   |                  \prim_noinit.ram                                      |blk_mem_gen_prim_wrapper__parameterized59        |     1|
|190   |                \ramloop[61].ram.r                                      |blk_mem_gen_prim_width__parameterized60          |     1|
|191   |                  \prim_noinit.ram                                      |blk_mem_gen_prim_wrapper__parameterized60        |     1|
|192   |                \ramloop[62].ram.r                                      |blk_mem_gen_prim_width__parameterized61          |     1|
|193   |                  \prim_noinit.ram                                      |blk_mem_gen_prim_wrapper__parameterized61        |     1|
|194   |                \ramloop[63].ram.r                                      |blk_mem_gen_prim_width__parameterized62          |     1|
|195   |                  \prim_noinit.ram                                      |blk_mem_gen_prim_wrapper__parameterized62        |     1|
|196   |                \ramloop[64].ram.r                                      |blk_mem_gen_prim_width__parameterized63          |     1|
|197   |                  \prim_noinit.ram                                      |blk_mem_gen_prim_wrapper__parameterized63        |     1|
|198   |                \ramloop[65].ram.r                                      |blk_mem_gen_prim_width__parameterized64          |     1|
|199   |                  \prim_noinit.ram                                      |blk_mem_gen_prim_wrapper__parameterized64        |     1|
|200   |                \ramloop[66].ram.r                                      |blk_mem_gen_prim_width__parameterized65          |     1|
|201   |                  \prim_noinit.ram                                      |blk_mem_gen_prim_wrapper__parameterized65        |     1|
|202   |                \ramloop[67].ram.r                                      |blk_mem_gen_prim_width__parameterized66          |     1|
|203   |                  \prim_noinit.ram                                      |blk_mem_gen_prim_wrapper__parameterized66        |     1|
|204   |                \ramloop[68].ram.r                                      |blk_mem_gen_prim_width__parameterized67          |     1|
|205   |                  \prim_noinit.ram                                      |blk_mem_gen_prim_wrapper__parameterized67        |     1|
|206   |                \ramloop[69].ram.r                                      |blk_mem_gen_prim_width__parameterized68          |     1|
|207   |                  \prim_noinit.ram                                      |blk_mem_gen_prim_wrapper__parameterized68        |     1|
|208   |                \ramloop[6].ram.r                                       |blk_mem_gen_prim_width__parameterized5           |     1|
|209   |                  \prim_noinit.ram                                      |blk_mem_gen_prim_wrapper__parameterized5         |     1|
|210   |                \ramloop[70].ram.r                                      |blk_mem_gen_prim_width__parameterized69          |     1|
|211   |                  \prim_noinit.ram                                      |blk_mem_gen_prim_wrapper__parameterized69        |     1|
|212   |                \ramloop[71].ram.r                                      |blk_mem_gen_prim_width__parameterized70          |     1|
|213   |                  \prim_noinit.ram                                      |blk_mem_gen_prim_wrapper__parameterized70        |     1|
|214   |                \ramloop[72].ram.r                                      |blk_mem_gen_prim_width__parameterized71          |     1|
|215   |                  \prim_noinit.ram                                      |blk_mem_gen_prim_wrapper__parameterized71        |     1|
|216   |                \ramloop[73].ram.r                                      |blk_mem_gen_prim_width__parameterized72          |     1|
|217   |                  \prim_noinit.ram                                      |blk_mem_gen_prim_wrapper__parameterized72        |     1|
|218   |                \ramloop[74].ram.r                                      |blk_mem_gen_prim_width__parameterized73          |     1|
|219   |                  \prim_noinit.ram                                      |blk_mem_gen_prim_wrapper__parameterized73        |     1|
|220   |                \ramloop[75].ram.r                                      |blk_mem_gen_prim_width__parameterized74          |     1|
|221   |                  \prim_noinit.ram                                      |blk_mem_gen_prim_wrapper__parameterized74        |     1|
|222   |                \ramloop[76].ram.r                                      |blk_mem_gen_prim_width__parameterized75          |     1|
|223   |                  \prim_noinit.ram                                      |blk_mem_gen_prim_wrapper__parameterized75        |     1|
|224   |                \ramloop[77].ram.r                                      |blk_mem_gen_prim_width__parameterized76          |     1|
|225   |                  \prim_noinit.ram                                      |blk_mem_gen_prim_wrapper__parameterized76        |     1|
|226   |                \ramloop[78].ram.r                                      |blk_mem_gen_prim_width__parameterized77          |     1|
|227   |                  \prim_noinit.ram                                      |blk_mem_gen_prim_wrapper__parameterized77        |     1|
|228   |                \ramloop[79].ram.r                                      |blk_mem_gen_prim_width__parameterized78          |     1|
|229   |                  \prim_noinit.ram                                      |blk_mem_gen_prim_wrapper__parameterized78        |     1|
|230   |                \ramloop[7].ram.r                                       |blk_mem_gen_prim_width__parameterized6           |     1|
|231   |                  \prim_noinit.ram                                      |blk_mem_gen_prim_wrapper__parameterized6         |     1|
|232   |                \ramloop[80].ram.r                                      |blk_mem_gen_prim_width__parameterized79          |     1|
|233   |                  \prim_noinit.ram                                      |blk_mem_gen_prim_wrapper__parameterized79        |     1|
|234   |                \ramloop[81].ram.r                                      |blk_mem_gen_prim_width__parameterized80          |     1|
|235   |                  \prim_noinit.ram                                      |blk_mem_gen_prim_wrapper__parameterized80        |     1|
|236   |                \ramloop[82].ram.r                                      |blk_mem_gen_prim_width__parameterized81          |     1|
|237   |                  \prim_noinit.ram                                      |blk_mem_gen_prim_wrapper__parameterized81        |     1|
|238   |                \ramloop[83].ram.r                                      |blk_mem_gen_prim_width__parameterized82          |     1|
|239   |                  \prim_noinit.ram                                      |blk_mem_gen_prim_wrapper__parameterized82        |     1|
|240   |                \ramloop[84].ram.r                                      |blk_mem_gen_prim_width__parameterized83          |     1|
|241   |                  \prim_noinit.ram                                      |blk_mem_gen_prim_wrapper__parameterized83        |     1|
|242   |                \ramloop[85].ram.r                                      |blk_mem_gen_prim_width__parameterized84          |     1|
|243   |                  \prim_noinit.ram                                      |blk_mem_gen_prim_wrapper__parameterized84        |     1|
|244   |                \ramloop[86].ram.r                                      |blk_mem_gen_prim_width__parameterized85          |     1|
|245   |                  \prim_noinit.ram                                      |blk_mem_gen_prim_wrapper__parameterized85        |     1|
|246   |                \ramloop[87].ram.r                                      |blk_mem_gen_prim_width__parameterized86          |     1|
|247   |                  \prim_noinit.ram                                      |blk_mem_gen_prim_wrapper__parameterized86        |     1|
|248   |                \ramloop[88].ram.r                                      |blk_mem_gen_prim_width__parameterized87          |     1|
|249   |                  \prim_noinit.ram                                      |blk_mem_gen_prim_wrapper__parameterized87        |     1|
|250   |                \ramloop[89].ram.r                                      |blk_mem_gen_prim_width__parameterized88          |     1|
|251   |                  \prim_noinit.ram                                      |blk_mem_gen_prim_wrapper__parameterized88        |     1|
|252   |                \ramloop[8].ram.r                                       |blk_mem_gen_prim_width__parameterized7           |     1|
|253   |                  \prim_noinit.ram                                      |blk_mem_gen_prim_wrapper__parameterized7         |     1|
|254   |                \ramloop[90].ram.r                                      |blk_mem_gen_prim_width__parameterized89          |     1|
|255   |                  \prim_noinit.ram                                      |blk_mem_gen_prim_wrapper__parameterized89        |     1|
|256   |                \ramloop[91].ram.r                                      |blk_mem_gen_prim_width__parameterized90          |     1|
|257   |                  \prim_noinit.ram                                      |blk_mem_gen_prim_wrapper__parameterized90        |     1|
|258   |                \ramloop[92].ram.r                                      |blk_mem_gen_prim_width__parameterized91          |     1|
|259   |                  \prim_noinit.ram                                      |blk_mem_gen_prim_wrapper__parameterized91        |     1|
|260   |                \ramloop[93].ram.r                                      |blk_mem_gen_prim_width__parameterized92          |     1|
|261   |                  \prim_noinit.ram                                      |blk_mem_gen_prim_wrapper__parameterized92        |     1|
|262   |                \ramloop[94].ram.r                                      |blk_mem_gen_prim_width__parameterized93          |     1|
|263   |                  \prim_noinit.ram                                      |blk_mem_gen_prim_wrapper__parameterized93        |     1|
|264   |                \ramloop[95].ram.r                                      |blk_mem_gen_prim_width__parameterized94          |     1|
|265   |                  \prim_noinit.ram                                      |blk_mem_gen_prim_wrapper__parameterized94        |     1|
|266   |                \ramloop[96].ram.r                                      |blk_mem_gen_prim_width__parameterized95          |     1|
|267   |                  \prim_noinit.ram                                      |blk_mem_gen_prim_wrapper__parameterized95        |     1|
|268   |                \ramloop[97].ram.r                                      |blk_mem_gen_prim_width__parameterized96          |     1|
|269   |                  \prim_noinit.ram                                      |blk_mem_gen_prim_wrapper__parameterized96        |     1|
|270   |                \ramloop[98].ram.r                                      |blk_mem_gen_prim_width__parameterized97          |     1|
|271   |                  \prim_noinit.ram                                      |blk_mem_gen_prim_wrapper__parameterized97        |     1|
|272   |                \ramloop[99].ram.r                                      |blk_mem_gen_prim_width__parameterized98          |     1|
|273   |                  \prim_noinit.ram                                      |blk_mem_gen_prim_wrapper__parameterized98        |     1|
|274   |                \ramloop[9].ram.r                                       |blk_mem_gen_prim_width__parameterized8           |     1|
|275   |                  \prim_noinit.ram                                      |blk_mem_gen_prim_wrapper__parameterized8         |     1|
|276   |      u_ila_cap_ctrl                                                    |ila_v6_2_8_ila_cap_ctrl_legacy                   |   318|
|277   |        U_CDONE                                                         |ltlib_v1_0_0_cfglut6__parameterized0             |     5|
|278   |        U_NS0                                                           |ltlib_v1_0_0_cfglut7                             |     8|
|279   |        U_NS1                                                           |ltlib_v1_0_0_cfglut7_252                         |    10|
|280   |        u_cap_addrgen                                                   |ila_v6_2_8_ila_cap_addrgen                       |   290|
|281   |          U_CMPRESET                                                    |ltlib_v1_0_0_cfglut6                             |     3|
|282   |          u_cap_sample_counter                                          |ila_v6_2_8_ila_cap_sample_counter                |    71|
|283   |            U_SCE                                                       |ltlib_v1_0_0_cfglut4_259                         |     1|
|284   |            U_SCMPCE                                                    |ltlib_v1_0_0_cfglut5_260                         |     1|
|285   |            U_SCRST                                                     |ltlib_v1_0_0_cfglut6_261                         |     3|
|286   |            u_scnt_cmp                                                  |ltlib_v1_0_0_match_nodelay_262                   |    28|
|287   |              \allx_typeA_match_detection.ltlib_v1_0_0_allx_typeA_inst  |ltlib_v1_0_0_allx_typeA_nodelay_263              |    28|
|288   |                DUT                                                     |ltlib_v1_0_0_all_typeA__parameterized2_264       |    12|
|289   |                  \I_WHOLE_SLICE.G_SLICE_IDX[0].U_ALL_SRL_SLICE         |ltlib_v1_0_0_all_typeA_slice__parameterized1_265 |     5|
|290   |                  \I_WHOLE_SLICE.G_SLICE_IDX[1].U_ALL_SRL_SLICE         |ltlib_v1_0_0_all_typeA_slice__parameterized2_266 |     5|
|291   |          u_cap_window_counter                                          |ila_v6_2_8_ila_cap_window_counter                |    66|
|292   |            U_WCE                                                       |ltlib_v1_0_0_cfglut4                             |     1|
|293   |            U_WHCMPCE                                                   |ltlib_v1_0_0_cfglut5                             |     1|
|294   |            U_WLCMPCE                                                   |ltlib_v1_0_0_cfglut5_253                         |     1|
|295   |            u_wcnt_hcmp                                                 |ltlib_v1_0_0_match_nodelay                       |    12|
|296   |              \allx_typeA_match_detection.ltlib_v1_0_0_allx_typeA_inst  |ltlib_v1_0_0_allx_typeA_nodelay_255              |    12|
|297   |                DUT                                                     |ltlib_v1_0_0_all_typeA__parameterized2_256       |    12|
|298   |                  \I_WHOLE_SLICE.G_SLICE_IDX[0].U_ALL_SRL_SLICE         |ltlib_v1_0_0_all_typeA_slice__parameterized1_257 |     5|
|299   |                  \I_WHOLE_SLICE.G_SLICE_IDX[1].U_ALL_SRL_SLICE         |ltlib_v1_0_0_all_typeA_slice__parameterized2_258 |     5|
|300   |            u_wcnt_lcmp                                                 |ltlib_v1_0_0_match_nodelay_254                   |    28|
|301   |              \allx_typeA_match_detection.ltlib_v1_0_0_allx_typeA_inst  |ltlib_v1_0_0_allx_typeA_nodelay                  |    28|
|302   |                DUT                                                     |ltlib_v1_0_0_all_typeA__parameterized2           |    12|
|303   |                  \I_WHOLE_SLICE.G_SLICE_IDX[0].U_ALL_SRL_SLICE         |ltlib_v1_0_0_all_typeA_slice__parameterized1     |     5|
|304   |                  \I_WHOLE_SLICE.G_SLICE_IDX[1].U_ALL_SRL_SLICE         |ltlib_v1_0_0_all_typeA_slice__parameterized2     |     5|
|305   |      u_ila_regs                                                        |ila_v6_2_8_ila_register                          |  5584|
|306   |        U_XSDB_SLAVE                                                    |xsdbs_v1_0_2_xsdbs                               |   302|
|307   |        reg_890                                                         |xsdbs_v1_0_2_reg__parameterized66                |    16|
|308   |          \I_EN_STAT_EQ1.U_STAT                                         |xsdbs_v1_0_2_reg_stat_251                        |    16|
|309   |        \ADV_TRIG_STREAM.reg_stream_ffc                                 |xsdbs_v1_0_2_reg_stream__parameterized0          |    23|
|310   |          \I_EN_CTL_EQ1.U_CTL                                           |xsdbs_v1_0_2_reg_ctl_250                         |    18|
|311   |        \ADV_TRIG_STREAM_READBACK.reg_stream_ffb                        |xsdbs_v1_0_2_reg_stream                          |    35|
|312   |          \I_EN_STAT_EQ1.U_STAT                                         |xsdbs_v1_0_2_reg_stat_249                        |    35|
|313   |        \CNT.CNT_SRL[0].cnt_srl_reg                                     |xsdbs_v1_0_2_reg_p2s__parameterized47            |    74|
|314   |        \CNT.CNT_SRL[1].cnt_srl_reg                                     |xsdbs_v1_0_2_reg_p2s__parameterized48            |    75|
|315   |        \CNT.CNT_SRL[2].cnt_srl_reg                                     |xsdbs_v1_0_2_reg_p2s__parameterized49            |   106|
|316   |        \CNT.CNT_SRL[3].cnt_srl_reg                                     |xsdbs_v1_0_2_reg_p2s__parameterized50            |    75|
|317   |        \MU_SRL[0].mu_srl_reg                                           |xsdbs_v1_0_2_reg_p2s                             |    74|
|318   |        \MU_SRL[10].mu_srl_reg                                          |xsdbs_v1_0_2_reg_p2s__parameterized9             |    74|
|319   |        \MU_SRL[11].mu_srl_reg                                          |xsdbs_v1_0_2_reg_p2s__parameterized10            |   106|
|320   |        \MU_SRL[12].mu_srl_reg                                          |xsdbs_v1_0_2_reg_p2s__parameterized11            |    74|
|321   |        \MU_SRL[13].mu_srl_reg                                          |xsdbs_v1_0_2_reg_p2s__parameterized12            |    74|
|322   |        \MU_SRL[14].mu_srl_reg                                          |xsdbs_v1_0_2_reg_p2s__parameterized13            |    74|
|323   |        \MU_SRL[15].mu_srl_reg                                          |xsdbs_v1_0_2_reg_p2s__parameterized14            |    90|
|324   |        \MU_SRL[1].mu_srl_reg                                           |xsdbs_v1_0_2_reg_p2s__parameterized0             |    74|
|325   |        \MU_SRL[2].mu_srl_reg                                           |xsdbs_v1_0_2_reg_p2s__parameterized1             |    74|
|326   |        \MU_SRL[3].mu_srl_reg                                           |xsdbs_v1_0_2_reg_p2s__parameterized2             |   122|
|327   |        \MU_SRL[4].mu_srl_reg                                           |xsdbs_v1_0_2_reg_p2s__parameterized3             |    74|
|328   |        \MU_SRL[5].mu_srl_reg                                           |xsdbs_v1_0_2_reg_p2s__parameterized4             |    74|
|329   |        \MU_SRL[6].mu_srl_reg                                           |xsdbs_v1_0_2_reg_p2s__parameterized5             |    74|
|330   |        \MU_SRL[7].mu_srl_reg                                           |xsdbs_v1_0_2_reg_p2s__parameterized6             |    90|
|331   |        \MU_SRL[8].mu_srl_reg                                           |xsdbs_v1_0_2_reg_p2s__parameterized7             |    74|
|332   |        \MU_SRL[9].mu_srl_reg                                           |xsdbs_v1_0_2_reg_p2s__parameterized8             |    74|
|333   |        \STRG_QUAL.qual_strg_srl_reg                                    |xsdbs_v1_0_2_reg_p2s__parameterized51            |    74|
|334   |        \TC_SRL[0].tc_srl_reg                                           |xsdbs_v1_0_2_reg_p2s__parameterized15            |    74|
|335   |        \TC_SRL[10].tc_srl_reg                                          |xsdbs_v1_0_2_reg_p2s__parameterized25            |    74|
|336   |        \TC_SRL[11].tc_srl_reg                                          |xsdbs_v1_0_2_reg_p2s__parameterized26            |   106|
|337   |        \TC_SRL[12].tc_srl_reg                                          |xsdbs_v1_0_2_reg_p2s__parameterized27            |    74|
|338   |        \TC_SRL[13].tc_srl_reg                                          |xsdbs_v1_0_2_reg_p2s__parameterized28            |    74|
|339   |        \TC_SRL[14].tc_srl_reg                                          |xsdbs_v1_0_2_reg_p2s__parameterized29            |    74|
|340   |        \TC_SRL[15].tc_srl_reg                                          |xsdbs_v1_0_2_reg_p2s__parameterized30            |    90|
|341   |        \TC_SRL[16].tc_srl_reg                                          |xsdbs_v1_0_2_reg_p2s__parameterized31            |    74|
|342   |        \TC_SRL[17].tc_srl_reg                                          |xsdbs_v1_0_2_reg_p2s__parameterized32            |    74|
|343   |        \TC_SRL[18].tc_srl_reg                                          |xsdbs_v1_0_2_reg_p2s__parameterized33            |    74|
|344   |        \TC_SRL[19].tc_srl_reg                                          |xsdbs_v1_0_2_reg_p2s__parameterized34            |   106|
|345   |        \TC_SRL[1].tc_srl_reg                                           |xsdbs_v1_0_2_reg_p2s__parameterized16            |    74|
|346   |        \TC_SRL[20].tc_srl_reg                                          |xsdbs_v1_0_2_reg_p2s__parameterized35            |    74|
|347   |        \TC_SRL[21].tc_srl_reg                                          |xsdbs_v1_0_2_reg_p2s__parameterized36            |    74|
|348   |        \TC_SRL[22].tc_srl_reg                                          |xsdbs_v1_0_2_reg_p2s__parameterized37            |    74|
|349   |        \TC_SRL[23].tc_srl_reg                                          |xsdbs_v1_0_2_reg_p2s__parameterized38            |    90|
|350   |        \TC_SRL[24].tc_srl_reg                                          |xsdbs_v1_0_2_reg_p2s__parameterized39            |    74|
|351   |        \TC_SRL[25].tc_srl_reg                                          |xsdbs_v1_0_2_reg_p2s__parameterized40            |    74|
|352   |        \TC_SRL[26].tc_srl_reg                                          |xsdbs_v1_0_2_reg_p2s__parameterized41            |    74|
|353   |        \TC_SRL[27].tc_srl_reg                                          |xsdbs_v1_0_2_reg_p2s__parameterized42            |   122|
|354   |        \TC_SRL[28].tc_srl_reg                                          |xsdbs_v1_0_2_reg_p2s__parameterized43            |    74|
|355   |        \TC_SRL[29].tc_srl_reg                                          |xsdbs_v1_0_2_reg_p2s__parameterized44            |    74|
|356   |        \TC_SRL[2].tc_srl_reg                                           |xsdbs_v1_0_2_reg_p2s__parameterized17            |    74|
|357   |        \TC_SRL[30].tc_srl_reg                                          |xsdbs_v1_0_2_reg_p2s__parameterized45            |    74|
|358   |        \TC_SRL[31].tc_srl_reg                                          |xsdbs_v1_0_2_reg_p2s__parameterized46            |    90|
|359   |        \TC_SRL[3].tc_srl_reg                                           |xsdbs_v1_0_2_reg_p2s__parameterized18            |   106|
|360   |        \TC_SRL[4].tc_srl_reg                                           |xsdbs_v1_0_2_reg_p2s__parameterized19            |    74|
|361   |        \TC_SRL[5].tc_srl_reg                                           |xsdbs_v1_0_2_reg_p2s__parameterized20            |    74|
|362   |        \TC_SRL[6].tc_srl_reg                                           |xsdbs_v1_0_2_reg_p2s__parameterized21            |    74|
|363   |        \TC_SRL[7].tc_srl_reg                                           |xsdbs_v1_0_2_reg_p2s__parameterized22            |    90|
|364   |        \TC_SRL[8].tc_srl_reg                                           |xsdbs_v1_0_2_reg_p2s__parameterized23            |    74|
|365   |        \TC_SRL[9].tc_srl_reg                                           |xsdbs_v1_0_2_reg_p2s__parameterized24            |    74|
|366   |        reg_15                                                          |xsdbs_v1_0_2_reg__parameterized48                |    37|
|367   |          \I_EN_CTL_EQ1.U_CTL                                           |xsdbs_v1_0_2_reg_ctl_248                         |    37|
|368   |        reg_16                                                          |xsdbs_v1_0_2_reg__parameterized49                |    22|
|369   |          \I_EN_CTL_EQ1.U_CTL                                           |xsdbs_v1_0_2_reg_ctl_247                         |    22|
|370   |        reg_17                                                          |xsdbs_v1_0_2_reg__parameterized50                |    21|
|371   |          \I_EN_CTL_EQ1.U_CTL                                           |xsdbs_v1_0_2_reg_ctl_246                         |    21|
|372   |        reg_18                                                          |xsdbs_v1_0_2_reg__parameterized51                |    35|
|373   |          \I_EN_CTL_EQ1.U_CTL                                           |xsdbs_v1_0_2_reg_ctl_245                         |    35|
|374   |        reg_19                                                          |xsdbs_v1_0_2_reg__parameterized52                |    18|
|375   |          \I_EN_CTL_EQ1.U_CTL                                           |xsdbs_v1_0_2_reg_ctl_244                         |    18|
|376   |        reg_1a                                                          |xsdbs_v1_0_2_reg__parameterized53                |    23|
|377   |          \I_EN_CTL_EQ1.U_CTL                                           |xsdbs_v1_0_2_reg_ctl__parameterized1             |    23|
|378   |        reg_6                                                           |xsdbs_v1_0_2_reg__parameterized33                |    26|
|379   |          \I_EN_CTL_EQ1.U_CTL                                           |xsdbs_v1_0_2_reg_ctl_243                         |    26|
|380   |        reg_7                                                           |xsdbs_v1_0_2_reg__parameterized34                |    32|
|381   |          \I_EN_CTL_EQ1.U_CTL                                           |xsdbs_v1_0_2_reg_ctl__parameterized0             |    32|
|382   |        reg_8                                                           |xsdbs_v1_0_2_reg__parameterized35                |     6|
|383   |          \I_EN_STAT_EQ1.U_STAT                                         |xsdbs_v1_0_2_reg_stat_242                        |     6|
|384   |        reg_80                                                          |xsdbs_v1_0_2_reg__parameterized54                |    17|
|385   |          \I_EN_CTL_EQ1.U_CTL                                           |xsdbs_v1_0_2_reg_ctl__parameterized2_241         |    17|
|386   |        reg_81                                                          |xsdbs_v1_0_2_reg__parameterized55                |    17|
|387   |          \I_EN_CTL_EQ1.U_CTL                                           |xsdbs_v1_0_2_reg_ctl_240                         |    17|
|388   |        reg_82                                                          |xsdbs_v1_0_2_reg__parameterized56                |    17|
|389   |          \I_EN_CTL_EQ1.U_CTL                                           |xsdbs_v1_0_2_reg_ctl__parameterized2             |    17|
|390   |        reg_83                                                          |xsdbs_v1_0_2_reg__parameterized57                |    56|
|391   |          \I_EN_CTL_EQ1.U_CTL                                           |xsdbs_v1_0_2_reg_ctl_239                         |    56|
|392   |        reg_84                                                          |xsdbs_v1_0_2_reg__parameterized58                |    25|
|393   |          \I_EN_CTL_EQ1.U_CTL                                           |xsdbs_v1_0_2_reg_ctl_238                         |    25|
|394   |        reg_85                                                          |xsdbs_v1_0_2_reg__parameterized59                |    17|
|395   |          \I_EN_CTL_EQ1.U_CTL                                           |xsdbs_v1_0_2_reg_ctl_237                         |    17|
|396   |        reg_887                                                         |xsdbs_v1_0_2_reg__parameterized61                |     4|
|397   |          \I_EN_STAT_EQ1.U_STAT                                         |xsdbs_v1_0_2_reg_stat_236                        |     4|
|398   |        reg_88d                                                         |xsdbs_v1_0_2_reg__parameterized63                |     4|
|399   |          \I_EN_STAT_EQ1.U_STAT                                         |xsdbs_v1_0_2_reg_stat_235                        |     4|
|400   |        reg_88f                                                         |xsdbs_v1_0_2_reg__parameterized65                |    34|
|401   |          \I_EN_STAT_EQ1.U_STAT                                         |xsdbs_v1_0_2_reg_stat_234                        |    34|
|402   |        reg_892                                                         |xsdbs_v1_0_2_reg__parameterized64                |     4|
|403   |          \I_EN_STAT_EQ1.U_STAT                                         |xsdbs_v1_0_2_reg_stat_233                        |     4|
|404   |        reg_9                                                           |xsdbs_v1_0_2_reg__parameterized36                |    34|
|405   |          \I_EN_STAT_EQ1.U_STAT                                         |xsdbs_v1_0_2_reg_stat_232                        |    34|
|406   |        reg_srl_fff                                                     |xsdbs_v1_0_2_reg_p2s__parameterized52            |    93|
|407   |        reg_stream_ffd                                                  |xsdbs_v1_0_2_reg_stream__parameterized1          |    19|
|408   |          \I_EN_CTL_EQ1.U_CTL                                           |xsdbs_v1_0_2_reg_ctl                             |    19|
|409   |        reg_stream_ffe                                                  |xsdbs_v1_0_2_reg_stream__parameterized2          |    16|
|410   |          \I_EN_STAT_EQ1.U_STAT                                         |xsdbs_v1_0_2_reg_stat                            |    16|
|411   |      u_ila_reset_ctrl                                                  |ila_v6_2_8_ila_reset_ctrl                        |    47|
|412   |        arm_detection_inst                                              |ltlib_v1_0_0_rising_edge_detection               |     5|
|413   |        \asyncrounous_transfer.arm_in_transfer_inst                     |ltlib_v1_0_0_async_edge_xfer                     |     7|
|414   |        \asyncrounous_transfer.arm_out_transfer_inst                    |ltlib_v1_0_0_async_edge_xfer_228                 |     7|
|415   |        \asyncrounous_transfer.halt_in_transfer_inst                    |ltlib_v1_0_0_async_edge_xfer_229                 |     7|
|416   |        \asyncrounous_transfer.halt_out_transfer_inst                   |ltlib_v1_0_0_async_edge_xfer_230                 |     6|
|417   |        halt_detection_inst                                             |ltlib_v1_0_0_rising_edge_detection_231           |     6|
|418   |      u_trig                                                            |ila_v6_2_8_ila_trigger                           |   874|
|419   |        \N_DDR_TC.N_DDR_TC_INST[0].U_TC                                 |ltlib_v1_0_0_match                               |    14|
|420   |          \allx_typeA_match_detection.ltlib_v1_0_0_allx_typeA_inst      |ltlib_v1_0_0_allx_typeA_224                      |    13|
|421   |            DUT                                                         |ltlib_v1_0_0_all_typeA_225                       |    13|
|422   |              \I_WHOLE_SLICE.G_SLICE_IDX[0].U_ALL_SRL_SLICE             |ltlib_v1_0_0_all_typeA_slice_226                 |     5|
|423   |              \I_WHOLE_SLICE.G_SLICE_IDX[1].U_ALL_SRL_SLICE             |ltlib_v1_0_0_all_typeA_slice__parameterized0_227 |     6|
|424   |        \N_DDR_TC.N_DDR_TC_INST[10].U_TC                                |ltlib_v1_0_0_match_0                             |    14|
|425   |          \allx_typeA_match_detection.ltlib_v1_0_0_allx_typeA_inst      |ltlib_v1_0_0_allx_typeA_220                      |    13|
|426   |            DUT                                                         |ltlib_v1_0_0_all_typeA_221                       |    13|
|427   |              \I_WHOLE_SLICE.G_SLICE_IDX[0].U_ALL_SRL_SLICE             |ltlib_v1_0_0_all_typeA_slice_222                 |     5|
|428   |              \I_WHOLE_SLICE.G_SLICE_IDX[1].U_ALL_SRL_SLICE             |ltlib_v1_0_0_all_typeA_slice__parameterized0_223 |     6|
|429   |        \N_DDR_TC.N_DDR_TC_INST[11].U_TC                                |ltlib_v1_0_0_match_1                             |    14|
|430   |          \allx_typeA_match_detection.ltlib_v1_0_0_allx_typeA_inst      |ltlib_v1_0_0_allx_typeA_216                      |    13|
|431   |            DUT                                                         |ltlib_v1_0_0_all_typeA_217                       |    13|
|432   |              \I_WHOLE_SLICE.G_SLICE_IDX[0].U_ALL_SRL_SLICE             |ltlib_v1_0_0_all_typeA_slice_218                 |     5|
|433   |              \I_WHOLE_SLICE.G_SLICE_IDX[1].U_ALL_SRL_SLICE             |ltlib_v1_0_0_all_typeA_slice__parameterized0_219 |     6|
|434   |        \N_DDR_TC.N_DDR_TC_INST[12].U_TC                                |ltlib_v1_0_0_match_2                             |    14|
|435   |          \allx_typeA_match_detection.ltlib_v1_0_0_allx_typeA_inst      |ltlib_v1_0_0_allx_typeA_212                      |    13|
|436   |            DUT                                                         |ltlib_v1_0_0_all_typeA_213                       |    13|
|437   |              \I_WHOLE_SLICE.G_SLICE_IDX[0].U_ALL_SRL_SLICE             |ltlib_v1_0_0_all_typeA_slice_214                 |     5|
|438   |              \I_WHOLE_SLICE.G_SLICE_IDX[1].U_ALL_SRL_SLICE             |ltlib_v1_0_0_all_typeA_slice__parameterized0_215 |     6|
|439   |        \N_DDR_TC.N_DDR_TC_INST[13].U_TC                                |ltlib_v1_0_0_match_3                             |    14|
|440   |          \allx_typeA_match_detection.ltlib_v1_0_0_allx_typeA_inst      |ltlib_v1_0_0_allx_typeA_208                      |    13|
|441   |            DUT                                                         |ltlib_v1_0_0_all_typeA_209                       |    13|
|442   |              \I_WHOLE_SLICE.G_SLICE_IDX[0].U_ALL_SRL_SLICE             |ltlib_v1_0_0_all_typeA_slice_210                 |     5|
|443   |              \I_WHOLE_SLICE.G_SLICE_IDX[1].U_ALL_SRL_SLICE             |ltlib_v1_0_0_all_typeA_slice__parameterized0_211 |     6|
|444   |        \N_DDR_TC.N_DDR_TC_INST[14].U_TC                                |ltlib_v1_0_0_match_4                             |    14|
|445   |          \allx_typeA_match_detection.ltlib_v1_0_0_allx_typeA_inst      |ltlib_v1_0_0_allx_typeA_204                      |    13|
|446   |            DUT                                                         |ltlib_v1_0_0_all_typeA_205                       |    13|
|447   |              \I_WHOLE_SLICE.G_SLICE_IDX[0].U_ALL_SRL_SLICE             |ltlib_v1_0_0_all_typeA_slice_206                 |     5|
|448   |              \I_WHOLE_SLICE.G_SLICE_IDX[1].U_ALL_SRL_SLICE             |ltlib_v1_0_0_all_typeA_slice__parameterized0_207 |     6|
|449   |        \N_DDR_TC.N_DDR_TC_INST[15].U_TC                                |ltlib_v1_0_0_match_5                             |    14|
|450   |          \allx_typeA_match_detection.ltlib_v1_0_0_allx_typeA_inst      |ltlib_v1_0_0_allx_typeA_200                      |    13|
|451   |            DUT                                                         |ltlib_v1_0_0_all_typeA_201                       |    13|
|452   |              \I_WHOLE_SLICE.G_SLICE_IDX[0].U_ALL_SRL_SLICE             |ltlib_v1_0_0_all_typeA_slice_202                 |     5|
|453   |              \I_WHOLE_SLICE.G_SLICE_IDX[1].U_ALL_SRL_SLICE             |ltlib_v1_0_0_all_typeA_slice__parameterized0_203 |     6|
|454   |        \N_DDR_TC.N_DDR_TC_INST[16].U_TC                                |ltlib_v1_0_0_match_6                             |    14|
|455   |          \allx_typeA_match_detection.ltlib_v1_0_0_allx_typeA_inst      |ltlib_v1_0_0_allx_typeA_196                      |    13|
|456   |            DUT                                                         |ltlib_v1_0_0_all_typeA_197                       |    13|
|457   |              \I_WHOLE_SLICE.G_SLICE_IDX[0].U_ALL_SRL_SLICE             |ltlib_v1_0_0_all_typeA_slice_198                 |     5|
|458   |              \I_WHOLE_SLICE.G_SLICE_IDX[1].U_ALL_SRL_SLICE             |ltlib_v1_0_0_all_typeA_slice__parameterized0_199 |     6|
|459   |        \N_DDR_TC.N_DDR_TC_INST[17].U_TC                                |ltlib_v1_0_0_match_7                             |    14|
|460   |          \allx_typeA_match_detection.ltlib_v1_0_0_allx_typeA_inst      |ltlib_v1_0_0_allx_typeA_192                      |    13|
|461   |            DUT                                                         |ltlib_v1_0_0_all_typeA_193                       |    13|
|462   |              \I_WHOLE_SLICE.G_SLICE_IDX[0].U_ALL_SRL_SLICE             |ltlib_v1_0_0_all_typeA_slice_194                 |     5|
|463   |              \I_WHOLE_SLICE.G_SLICE_IDX[1].U_ALL_SRL_SLICE             |ltlib_v1_0_0_all_typeA_slice__parameterized0_195 |     6|
|464   |        \N_DDR_TC.N_DDR_TC_INST[18].U_TC                                |ltlib_v1_0_0_match_8                             |    14|
|465   |          \allx_typeA_match_detection.ltlib_v1_0_0_allx_typeA_inst      |ltlib_v1_0_0_allx_typeA_188                      |    13|
|466   |            DUT                                                         |ltlib_v1_0_0_all_typeA_189                       |    13|
|467   |              \I_WHOLE_SLICE.G_SLICE_IDX[0].U_ALL_SRL_SLICE             |ltlib_v1_0_0_all_typeA_slice_190                 |     5|
|468   |              \I_WHOLE_SLICE.G_SLICE_IDX[1].U_ALL_SRL_SLICE             |ltlib_v1_0_0_all_typeA_slice__parameterized0_191 |     6|
|469   |        \N_DDR_TC.N_DDR_TC_INST[19].U_TC                                |ltlib_v1_0_0_match_9                             |    14|
|470   |          \allx_typeA_match_detection.ltlib_v1_0_0_allx_typeA_inst      |ltlib_v1_0_0_allx_typeA_184                      |    13|
|471   |            DUT                                                         |ltlib_v1_0_0_all_typeA_185                       |    13|
|472   |              \I_WHOLE_SLICE.G_SLICE_IDX[0].U_ALL_SRL_SLICE             |ltlib_v1_0_0_all_typeA_slice_186                 |     5|
|473   |              \I_WHOLE_SLICE.G_SLICE_IDX[1].U_ALL_SRL_SLICE             |ltlib_v1_0_0_all_typeA_slice__parameterized0_187 |     6|
|474   |        \N_DDR_TC.N_DDR_TC_INST[1].U_TC                                 |ltlib_v1_0_0_match_10                            |    14|
|475   |          \allx_typeA_match_detection.ltlib_v1_0_0_allx_typeA_inst      |ltlib_v1_0_0_allx_typeA_180                      |    13|
|476   |            DUT                                                         |ltlib_v1_0_0_all_typeA_181                       |    13|
|477   |              \I_WHOLE_SLICE.G_SLICE_IDX[0].U_ALL_SRL_SLICE             |ltlib_v1_0_0_all_typeA_slice_182                 |     5|
|478   |              \I_WHOLE_SLICE.G_SLICE_IDX[1].U_ALL_SRL_SLICE             |ltlib_v1_0_0_all_typeA_slice__parameterized0_183 |     6|
|479   |        \N_DDR_TC.N_DDR_TC_INST[20].U_TC                                |ltlib_v1_0_0_match_11                            |    14|
|480   |          \allx_typeA_match_detection.ltlib_v1_0_0_allx_typeA_inst      |ltlib_v1_0_0_allx_typeA_176                      |    13|
|481   |            DUT                                                         |ltlib_v1_0_0_all_typeA_177                       |    13|
|482   |              \I_WHOLE_SLICE.G_SLICE_IDX[0].U_ALL_SRL_SLICE             |ltlib_v1_0_0_all_typeA_slice_178                 |     5|
|483   |              \I_WHOLE_SLICE.G_SLICE_IDX[1].U_ALL_SRL_SLICE             |ltlib_v1_0_0_all_typeA_slice__parameterized0_179 |     6|
|484   |        \N_DDR_TC.N_DDR_TC_INST[21].U_TC                                |ltlib_v1_0_0_match_12                            |    14|
|485   |          \allx_typeA_match_detection.ltlib_v1_0_0_allx_typeA_inst      |ltlib_v1_0_0_allx_typeA_172                      |    13|
|486   |            DUT                                                         |ltlib_v1_0_0_all_typeA_173                       |    13|
|487   |              \I_WHOLE_SLICE.G_SLICE_IDX[0].U_ALL_SRL_SLICE             |ltlib_v1_0_0_all_typeA_slice_174                 |     5|
|488   |              \I_WHOLE_SLICE.G_SLICE_IDX[1].U_ALL_SRL_SLICE             |ltlib_v1_0_0_all_typeA_slice__parameterized0_175 |     6|
|489   |        \N_DDR_TC.N_DDR_TC_INST[22].U_TC                                |ltlib_v1_0_0_match_13                            |    14|
|490   |          \allx_typeA_match_detection.ltlib_v1_0_0_allx_typeA_inst      |ltlib_v1_0_0_allx_typeA_168                      |    13|
|491   |            DUT                                                         |ltlib_v1_0_0_all_typeA_169                       |    13|
|492   |              \I_WHOLE_SLICE.G_SLICE_IDX[0].U_ALL_SRL_SLICE             |ltlib_v1_0_0_all_typeA_slice_170                 |     5|
|493   |              \I_WHOLE_SLICE.G_SLICE_IDX[1].U_ALL_SRL_SLICE             |ltlib_v1_0_0_all_typeA_slice__parameterized0_171 |     6|
|494   |        \N_DDR_TC.N_DDR_TC_INST[23].U_TC                                |ltlib_v1_0_0_match_14                            |    14|
|495   |          \allx_typeA_match_detection.ltlib_v1_0_0_allx_typeA_inst      |ltlib_v1_0_0_allx_typeA_164                      |    13|
|496   |            DUT                                                         |ltlib_v1_0_0_all_typeA_165                       |    13|
|497   |              \I_WHOLE_SLICE.G_SLICE_IDX[0].U_ALL_SRL_SLICE             |ltlib_v1_0_0_all_typeA_slice_166                 |     5|
|498   |              \I_WHOLE_SLICE.G_SLICE_IDX[1].U_ALL_SRL_SLICE             |ltlib_v1_0_0_all_typeA_slice__parameterized0_167 |     6|
|499   |        \N_DDR_TC.N_DDR_TC_INST[24].U_TC                                |ltlib_v1_0_0_match_15                            |    14|
|500   |          \allx_typeA_match_detection.ltlib_v1_0_0_allx_typeA_inst      |ltlib_v1_0_0_allx_typeA_160                      |    13|
|501   |            DUT                                                         |ltlib_v1_0_0_all_typeA_161                       |    13|
|502   |              \I_WHOLE_SLICE.G_SLICE_IDX[0].U_ALL_SRL_SLICE             |ltlib_v1_0_0_all_typeA_slice_162                 |     5|
|503   |              \I_WHOLE_SLICE.G_SLICE_IDX[1].U_ALL_SRL_SLICE             |ltlib_v1_0_0_all_typeA_slice__parameterized0_163 |     6|
|504   |        \N_DDR_TC.N_DDR_TC_INST[25].U_TC                                |ltlib_v1_0_0_match_16                            |    14|
|505   |          \allx_typeA_match_detection.ltlib_v1_0_0_allx_typeA_inst      |ltlib_v1_0_0_allx_typeA_156                      |    13|
|506   |            DUT                                                         |ltlib_v1_0_0_all_typeA_157                       |    13|
|507   |              \I_WHOLE_SLICE.G_SLICE_IDX[0].U_ALL_SRL_SLICE             |ltlib_v1_0_0_all_typeA_slice_158                 |     5|
|508   |              \I_WHOLE_SLICE.G_SLICE_IDX[1].U_ALL_SRL_SLICE             |ltlib_v1_0_0_all_typeA_slice__parameterized0_159 |     6|
|509   |        \N_DDR_TC.N_DDR_TC_INST[26].U_TC                                |ltlib_v1_0_0_match_17                            |    14|
|510   |          \allx_typeA_match_detection.ltlib_v1_0_0_allx_typeA_inst      |ltlib_v1_0_0_allx_typeA_152                      |    13|
|511   |            DUT                                                         |ltlib_v1_0_0_all_typeA_153                       |    13|
|512   |              \I_WHOLE_SLICE.G_SLICE_IDX[0].U_ALL_SRL_SLICE             |ltlib_v1_0_0_all_typeA_slice_154                 |     5|
|513   |              \I_WHOLE_SLICE.G_SLICE_IDX[1].U_ALL_SRL_SLICE             |ltlib_v1_0_0_all_typeA_slice__parameterized0_155 |     6|
|514   |        \N_DDR_TC.N_DDR_TC_INST[27].U_TC                                |ltlib_v1_0_0_match_18                            |    14|
|515   |          \allx_typeA_match_detection.ltlib_v1_0_0_allx_typeA_inst      |ltlib_v1_0_0_allx_typeA_148                      |    13|
|516   |            DUT                                                         |ltlib_v1_0_0_all_typeA_149                       |    13|
|517   |              \I_WHOLE_SLICE.G_SLICE_IDX[0].U_ALL_SRL_SLICE             |ltlib_v1_0_0_all_typeA_slice_150                 |     5|
|518   |              \I_WHOLE_SLICE.G_SLICE_IDX[1].U_ALL_SRL_SLICE             |ltlib_v1_0_0_all_typeA_slice__parameterized0_151 |     6|
|519   |        \N_DDR_TC.N_DDR_TC_INST[28].U_TC                                |ltlib_v1_0_0_match_19                            |    14|
|520   |          \allx_typeA_match_detection.ltlib_v1_0_0_allx_typeA_inst      |ltlib_v1_0_0_allx_typeA_144                      |    13|
|521   |            DUT                                                         |ltlib_v1_0_0_all_typeA_145                       |    13|
|522   |              \I_WHOLE_SLICE.G_SLICE_IDX[0].U_ALL_SRL_SLICE             |ltlib_v1_0_0_all_typeA_slice_146                 |     5|
|523   |              \I_WHOLE_SLICE.G_SLICE_IDX[1].U_ALL_SRL_SLICE             |ltlib_v1_0_0_all_typeA_slice__parameterized0_147 |     6|
|524   |        \N_DDR_TC.N_DDR_TC_INST[29].U_TC                                |ltlib_v1_0_0_match_20                            |    14|
|525   |          \allx_typeA_match_detection.ltlib_v1_0_0_allx_typeA_inst      |ltlib_v1_0_0_allx_typeA_140                      |    13|
|526   |            DUT                                                         |ltlib_v1_0_0_all_typeA_141                       |    13|
|527   |              \I_WHOLE_SLICE.G_SLICE_IDX[0].U_ALL_SRL_SLICE             |ltlib_v1_0_0_all_typeA_slice_142                 |     5|
|528   |              \I_WHOLE_SLICE.G_SLICE_IDX[1].U_ALL_SRL_SLICE             |ltlib_v1_0_0_all_typeA_slice__parameterized0_143 |     6|
|529   |        \N_DDR_TC.N_DDR_TC_INST[2].U_TC                                 |ltlib_v1_0_0_match_21                            |    14|
|530   |          \allx_typeA_match_detection.ltlib_v1_0_0_allx_typeA_inst      |ltlib_v1_0_0_allx_typeA_136                      |    13|
|531   |            DUT                                                         |ltlib_v1_0_0_all_typeA_137                       |    13|
|532   |              \I_WHOLE_SLICE.G_SLICE_IDX[0].U_ALL_SRL_SLICE             |ltlib_v1_0_0_all_typeA_slice_138                 |     5|
|533   |              \I_WHOLE_SLICE.G_SLICE_IDX[1].U_ALL_SRL_SLICE             |ltlib_v1_0_0_all_typeA_slice__parameterized0_139 |     6|
|534   |        \N_DDR_TC.N_DDR_TC_INST[30].U_TC                                |ltlib_v1_0_0_match_22                            |    14|
|535   |          \allx_typeA_match_detection.ltlib_v1_0_0_allx_typeA_inst      |ltlib_v1_0_0_allx_typeA_132                      |    13|
|536   |            DUT                                                         |ltlib_v1_0_0_all_typeA_133                       |    13|
|537   |              \I_WHOLE_SLICE.G_SLICE_IDX[0].U_ALL_SRL_SLICE             |ltlib_v1_0_0_all_typeA_slice_134                 |     5|
|538   |              \I_WHOLE_SLICE.G_SLICE_IDX[1].U_ALL_SRL_SLICE             |ltlib_v1_0_0_all_typeA_slice__parameterized0_135 |     6|
|539   |        \N_DDR_TC.N_DDR_TC_INST[31].U_TC                                |ltlib_v1_0_0_match_23                            |    14|
|540   |          \allx_typeA_match_detection.ltlib_v1_0_0_allx_typeA_inst      |ltlib_v1_0_0_allx_typeA_128                      |    13|
|541   |            DUT                                                         |ltlib_v1_0_0_all_typeA_129                       |    13|
|542   |              \I_WHOLE_SLICE.G_SLICE_IDX[0].U_ALL_SRL_SLICE             |ltlib_v1_0_0_all_typeA_slice_130                 |     5|
|543   |              \I_WHOLE_SLICE.G_SLICE_IDX[1].U_ALL_SRL_SLICE             |ltlib_v1_0_0_all_typeA_slice__parameterized0_131 |     6|
|544   |        \N_DDR_TC.N_DDR_TC_INST[3].U_TC                                 |ltlib_v1_0_0_match_24                            |    14|
|545   |          \allx_typeA_match_detection.ltlib_v1_0_0_allx_typeA_inst      |ltlib_v1_0_0_allx_typeA_124                      |    13|
|546   |            DUT                                                         |ltlib_v1_0_0_all_typeA_125                       |    13|
|547   |              \I_WHOLE_SLICE.G_SLICE_IDX[0].U_ALL_SRL_SLICE             |ltlib_v1_0_0_all_typeA_slice_126                 |     5|
|548   |              \I_WHOLE_SLICE.G_SLICE_IDX[1].U_ALL_SRL_SLICE             |ltlib_v1_0_0_all_typeA_slice__parameterized0_127 |     6|
|549   |        \N_DDR_TC.N_DDR_TC_INST[4].U_TC                                 |ltlib_v1_0_0_match_25                            |    14|
|550   |          \allx_typeA_match_detection.ltlib_v1_0_0_allx_typeA_inst      |ltlib_v1_0_0_allx_typeA_120                      |    13|
|551   |            DUT                                                         |ltlib_v1_0_0_all_typeA_121                       |    13|
|552   |              \I_WHOLE_SLICE.G_SLICE_IDX[0].U_ALL_SRL_SLICE             |ltlib_v1_0_0_all_typeA_slice_122                 |     5|
|553   |              \I_WHOLE_SLICE.G_SLICE_IDX[1].U_ALL_SRL_SLICE             |ltlib_v1_0_0_all_typeA_slice__parameterized0_123 |     6|
|554   |        \N_DDR_TC.N_DDR_TC_INST[5].U_TC                                 |ltlib_v1_0_0_match_26                            |    14|
|555   |          \allx_typeA_match_detection.ltlib_v1_0_0_allx_typeA_inst      |ltlib_v1_0_0_allx_typeA_116                      |    13|
|556   |            DUT                                                         |ltlib_v1_0_0_all_typeA_117                       |    13|
|557   |              \I_WHOLE_SLICE.G_SLICE_IDX[0].U_ALL_SRL_SLICE             |ltlib_v1_0_0_all_typeA_slice_118                 |     5|
|558   |              \I_WHOLE_SLICE.G_SLICE_IDX[1].U_ALL_SRL_SLICE             |ltlib_v1_0_0_all_typeA_slice__parameterized0_119 |     6|
|559   |        \N_DDR_TC.N_DDR_TC_INST[6].U_TC                                 |ltlib_v1_0_0_match_27                            |    14|
|560   |          \allx_typeA_match_detection.ltlib_v1_0_0_allx_typeA_inst      |ltlib_v1_0_0_allx_typeA_112                      |    13|
|561   |            DUT                                                         |ltlib_v1_0_0_all_typeA_113                       |    13|
|562   |              \I_WHOLE_SLICE.G_SLICE_IDX[0].U_ALL_SRL_SLICE             |ltlib_v1_0_0_all_typeA_slice_114                 |     5|
|563   |              \I_WHOLE_SLICE.G_SLICE_IDX[1].U_ALL_SRL_SLICE             |ltlib_v1_0_0_all_typeA_slice__parameterized0_115 |     6|
|564   |        \N_DDR_TC.N_DDR_TC_INST[7].U_TC                                 |ltlib_v1_0_0_match_28                            |    14|
|565   |          \allx_typeA_match_detection.ltlib_v1_0_0_allx_typeA_inst      |ltlib_v1_0_0_allx_typeA_108                      |    13|
|566   |            DUT                                                         |ltlib_v1_0_0_all_typeA_109                       |    13|
|567   |              \I_WHOLE_SLICE.G_SLICE_IDX[0].U_ALL_SRL_SLICE             |ltlib_v1_0_0_all_typeA_slice_110                 |     5|
|568   |              \I_WHOLE_SLICE.G_SLICE_IDX[1].U_ALL_SRL_SLICE             |ltlib_v1_0_0_all_typeA_slice__parameterized0_111 |     6|
|569   |        \N_DDR_TC.N_DDR_TC_INST[8].U_TC                                 |ltlib_v1_0_0_match_29                            |    14|
|570   |          \allx_typeA_match_detection.ltlib_v1_0_0_allx_typeA_inst      |ltlib_v1_0_0_allx_typeA_104                      |    13|
|571   |            DUT                                                         |ltlib_v1_0_0_all_typeA_105                       |    13|
|572   |              \I_WHOLE_SLICE.G_SLICE_IDX[0].U_ALL_SRL_SLICE             |ltlib_v1_0_0_all_typeA_slice_106                 |     5|
|573   |              \I_WHOLE_SLICE.G_SLICE_IDX[1].U_ALL_SRL_SLICE             |ltlib_v1_0_0_all_typeA_slice__parameterized0_107 |     6|
|574   |        \N_DDR_TC.N_DDR_TC_INST[9].U_TC                                 |ltlib_v1_0_0_match_30                            |    14|
|575   |          \allx_typeA_match_detection.ltlib_v1_0_0_allx_typeA_inst      |ltlib_v1_0_0_allx_typeA_100                      |    13|
|576   |            DUT                                                         |ltlib_v1_0_0_all_typeA_101                       |    13|
|577   |              \I_WHOLE_SLICE.G_SLICE_IDX[0].U_ALL_SRL_SLICE             |ltlib_v1_0_0_all_typeA_slice_102                 |     5|
|578   |              \I_WHOLE_SLICE.G_SLICE_IDX[1].U_ALL_SRL_SLICE             |ltlib_v1_0_0_all_typeA_slice__parameterized0_103 |     6|
|579   |        \STRG_QUAL.U_STRG_QUAL                                          |ltlib_v1_0_0_match_31                            |    30|
|580   |          \allx_typeA_match_detection.ltlib_v1_0_0_allx_typeA_inst      |ltlib_v1_0_0_allx_typeA                          |    29|
|581   |            DUT                                                         |ltlib_v1_0_0_all_typeA_97                        |    13|
|582   |              \I_WHOLE_SLICE.G_SLICE_IDX[0].U_ALL_SRL_SLICE             |ltlib_v1_0_0_all_typeA_slice_98                  |     5|
|583   |              \I_WHOLE_SLICE.G_SLICE_IDX[1].U_ALL_SRL_SLICE             |ltlib_v1_0_0_all_typeA_slice__parameterized0_99  |     6|
|584   |        U_TM                                                            |ila_v6_2_8_ila_trig_match                        |   348|
|585   |          \N_DDR_MODE.G_NMU[0].U_M                                      |ltlib_v1_0_0_match__parameterized0               |    11|
|586   |            \allx_typeA_match_detection.ltlib_v1_0_0_allx_typeA_inst    |ltlib_v1_0_0_allx_typeA__parameterized0_94       |    10|
|587   |              DUT                                                       |ltlib_v1_0_0_all_typeA__parameterized0_95        |     8|
|588   |                \I_WHOLE_SLICE.G_SLICE_IDX[0].U_ALL_SRL_SLICE           |ltlib_v1_0_0_all_typeA_slice__parameterized0_96  |     6|
|589   |          \N_DDR_MODE.G_NMU[10].U_M                                     |ltlib_v1_0_0_match__parameterized0_32            |    11|
|590   |            \allx_typeA_match_detection.ltlib_v1_0_0_allx_typeA_inst    |ltlib_v1_0_0_allx_typeA__parameterized0_91       |    10|
|591   |              DUT                                                       |ltlib_v1_0_0_all_typeA__parameterized0_92        |     8|
|592   |                \I_WHOLE_SLICE.G_SLICE_IDX[0].U_ALL_SRL_SLICE           |ltlib_v1_0_0_all_typeA_slice__parameterized0_93  |     6|
|593   |          \N_DDR_MODE.G_NMU[11].U_M                                     |ltlib_v1_0_0_match__parameterized0_33            |     9|
|594   |            \allx_typeA_match_detection.ltlib_v1_0_0_allx_typeA_inst    |ltlib_v1_0_0_allx_typeA__parameterized0_88       |     8|
|595   |              DUT                                                       |ltlib_v1_0_0_all_typeA__parameterized0_89        |     8|
|596   |                \I_WHOLE_SLICE.G_SLICE_IDX[0].U_ALL_SRL_SLICE           |ltlib_v1_0_0_all_typeA_slice__parameterized0_90  |     6|
|597   |          \N_DDR_MODE.G_NMU[12].U_M                                     |ltlib_v1_0_0_match__parameterized0_34            |    11|
|598   |            \allx_typeA_match_detection.ltlib_v1_0_0_allx_typeA_inst    |ltlib_v1_0_0_allx_typeA__parameterized0_85       |    10|
|599   |              DUT                                                       |ltlib_v1_0_0_all_typeA__parameterized0_86        |     8|
|600   |                \I_WHOLE_SLICE.G_SLICE_IDX[0].U_ALL_SRL_SLICE           |ltlib_v1_0_0_all_typeA_slice__parameterized0_87  |     6|
|601   |          \N_DDR_MODE.G_NMU[13].U_M                                     |ltlib_v1_0_0_match__parameterized0_35            |     9|
|602   |            \allx_typeA_match_detection.ltlib_v1_0_0_allx_typeA_inst    |ltlib_v1_0_0_allx_typeA__parameterized0_82       |     8|
|603   |              DUT                                                       |ltlib_v1_0_0_all_typeA__parameterized0_83        |     8|
|604   |                \I_WHOLE_SLICE.G_SLICE_IDX[0].U_ALL_SRL_SLICE           |ltlib_v1_0_0_all_typeA_slice__parameterized0_84  |     6|
|605   |          \N_DDR_MODE.G_NMU[14].U_M                                     |ltlib_v1_0_0_match__parameterized2               |    88|
|606   |            \allx_typeA_match_detection.ltlib_v1_0_0_allx_typeA_inst    |ltlib_v1_0_0_allx_typeA__parameterized2_76       |    87|
|607   |              DUT                                                       |ltlib_v1_0_0_all_typeA__parameterized1_77        |    23|
|608   |                \I_WHOLE_SLICE.G_SLICE_IDX[0].U_ALL_SRL_SLICE           |ltlib_v1_0_0_all_typeA_slice_78                  |     5|
|609   |                \I_WHOLE_SLICE.G_SLICE_IDX[1].U_ALL_SRL_SLICE           |ltlib_v1_0_0_all_typeA_slice_79                  |     5|
|610   |                \I_WHOLE_SLICE.G_SLICE_IDX[2].U_ALL_SRL_SLICE           |ltlib_v1_0_0_all_typeA_slice_80                  |     5|
|611   |                \I_WHOLE_SLICE.G_SLICE_IDX[3].U_ALL_SRL_SLICE           |ltlib_v1_0_0_all_typeA_slice__parameterized0_81  |     6|
|612   |          \N_DDR_MODE.G_NMU[15].U_M                                     |ltlib_v1_0_0_match__parameterized2_36            |    24|
|613   |            \allx_typeA_match_detection.ltlib_v1_0_0_allx_typeA_inst    |ltlib_v1_0_0_allx_typeA__parameterized2          |    23|
|614   |              DUT                                                       |ltlib_v1_0_0_all_typeA__parameterized1           |    23|
|615   |                \I_WHOLE_SLICE.G_SLICE_IDX[0].U_ALL_SRL_SLICE           |ltlib_v1_0_0_all_typeA_slice_72                  |     5|
|616   |                \I_WHOLE_SLICE.G_SLICE_IDX[1].U_ALL_SRL_SLICE           |ltlib_v1_0_0_all_typeA_slice_73                  |     5|
|617   |                \I_WHOLE_SLICE.G_SLICE_IDX[2].U_ALL_SRL_SLICE           |ltlib_v1_0_0_all_typeA_slice_74                  |     5|
|618   |                \I_WHOLE_SLICE.G_SLICE_IDX[3].U_ALL_SRL_SLICE           |ltlib_v1_0_0_all_typeA_slice__parameterized0_75  |     6|
|619   |          \N_DDR_MODE.G_NMU[1].U_M                                      |ltlib_v1_0_0_match__parameterized0_37            |     9|
|620   |            \allx_typeA_match_detection.ltlib_v1_0_0_allx_typeA_inst    |ltlib_v1_0_0_allx_typeA__parameterized0_69       |     8|
|621   |              DUT                                                       |ltlib_v1_0_0_all_typeA__parameterized0_70        |     8|
|622   |                \I_WHOLE_SLICE.G_SLICE_IDX[0].U_ALL_SRL_SLICE           |ltlib_v1_0_0_all_typeA_slice__parameterized0_71  |     6|
|623   |          \N_DDR_MODE.G_NMU[2].U_M                                      |ltlib_v1_0_0_match__parameterized1               |    38|
|624   |            \allx_typeA_match_detection.ltlib_v1_0_0_allx_typeA_inst    |ltlib_v1_0_0_allx_typeA__parameterized1_65       |    37|
|625   |              DUT                                                       |ltlib_v1_0_0_all_typeA_66                        |    13|
|626   |                \I_WHOLE_SLICE.G_SLICE_IDX[0].U_ALL_SRL_SLICE           |ltlib_v1_0_0_all_typeA_slice_67                  |     5|
|627   |                \I_WHOLE_SLICE.G_SLICE_IDX[1].U_ALL_SRL_SLICE           |ltlib_v1_0_0_all_typeA_slice__parameterized0_68  |     6|
|628   |          \N_DDR_MODE.G_NMU[3].U_M                                      |ltlib_v1_0_0_match__parameterized1_38            |    14|
|629   |            \allx_typeA_match_detection.ltlib_v1_0_0_allx_typeA_inst    |ltlib_v1_0_0_allx_typeA__parameterized1_61       |    13|
|630   |              DUT                                                       |ltlib_v1_0_0_all_typeA_62                        |    13|
|631   |                \I_WHOLE_SLICE.G_SLICE_IDX[0].U_ALL_SRL_SLICE           |ltlib_v1_0_0_all_typeA_slice_63                  |     5|
|632   |                \I_WHOLE_SLICE.G_SLICE_IDX[1].U_ALL_SRL_SLICE           |ltlib_v1_0_0_all_typeA_slice__parameterized0_64  |     6|
|633   |          \N_DDR_MODE.G_NMU[4].U_M                                      |ltlib_v1_0_0_match__parameterized1_39            |    38|
|634   |            \allx_typeA_match_detection.ltlib_v1_0_0_allx_typeA_inst    |ltlib_v1_0_0_allx_typeA__parameterized1_57       |    37|
|635   |              DUT                                                       |ltlib_v1_0_0_all_typeA_58                        |    13|
|636   |                \I_WHOLE_SLICE.G_SLICE_IDX[0].U_ALL_SRL_SLICE           |ltlib_v1_0_0_all_typeA_slice_59                  |     5|
|637   |                \I_WHOLE_SLICE.G_SLICE_IDX[1].U_ALL_SRL_SLICE           |ltlib_v1_0_0_all_typeA_slice__parameterized0_60  |     6|
|638   |          \N_DDR_MODE.G_NMU[5].U_M                                      |ltlib_v1_0_0_match__parameterized1_40            |    14|
|639   |            \allx_typeA_match_detection.ltlib_v1_0_0_allx_typeA_inst    |ltlib_v1_0_0_allx_typeA__parameterized1_53       |    13|
|640   |              DUT                                                       |ltlib_v1_0_0_all_typeA_54                        |    13|
|641   |                \I_WHOLE_SLICE.G_SLICE_IDX[0].U_ALL_SRL_SLICE           |ltlib_v1_0_0_all_typeA_slice_55                  |     5|
|642   |                \I_WHOLE_SLICE.G_SLICE_IDX[1].U_ALL_SRL_SLICE           |ltlib_v1_0_0_all_typeA_slice__parameterized0_56  |     6|
|643   |          \N_DDR_MODE.G_NMU[6].U_M                                      |ltlib_v1_0_0_match__parameterized0_41            |    11|
|644   |            \allx_typeA_match_detection.ltlib_v1_0_0_allx_typeA_inst    |ltlib_v1_0_0_allx_typeA__parameterized0_50       |    10|
|645   |              DUT                                                       |ltlib_v1_0_0_all_typeA__parameterized0_51        |     8|
|646   |                \I_WHOLE_SLICE.G_SLICE_IDX[0].U_ALL_SRL_SLICE           |ltlib_v1_0_0_all_typeA_slice__parameterized0_52  |     6|
|647   |          \N_DDR_MODE.G_NMU[7].U_M                                      |ltlib_v1_0_0_match__parameterized0_42            |     9|
|648   |            \allx_typeA_match_detection.ltlib_v1_0_0_allx_typeA_inst    |ltlib_v1_0_0_allx_typeA__parameterized0          |     8|
|649   |              DUT                                                       |ltlib_v1_0_0_all_typeA__parameterized0           |     8|
|650   |                \I_WHOLE_SLICE.G_SLICE_IDX[0].U_ALL_SRL_SLICE           |ltlib_v1_0_0_all_typeA_slice__parameterized0_49  |     6|
|651   |          \N_DDR_MODE.G_NMU[8].U_M                                      |ltlib_v1_0_0_match__parameterized1_43            |    38|
|652   |            \allx_typeA_match_detection.ltlib_v1_0_0_allx_typeA_inst    |ltlib_v1_0_0_allx_typeA__parameterized1_45       |    37|
|653   |              DUT                                                       |ltlib_v1_0_0_all_typeA_46                        |    13|
|654   |                \I_WHOLE_SLICE.G_SLICE_IDX[0].U_ALL_SRL_SLICE           |ltlib_v1_0_0_all_typeA_slice_47                  |     5|
|655   |                \I_WHOLE_SLICE.G_SLICE_IDX[1].U_ALL_SRL_SLICE           |ltlib_v1_0_0_all_typeA_slice__parameterized0_48  |     6|
|656   |          \N_DDR_MODE.G_NMU[9].U_M                                      |ltlib_v1_0_0_match__parameterized1_44            |    14|
|657   |            \allx_typeA_match_detection.ltlib_v1_0_0_allx_typeA_inst    |ltlib_v1_0_0_allx_typeA__parameterized1          |    13|
|658   |              DUT                                                       |ltlib_v1_0_0_all_typeA                           |    13|
|659   |                \I_WHOLE_SLICE.G_SLICE_IDX[0].U_ALL_SRL_SLICE           |ltlib_v1_0_0_all_typeA_slice                     |     5|
|660   |                \I_WHOLE_SLICE.G_SLICE_IDX[1].U_ALL_SRL_SLICE           |ltlib_v1_0_0_all_typeA_slice__parameterized0     |     6|
|661   |      xsdb_memory_read_inst                                             |ltlib_v1_0_0_generic_memrd                       |   473|
+------+------------------------------------------------------------------------+-------------------------------------------------+------+
---------------------------------------------------------------------------------
Finished Writing Synthesis Report : Time (s): cpu = 00:02:30 ; elapsed = 00:02:34 . Memory (MB): peak = 1111.000 ; gain = 716.242
---------------------------------------------------------------------------------
Synthesis finished with 0 errors, 0 critical warnings and 5935 warnings.
Synthesis Optimization Runtime : Time (s): cpu = 00:00:26 ; elapsed = 00:02:26 . Memory (MB): peak = 1111.000 ; gain = 565.750
Synthesis Optimization Complete : Time (s): cpu = 00:02:30 ; elapsed = 00:02:35 . Memory (MB): peak = 1111.000 ; gain = 716.242
INFO: [Project 1-571] Translating synthesized netlist
INFO: [Netlist 29-17] Analyzing 1154 Unisim elements for replacement
INFO: [Netlist 29-28] Unisim Transformation completed in 0 CPU seconds
INFO: [Project 1-570] Preparing netlist for logic optimization
INFO: [Opt 31-138] Pushed 0 inverter(s) to 0 load pin(s).
Netlist sorting complete. Time (s): cpu = 00:00:00 ; elapsed = 00:00:00.004 . Memory (MB): peak = 1111.000 ; gain = 0.000
INFO: [Project 1-111] Unisim Transformation Summary:
  A total of 484 instances were transformed.
  CFGLUT5 => CFGLUT5 (SRLC32E, SRL16E): 400 instances
  CFGLUT5 => SRLC32E: 52 instances
  RAM64M => RAM64M (RAMD64E, RAMD64E, RAMD64E, RAMD64E): 32 instances

INFO: [Common 17-83] Releasing license: Synthesis
497 Infos, 102 Warnings, 0 Critical Warnings and 0 Errors encountered.
synth_design completed successfully
synth_design: Time (s): cpu = 00:02:33 ; elapsed = 00:02:39 . Memory (MB): peak = 1111.000 ; gain = 717.996
Netlist sorting complete. Time (s): cpu = 00:00:00 ; elapsed = 00:00:00.004 . Memory (MB): peak = 1111.000 ; gain = 0.000
WARNING: [Constraints 18-5210] No constraints selected for write.
Resolution: This message can indicate that there are no constraints for the design, or it can indicate that the used_in flags are set such that the constraints are ignored. This later case is used when running synth_design to not write synthesis constraints to the resulting checkpoint. Instead, project constraints are read when the synthesized design is opened.
INFO: [Common 17-1381] The checkpoint 'F:/FPGA/work_space/AD_DA_tran/AD_DA_tran.runs/ila_2_synth_1/ila_2.dcp' has been generated.
INFO: [Coretcl 2-1648] Added synthesis output to IP cache for IP ila_2, cache-ID = e64b710d0bd12f03
INFO: [Coretcl 2-1174] Renamed 660 cell refs.
Netlist sorting complete. Time (s): cpu = 00:00:01 ; elapsed = 00:00:00.010 . Memory (MB): peak = 1111.000 ; gain = 0.000
WARNING: [Constraints 18-5210] No constraints selected for write.
Resolution: This message can indicate that there are no constraints for the design, or it can indicate that the used_in flags are set such that the constraints are ignored. This later case is used when running synth_design to not write synthesis constraints to the resulting checkpoint. Instead, project constraints are read when the synthesized design is opened.
INFO: [Common 17-1381] The checkpoint 'F:/FPGA/work_space/AD_DA_tran/AD_DA_tran.runs/ila_2_synth_1/ila_2.dcp' has been generated.
INFO: [runtcl-4] Executing : report_utilization -file ila_2_utilization_synth.rpt -pb ila_2_utilization_synth.pb
INFO: [Common 17-206] Exiting Vivado at Sat Oct 25 22:54:18 2025...
[Sat Oct 25 22:54:23 2025] ila_2_synth_1 finished
wait_on_run: Time (s): cpu = 00:00:06 ; elapsed = 00:02:56 . Memory (MB): peak = 1604.883 ; gain = 0.000
export_simulation -of_objects [get_files F:/FPGA/work_space/AD_DA_tran/AD_DA_tran.srcs/sources_1/ip/ila_2/ila_2.xci] -directory F:/FPGA/work_space/AD_DA_tran/AD_DA_tran.ip_user_files/sim_scripts -ip_user_files_dir F:/FPGA/work_space/AD_DA_tran/AD_DA_tran.ip_user_files -ipstatic_source_dir F:/FPGA/work_space/AD_DA_tran/AD_DA_tran.ip_user_files/ipstatic -lib_map_path [list {modelsim=F:/FPGA/work_space/AD_DA_tran/AD_DA_tran.cache/compile_simlib/modelsim} {questa=F:/FPGA/work_space/AD_DA_tran/AD_DA_tran.cache/compile_simlib/questa} {riviera=F:/FPGA/work_space/AD_DA_tran/AD_DA_tran.cache/compile_simlib/riviera} {activehdl=F:/FPGA/work_space/AD_DA_tran/AD_DA_tran.cache/compile_simlib/activehdl}] -use_ip_compiled_libs -force -quiet
reset_run synth_1
launch_runs impl_1 -to_step write_bitstream -jobs 12
[Sat Oct 25 22:55:05 2025] Launched synth_1...
Run output will be captured here: F:/FPGA/work_space/AD_DA_tran/AD_DA_tran.runs/synth_1/runme.log
[Sat Oct 25 22:55:05 2025] Launched impl_1...
Run output will be captured here: F:/FPGA/work_space/AD_DA_tran/AD_DA_tran.runs/impl_1/runme.log
open_hw
connect_hw_server
INFO: [Labtools 27-2285] Connecting to hw_server url TCP:localhost:3121
INFO: [Labtools 27-2222] Launching hw_server...
INFO: [Labtools 27-2221] Launch Output:

****** Xilinx hw_server v2018.3
  **** Build date : Dec  7 2018-00:40:27
    ** Copyright 1986-2018 Xilinx, Inc. All Rights Reserved.


open_hw_target
INFO: [Labtoolstcl 44-466] Opening hw_target localhost:3121/xilinx_tcf/Digilent/210357A7D00EA
set_property PROGRAM.FILE {F:/FPGA/work_space/AD_DA_tran/AD_DA_tran.runs/impl_1/FIFO_to_FFT.bit} [get_hw_devices xc7z020_1]
set_property PROBES.FILE {F:/FPGA/work_space/AD_DA_tran/AD_DA_tran.runs/impl_1/FIFO_to_FFT.ltx} [get_hw_devices xc7z020_1]
set_property FULL_PROBES.FILE {F:/FPGA/work_space/AD_DA_tran/AD_DA_tran.runs/impl_1/FIFO_to_FFT.ltx} [get_hw_devices xc7z020_1]
current_hw_device [get_hw_devices xc7z020_1]
refresh_hw_device [lindex [get_hw_devices xc7z020_1] 0]
INFO: [Labtools 27-1435] Device xc7z020 (JTAG device index = 1) is not programmed (DONE status = 0).
set_property PROBES.FILE {F:/FPGA/work_space/AD_DA_tran/AD_DA_tran.runs/impl_1/FIFO_to_FFT.ltx} [get_hw_devices xc7z020_1]
set_property FULL_PROBES.FILE {F:/FPGA/work_space/AD_DA_tran/AD_DA_tran.runs/impl_1/FIFO_to_FFT.ltx} [get_hw_devices xc7z020_1]
set_property PROGRAM.FILE {F:/FPGA/work_space/AD_DA_tran/AD_DA_tran.runs/impl_1/FIFO_to_FFT.bit} [get_hw_devices xc7z020_1]
program_hw_devices [get_hw_devices xc7z020_1]
INFO: [Labtools 27-3164] End of startup status: HIGH
refresh_hw_device [lindex [get_hw_devices xc7z020_1] 0]
INFO: [Labtools 27-2302] Device xc7z020 (JTAG device index = 1) is programmed with a design that has 1 ILA core(s).
display_hw_ila_data [ get_hw_ila_data hw_ila_data_1 -of_objects [get_hw_ilas -of_objects [get_hw_devices xc7z020_1] -filter {CELL_NAME=~"u_ila_2"}]]
startgroup 
set_property CONTROL.DATA_DEPTH 8192 [get_hw_ilas -of_objects [get_hw_devices xc7z020_1] -filter {CELL_NAME=~"u_ila_2"}]
set_property CONTROL.WINDOW_COUNT 5 [get_hw_ilas -of_objects [get_hw_devices xc7z020_1] -filter {CELL_NAME=~"u_ila_2"}]
endgroup
run_hw_ila [get_hw_ilas -of_objects [get_hw_devices xc7z020_1] -filter {CELL_NAME=~"u_ila_2"}]
INFO: [Labtools 27-1964] The ILA core 'hw_ila_1' trigger was armed at 2025-Oct-25 22:59:02
wait_on_hw_ila [get_hw_ilas -of_objects [get_hw_devices xc7z020_1] -filter {CELL_NAME=~"u_ila_2"}]
display_hw_ila_data [upload_hw_ila_data [get_hw_ilas -of_objects [get_hw_devices xc7z020_1] -filter {CELL_NAME=~"u_ila_2"}]]
INFO: [Labtools 27-2214] The ILA core 'hw_ila_1' triggered in the last of '5' windows, at 2025-Oct-25 22:59:11.
INFO: [Labtools 27-3304] ILA Waveform data saved to file F:/FPGA/work_space/AD_DA_tran/AD_DA_tran.hw/backup/hw_ila_data_1.ila. Use Tcl command 'read_hw_ila_data' or Vivado File->Import->Import ILA Data menu item to import the previously saved data.
set_property CONTROL.TRIGGER_MODE ADVANCED_ONLY [get_hw_ilas -of_objects [get_hw_devices xc7z020_1] -filter {CELL_NAME=~"u_ila_2"}]
set_property CONTROL.TRIGGER_MODE BASIC_ONLY [get_hw_ilas -of_objects [get_hw_devices xc7z020_1] -filter {CELL_NAME=~"u_ila_2"}]
set_property CONTROL.CAPTURE_MODE BASIC [get_hw_ilas -of_objects [get_hw_devices xc7z020_1] -filter {CELL_NAME=~"u_ila_2"}]
set_property CAPTURE_COMPARE_VALUE eq1'b1 [get_hw_probes m_axis_data_tvalid -of_objects [get_hw_ilas -of_objects [get_hw_devices xc7z020_1] -filter {CELL_NAME=~"u_ila_2"}]]
set_property CONTROL.WINDOW_COUNT 1 [get_hw_ilas -of_objects [get_hw_devices xc7z020_1] -filter {CELL_NAME=~"u_ila_2"}]
run_hw_ila [get_hw_ilas -of_objects [get_hw_devices xc7z020_1] -filter {CELL_NAME=~"u_ila_2"}]
INFO: [Labtools 27-1964] The ILA core 'hw_ila_1' trigger was armed at 2025-Oct-25 23:01:21
wait_on_hw_ila [get_hw_ilas -of_objects [get_hw_devices xc7z020_1] -filter {CELL_NAME=~"u_ila_2"}]
display_hw_ila_data [upload_hw_ila_data [get_hw_ilas -of_objects [get_hw_devices xc7z020_1] -filter {CELL_NAME=~"u_ila_2"}]]
INFO: [Labtools 27-1966] The ILA core 'hw_ila_1' triggered at 2025-Oct-25 23:01:30
INFO: [Labtools 27-3304] ILA Waveform data saved to file F:/FPGA/work_space/AD_DA_tran/AD_DA_tran.hw/backup/hw_ila_data_1.ila. Use Tcl command 'read_hw_ila_data' or Vivado File->Import->Import ILA Data menu item to import the previously saved data.
set_property CONTROL.DATA_DEPTH 65536 [get_hw_ilas -of_objects [get_hw_devices xc7z020_1] -filter {CELL_NAME=~"u_ila_2"}]
run_hw_ila [get_hw_ilas -of_objects [get_hw_devices xc7z020_1] -filter {CELL_NAME=~"u_ila_2"}]
INFO: [Labtools 27-1964] The ILA core 'hw_ila_1' trigger was armed at 2025-Oct-25 23:02:05
wait_on_hw_ila [get_hw_ilas -of_objects [get_hw_devices xc7z020_1] -filter {CELL_NAME=~"u_ila_2"}]
display_hw_ila_data [upload_hw_ila_data [get_hw_ilas -of_objects [get_hw_devices xc7z020_1] -filter {CELL_NAME=~"u_ila_2"}]]
INFO: [Labtools 27-1966] The ILA core 'hw_ila_1' triggered at 2025-Oct-25 23:02:28
INFO: [Labtools 27-3304] ILA Waveform data saved to file F:/FPGA/work_space/AD_DA_tran/AD_DA_tran.hw/backup/hw_ila_data_1.ila. Use Tcl command 'read_hw_ila_data' or Vivado File->Import->Import ILA Data menu item to import the previously saved data.
set_property PROBES.FILE {F:/FPGA/work_space/AD_DA_tran/AD_DA_tran.runs/impl_1/FIFO_to_FFT.ltx} [get_hw_devices xc7z020_1]
set_property FULL_PROBES.FILE {F:/FPGA/work_space/AD_DA_tran/AD_DA_tran.runs/impl_1/FIFO_to_FFT.ltx} [get_hw_devices xc7z020_1]
set_property PROGRAM.FILE {F:/FPGA/work_space/AD_DA_tran/AD_DA_tran.runs/impl_1/FIFO_to_FFT.bit} [get_hw_devices xc7z020_1]
program_hw_devices [get_hw_devices xc7z020_1]
INFO: [Labtools 27-3164] End of startup status: HIGH
refresh_hw_device [lindex [get_hw_devices xc7z020_1] 0]
INFO: [Labtools 27-2302] Device xc7z020 (JTAG device index = 1) is programmed with a design that has 1 ILA core(s).
set_property CAPTURE_COMPARE_VALUE eq1'bX [get_hw_probes m_axis_data_tvalid -of_objects [get_hw_ilas -of_objects [get_hw_devices xc7z020_1] -filter {CELL_NAME=~"u_ila_2"}]]
set_property CAPTURE_COMPARE_VALUE eq12'h001 [get_hw_probes m_axis_data_tuser -of_objects [get_hw_ilas -of_objects [get_hw_devices xc7z020_1] -filter {CELL_NAME=~"u_ila_2"}]]
set_property CAPTURE_COMPARE_VALUE eq12'u1 [get_hw_probes m_axis_data_tuser -of_objects [get_hw_ilas -of_objects [get_hw_devices xc7z020_1] -filter {CELL_NAME=~"u_ila_2"}]]
set_property CAPTURE_COMPARE_VALUE eq1'b1 [get_hw_probes m_axis_data_tvalid -of_objects [get_hw_ilas -of_objects [get_hw_devices xc7z020_1] -filter {CELL_NAME=~"u_ila_2"}]]
run_hw_ila [get_hw_ilas -of_objects [get_hw_devices xc7z020_1] -filter {CELL_NAME=~"u_ila_2"}]
INFO: [Labtools 27-1964] The ILA core 'hw_ila_1' trigger was armed at 2025-Oct-25 23:16:09
set_property PROBES.FILE {F:/FPGA/work_space/AD_DA_tran/AD_DA_tran.runs/impl_1/FIFO_to_FFT.ltx} [get_hw_devices xc7z020_1]
set_property FULL_PROBES.FILE {F:/FPGA/work_space/AD_DA_tran/AD_DA_tran.runs/impl_1/FIFO_to_FFT.ltx} [get_hw_devices xc7z020_1]
set_property PROGRAM.FILE {F:/FPGA/work_space/AD_DA_tran/AD_DA_tran.runs/impl_1/FIFO_to_FFT.bit} [get_hw_devices xc7z020_1]
program_hw_devices [get_hw_devices xc7z020_1]
INFO: [Labtools 27-3164] End of startup status: HIGH
refresh_hw_device [lindex [get_hw_devices xc7z020_1] 0]
INFO: [Labtools 27-2302] Device xc7z020 (JTAG device index = 1) is programmed with a design that has 1 ILA core(s).
run_hw_ila [get_hw_ilas -of_objects [get_hw_devices xc7z020_1] -filter {CELL_NAME=~"u_ila_2"}]
INFO: [Labtools 27-1964] The ILA core 'hw_ila_1' trigger was armed at 2025-Oct-25 23:16:24
set_property CAPTURE_COMPARE_VALUE eq1'bX [get_hw_probes m_axis_data_tvalid -of_objects [get_hw_ilas -of_objects [get_hw_devices xc7z020_1] -filter {CELL_NAME=~"u_ila_2"}]]
set_property CAPTURE_COMPARE_VALUE eq12'hXXX [get_hw_probes m_axis_data_tuser -of_objects [get_hw_ilas -of_objects [get_hw_devices xc7z020_1] -filter {CELL_NAME=~"u_ila_2"}]]
set_property CAPTURE_COMPARE_VALUE eq1'b1 [get_hw_probes m_axis_data_tvalid -of_objects [get_hw_ilas -of_objects [get_hw_devices xc7z020_1] -filter {CELL_NAME=~"u_ila_2"}]]
set_property PROBES.FILE {F:/FPGA/work_space/AD_DA_tran/AD_DA_tran.runs/impl_1/FIFO_to_FFT.ltx} [get_hw_devices xc7z020_1]
set_property FULL_PROBES.FILE {F:/FPGA/work_space/AD_DA_tran/AD_DA_tran.runs/impl_1/FIFO_to_FFT.ltx} [get_hw_devices xc7z020_1]
set_property PROGRAM.FILE {F:/FPGA/work_space/AD_DA_tran/AD_DA_tran.runs/impl_1/FIFO_to_FFT.bit} [get_hw_devices xc7z020_1]
program_hw_devices [get_hw_devices xc7z020_1]
INFO: [Labtools 27-3164] End of startup status: HIGH
refresh_hw_device [lindex [get_hw_devices xc7z020_1] 0]
INFO: [Labtools 27-2302] Device xc7z020 (JTAG device index = 1) is programmed with a design that has 1 ILA core(s).
run_hw_ila [get_hw_ilas -of_objects [get_hw_devices xc7z020_1] -filter {CELL_NAME=~"u_ila_2"}]
INFO: [Labtools 27-1964] The ILA core 'hw_ila_1' trigger was armed at 2025-Oct-25 23:17:20
wait_on_hw_ila [get_hw_ilas -of_objects [get_hw_devices xc7z020_1] -filter {CELL_NAME=~"u_ila_2"}]
display_hw_ila_data [upload_hw_ila_data [get_hw_ilas -of_objects [get_hw_devices xc7z020_1] -filter {CELL_NAME=~"u_ila_2"}]]
INFO: [Labtools 27-1966] The ILA core 'hw_ila_1' triggered at 2025-Oct-25 23:17:25
INFO: [Labtools 27-3304] ILA Waveform data saved to file F:/FPGA/work_space/AD_DA_tran/AD_DA_tran.hw/backup/hw_ila_data_1.ila. Use Tcl command 'read_hw_ila_data' or Vivado File->Import->Import ILA Data menu item to import the previously saved data.
set_property CAPTURE_COMPARE_VALUE eq1'bX [get_hw_probes m_axis_data_tvalid -of_objects [get_hw_ilas -of_objects [get_hw_devices xc7z020_1] -filter {CELL_NAME=~"u_ila_2"}]]
set_property CAPTURE_COMPARE_VALUE eq12'u0 [get_hw_probes m_axis_data_tuser -of_objects [get_hw_ilas -of_objects [get_hw_devices xc7z020_1] -filter {CELL_NAME=~"u_ila_2"}]]
set_property CAPTURE_COMPARE_VALUE eq12'hXXX [get_hw_probes m_axis_data_tuser -of_objects [get_hw_ilas -of_objects [get_hw_devices xc7z020_1] -filter {CELL_NAME=~"u_ila_2"}]]
set_property TRIGGER_COMPARE_VALUE eq1'bX [get_hw_probes m_axis_data_tvalid -of_objects [get_hw_ilas -of_objects [get_hw_devices xc7z020_1] -filter {CELL_NAME=~"u_ila_2"}]]
set_property TRIGGER_COMPARE_VALUE eq12'u0 [get_hw_probes m_axis_data_tuser -of_objects [get_hw_ilas -of_objects [get_hw_devices xc7z020_1] -filter {CELL_NAME=~"u_ila_2"}]]
set_property TRIGGER_COMPARE_VALUE eq12'u30 [get_hw_probes m_axis_data_tuser -of_objects [get_hw_ilas -of_objects [get_hw_devices xc7z020_1] -filter {CELL_NAME=~"u_ila_2"}]]
set_property PROBES.FILE {F:/FPGA/work_space/AD_DA_tran/AD_DA_tran.runs/impl_1/FIFO_to_FFT.ltx} [get_hw_devices xc7z020_1]
set_property FULL_PROBES.FILE {F:/FPGA/work_space/AD_DA_tran/AD_DA_tran.runs/impl_1/FIFO_to_FFT.ltx} [get_hw_devices xc7z020_1]
set_property PROGRAM.FILE {F:/FPGA/work_space/AD_DA_tran/AD_DA_tran.runs/impl_1/FIFO_to_FFT.bit} [get_hw_devices xc7z020_1]
program_hw_devices [get_hw_devices xc7z020_1]
INFO: [Labtools 27-3164] End of startup status: HIGH
refresh_hw_device [lindex [get_hw_devices xc7z020_1] 0]
INFO: [Labtools 27-2302] Device xc7z020 (JTAG device index = 1) is programmed with a design that has 1 ILA core(s).
run_hw_ila [get_hw_ilas -of_objects [get_hw_devices xc7z020_1] -filter {CELL_NAME=~"u_ila_2"}]
INFO: [Labtools 27-1964] The ILA core 'hw_ila_1' trigger was armed at 2025-Oct-25 23:18:38
wait_on_hw_ila [get_hw_ilas -of_objects [get_hw_devices xc7z020_1] -filter {CELL_NAME=~"u_ila_2"}]
display_hw_ila_data [upload_hw_ila_data [get_hw_ilas -of_objects [get_hw_devices xc7z020_1] -filter {CELL_NAME=~"u_ila_2"}]]
INFO: [Labtools 27-1966] The ILA core 'hw_ila_1' triggered at 2025-Oct-25 23:18:45
INFO: [Labtools 27-3304] ILA Waveform data saved to file F:/FPGA/work_space/AD_DA_tran/AD_DA_tran.hw/backup/hw_ila_data_1.ila. Use Tcl command 'read_hw_ila_data' or Vivado File->Import->Import ILA Data menu item to import the previously saved data.
set_property TRIGGER_COMPARE_VALUE eq12'u55 [get_hw_probes m_axis_data_tuser -of_objects [get_hw_ilas -of_objects [get_hw_devices xc7z020_1] -filter {CELL_NAME=~"u_ila_2"}]]
set_property PROBES.FILE {F:/FPGA/work_space/AD_DA_tran/AD_DA_tran.runs/impl_1/FIFO_to_FFT.ltx} [get_hw_devices xc7z020_1]
set_property FULL_PROBES.FILE {F:/FPGA/work_space/AD_DA_tran/AD_DA_tran.runs/impl_1/FIFO_to_FFT.ltx} [get_hw_devices xc7z020_1]
set_property PROGRAM.FILE {F:/FPGA/work_space/AD_DA_tran/AD_DA_tran.runs/impl_1/FIFO_to_FFT.bit} [get_hw_devices xc7z020_1]
program_hw_devices [get_hw_devices xc7z020_1]
INFO: [Labtools 27-3164] End of startup status: HIGH
refresh_hw_device [lindex [get_hw_devices xc7z020_1] 0]
INFO: [Labtools 27-2302] Device xc7z020 (JTAG device index = 1) is programmed with a design that has 1 ILA core(s).
run_hw_ila [get_hw_ilas -of_objects [get_hw_devices xc7z020_1] -filter {CELL_NAME=~"u_ila_2"}]
INFO: [Labtools 27-1964] The ILA core 'hw_ila_1' trigger was armed at 2025-Oct-25 23:19:29
wait_on_hw_ila [get_hw_ilas -of_objects [get_hw_devices xc7z020_1] -filter {CELL_NAME=~"u_ila_2"}]
display_hw_ila_data [upload_hw_ila_data [get_hw_ilas -of_objects [get_hw_devices xc7z020_1] -filter {CELL_NAME=~"u_ila_2"}]]
INFO: [Labtools 27-1966] The ILA core 'hw_ila_1' triggered at 2025-Oct-25 23:19:34
INFO: [Labtools 27-3304] ILA Waveform data saved to file F:/FPGA/work_space/AD_DA_tran/AD_DA_tran.hw/backup/hw_ila_data_1.ila. Use Tcl command 'read_hw_ila_data' or Vivado File->Import->Import ILA Data menu item to import the previously saved data.
save_wave_config {F:/FPGA/work_space/AD_DA_tran/AD_DA_tran.hw/hw_1/wave/hw_ila_data_1/hw_ila_data_1.wcfg}
close_hw
WARNING: [IP_Flow 19-4067] Ignoring invalid widget type specified checkbox.Providing a default widget
WARNING: [IP_Flow 19-4331] Invalid usage of property - Setting value property on PARAM_VALUE.ALL_PROBE_SAME_MU is not allowed in procedure update_gui_for_PARAM_VALUE.C_ADV_TRIGGER
set_property -dict [list CONFIG.C_PROBE7_WIDTH {1} CONFIG.C_PROBE1_WIDTH {16} CONFIG.C_NUM_OF_PROBES {7}] [get_ips ila_2]
generate_target all [get_files  F:/FPGA/work_space/AD_DA_tran/AD_DA_tran.srcs/sources_1/ip/ila_2/ila_2.xci]
INFO: [IP_Flow 19-1686] Generating 'Instantiation Template' target for IP 'ila_2'...
INFO: [IP_Flow 19-1686] Generating 'Synthesis' target for IP 'ila_2'...
WARNING: [IP_Flow 19-4994] Overwriting existing constraint file 'f:/FPGA/work_space/AD_DA_tran/AD_DA_tran.srcs/sources_1/ip/ila_2/ila_2_ooc.xdc'
INFO: [IP_Flow 19-1686] Generating 'Simulation' target for IP 'ila_2'...
INFO: [IP_Flow 19-1686] Generating 'Implementation' target for IP 'ila_2'...
INFO: [IP_Flow 19-1686] Generating 'Change Log' target for IP 'ila_2'...
catch { config_ip_cache -export [get_ips -all ila_2] }
export_ip_user_files -of_objects [get_files F:/FPGA/work_space/AD_DA_tran/AD_DA_tran.srcs/sources_1/ip/ila_2/ila_2.xci] -no_script -sync -force -quiet
reset_run ila_2_synth_1
WARNING: [Vivado 12-1017] Problems encountered:
1. Failed to delete one or more files in run directory F:/FPGA/work_space/AD_DA_tran/AD_DA_tran.runs/ila_2_synth_1

launch_runs -jobs 12 ila_2_synth_1
[Sat Oct 25 23:23:54 2025] Launched ila_2_synth_1...
Run output will be captured here: F:/FPGA/work_space/AD_DA_tran/AD_DA_tran.runs/ila_2_synth_1/runme.log
INFO: [Vivado 12-4357] Exporting simulation files for 'ila_2'... please wait for 'ila_2_synth_1' run to finish...
wait_on_run ila_2_synth_1
[Sat Oct 25 23:23:54 2025] Waiting for ila_2_synth_1 to finish...
[Sat Oct 25 23:23:59 2025] Waiting for ila_2_synth_1 to finish...
[Sat Oct 25 23:24:04 2025] Waiting for ila_2_synth_1 to finish...
[Sat Oct 25 23:24:09 2025] Waiting for ila_2_synth_1 to finish...
[Sat Oct 25 23:24:20 2025] Waiting for ila_2_synth_1 to finish...
[Sat Oct 25 23:24:30 2025] Waiting for ila_2_synth_1 to finish...
[Sat Oct 25 23:24:40 2025] Waiting for ila_2_synth_1 to finish...
[Sat Oct 25 23:24:50 2025] Waiting for ila_2_synth_1 to finish...
[Sat Oct 25 23:25:10 2025] Waiting for ila_2_synth_1 to finish...
[Sat Oct 25 23:25:30 2025] Waiting for ila_2_synth_1 to finish...
[Sat Oct 25 23:25:50 2025] Waiting for ila_2_synth_1 to finish...
[Sat Oct 25 23:26:10 2025] Waiting for ila_2_synth_1 to finish...

*** Running vivado
    with args -log ila_2.vds -m64 -product Vivado -mode batch -messageDb vivado.pb -notrace -source ila_2.tcl


****** Vivado v2018.3 (64-bit)
  **** SW Build 2405991 on Thu Dec  6 23:38:27 MST 2018
  **** IP Build 2404404 on Fri Dec  7 01:43:56 MST 2018
    ** Copyright 1986-2018 Xilinx, Inc. All Rights Reserved.

source ila_2.tcl -notrace
Command: synth_design -top ila_2 -part xc7z020clg400-2 -mode out_of_context
Starting synth_design
Attempting to get a license for feature 'Synthesis' and/or device 'xc7z020'
INFO: [Common 17-349] Got license for feature 'Synthesis' and/or device 'xc7z020'
INFO: Launching helper process for spawning children vivado processes
INFO: Helper process launched with PID 33172 
---------------------------------------------------------------------------------
Starting RTL Elaboration : Time (s): cpu = 00:00:04 ; elapsed = 00:00:05 . Memory (MB): peak = 523.863 ; gain = 129.039
---------------------------------------------------------------------------------
INFO: [Synth 8-6157] synthesizing module 'ila_2' [f:/FPGA/work_space/AD_DA_tran/AD_DA_tran.srcs/sources_1/ip/ila_2/synth/ila_2.v:84]
INFO: [Synth 8-6157] synthesizing module 'CFGLUT5' [F:/FPGA/Vivado18.3/Vivado/2018.3/scripts/rt/data/unisim_comp.v:1005]
INFO: [Synth 8-6155] done synthesizing module 'CFGLUT5' (12#1) [F:/FPGA/Vivado18.3/Vivado/2018.3/scripts/rt/data/unisim_comp.v:1005]
INFO: [Synth 8-6157] synthesizing module 'CARRY4' [F:/FPGA/Vivado18.3/Vivado/2018.3/scripts/rt/data/unisim_comp.v:968]
INFO: [Synth 8-6155] done synthesizing module 'CARRY4' (13#1) [F:/FPGA/Vivado18.3/Vivado/2018.3/scripts/rt/data/unisim_comp.v:968]
INFO: [Synth 8-6157] synthesizing module 'SRLC32E' [F:/FPGA/Vivado18.3/Vivado/2018.3/scripts/rt/data/unisim_comp.v:51849]
INFO: [Synth 8-6155] done synthesizing module 'SRLC32E' (23#1) [F:/FPGA/Vivado18.3/Vivado/2018.3/scripts/rt/data/unisim_comp.v:51849]
INFO: [Synth 8-6157] synthesizing module 'SRL16E' [F:/FPGA/Vivado18.3/Vivado/2018.3/scripts/rt/data/unisim_comp.v:51699]
INFO: [Synth 8-6155] done synthesizing module 'SRL16E' (25#1) [F:/FPGA/Vivado18.3/Vivado/2018.3/scripts/rt/data/unisim_comp.v:51699]
INFO: [Synth 8-6157] synthesizing module 'SRLC16E' [F:/FPGA/Vivado18.3/Vivado/2018.3/scripts/rt/data/unisim_comp.v:51788]
INFO: [Synth 8-6155] done synthesizing module 'SRLC16E' (27#1) [F:/FPGA/Vivado18.3/Vivado/2018.3/scripts/rt/data/unisim_comp.v:51788]
INFO: [Synth 8-6157] synthesizing module 'FDRE' [F:/FPGA/Vivado18.3/Vivado/2018.3/scripts/rt/data/unisim_comp.v:3971]
INFO: [Synth 8-6155] done synthesizing module 'FDRE' (32#1) [F:/FPGA/Vivado18.3/Vivado/2018.3/scripts/rt/data/unisim_comp.v:3971]
WARNING: [Synth 8-350] instance 'inst' of module 'ila_v6_2_8_ila' requires 1033 connections, but only 1027 given [f:/FPGA/work_space/AD_DA_tran/AD_DA_tran.srcs/sources_1/ip/ila_2/synth/ila_2.v:3221]
WARNING: [Synth 8-3848] Net sl_iport0 in module/entity ila_2 does not have driver. [f:/FPGA/work_space/AD_DA_tran/AD_DA_tran.srcs/sources_1/ip/ila_2/synth/ila_2.v:110]
INFO: [Synth 8-6155] done synthesizing module 'ila_2' (52#1) [f:/FPGA/work_space/AD_DA_tran/AD_DA_tran.srcs/sources_1/ip/ila_2/synth/ila_2.v:84]
WARNING: [Synth 8-3331] design blk_mem_gen_mux__parameterized0 has unconnected port MUX_RST[0]
WARNING: [Synth 8-3331] design blk_mem_gen_mux__parameterized0 has unconnected port MEM_LAT_RST
WARNING: [Synth 8-3331] design blk_mem_gen_mux__parameterized0 has unconnected port MUX_REGCE[0]
WARNING: [Synth 8-3331] design blk_mem_gen_mux__parameterized0 has unconnected port WE
WARNING: [Synth 8-3331] design blk_mem_gen_mux__parameterized0 has unconnected port ADDR_IN[15]
WARNING: [Synth 8-3331] design blk_mem_gen_mux__parameterized0 has unconnected port ADDR_IN[14]
WARNING: [Synth 8-3331] design blk_mem_gen_mux__parameterized0 has unconnected port ADDR_IN[13]
WARNING: [Synth 8-3331] design blk_mem_gen_mux__parameterized0 has unconnected port ADDR_IN[12]
WARNING: [Synth 8-3331] design blk_mem_gen_mux__parameterized0 has unconnected port ADDR_IN[11]
WARNING: [Synth 8-3331] design blk_mem_gen_mux__parameterized0 has unconnected port ADDR_IN[10]
WARNING: [Synth 8-3331] design blk_mem_gen_mux__parameterized0 has unconnected port ADDR_IN[9]
WARNING: [Synth 8-3331] design blk_mem_gen_mux__parameterized0 has unconnected port ADDR_IN[8]
WARNING: [Synth 8-3331] design blk_mem_gen_mux__parameterized0 has unconnected port ADDR_IN[7]
WARNING: [Synth 8-3331] design blk_mem_gen_mux__parameterized0 has unconnected port ADDR_IN[6]
WARNING: [Synth 8-3331] design blk_mem_gen_mux__parameterized0 has unconnected port ADDR_IN[5]
WARNING: [Synth 8-3331] design blk_mem_gen_mux__parameterized0 has unconnected port ADDR_IN[4]
WARNING: [Synth 8-3331] design blk_mem_gen_mux__parameterized0 has unconnected port ADDR_IN[3]
WARNING: [Synth 8-3331] design blk_mem_gen_mux__parameterized0 has unconnected port ADDR_IN[2]
WARNING: [Synth 8-3331] design blk_mem_gen_mux__parameterized0 has unconnected port ADDR_IN[1]
WARNING: [Synth 8-3331] design blk_mem_gen_mux__parameterized0 has unconnected port ADDR_IN[0]
WARNING: [Synth 8-3331] design blk_mem_gen_mux__parameterized0 has unconnected port SBITERRIN[79]
WARNING: [Synth 8-3331] design blk_mem_gen_mux__parameterized0 has unconnected port SBITERRIN[78]
WARNING: [Synth 8-3331] design blk_mem_gen_mux__parameterized0 has unconnected port SBITERRIN[77]
WARNING: [Synth 8-3331] design blk_mem_gen_mux__parameterized0 has unconnected port SBITERRIN[76]
WARNING: [Synth 8-3331] design blk_mem_gen_mux__parameterized0 has unconnected port SBITERRIN[75]
WARNING: [Synth 8-3331] design blk_mem_gen_mux__parameterized0 has unconnected port SBITERRIN[74]
WARNING: [Synth 8-3331] design blk_mem_gen_mux__parameterized0 has unconnected port SBITERRIN[73]
WARNING: [Synth 8-3331] design blk_mem_gen_mux__parameterized0 has unconnected port SBITERRIN[72]
WARNING: [Synth 8-3331] design blk_mem_gen_mux__parameterized0 has unconnected port SBITERRIN[71]
WARNING: [Synth 8-3331] design blk_mem_gen_mux__parameterized0 has unconnected port SBITERRIN[70]
WARNING: [Synth 8-3331] design blk_mem_gen_mux__parameterized0 has unconnected port SBITERRIN[69]
WARNING: [Synth 8-3331] design blk_mem_gen_mux__parameterized0 has unconnected port SBITERRIN[68]
WARNING: [Synth 8-3331] design blk_mem_gen_mux__parameterized0 has unconnected port SBITERRIN[67]
WARNING: [Synth 8-3331] design blk_mem_gen_mux__parameterized0 has unconnected port SBITERRIN[66]
WARNING: [Synth 8-3331] design blk_mem_gen_mux__parameterized0 has unconnected port SBITERRIN[65]
WARNING: [Synth 8-3331] design blk_mem_gen_mux__parameterized0 has unconnected port SBITERRIN[64]
WARNING: [Synth 8-3331] design blk_mem_gen_mux__parameterized0 has unconnected port SBITERRIN[63]
WARNING: [Synth 8-3331] design blk_mem_gen_mux__parameterized0 has unconnected port SBITERRIN[62]
WARNING: [Synth 8-3331] design blk_mem_gen_mux__parameterized0 has unconnected port SBITERRIN[61]
WARNING: [Synth 8-3331] design blk_mem_gen_mux__parameterized0 has unconnected port SBITERRIN[60]
WARNING: [Synth 8-3331] design blk_mem_gen_mux__parameterized0 has unconnected port SBITERRIN[59]
WARNING: [Synth 8-3331] design blk_mem_gen_mux__parameterized0 has unconnected port SBITERRIN[58]
WARNING: [Synth 8-3331] design blk_mem_gen_mux__parameterized0 has unconnected port SBITERRIN[57]
WARNING: [Synth 8-3331] design blk_mem_gen_mux__parameterized0 has unconnected port SBITERRIN[56]
WARNING: [Synth 8-3331] design blk_mem_gen_mux__parameterized0 has unconnected port SBITERRIN[55]
WARNING: [Synth 8-3331] design blk_mem_gen_mux__parameterized0 has unconnected port SBITERRIN[54]
WARNING: [Synth 8-3331] design blk_mem_gen_mux__parameterized0 has unconnected port SBITERRIN[53]
WARNING: [Synth 8-3331] design blk_mem_gen_mux__parameterized0 has unconnected port SBITERRIN[52]
WARNING: [Synth 8-3331] design blk_mem_gen_mux__parameterized0 has unconnected port SBITERRIN[51]
WARNING: [Synth 8-3331] design blk_mem_gen_mux__parameterized0 has unconnected port SBITERRIN[50]
WARNING: [Synth 8-3331] design blk_mem_gen_mux__parameterized0 has unconnected port SBITERRIN[49]
WARNING: [Synth 8-3331] design blk_mem_gen_mux__parameterized0 has unconnected port SBITERRIN[48]
WARNING: [Synth 8-3331] design blk_mem_gen_mux__parameterized0 has unconnected port SBITERRIN[47]
WARNING: [Synth 8-3331] design blk_mem_gen_mux__parameterized0 has unconnected port SBITERRIN[46]
WARNING: [Synth 8-3331] design blk_mem_gen_mux__parameterized0 has unconnected port SBITERRIN[45]
WARNING: [Synth 8-3331] design blk_mem_gen_mux__parameterized0 has unconnected port SBITERRIN[44]
WARNING: [Synth 8-3331] design blk_mem_gen_mux__parameterized0 has unconnected port SBITERRIN[43]
WARNING: [Synth 8-3331] design blk_mem_gen_mux__parameterized0 has unconnected port SBITERRIN[42]
WARNING: [Synth 8-3331] design blk_mem_gen_mux__parameterized0 has unconnected port SBITERRIN[41]
WARNING: [Synth 8-3331] design blk_mem_gen_mux__parameterized0 has unconnected port SBITERRIN[40]
WARNING: [Synth 8-3331] design blk_mem_gen_mux__parameterized0 has unconnected port SBITERRIN[39]
WARNING: [Synth 8-3331] design blk_mem_gen_mux__parameterized0 has unconnected port SBITERRIN[38]
WARNING: [Synth 8-3331] design blk_mem_gen_mux__parameterized0 has unconnected port SBITERRIN[37]
WARNING: [Synth 8-3331] design blk_mem_gen_mux__parameterized0 has unconnected port SBITERRIN[36]
WARNING: [Synth 8-3331] design blk_mem_gen_mux__parameterized0 has unconnected port SBITERRIN[35]
WARNING: [Synth 8-3331] design blk_mem_gen_mux__parameterized0 has unconnected port SBITERRIN[34]
WARNING: [Synth 8-3331] design blk_mem_gen_mux__parameterized0 has unconnected port SBITERRIN[33]
WARNING: [Synth 8-3331] design blk_mem_gen_mux__parameterized0 has unconnected port SBITERRIN[32]
WARNING: [Synth 8-3331] design blk_mem_gen_mux__parameterized0 has unconnected port SBITERRIN[31]
WARNING: [Synth 8-3331] design blk_mem_gen_mux__parameterized0 has unconnected port SBITERRIN[30]
WARNING: [Synth 8-3331] design blk_mem_gen_mux__parameterized0 has unconnected port SBITERRIN[29]
WARNING: [Synth 8-3331] design blk_mem_gen_mux__parameterized0 has unconnected port SBITERRIN[28]
WARNING: [Synth 8-3331] design blk_mem_gen_mux__parameterized0 has unconnected port SBITERRIN[27]
WARNING: [Synth 8-3331] design blk_mem_gen_mux__parameterized0 has unconnected port SBITERRIN[26]
WARNING: [Synth 8-3331] design blk_mem_gen_mux__parameterized0 has unconnected port SBITERRIN[25]
WARNING: [Synth 8-3331] design blk_mem_gen_mux__parameterized0 has unconnected port SBITERRIN[24]
WARNING: [Synth 8-3331] design blk_mem_gen_mux__parameterized0 has unconnected port SBITERRIN[23]
WARNING: [Synth 8-3331] design blk_mem_gen_mux__parameterized0 has unconnected port SBITERRIN[22]
WARNING: [Synth 8-3331] design blk_mem_gen_mux__parameterized0 has unconnected port SBITERRIN[21]
WARNING: [Synth 8-3331] design blk_mem_gen_mux__parameterized0 has unconnected port SBITERRIN[20]
WARNING: [Synth 8-3331] design blk_mem_gen_mux__parameterized0 has unconnected port SBITERRIN[19]
WARNING: [Synth 8-3331] design blk_mem_gen_mux__parameterized0 has unconnected port SBITERRIN[18]
WARNING: [Synth 8-3331] design blk_mem_gen_mux__parameterized0 has unconnected port SBITERRIN[17]
WARNING: [Synth 8-3331] design blk_mem_gen_mux__parameterized0 has unconnected port SBITERRIN[16]
WARNING: [Synth 8-3331] design blk_mem_gen_mux__parameterized0 has unconnected port SBITERRIN[15]
WARNING: [Synth 8-3331] design blk_mem_gen_mux__parameterized0 has unconnected port SBITERRIN[14]
WARNING: [Synth 8-3331] design blk_mem_gen_mux__parameterized0 has unconnected port SBITERRIN[13]
WARNING: [Synth 8-3331] design blk_mem_gen_mux__parameterized0 has unconnected port SBITERRIN[12]
WARNING: [Synth 8-3331] design blk_mem_gen_mux__parameterized0 has unconnected port SBITERRIN[11]
WARNING: [Synth 8-3331] design blk_mem_gen_mux__parameterized0 has unconnected port SBITERRIN[10]
WARNING: [Synth 8-3331] design blk_mem_gen_mux__parameterized0 has unconnected port SBITERRIN[9]
WARNING: [Synth 8-3331] design blk_mem_gen_mux__parameterized0 has unconnected port SBITERRIN[8]
WARNING: [Synth 8-3331] design blk_mem_gen_mux__parameterized0 has unconnected port SBITERRIN[7]
WARNING: [Synth 8-3331] design blk_mem_gen_mux__parameterized0 has unconnected port SBITERRIN[6]
WARNING: [Synth 8-3331] design blk_mem_gen_mux__parameterized0 has unconnected port SBITERRIN[5]
WARNING: [Synth 8-3331] design blk_mem_gen_mux__parameterized0 has unconnected port SBITERRIN[4]
WARNING: [Synth 8-3331] design blk_mem_gen_mux__parameterized0 has unconnected port SBITERRIN[3]
WARNING: [Synth 8-3331] design blk_mem_gen_mux__parameterized0 has unconnected port SBITERRIN[2]
WARNING: [Synth 8-3331] design blk_mem_gen_mux__parameterized0 has unconnected port SBITERRIN[1]
WARNING: [Synth 8-3331] design blk_mem_gen_mux__parameterized0 has unconnected port SBITERRIN[0]
INFO: [Common 17-14] Message 'Synth 8-3331' appears 100 times and further instances of the messages will be disabled. Use the Tcl command set_msg_config to change the current settings.
---------------------------------------------------------------------------------
Finished RTL Elaboration : Time (s): cpu = 00:01:24 ; elapsed = 00:01:26 . Memory (MB): peak = 919.512 ; gain = 524.688
---------------------------------------------------------------------------------

Report Check Netlist: 
+------+------------------+-------+---------+-------+------------------+
|      |Item              |Errors |Warnings |Status |Description       |
+------+------------------+-------+---------+-------+------------------+
|1     |multi_driven_nets |      0|        0|Passed |Multi driven nets |
+------+------------------+-------+---------+-------+------------------+
INFO: [Synth 8-3295] tying undriven pin inst:sl_iport0[36] to constant 0 [f:/FPGA/work_space/AD_DA_tran/AD_DA_tran.srcs/sources_1/ip/ila_2/synth/ila_2.v:3221]
INFO: [Synth 8-3295] tying undriven pin inst:sl_iport0[35] to constant 0 [f:/FPGA/work_space/AD_DA_tran/AD_DA_tran.srcs/sources_1/ip/ila_2/synth/ila_2.v:3221]
INFO: [Synth 8-3295] tying undriven pin inst:sl_iport0[34] to constant 0 [f:/FPGA/work_space/AD_DA_tran/AD_DA_tran.srcs/sources_1/ip/ila_2/synth/ila_2.v:3221]
INFO: [Synth 8-3295] tying undriven pin inst:sl_iport0[33] to constant 0 [f:/FPGA/work_space/AD_DA_tran/AD_DA_tran.srcs/sources_1/ip/ila_2/synth/ila_2.v:3221]
INFO: [Synth 8-3295] tying undriven pin inst:sl_iport0[32] to constant 0 [f:/FPGA/work_space/AD_DA_tran/AD_DA_tran.srcs/sources_1/ip/ila_2/synth/ila_2.v:3221]
INFO: [Synth 8-3295] tying undriven pin inst:sl_iport0[31] to constant 0 [f:/FPGA/work_space/AD_DA_tran/AD_DA_tran.srcs/sources_1/ip/ila_2/synth/ila_2.v:3221]
INFO: [Synth 8-3295] tying undriven pin inst:sl_iport0[30] to constant 0 [f:/FPGA/work_space/AD_DA_tran/AD_DA_tran.srcs/sources_1/ip/ila_2/synth/ila_2.v:3221]
INFO: [Synth 8-3295] tying undriven pin inst:sl_iport0[29] to constant 0 [f:/FPGA/work_space/AD_DA_tran/AD_DA_tran.srcs/sources_1/ip/ila_2/synth/ila_2.v:3221]
INFO: [Synth 8-3295] tying undriven pin inst:sl_iport0[28] to constant 0 [f:/FPGA/work_space/AD_DA_tran/AD_DA_tran.srcs/sources_1/ip/ila_2/synth/ila_2.v:3221]
INFO: [Synth 8-3295] tying undriven pin inst:sl_iport0[27] to constant 0 [f:/FPGA/work_space/AD_DA_tran/AD_DA_tran.srcs/sources_1/ip/ila_2/synth/ila_2.v:3221]
INFO: [Synth 8-3295] tying undriven pin inst:sl_iport0[26] to constant 0 [f:/FPGA/work_space/AD_DA_tran/AD_DA_tran.srcs/sources_1/ip/ila_2/synth/ila_2.v:3221]
INFO: [Synth 8-3295] tying undriven pin inst:sl_iport0[25] to constant 0 [f:/FPGA/work_space/AD_DA_tran/AD_DA_tran.srcs/sources_1/ip/ila_2/synth/ila_2.v:3221]
INFO: [Synth 8-3295] tying undriven pin inst:sl_iport0[24] to constant 0 [f:/FPGA/work_space/AD_DA_tran/AD_DA_tran.srcs/sources_1/ip/ila_2/synth/ila_2.v:3221]
INFO: [Synth 8-3295] tying undriven pin inst:sl_iport0[23] to constant 0 [f:/FPGA/work_space/AD_DA_tran/AD_DA_tran.srcs/sources_1/ip/ila_2/synth/ila_2.v:3221]
INFO: [Synth 8-3295] tying undriven pin inst:sl_iport0[22] to constant 0 [f:/FPGA/work_space/AD_DA_tran/AD_DA_tran.srcs/sources_1/ip/ila_2/synth/ila_2.v:3221]
INFO: [Synth 8-3295] tying undriven pin inst:sl_iport0[21] to constant 0 [f:/FPGA/work_space/AD_DA_tran/AD_DA_tran.srcs/sources_1/ip/ila_2/synth/ila_2.v:3221]
INFO: [Synth 8-3295] tying undriven pin inst:sl_iport0[20] to constant 0 [f:/FPGA/work_space/AD_DA_tran/AD_DA_tran.srcs/sources_1/ip/ila_2/synth/ila_2.v:3221]
INFO: [Synth 8-3295] tying undriven pin inst:sl_iport0[19] to constant 0 [f:/FPGA/work_space/AD_DA_tran/AD_DA_tran.srcs/sources_1/ip/ila_2/synth/ila_2.v:3221]
INFO: [Synth 8-3295] tying undriven pin inst:sl_iport0[18] to constant 0 [f:/FPGA/work_space/AD_DA_tran/AD_DA_tran.srcs/sources_1/ip/ila_2/synth/ila_2.v:3221]
INFO: [Synth 8-3295] tying undriven pin inst:sl_iport0[17] to constant 0 [f:/FPGA/work_space/AD_DA_tran/AD_DA_tran.srcs/sources_1/ip/ila_2/synth/ila_2.v:3221]
INFO: [Synth 8-3295] tying undriven pin inst:sl_iport0[16] to constant 0 [f:/FPGA/work_space/AD_DA_tran/AD_DA_tran.srcs/sources_1/ip/ila_2/synth/ila_2.v:3221]
INFO: [Synth 8-3295] tying undriven pin inst:sl_iport0[15] to constant 0 [f:/FPGA/work_space/AD_DA_tran/AD_DA_tran.srcs/sources_1/ip/ila_2/synth/ila_2.v:3221]
INFO: [Synth 8-3295] tying undriven pin inst:sl_iport0[14] to constant 0 [f:/FPGA/work_space/AD_DA_tran/AD_DA_tran.srcs/sources_1/ip/ila_2/synth/ila_2.v:3221]
INFO: [Synth 8-3295] tying undriven pin inst:sl_iport0[13] to constant 0 [f:/FPGA/work_space/AD_DA_tran/AD_DA_tran.srcs/sources_1/ip/ila_2/synth/ila_2.v:3221]
INFO: [Synth 8-3295] tying undriven pin inst:sl_iport0[12] to constant 0 [f:/FPGA/work_space/AD_DA_tran/AD_DA_tran.srcs/sources_1/ip/ila_2/synth/ila_2.v:3221]
INFO: [Synth 8-3295] tying undriven pin inst:sl_iport0[11] to constant 0 [f:/FPGA/work_space/AD_DA_tran/AD_DA_tran.srcs/sources_1/ip/ila_2/synth/ila_2.v:3221]
INFO: [Synth 8-3295] tying undriven pin inst:sl_iport0[10] to constant 0 [f:/FPGA/work_space/AD_DA_tran/AD_DA_tran.srcs/sources_1/ip/ila_2/synth/ila_2.v:3221]
INFO: [Synth 8-3295] tying undriven pin inst:sl_iport0[9] to constant 0 [f:/FPGA/work_space/AD_DA_tran/AD_DA_tran.srcs/sources_1/ip/ila_2/synth/ila_2.v:3221]
INFO: [Synth 8-3295] tying undriven pin inst:sl_iport0[8] to constant 0 [f:/FPGA/work_space/AD_DA_tran/AD_DA_tran.srcs/sources_1/ip/ila_2/synth/ila_2.v:3221]
INFO: [Synth 8-3295] tying undriven pin inst:sl_iport0[7] to constant 0 [f:/FPGA/work_space/AD_DA_tran/AD_DA_tran.srcs/sources_1/ip/ila_2/synth/ila_2.v:3221]
INFO: [Synth 8-3295] tying undriven pin inst:sl_iport0[6] to constant 0 [f:/FPGA/work_space/AD_DA_tran/AD_DA_tran.srcs/sources_1/ip/ila_2/synth/ila_2.v:3221]
INFO: [Synth 8-3295] tying undriven pin inst:sl_iport0[5] to constant 0 [f:/FPGA/work_space/AD_DA_tran/AD_DA_tran.srcs/sources_1/ip/ila_2/synth/ila_2.v:3221]
INFO: [Synth 8-3295] tying undriven pin inst:sl_iport0[4] to constant 0 [f:/FPGA/work_space/AD_DA_tran/AD_DA_tran.srcs/sources_1/ip/ila_2/synth/ila_2.v:3221]
INFO: [Synth 8-3295] tying undriven pin inst:sl_iport0[3] to constant 0 [f:/FPGA/work_space/AD_DA_tran/AD_DA_tran.srcs/sources_1/ip/ila_2/synth/ila_2.v:3221]
INFO: [Synth 8-3295] tying undriven pin inst:sl_iport0[2] to constant 0 [f:/FPGA/work_space/AD_DA_tran/AD_DA_tran.srcs/sources_1/ip/ila_2/synth/ila_2.v:3221]
INFO: [Synth 8-3295] tying undriven pin inst:sl_iport0[1] to constant 0 [f:/FPGA/work_space/AD_DA_tran/AD_DA_tran.srcs/sources_1/ip/ila_2/synth/ila_2.v:3221]
INFO: [Synth 8-3295] tying undriven pin inst:sl_iport0[0] to constant 0 [f:/FPGA/work_space/AD_DA_tran/AD_DA_tran.srcs/sources_1/ip/ila_2/synth/ila_2.v:3221]
INFO: [Synth 8-3295] tying undriven pin inst:trig_in to constant 0 [f:/FPGA/work_space/AD_DA_tran/AD_DA_tran.srcs/sources_1/ip/ila_2/synth/ila_2.v:3221]
INFO: [Synth 8-3295] tying undriven pin inst:trig_out_ack to constant 0 [f:/FPGA/work_space/AD_DA_tran/AD_DA_tran.srcs/sources_1/ip/ila_2/synth/ila_2.v:3221]
---------------------------------------------------------------------------------
Start Handling Custom Attributes
---------------------------------------------------------------------------------
---------------------------------------------------------------------------------
Finished Handling Custom Attributes : Time (s): cpu = 00:01:24 ; elapsed = 00:01:27 . Memory (MB): peak = 919.512 ; gain = 524.688
---------------------------------------------------------------------------------
---------------------------------------------------------------------------------
Finished RTL Optimization Phase 1 : Time (s): cpu = 00:01:24 ; elapsed = 00:01:27 . Memory (MB): peak = 919.512 ; gain = 524.688
---------------------------------------------------------------------------------
INFO: [Netlist 29-17] Analyzing 640 Unisim elements for replacement
INFO: [Netlist 29-28] Unisim Transformation completed in 1 CPU seconds
INFO: [Device 21-403] Loading part xc7z020clg400-2
INFO: [Project 1-570] Preparing netlist for logic optimization

Processing XDC Constraints
Initializing timing engine
Parsing XDC File [f:/FPGA/work_space/AD_DA_tran/AD_DA_tran.srcs/sources_1/ip/ila_2/ila_2_ooc.xdc] for cell 'inst'
Finished Parsing XDC File [f:/FPGA/work_space/AD_DA_tran/AD_DA_tran.srcs/sources_1/ip/ila_2/ila_2_ooc.xdc] for cell 'inst'
Parsing XDC File [f:/FPGA/work_space/AD_DA_tran/AD_DA_tran.srcs/sources_1/ip/ila_2/ila_v6_2/constraints/ila.xdc] for cell 'inst'
Finished Parsing XDC File [f:/FPGA/work_space/AD_DA_tran/AD_DA_tran.srcs/sources_1/ip/ila_2/ila_v6_2/constraints/ila.xdc] for cell 'inst'
Parsing XDC File [F:/FPGA/work_space/AD_DA_tran/AD_DA_tran.runs/ila_2_synth_1/dont_touch.xdc]
Finished Parsing XDC File [F:/FPGA/work_space/AD_DA_tran/AD_DA_tran.runs/ila_2_synth_1/dont_touch.xdc]
Completed Processing XDC Constraints

Netlist sorting complete. Time (s): cpu = 00:00:00 ; elapsed = 00:00:00.003 . Memory (MB): peak = 1067.609 ; gain = 0.000
INFO: [Project 1-111] Unisim Transformation Summary:
  A total of 418 instances were transformed.
  CFGLUT5 => CFGLUT5 (SRLC32E, SRL16E): 368 instances
  CFGLUT5 => SRLC32E: 50 instances

Netlist sorting complete. Time (s): cpu = 00:00:00 ; elapsed = 00:00:00.004 . Memory (MB): peak = 1068.281 ; gain = 0.000
Constraint Validation Runtime : Time (s): cpu = 00:00:00 ; elapsed = 00:00:00.084 . Memory (MB): peak = 1069.469 ; gain = 1.859
---------------------------------------------------------------------------------
Finished Constraint Validation : Time (s): cpu = 00:01:33 ; elapsed = 00:01:36 . Memory (MB): peak = 1069.469 ; gain = 674.645
---------------------------------------------------------------------------------
---------------------------------------------------------------------------------
Start Loading Part and Timing Information
---------------------------------------------------------------------------------
Loading part: xc7z020clg400-2
---------------------------------------------------------------------------------
Finished Loading Part and Timing Information : Time (s): cpu = 00:01:33 ; elapsed = 00:01:36 . Memory (MB): peak = 1069.469 ; gain = 674.645
---------------------------------------------------------------------------------
---------------------------------------------------------------------------------
Start Applying 'set_property' XDC Constraints
---------------------------------------------------------------------------------
Applied set_property DONT_TOUCH = true for inst. (constraint file  F:/FPGA/work_space/AD_DA_tran/AD_DA_tran.runs/ila_2_synth_1/dont_touch.xdc, line 9).
---------------------------------------------------------------------------------
Finished applying 'set_property' XDC Constraints : Time (s): cpu = 00:01:33 ; elapsed = 00:01:36 . Memory (MB): peak = 1069.469 ; gain = 674.645
---------------------------------------------------------------------------------
INFO: [Synth 8-802] inferred FSM for state register 'current_state_reg' in module 'xsdbs_v1_0_2_reg_p2s__parameterized49'
INFO: [Synth 8-5544] ROM "data_out_sel" won't be mapped to Block RAM because address size (4) smaller than threshold (5)
INFO: [Synth 8-5544] ROM "shift_en" won't be mapped to Block RAM because address size (4) smaller than threshold (5)
INFO: [Synth 8-5544] ROM "next_state" won't be mapped to Block RAM because address size (1) smaller than threshold (5)
INFO: [Synth 8-5544] ROM "next_state" won't be mapped to Block RAM because address size (1) smaller than threshold (5)
INFO: [Synth 8-5544] ROM "next_state" won't be mapped to Block RAM because address size (1) smaller than threshold (5)
INFO: [Synth 8-802] inferred FSM for state register 'current_state_reg' in module 'xsdbs_v1_0_2_reg_p2s__parameterized50'
INFO: [Synth 8-5544] ROM "data_out_sel" won't be mapped to Block RAM because address size (4) smaller than threshold (5)
INFO: [Synth 8-5544] ROM "shift_en" won't be mapped to Block RAM because address size (4) smaller than threshold (5)
INFO: [Synth 8-5544] ROM "next_state" won't be mapped to Block RAM because address size (1) smaller than threshold (5)
INFO: [Synth 8-5544] ROM "next_state" won't be mapped to Block RAM because address size (1) smaller than threshold (5)
INFO: [Synth 8-5544] ROM "next_state" won't be mapped to Block RAM because address size (1) smaller than threshold (5)
INFO: [Synth 8-802] inferred FSM for state register 'current_state_reg' in module 'xsdbs_v1_0_2_reg_p2s'
INFO: [Synth 8-5544] ROM "data_out_sel" won't be mapped to Block RAM because address size (4) smaller than threshold (5)
INFO: [Synth 8-5544] ROM "shift_en" won't be mapped to Block RAM because address size (4) smaller than threshold (5)
INFO: [Synth 8-5544] ROM "next_state" won't be mapped to Block RAM because address size (1) smaller than threshold (5)
INFO: [Synth 8-5544] ROM "next_state" won't be mapped to Block RAM because address size (1) smaller than threshold (5)
INFO: [Synth 8-5544] ROM "next_state" won't be mapped to Block RAM because address size (1) smaller than threshold (5)
INFO: [Synth 8-802] inferred FSM for state register 'current_state_reg' in module 'xsdbs_v1_0_2_reg_p2s__parameterized0'
INFO: [Synth 8-5544] ROM "data_out_sel" won't be mapped to Block RAM because address size (4) smaller than threshold (5)
INFO: [Synth 8-5544] ROM "shift_en" won't be mapped to Block RAM because address size (4) smaller than threshold (5)
INFO: [Synth 8-5544] ROM "next_state" won't be mapped to Block RAM because address size (1) smaller than threshold (5)
INFO: [Synth 8-5544] ROM "next_state" won't be mapped to Block RAM because address size (1) smaller than threshold (5)
INFO: [Synth 8-5544] ROM "next_state" won't be mapped to Block RAM because address size (1) smaller than threshold (5)
INFO: [Synth 8-802] inferred FSM for state register 'current_state_reg' in module 'xsdbs_v1_0_2_reg_p2s__parameterized1'
INFO: [Synth 8-5544] ROM "data_out_sel" won't be mapped to Block RAM because address size (4) smaller than threshold (5)
INFO: [Synth 8-5544] ROM "shift_en" won't be mapped to Block RAM because address size (4) smaller than threshold (5)
INFO: [Synth 8-5544] ROM "next_state" won't be mapped to Block RAM because address size (1) smaller than threshold (5)
INFO: [Synth 8-5544] ROM "next_state" won't be mapped to Block RAM because address size (1) smaller than threshold (5)
INFO: [Synth 8-5544] ROM "next_state" won't be mapped to Block RAM because address size (1) smaller than threshold (5)
INFO: [Synth 8-802] inferred FSM for state register 'current_state_reg' in module 'xsdbs_v1_0_2_reg_p2s__parameterized2'
INFO: [Synth 8-5544] ROM "data_out_sel" won't be mapped to Block RAM because address size (4) smaller than threshold (5)
INFO: [Synth 8-5544] ROM "shift_en" won't be mapped to Block RAM because address size (4) smaller than threshold (5)
INFO: [Synth 8-5544] ROM "next_state" won't be mapped to Block RAM because address size (1) smaller than threshold (5)
INFO: [Synth 8-5544] ROM "next_state" won't be mapped to Block RAM because address size (1) smaller than threshold (5)
INFO: [Synth 8-5544] ROM "next_state" won't be mapped to Block RAM because address size (1) smaller than threshold (5)
INFO: [Synth 8-802] inferred FSM for state register 'current_state_reg' in module 'xsdbs_v1_0_2_reg_p2s__parameterized3'
INFO: [Synth 8-5544] ROM "data_out_sel" won't be mapped to Block RAM because address size (4) smaller than threshold (5)
INFO: [Synth 8-5544] ROM "shift_en" won't be mapped to Block RAM because address size (4) smaller than threshold (5)
INFO: [Synth 8-5544] ROM "next_state" won't be mapped to Block RAM because address size (1) smaller than threshold (5)
INFO: [Synth 8-5544] ROM "next_state" won't be mapped to Block RAM because address size (1) smaller than threshold (5)
INFO: [Synth 8-5544] ROM "next_state" won't be mapped to Block RAM because address size (1) smaller than threshold (5)
INFO: [Synth 8-802] inferred FSM for state register 'current_state_reg' in module 'xsdbs_v1_0_2_reg_p2s__parameterized4'
INFO: [Synth 8-5544] ROM "data_out_sel" won't be mapped to Block RAM because address size (4) smaller than threshold (5)
INFO: [Synth 8-5544] ROM "shift_en" won't be mapped to Block RAM because address size (4) smaller than threshold (5)
INFO: [Synth 8-5544] ROM "next_state" won't be mapped to Block RAM because address size (1) smaller than threshold (5)
INFO: [Synth 8-5544] ROM "next_state" won't be mapped to Block RAM because address size (1) smaller than threshold (5)
INFO: [Synth 8-5544] ROM "next_state" won't be mapped to Block RAM because address size (1) smaller than threshold (5)
INFO: [Synth 8-802] inferred FSM for state register 'current_state_reg' in module 'xsdbs_v1_0_2_reg_p2s__parameterized5'
INFO: [Synth 8-5544] ROM "data_out_sel" won't be mapped to Block RAM because address size (4) smaller than threshold (5)
INFO: [Synth 8-5544] ROM "shift_en" won't be mapped to Block RAM because address size (4) smaller than threshold (5)
INFO: [Synth 8-5544] ROM "next_state" won't be mapped to Block RAM because address size (1) smaller than threshold (5)
INFO: [Synth 8-5544] ROM "next_state" won't be mapped to Block RAM because address size (1) smaller than threshold (5)
INFO: [Synth 8-5544] ROM "next_state" won't be mapped to Block RAM because address size (1) smaller than threshold (5)
INFO: [Synth 8-802] inferred FSM for state register 'current_state_reg' in module 'xsdbs_v1_0_2_reg_p2s__parameterized6'
INFO: [Synth 8-5544] ROM "data_out_sel" won't be mapped to Block RAM because address size (4) smaller than threshold (5)
INFO: [Synth 8-5544] ROM "shift_en" won't be mapped to Block RAM because address size (4) smaller than threshold (5)
INFO: [Synth 8-5544] ROM "next_state" won't be mapped to Block RAM because address size (1) smaller than threshold (5)
INFO: [Synth 8-5544] ROM "next_state" won't be mapped to Block RAM because address size (1) smaller than threshold (5)
INFO: [Synth 8-5544] ROM "next_state" won't be mapped to Block RAM because address size (1) smaller than threshold (5)
INFO: [Synth 8-802] inferred FSM for state register 'current_state_reg' in module 'xsdbs_v1_0_2_reg_p2s__parameterized7'
INFO: [Synth 8-5544] ROM "data_out_sel" won't be mapped to Block RAM because address size (4) smaller than threshold (5)
INFO: [Synth 8-5544] ROM "shift_en" won't be mapped to Block RAM because address size (4) smaller than threshold (5)
INFO: [Synth 8-5544] ROM "next_state" won't be mapped to Block RAM because address size (1) smaller than threshold (5)
INFO: [Synth 8-5544] ROM "next_state" won't be mapped to Block RAM because address size (1) smaller than threshold (5)
INFO: [Synth 8-5544] ROM "next_state" won't be mapped to Block RAM because address size (1) smaller than threshold (5)
INFO: [Synth 8-802] inferred FSM for state register 'current_state_reg' in module 'xsdbs_v1_0_2_reg_p2s__parameterized8'
INFO: [Synth 8-5544] ROM "data_out_sel" won't be mapped to Block RAM because address size (4) smaller than threshold (5)
INFO: [Synth 8-5544] ROM "shift_en" won't be mapped to Block RAM because address size (4) smaller than threshold (5)
INFO: [Synth 8-5544] ROM "next_state" won't be mapped to Block RAM because address size (1) smaller than threshold (5)
INFO: [Synth 8-5544] ROM "next_state" won't be mapped to Block RAM because address size (1) smaller than threshold (5)
INFO: [Synth 8-5544] ROM "next_state" won't be mapped to Block RAM because address size (1) smaller than threshold (5)
INFO: [Synth 8-802] inferred FSM for state register 'current_state_reg' in module 'xsdbs_v1_0_2_reg_p2s__parameterized9'
INFO: [Synth 8-5544] ROM "data_out_sel" won't be mapped to Block RAM because address size (4) smaller than threshold (5)
INFO: [Synth 8-5544] ROM "shift_en" won't be mapped to Block RAM because address size (4) smaller than threshold (5)
INFO: [Synth 8-5544] ROM "next_state" won't be mapped to Block RAM because address size (1) smaller than threshold (5)
INFO: [Synth 8-5544] ROM "next_state" won't be mapped to Block RAM because address size (1) smaller than threshold (5)
INFO: [Synth 8-5544] ROM "next_state" won't be mapped to Block RAM because address size (1) smaller than threshold (5)
INFO: [Synth 8-802] inferred FSM for state register 'current_state_reg' in module 'xsdbs_v1_0_2_reg_p2s__parameterized10'
INFO: [Synth 8-5544] ROM "data_out_sel" won't be mapped to Block RAM because address size (4) smaller than threshold (5)
INFO: [Synth 8-5544] ROM "shift_en" won't be mapped to Block RAM because address size (4) smaller than threshold (5)
INFO: [Synth 8-5544] ROM "next_state" won't be mapped to Block RAM because address size (1) smaller than threshold (5)
INFO: [Synth 8-5544] ROM "next_state" won't be mapped to Block RAM because address size (1) smaller than threshold (5)
INFO: [Synth 8-5544] ROM "next_state" won't be mapped to Block RAM because address size (1) smaller than threshold (5)
INFO: [Synth 8-802] inferred FSM for state register 'current_state_reg' in module 'xsdbs_v1_0_2_reg_p2s__parameterized11'
INFO: [Synth 8-5544] ROM "data_out_sel" won't be mapped to Block RAM because address size (4) smaller than threshold (5)
INFO: [Synth 8-5544] ROM "shift_en" won't be mapped to Block RAM because address size (4) smaller than threshold (5)
INFO: [Synth 8-5544] ROM "next_state" won't be mapped to Block RAM because address size (1) smaller than threshold (5)
INFO: [Synth 8-5544] ROM "next_state" won't be mapped to Block RAM because address size (1) smaller than threshold (5)
INFO: [Synth 8-5544] ROM "next_state" won't be mapped to Block RAM because address size (1) smaller than threshold (5)
INFO: [Synth 8-802] inferred FSM for state register 'current_state_reg' in module 'xsdbs_v1_0_2_reg_p2s__parameterized12'
INFO: [Synth 8-5544] ROM "data_out_sel" won't be mapped to Block RAM because address size (4) smaller than threshold (5)
INFO: [Synth 8-5544] ROM "shift_en" won't be mapped to Block RAM because address size (4) smaller than threshold (5)
INFO: [Synth 8-5544] ROM "next_state" won't be mapped to Block RAM because address size (1) smaller than threshold (5)
INFO: [Synth 8-5544] ROM "next_state" won't be mapped to Block RAM because address size (1) smaller than threshold (5)
INFO: [Synth 8-5544] ROM "next_state" won't be mapped to Block RAM because address size (1) smaller than threshold (5)
INFO: [Synth 8-802] inferred FSM for state register 'current_state_reg' in module 'xsdbs_v1_0_2_reg_p2s__parameterized13'
INFO: [Synth 8-5544] ROM "data_out_sel" won't be mapped to Block RAM because address size (4) smaller than threshold (5)
INFO: [Synth 8-5544] ROM "shift_en" won't be mapped to Block RAM because address size (4) smaller than threshold (5)
INFO: [Synth 8-5544] ROM "next_state" won't be mapped to Block RAM because address size (1) smaller than threshold (5)
INFO: [Synth 8-5544] ROM "next_state" won't be mapped to Block RAM because address size (1) smaller than threshold (5)
INFO: [Synth 8-5544] ROM "next_state" won't be mapped to Block RAM because address size (1) smaller than threshold (5)
INFO: [Synth 8-802] inferred FSM for state register 'current_state_reg' in module 'xsdbs_v1_0_2_reg_p2s__parameterized14'
INFO: [Synth 8-5544] ROM "data_out_sel" won't be mapped to Block RAM because address size (4) smaller than threshold (5)
INFO: [Synth 8-5544] ROM "shift_en" won't be mapped to Block RAM because address size (4) smaller than threshold (5)
INFO: [Synth 8-5544] ROM "next_state" won't be mapped to Block RAM because address size (1) smaller than threshold (5)
INFO: [Synth 8-5544] ROM "next_state" won't be mapped to Block RAM because address size (1) smaller than threshold (5)
INFO: [Synth 8-5544] ROM "next_state" won't be mapped to Block RAM because address size (1) smaller than threshold (5)
INFO: [Synth 8-802] inferred FSM for state register 'current_state_reg' in module 'xsdbs_v1_0_2_reg_p2s__parameterized15'
INFO: [Synth 8-5544] ROM "data_out_sel" won't be mapped to Block RAM because address size (4) smaller than threshold (5)
INFO: [Synth 8-5544] ROM "shift_en" won't be mapped to Block RAM because address size (4) smaller than threshold (5)
INFO: [Synth 8-5544] ROM "next_state" won't be mapped to Block RAM because address size (1) smaller than threshold (5)
INFO: [Synth 8-5544] ROM "next_state" won't be mapped to Block RAM because address size (1) smaller than threshold (5)
INFO: [Synth 8-5544] ROM "next_state" won't be mapped to Block RAM because address size (1) smaller than threshold (5)
INFO: [Synth 8-802] inferred FSM for state register 'current_state_reg' in module 'xsdbs_v1_0_2_reg_p2s__parameterized16'
INFO: [Synth 8-5544] ROM "data_out_sel" won't be mapped to Block RAM because address size (4) smaller than threshold (5)
INFO: [Synth 8-5544] ROM "shift_en" won't be mapped to Block RAM because address size (4) smaller than threshold (5)
INFO: [Synth 8-5544] ROM "next_state" won't be mapped to Block RAM because address size (1) smaller than threshold (5)
INFO: [Synth 8-5544] ROM "next_state" won't be mapped to Block RAM because address size (1) smaller than threshold (5)
INFO: [Synth 8-5544] ROM "next_state" won't be mapped to Block RAM because address size (1) smaller than threshold (5)
INFO: [Common 17-14] Message 'Synth 8-5544' appears 100 times and further instances of the messages will be disabled. Use the Tcl command set_msg_config to change the current settings.
INFO: [Synth 8-802] inferred FSM for state register 'current_state_reg' in module 'xsdbs_v1_0_2_reg_p2s__parameterized17'
INFO: [Synth 8-802] inferred FSM for state register 'current_state_reg' in module 'xsdbs_v1_0_2_reg_p2s__parameterized18'
INFO: [Synth 8-802] inferred FSM for state register 'current_state_reg' in module 'xsdbs_v1_0_2_reg_p2s__parameterized19'
INFO: [Synth 8-802] inferred FSM for state register 'current_state_reg' in module 'xsdbs_v1_0_2_reg_p2s__parameterized20'
INFO: [Synth 8-802] inferred FSM for state register 'current_state_reg' in module 'xsdbs_v1_0_2_reg_p2s__parameterized21'
INFO: [Synth 8-802] inferred FSM for state register 'current_state_reg' in module 'xsdbs_v1_0_2_reg_p2s__parameterized22'
INFO: [Synth 8-802] inferred FSM for state register 'current_state_reg' in module 'xsdbs_v1_0_2_reg_p2s__parameterized23'
INFO: [Synth 8-802] inferred FSM for state register 'current_state_reg' in module 'xsdbs_v1_0_2_reg_p2s__parameterized24'
INFO: [Synth 8-802] inferred FSM for state register 'current_state_reg' in module 'xsdbs_v1_0_2_reg_p2s__parameterized25'
INFO: [Synth 8-802] inferred FSM for state register 'current_state_reg' in module 'xsdbs_v1_0_2_reg_p2s__parameterized26'
INFO: [Synth 8-802] inferred FSM for state register 'current_state_reg' in module 'xsdbs_v1_0_2_reg_p2s__parameterized27'
INFO: [Synth 8-802] inferred FSM for state register 'current_state_reg' in module 'xsdbs_v1_0_2_reg_p2s__parameterized28'
INFO: [Synth 8-802] inferred FSM for state register 'current_state_reg' in module 'xsdbs_v1_0_2_reg_p2s__parameterized29'
INFO: [Synth 8-802] inferred FSM for state register 'current_state_reg' in module 'xsdbs_v1_0_2_reg_p2s__parameterized30'
INFO: [Synth 8-802] inferred FSM for state register 'current_state_reg' in module 'xsdbs_v1_0_2_reg_p2s__parameterized31'
INFO: [Synth 8-802] inferred FSM for state register 'current_state_reg' in module 'xsdbs_v1_0_2_reg_p2s__parameterized32'
INFO: [Synth 8-802] inferred FSM for state register 'current_state_reg' in module 'xsdbs_v1_0_2_reg_p2s__parameterized33'
INFO: [Synth 8-802] inferred FSM for state register 'current_state_reg' in module 'xsdbs_v1_0_2_reg_p2s__parameterized34'
INFO: [Synth 8-802] inferred FSM for state register 'current_state_reg' in module 'xsdbs_v1_0_2_reg_p2s__parameterized35'
INFO: [Synth 8-802] inferred FSM for state register 'current_state_reg' in module 'xsdbs_v1_0_2_reg_p2s__parameterized36'
INFO: [Synth 8-802] inferred FSM for state register 'current_state_reg' in module 'xsdbs_v1_0_2_reg_p2s__parameterized37'
INFO: [Synth 8-802] inferred FSM for state register 'current_state_reg' in module 'xsdbs_v1_0_2_reg_p2s__parameterized38'
INFO: [Synth 8-802] inferred FSM for state register 'current_state_reg' in module 'xsdbs_v1_0_2_reg_p2s__parameterized39'
INFO: [Synth 8-802] inferred FSM for state register 'current_state_reg' in module 'xsdbs_v1_0_2_reg_p2s__parameterized40'
INFO: [Synth 8-802] inferred FSM for state register 'current_state_reg' in module 'xsdbs_v1_0_2_reg_p2s__parameterized41'
INFO: [Synth 8-802] inferred FSM for state register 'current_state_reg' in module 'xsdbs_v1_0_2_reg_p2s__parameterized42'
INFO: [Synth 8-802] inferred FSM for state register 'current_state_reg' in module 'xsdbs_v1_0_2_reg_p2s__parameterized43'
INFO: [Synth 8-802] inferred FSM for state register 'current_state_reg' in module 'xsdbs_v1_0_2_reg_p2s__parameterized44'
INFO: [Synth 8-802] inferred FSM for state register 'current_state_reg' in module 'xsdbs_v1_0_2_reg_p2s__parameterized45'
INFO: [Synth 8-802] inferred FSM for state register 'current_state_reg' in module 'xsdbs_v1_0_2_reg_p2s__parameterized46'
INFO: [Synth 8-802] inferred FSM for state register 'current_state_reg' in module 'xsdbs_v1_0_2_reg_p2s__parameterized47'
INFO: [Synth 8-802] inferred FSM for state register 'current_state_reg' in module 'xsdbs_v1_0_2_reg_p2s__parameterized48'
INFO: [Synth 8-5546] ROM "drdy_mux_temp" won't be mapped to RAM because it is too sparse
INFO: [Synth 8-5546] ROM "adv_drdy" won't be mapped to RAM because it is too sparse
INFO: [Synth 8-5546] ROM "read_addr" won't be mapped to RAM because it is too sparse
INFO: [Synth 8-5546] ROM "curr_read_block" won't be mapped to RAM because it is too sparse
INFO: [Synth 8-5546] ROM "read_en" won't be mapped to RAM because it is too sparse
---------------------------------------------------------------------------------------------------
                   State |                     New Encoding |                Previous Encoding 
---------------------------------------------------------------------------------------------------
*
                    IDLE |                             0001 |                             0001
                     REG |                             0010 |                             0010
                     P2S |                             0100 |                             0100
                     S2P |                             1000 |                             1000
---------------------------------------------------------------------------------------------------
INFO: [Synth 8-3898] No Re-encoding of one hot register 'current_state_reg' in module 'xsdbs_v1_0_2_reg_p2s__parameterized49'
---------------------------------------------------------------------------------------------------
                   State |                     New Encoding |                Previous Encoding 
---------------------------------------------------------------------------------------------------
*
                    IDLE |                             0001 |                             0001
                     REG |                             0010 |                             0010
                     P2S |                             0100 |                             0100
                     S2P |                             1000 |                             1000
---------------------------------------------------------------------------------------------------
INFO: [Synth 8-3898] No Re-encoding of one hot register 'current_state_reg' in module 'xsdbs_v1_0_2_reg_p2s__parameterized50'
---------------------------------------------------------------------------------------------------
                   State |                     New Encoding |                Previous Encoding 
---------------------------------------------------------------------------------------------------
*
                    IDLE |                             0001 |                             0001
                     REG |                             0010 |                             0010
                     P2S |                             0100 |                             0100
                     S2P |                             1000 |                             1000
---------------------------------------------------------------------------------------------------
INFO: [Synth 8-3898] No Re-encoding of one hot register 'current_state_reg' in module 'xsdbs_v1_0_2_reg_p2s'
---------------------------------------------------------------------------------------------------
                   State |                     New Encoding |                Previous Encoding 
---------------------------------------------------------------------------------------------------
*
                    IDLE |                             0001 |                             0001
                     REG |                             0010 |                             0010
                     P2S |                             0100 |                             0100
                     S2P |                             1000 |                             1000
---------------------------------------------------------------------------------------------------
INFO: [Synth 8-3898] No Re-encoding of one hot register 'current_state_reg' in module 'xsdbs_v1_0_2_reg_p2s__parameterized0'
---------------------------------------------------------------------------------------------------
                   State |                     New Encoding |                Previous Encoding 
---------------------------------------------------------------------------------------------------
*
                    IDLE |                             0001 |                             0001
                     REG |                             0010 |                             0010
                     P2S |                             0100 |                             0100
                     S2P |                             1000 |                             1000
---------------------------------------------------------------------------------------------------
INFO: [Synth 8-3898] No Re-encoding of one hot register 'current_state_reg' in module 'xsdbs_v1_0_2_reg_p2s__parameterized1'
---------------------------------------------------------------------------------------------------
                   State |                     New Encoding |                Previous Encoding 
---------------------------------------------------------------------------------------------------
*
                    IDLE |                             0001 |                             0001
                     REG |                             0010 |                             0010
                     P2S |                             0100 |                             0100
                     S2P |                             1000 |                             1000
---------------------------------------------------------------------------------------------------
INFO: [Synth 8-3898] No Re-encoding of one hot register 'current_state_reg' in module 'xsdbs_v1_0_2_reg_p2s__parameterized2'
---------------------------------------------------------------------------------------------------
                   State |                     New Encoding |                Previous Encoding 
---------------------------------------------------------------------------------------------------
*
                    IDLE |                             0001 |                             0001
                     REG |                             0010 |                             0010
                     P2S |                             0100 |                             0100
                     S2P |                             1000 |                             1000
---------------------------------------------------------------------------------------------------
INFO: [Synth 8-3898] No Re-encoding of one hot register 'current_state_reg' in module 'xsdbs_v1_0_2_reg_p2s__parameterized3'
---------------------------------------------------------------------------------------------------
                   State |                     New Encoding |                Previous Encoding 
---------------------------------------------------------------------------------------------------
*
                    IDLE |                             0001 |                             0001
                     REG |                             0010 |                             0010
                     P2S |                             0100 |                             0100
                     S2P |                             1000 |                             1000
---------------------------------------------------------------------------------------------------
INFO: [Synth 8-3898] No Re-encoding of one hot register 'current_state_reg' in module 'xsdbs_v1_0_2_reg_p2s__parameterized4'
---------------------------------------------------------------------------------------------------
                   State |                     New Encoding |                Previous Encoding 
---------------------------------------------------------------------------------------------------
*
                    IDLE |                             0001 |                             0001
                     REG |                             0010 |                             0010
                     P2S |                             0100 |                             0100
                     S2P |                             1000 |                             1000
---------------------------------------------------------------------------------------------------
INFO: [Synth 8-3898] No Re-encoding of one hot register 'current_state_reg' in module 'xsdbs_v1_0_2_reg_p2s__parameterized5'
---------------------------------------------------------------------------------------------------
                   State |                     New Encoding |                Previous Encoding 
---------------------------------------------------------------------------------------------------
*
                    IDLE |                             0001 |                             0001
                     REG |                             0010 |                             0010
                     P2S |                             0100 |                             0100
                     S2P |                             1000 |                             1000
---------------------------------------------------------------------------------------------------
INFO: [Synth 8-3898] No Re-encoding of one hot register 'current_state_reg' in module 'xsdbs_v1_0_2_reg_p2s__parameterized6'
---------------------------------------------------------------------------------------------------
                   State |                     New Encoding |                Previous Encoding 
---------------------------------------------------------------------------------------------------
*
                    IDLE |                             0001 |                             0001
                     REG |                             0010 |                             0010
                     P2S |                             0100 |                             0100
                     S2P |                             1000 |                             1000
---------------------------------------------------------------------------------------------------
INFO: [Synth 8-3898] No Re-encoding of one hot register 'current_state_reg' in module 'xsdbs_v1_0_2_reg_p2s__parameterized7'
---------------------------------------------------------------------------------------------------
                   State |                     New Encoding |                Previous Encoding 
---------------------------------------------------------------------------------------------------
*
                    IDLE |                             0001 |                             0001
                     REG |                             0010 |                             0010
                     P2S |                             0100 |                             0100
                     S2P |                             1000 |                             1000
---------------------------------------------------------------------------------------------------
INFO: [Synth 8-3898] No Re-encoding of one hot register 'current_state_reg' in module 'xsdbs_v1_0_2_reg_p2s__parameterized8'
---------------------------------------------------------------------------------------------------
                   State |                     New Encoding |                Previous Encoding 
---------------------------------------------------------------------------------------------------
*
                    IDLE |                             0001 |                             0001
                     REG |                             0010 |                             0010
                     P2S |                             0100 |                             0100
                     S2P |                             1000 |                             1000
---------------------------------------------------------------------------------------------------
INFO: [Synth 8-3898] No Re-encoding of one hot register 'current_state_reg' in module 'xsdbs_v1_0_2_reg_p2s__parameterized9'
---------------------------------------------------------------------------------------------------
                   State |                     New Encoding |                Previous Encoding 
---------------------------------------------------------------------------------------------------
*
                    IDLE |                             0001 |                             0001
                     REG |                             0010 |                             0010
                     P2S |                             0100 |                             0100
                     S2P |                             1000 |                             1000
---------------------------------------------------------------------------------------------------
INFO: [Synth 8-3898] No Re-encoding of one hot register 'current_state_reg' in module 'xsdbs_v1_0_2_reg_p2s__parameterized10'
---------------------------------------------------------------------------------------------------
                   State |                     New Encoding |                Previous Encoding 
---------------------------------------------------------------------------------------------------
*
                    IDLE |                             0001 |                             0001
                     REG |                             0010 |                             0010
                     P2S |                             0100 |                             0100
                     S2P |                             1000 |                             1000
---------------------------------------------------------------------------------------------------
INFO: [Synth 8-3898] No Re-encoding of one hot register 'current_state_reg' in module 'xsdbs_v1_0_2_reg_p2s__parameterized11'
---------------------------------------------------------------------------------------------------
                   State |                     New Encoding |                Previous Encoding 
---------------------------------------------------------------------------------------------------
*
                    IDLE |                             0001 |                             0001
                     REG |                             0010 |                             0010
                     P2S |                             0100 |                             0100
                     S2P |                             1000 |                             1000
---------------------------------------------------------------------------------------------------
INFO: [Synth 8-3898] No Re-encoding of one hot register 'current_state_reg' in module 'xsdbs_v1_0_2_reg_p2s__parameterized12'
---------------------------------------------------------------------------------------------------
                   State |                     New Encoding |                Previous Encoding 
---------------------------------------------------------------------------------------------------
*
                    IDLE |                             0001 |                             0001
                     REG |                             0010 |                             0010
                     P2S |                             0100 |                             0100
                     S2P |                             1000 |                             1000
---------------------------------------------------------------------------------------------------
INFO: [Synth 8-3898] No Re-encoding of one hot register 'current_state_reg' in module 'xsdbs_v1_0_2_reg_p2s__parameterized13'
---------------------------------------------------------------------------------------------------
                   State |                     New Encoding |                Previous Encoding 
---------------------------------------------------------------------------------------------------
*
                    IDLE |                             0001 |                             0001
                     REG |                             0010 |                             0010
                     P2S |                             0100 |                             0100
                     S2P |                             1000 |                             1000
---------------------------------------------------------------------------------------------------
INFO: [Synth 8-3898] No Re-encoding of one hot register 'current_state_reg' in module 'xsdbs_v1_0_2_reg_p2s__parameterized14'
---------------------------------------------------------------------------------------------------
                   State |                     New Encoding |                Previous Encoding 
---------------------------------------------------------------------------------------------------
*
                    IDLE |                             0001 |                             0001
                     REG |                             0010 |                             0010
                     P2S |                             0100 |                             0100
                     S2P |                             1000 |                             1000
---------------------------------------------------------------------------------------------------
INFO: [Synth 8-3898] No Re-encoding of one hot register 'current_state_reg' in module 'xsdbs_v1_0_2_reg_p2s__parameterized15'
---------------------------------------------------------------------------------------------------
                   State |                     New Encoding |                Previous Encoding 
---------------------------------------------------------------------------------------------------
*
                    IDLE |                             0001 |                             0001
                     REG |                             0010 |                             0010
                     P2S |                             0100 |                             0100
                     S2P |                             1000 |                             1000
---------------------------------------------------------------------------------------------------
INFO: [Synth 8-3898] No Re-encoding of one hot register 'current_state_reg' in module 'xsdbs_v1_0_2_reg_p2s__parameterized16'
---------------------------------------------------------------------------------------------------
                   State |                     New Encoding |                Previous Encoding 
---------------------------------------------------------------------------------------------------
*
                    IDLE |                             0001 |                             0001
                     REG |                             0010 |                             0010
                     P2S |                             0100 |                             0100
                     S2P |                             1000 |                             1000
---------------------------------------------------------------------------------------------------
INFO: [Synth 8-3898] No Re-encoding of one hot register 'current_state_reg' in module 'xsdbs_v1_0_2_reg_p2s__parameterized17'
---------------------------------------------------------------------------------------------------
                   State |                     New Encoding |                Previous Encoding 
---------------------------------------------------------------------------------------------------
*
                    IDLE |                             0001 |                             0001
                     REG |                             0010 |                             0010
                     P2S |                             0100 |                             0100
                     S2P |                             1000 |                             1000
---------------------------------------------------------------------------------------------------
INFO: [Synth 8-3898] No Re-encoding of one hot register 'current_state_reg' in module 'xsdbs_v1_0_2_reg_p2s__parameterized18'
---------------------------------------------------------------------------------------------------
                   State |                     New Encoding |                Previous Encoding 
---------------------------------------------------------------------------------------------------
*
                    IDLE |                             0001 |                             0001
                     REG |                             0010 |                             0010
                     P2S |                             0100 |                             0100
                     S2P |                             1000 |                             1000
---------------------------------------------------------------------------------------------------
INFO: [Synth 8-3898] No Re-encoding of one hot register 'current_state_reg' in module 'xsdbs_v1_0_2_reg_p2s__parameterized19'
---------------------------------------------------------------------------------------------------
                   State |                     New Encoding |                Previous Encoding 
---------------------------------------------------------------------------------------------------
*
                    IDLE |                             0001 |                             0001
                     REG |                             0010 |                             0010
                     P2S |                             0100 |                             0100
                     S2P |                             1000 |                             1000
---------------------------------------------------------------------------------------------------
INFO: [Synth 8-3898] No Re-encoding of one hot register 'current_state_reg' in module 'xsdbs_v1_0_2_reg_p2s__parameterized20'
---------------------------------------------------------------------------------------------------
                   State |                     New Encoding |                Previous Encoding 
---------------------------------------------------------------------------------------------------
*
                    IDLE |                             0001 |                             0001
                     REG |                             0010 |                             0010
                     P2S |                             0100 |                             0100
                     S2P |                             1000 |                             1000
---------------------------------------------------------------------------------------------------
INFO: [Synth 8-3898] No Re-encoding of one hot register 'current_state_reg' in module 'xsdbs_v1_0_2_reg_p2s__parameterized21'
---------------------------------------------------------------------------------------------------
                   State |                     New Encoding |                Previous Encoding 
---------------------------------------------------------------------------------------------------
*
                    IDLE |                             0001 |                             0001
                     REG |                             0010 |                             0010
                     P2S |                             0100 |                             0100
                     S2P |                             1000 |                             1000
---------------------------------------------------------------------------------------------------
INFO: [Synth 8-3898] No Re-encoding of one hot register 'current_state_reg' in module 'xsdbs_v1_0_2_reg_p2s__parameterized22'
---------------------------------------------------------------------------------------------------
                   State |                     New Encoding |                Previous Encoding 
---------------------------------------------------------------------------------------------------
*
                    IDLE |                             0001 |                             0001
                     REG |                             0010 |                             0010
                     P2S |                             0100 |                             0100
                     S2P |                             1000 |                             1000
---------------------------------------------------------------------------------------------------
INFO: [Synth 8-3898] No Re-encoding of one hot register 'current_state_reg' in module 'xsdbs_v1_0_2_reg_p2s__parameterized23'
---------------------------------------------------------------------------------------------------
                   State |                     New Encoding |                Previous Encoding 
---------------------------------------------------------------------------------------------------
*
                    IDLE |                             0001 |                             0001
                     REG |                             0010 |                             0010
                     P2S |                             0100 |                             0100
                     S2P |                             1000 |                             1000
---------------------------------------------------------------------------------------------------
INFO: [Synth 8-3898] No Re-encoding of one hot register 'current_state_reg' in module 'xsdbs_v1_0_2_reg_p2s__parameterized24'
---------------------------------------------------------------------------------------------------
                   State |                     New Encoding |                Previous Encoding 
---------------------------------------------------------------------------------------------------
*
                    IDLE |                             0001 |                             0001
                     REG |                             0010 |                             0010
                     P2S |                             0100 |                             0100
                     S2P |                             1000 |                             1000
---------------------------------------------------------------------------------------------------
INFO: [Synth 8-3898] No Re-encoding of one hot register 'current_state_reg' in module 'xsdbs_v1_0_2_reg_p2s__parameterized25'
---------------------------------------------------------------------------------------------------
                   State |                     New Encoding |                Previous Encoding 
---------------------------------------------------------------------------------------------------
*
                    IDLE |                             0001 |                             0001
                     REG |                             0010 |                             0010
                     P2S |                             0100 |                             0100
                     S2P |                             1000 |                             1000
---------------------------------------------------------------------------------------------------
INFO: [Synth 8-3898] No Re-encoding of one hot register 'current_state_reg' in module 'xsdbs_v1_0_2_reg_p2s__parameterized26'
---------------------------------------------------------------------------------------------------
                   State |                     New Encoding |                Previous Encoding 
---------------------------------------------------------------------------------------------------
*
                    IDLE |                             0001 |                             0001
                     REG |                             0010 |                             0010
                     P2S |                             0100 |                             0100
                     S2P |                             1000 |                             1000
---------------------------------------------------------------------------------------------------
INFO: [Synth 8-3898] No Re-encoding of one hot register 'current_state_reg' in module 'xsdbs_v1_0_2_reg_p2s__parameterized27'
---------------------------------------------------------------------------------------------------
                   State |                     New Encoding |                Previous Encoding 
---------------------------------------------------------------------------------------------------
*
                    IDLE |                             0001 |                             0001
                     REG |                             0010 |                             0010
                     P2S |                             0100 |                             0100
                     S2P |                             1000 |                             1000
---------------------------------------------------------------------------------------------------
INFO: [Synth 8-3898] No Re-encoding of one hot register 'current_state_reg' in module 'xsdbs_v1_0_2_reg_p2s__parameterized28'
---------------------------------------------------------------------------------------------------
                   State |                     New Encoding |                Previous Encoding 
---------------------------------------------------------------------------------------------------
*
                    IDLE |                             0001 |                             0001
                     REG |                             0010 |                             0010
                     P2S |                             0100 |                             0100
                     S2P |                             1000 |                             1000
---------------------------------------------------------------------------------------------------
INFO: [Synth 8-3898] No Re-encoding of one hot register 'current_state_reg' in module 'xsdbs_v1_0_2_reg_p2s__parameterized29'
---------------------------------------------------------------------------------------------------
                   State |                     New Encoding |                Previous Encoding 
---------------------------------------------------------------------------------------------------
*
                    IDLE |                             0001 |                             0001
                     REG |                             0010 |                             0010
                     P2S |                             0100 |                             0100
                     S2P |                             1000 |                             1000
---------------------------------------------------------------------------------------------------
INFO: [Synth 8-3898] No Re-encoding of one hot register 'current_state_reg' in module 'xsdbs_v1_0_2_reg_p2s__parameterized30'
---------------------------------------------------------------------------------------------------
                   State |                     New Encoding |                Previous Encoding 
---------------------------------------------------------------------------------------------------
*
                    IDLE |                             0001 |                             0001
                     REG |                             0010 |                             0010
                     P2S |                             0100 |                             0100
                     S2P |                             1000 |                             1000
---------------------------------------------------------------------------------------------------
INFO: [Synth 8-3898] No Re-encoding of one hot register 'current_state_reg' in module 'xsdbs_v1_0_2_reg_p2s__parameterized31'
---------------------------------------------------------------------------------------------------
                   State |                     New Encoding |                Previous Encoding 
---------------------------------------------------------------------------------------------------
*
                    IDLE |                             0001 |                             0001
                     REG |                             0010 |                             0010
                     P2S |                             0100 |                             0100
                     S2P |                             1000 |                             1000
---------------------------------------------------------------------------------------------------
INFO: [Synth 8-3898] No Re-encoding of one hot register 'current_state_reg' in module 'xsdbs_v1_0_2_reg_p2s__parameterized32'
---------------------------------------------------------------------------------------------------
                   State |                     New Encoding |                Previous Encoding 
---------------------------------------------------------------------------------------------------
*
                    IDLE |                             0001 |                             0001
                     REG |                             0010 |                             0010
                     P2S |                             0100 |                             0100
                     S2P |                             1000 |                             1000
---------------------------------------------------------------------------------------------------
INFO: [Synth 8-3898] No Re-encoding of one hot register 'current_state_reg' in module 'xsdbs_v1_0_2_reg_p2s__parameterized33'
---------------------------------------------------------------------------------------------------
                   State |                     New Encoding |                Previous Encoding 
---------------------------------------------------------------------------------------------------
*
                    IDLE |                             0001 |                             0001
                     REG |                             0010 |                             0010
                     P2S |                             0100 |                             0100
                     S2P |                             1000 |                             1000
---------------------------------------------------------------------------------------------------
INFO: [Synth 8-3898] No Re-encoding of one hot register 'current_state_reg' in module 'xsdbs_v1_0_2_reg_p2s__parameterized34'
---------------------------------------------------------------------------------------------------
                   State |                     New Encoding |                Previous Encoding 
---------------------------------------------------------------------------------------------------
*
                    IDLE |                             0001 |                             0001
                     REG |                             0010 |                             0010
                     P2S |                             0100 |                             0100
                     S2P |                             1000 |                             1000
---------------------------------------------------------------------------------------------------
INFO: [Synth 8-3898] No Re-encoding of one hot register 'current_state_reg' in module 'xsdbs_v1_0_2_reg_p2s__parameterized35'
---------------------------------------------------------------------------------------------------
                   State |                     New Encoding |                Previous Encoding 
---------------------------------------------------------------------------------------------------
*
                    IDLE |                             0001 |                             0001
                     REG |                             0010 |                             0010
                     P2S |                             0100 |                             0100
                     S2P |                             1000 |                             1000
---------------------------------------------------------------------------------------------------
INFO: [Synth 8-3898] No Re-encoding of one hot register 'current_state_reg' in module 'xsdbs_v1_0_2_reg_p2s__parameterized36'
---------------------------------------------------------------------------------------------------
                   State |                     New Encoding |                Previous Encoding 
---------------------------------------------------------------------------------------------------
*
                    IDLE |                             0001 |                             0001
                     REG |                             0010 |                             0010
                     P2S |                             0100 |                             0100
                     S2P |                             1000 |                             1000
---------------------------------------------------------------------------------------------------
INFO: [Synth 8-3898] No Re-encoding of one hot register 'current_state_reg' in module 'xsdbs_v1_0_2_reg_p2s__parameterized37'
---------------------------------------------------------------------------------------------------
                   State |                     New Encoding |                Previous Encoding 
---------------------------------------------------------------------------------------------------
*
                    IDLE |                             0001 |                             0001
                     REG |                             0010 |                             0010
                     P2S |                             0100 |                             0100
                     S2P |                             1000 |                             1000
---------------------------------------------------------------------------------------------------
INFO: [Synth 8-3898] No Re-encoding of one hot register 'current_state_reg' in module 'xsdbs_v1_0_2_reg_p2s__parameterized38'
---------------------------------------------------------------------------------------------------
                   State |                     New Encoding |                Previous Encoding 
---------------------------------------------------------------------------------------------------
*
                    IDLE |                             0001 |                             0001
                     REG |                             0010 |                             0010
                     P2S |                             0100 |                             0100
                     S2P |                             1000 |                             1000
---------------------------------------------------------------------------------------------------
INFO: [Synth 8-3898] No Re-encoding of one hot register 'current_state_reg' in module 'xsdbs_v1_0_2_reg_p2s__parameterized39'
---------------------------------------------------------------------------------------------------
                   State |                     New Encoding |                Previous Encoding 
---------------------------------------------------------------------------------------------------
*
                    IDLE |                             0001 |                             0001
                     REG |                             0010 |                             0010
                     P2S |                             0100 |                             0100
                     S2P |                             1000 |                             1000
---------------------------------------------------------------------------------------------------
INFO: [Synth 8-3898] No Re-encoding of one hot register 'current_state_reg' in module 'xsdbs_v1_0_2_reg_p2s__parameterized40'
---------------------------------------------------------------------------------------------------
                   State |                     New Encoding |                Previous Encoding 
---------------------------------------------------------------------------------------------------
*
                    IDLE |                             0001 |                             0001
                     REG |                             0010 |                             0010
                     P2S |                             0100 |                             0100
                     S2P |                             1000 |                             1000
---------------------------------------------------------------------------------------------------
INFO: [Synth 8-3898] No Re-encoding of one hot register 'current_state_reg' in module 'xsdbs_v1_0_2_reg_p2s__parameterized41'
---------------------------------------------------------------------------------------------------
                   State |                     New Encoding |                Previous Encoding 
---------------------------------------------------------------------------------------------------
*
                    IDLE |                             0001 |                             0001
                     REG |                             0010 |                             0010
                     P2S |                             0100 |                             0100
                     S2P |                             1000 |                             1000
---------------------------------------------------------------------------------------------------
INFO: [Synth 8-3898] No Re-encoding of one hot register 'current_state_reg' in module 'xsdbs_v1_0_2_reg_p2s__parameterized42'
---------------------------------------------------------------------------------------------------
                   State |                     New Encoding |                Previous Encoding 
---------------------------------------------------------------------------------------------------
*
                    IDLE |                             0001 |                             0001
                     REG |                             0010 |                             0010
                     P2S |                             0100 |                             0100
                     S2P |                             1000 |                             1000
---------------------------------------------------------------------------------------------------
INFO: [Synth 8-3898] No Re-encoding of one hot register 'current_state_reg' in module 'xsdbs_v1_0_2_reg_p2s__parameterized43'
---------------------------------------------------------------------------------------------------
                   State |                     New Encoding |                Previous Encoding 
---------------------------------------------------------------------------------------------------
*
                    IDLE |                             0001 |                             0001
                     REG |                             0010 |                             0010
                     P2S |                             0100 |                             0100
                     S2P |                             1000 |                             1000
---------------------------------------------------------------------------------------------------
INFO: [Synth 8-3898] No Re-encoding of one hot register 'current_state_reg' in module 'xsdbs_v1_0_2_reg_p2s__parameterized44'
---------------------------------------------------------------------------------------------------
                   State |                     New Encoding |                Previous Encoding 
---------------------------------------------------------------------------------------------------
*
                    IDLE |                             0001 |                             0001
                     REG |                             0010 |                             0010
                     P2S |                             0100 |                             0100
                     S2P |                             1000 |                             1000
---------------------------------------------------------------------------------------------------
INFO: [Synth 8-3898] No Re-encoding of one hot register 'current_state_reg' in module 'xsdbs_v1_0_2_reg_p2s__parameterized45'
---------------------------------------------------------------------------------------------------
                   State |                     New Encoding |                Previous Encoding 
---------------------------------------------------------------------------------------------------
*
                    IDLE |                             0001 |                             0001
                     REG |                             0010 |                             0010
                     P2S |                             0100 |                             0100
                     S2P |                             1000 |                             1000
---------------------------------------------------------------------------------------------------
INFO: [Synth 8-3898] No Re-encoding of one hot register 'current_state_reg' in module 'xsdbs_v1_0_2_reg_p2s__parameterized46'
---------------------------------------------------------------------------------------------------
                   State |                     New Encoding |                Previous Encoding 
---------------------------------------------------------------------------------------------------
*
                    IDLE |                             0001 |                             0001
                     REG |                             0010 |                             0010
                     P2S |                             0100 |                             0100
                     S2P |                             1000 |                             1000
---------------------------------------------------------------------------------------------------
INFO: [Synth 8-3898] No Re-encoding of one hot register 'current_state_reg' in module 'xsdbs_v1_0_2_reg_p2s__parameterized47'
---------------------------------------------------------------------------------------------------
                   State |                     New Encoding |                Previous Encoding 
---------------------------------------------------------------------------------------------------
*
                    IDLE |                             0001 |                             0001
                     REG |                             0010 |                             0010
                     P2S |                             0100 |                             0100
                     S2P |                             1000 |                             1000
---------------------------------------------------------------------------------------------------
INFO: [Synth 8-3898] No Re-encoding of one hot register 'current_state_reg' in module 'xsdbs_v1_0_2_reg_p2s__parameterized48'
---------------------------------------------------------------------------------
Finished RTL Optimization Phase 2 : Time (s): cpu = 00:01:36 ; elapsed = 00:01:40 . Memory (MB): peak = 1069.469 ; gain = 674.645
---------------------------------------------------------------------------------

Report RTL Partitions: 
+-+--------------+------------+----------+
| |RTL Partition |Replication |Instances |
+-+--------------+------------+----------+
+-+--------------+------------+----------+
---------------------------------------------------------------------------------
Start RTL Component Statistics 
---------------------------------------------------------------------------------
Detailed RTL Component Info : 
+---Adders : 
	   2 Input     32 Bit       Adders := 4     
	   2 Input     16 Bit       Adders := 1     
	   2 Input      9 Bit       Adders := 1     
	   2 Input      7 Bit       Adders := 4     
	   2 Input      6 Bit       Adders := 1     
	   2 Input      4 Bit       Adders := 52    
	   2 Input      2 Bit       Adders := 1     
+---XORs : 
	   2 Input     13 Bit         XORs := 66    
	   2 Input      1 Bit         XORs := 4     
+---Registers : 
	             1024 Bit    Registers := 2     
	              128 Bit    Registers := 1     
	               48 Bit    Registers := 1     
	               44 Bit    Registers := 9     
	               33 Bit    Registers := 2     
	               32 Bit    Registers := 9     
	               24 Bit    Registers := 1     
	               17 Bit    Registers := 2     
	               16 Bit    Registers := 208   
	               14 Bit    Registers := 33    
	               12 Bit    Registers := 8     
	                9 Bit    Registers := 1     
	                8 Bit    Registers := 1     
	                7 Bit    Registers := 5     
	                6 Bit    Registers := 2     
	                4 Bit    Registers := 59    
	                2 Bit    Registers := 7     
	                1 Bit    Registers := 363   
+---Muxes : 
	   2 Input     44 Bit        Muxes := 1     
	   2 Input     32 Bit        Muxes := 12    
	   2 Input     16 Bit        Muxes := 66    
	  28 Input     16 Bit        Muxes := 1     
	   4 Input     16 Bit        Muxes := 2     
	   3 Input     16 Bit        Muxes := 2     
	   8 Input     16 Bit        Muxes := 1     
	   2 Input     15 Bit        Muxes := 52    
	   3 Input     15 Bit        Muxes := 1     
	   3 Input      7 Bit        Muxes := 1     
	   8 Input      7 Bit        Muxes := 1     
	   2 Input      6 Bit        Muxes := 4     
	  28 Input      5 Bit        Muxes := 1     
	   2 Input      5 Bit        Muxes := 2     
	   2 Input      4 Bit        Muxes := 158   
	   5 Input      4 Bit        Muxes := 52    
	   2 Input      3 Bit        Muxes := 52    
	   2 Input      2 Bit        Muxes := 6     
	   8 Input      2 Bit        Muxes := 1     
	   2 Input      1 Bit        Muxes := 354   
	   4 Input      1 Bit        Muxes := 2     
	   3 Input      1 Bit        Muxes := 52    
	   9 Input      1 Bit        Muxes := 1     
	   8 Input      1 Bit        Muxes := 5     
---------------------------------------------------------------------------------
Finished RTL Component Statistics 
---------------------------------------------------------------------------------
---------------------------------------------------------------------------------
Start RTL Hierarchical Component Statistics 
---------------------------------------------------------------------------------
Hierarchical RTL Component report 
Module ila_v6_2_8_generic_counter 
Detailed RTL Component Info : 
+---Adders : 
	   2 Input     32 Bit       Adders := 1     
+---Registers : 
	               32 Bit    Registers := 2     
+---Muxes : 
	   2 Input     32 Bit        Muxes := 3     
	   2 Input      1 Bit        Muxes := 2     
Module ila_v6_2_8_ila_adv_trigger_sequencer 
Detailed RTL Component Info : 
+---Adders : 
	   2 Input      7 Bit       Adders := 2     
+---Registers : 
	               24 Bit    Registers := 1     
	               16 Bit    Registers := 1     
	                7 Bit    Registers := 2     
	                4 Bit    Registers := 1     
	                2 Bit    Registers := 1     
	                1 Bit    Registers := 10    
+---Muxes : 
	   2 Input     16 Bit        Muxes := 1     
	   2 Input      4 Bit        Muxes := 1     
	   2 Input      2 Bit        Muxes := 1     
	   2 Input      1 Bit        Muxes := 9     
	   4 Input      1 Bit        Muxes := 1     
Module ila_v6_2_8_ila_fsm_memory_read 
Detailed RTL Component Info : 
+---Registers : 
	               16 Bit    Registers := 2     
	                8 Bit    Registers := 1     
	                1 Bit    Registers := 2     
+---Muxes : 
	   2 Input     16 Bit        Muxes := 1     
Module xsdbs_v1_0_2_reg_p2s__parameterized49 
Detailed RTL Component Info : 
+---Adders : 
	   2 Input      4 Bit       Adders := 1     
+---XORs : 
	   2 Input     13 Bit         XORs := 1     
+---Registers : 
	               16 Bit    Registers := 2     
	                4 Bit    Registers := 1     
	                1 Bit    Registers := 3     
+---Muxes : 
	   2 Input     16 Bit        Muxes := 1     
	   2 Input     15 Bit        Muxes := 1     
	   5 Input      4 Bit        Muxes := 1     
	   2 Input      4 Bit        Muxes := 3     
	   2 Input      3 Bit        Muxes := 1     
	   2 Input      1 Bit        Muxes := 5     
	   3 Input      1 Bit        Muxes := 1     
Module xsdbs_v1_0_2_reg_stat 
Detailed RTL Component Info : 
+---Registers : 
	               16 Bit    Registers := 1     
Module xsdbs_v1_0_2_reg_stream 
Detailed RTL Component Info : 
+---Muxes : 
	   2 Input      1 Bit        Muxes := 1     
Module xsdbs_v1_0_2_reg_ctl 
Detailed RTL Component Info : 
+---Registers : 
	               16 Bit    Registers := 1     
Module xsdbs_v1_0_2_reg_stream__parameterized0 
Detailed RTL Component Info : 
+---Registers : 
	                1 Bit    Registers := 1     
+---Muxes : 
	   2 Input      1 Bit        Muxes := 1     
Module xsdbs_v1_0_2_xsdbs 
Detailed RTL Component Info : 
+---Registers : 
	              128 Bit    Registers := 1     
	               17 Bit    Registers := 1     
	               16 Bit    Registers := 4     
	                1 Bit    Registers := 4     
+---Muxes : 
	   2 Input     16 Bit        Muxes := 1     
Module xsdbs_v1_0_2_reg__parameterized30 
Detailed RTL Component Info : 
+---XORs : 
	   2 Input     13 Bit         XORs := 1     
Module xsdbs_v1_0_2_reg_ctl__parameterized0 
Detailed RTL Component Info : 
+---Registers : 
	               16 Bit    Registers := 1     
Module xsdbs_v1_0_2_reg__parameterized31 
Detailed RTL Component Info : 
+---XORs : 
	   2 Input     13 Bit         XORs := 1     
Module xsdbs_v1_0_2_reg__parameterized45 
Detailed RTL Component Info : 
+---XORs : 
	   2 Input     13 Bit         XORs := 1     
Module xsdbs_v1_0_2_reg__parameterized46 
Detailed RTL Component Info : 
+---XORs : 
	   2 Input     13 Bit         XORs := 1     
Module xsdbs_v1_0_2_reg__parameterized47 
Detailed RTL Component Info : 
+---XORs : 
	   2 Input     13 Bit         XORs := 1     
Module xsdbs_v1_0_2_reg__parameterized48 
Detailed RTL Component Info : 
+---XORs : 
	   2 Input     13 Bit         XORs := 1     
Module xsdbs_v1_0_2_reg__parameterized49 
Detailed RTL Component Info : 
+---XORs : 
	   2 Input     13 Bit         XORs := 1     
Module xsdbs_v1_0_2_reg_ctl__parameterized1 
Detailed RTL Component Info : 
+---Registers : 
	               16 Bit    Registers := 1     
Module xsdbs_v1_0_2_reg__parameterized50 
Detailed RTL Component Info : 
+---XORs : 
	   2 Input     13 Bit         XORs := 1     
Module xsdbs_v1_0_2_reg_ctl__parameterized2 
Detailed RTL Component Info : 
+---Registers : 
	               16 Bit    Registers := 1     
Module xsdbs_v1_0_2_reg__parameterized51 
Detailed RTL Component Info : 
+---XORs : 
	   2 Input     13 Bit         XORs := 1     
Module xsdbs_v1_0_2_reg__parameterized52 
Detailed RTL Component Info : 
+---XORs : 
	   2 Input     13 Bit         XORs := 1     
Module xsdbs_v1_0_2_reg__parameterized53 
Detailed RTL Component Info : 
+---XORs : 
	   2 Input     13 Bit         XORs := 1     
Module xsdbs_v1_0_2_reg__parameterized54 
Detailed RTL Component Info : 
+---XORs : 
	   2 Input     13 Bit         XORs := 1     
Module xsdbs_v1_0_2_reg__parameterized55 
Detailed RTL Component Info : 
+---XORs : 
	   2 Input     13 Bit         XORs := 1     
Module xsdbs_v1_0_2_reg__parameterized56 
Detailed RTL Component Info : 
+---XORs : 
	   2 Input     13 Bit         XORs := 1     
Module xsdbs_v1_0_2_reg_p2s__parameterized50 
Detailed RTL Component Info : 
+---Adders : 
	   2 Input      4 Bit       Adders := 1     
+---XORs : 
	   2 Input     13 Bit         XORs := 1     
+---Registers : 
	               16 Bit    Registers := 2     
	                4 Bit    Registers := 1     
	                1 Bit    Registers := 3     
+---Muxes : 
	   2 Input     16 Bit        Muxes := 1     
	   2 Input     15 Bit        Muxes := 1     
	   5 Input      4 Bit        Muxes := 1     
	   2 Input      4 Bit        Muxes := 3     
	   2 Input      3 Bit        Muxes := 1     
	   2 Input      1 Bit        Muxes := 5     
	   3 Input      1 Bit        Muxes := 1     
Module xsdbs_v1_0_2_reg_stream__parameterized1 
Detailed RTL Component Info : 
+---Registers : 
	                1 Bit    Registers := 1     
+---Muxes : 
	   2 Input      1 Bit        Muxes := 1     
Module xsdbs_v1_0_2_reg_stream__parameterized2 
Detailed RTL Component Info : 
+---Muxes : 
	   2 Input      1 Bit        Muxes := 1     
Module xsdbs_v1_0_2_reg_p2s 
Detailed RTL Component Info : 
+---Adders : 
	   2 Input      4 Bit       Adders := 1     
+---XORs : 
	   2 Input     13 Bit         XORs := 1     
+---Registers : 
	               16 Bit    Registers := 2     
	                4 Bit    Registers := 1     
	                1 Bit    Registers := 3     
+---Muxes : 
	   2 Input     16 Bit        Muxes := 1     
	   2 Input     15 Bit        Muxes := 1     
	   5 Input      4 Bit        Muxes := 1     
	   2 Input      4 Bit        Muxes := 3     
	   2 Input      3 Bit        Muxes := 1     
	   2 Input      1 Bit        Muxes := 5     
	   3 Input      1 Bit        Muxes := 1     
Module xsdbs_v1_0_2_reg_p2s__parameterized0 
Detailed RTL Component Info : 
+---Adders : 
	   2 Input      4 Bit       Adders := 1     
+---XORs : 
	   2 Input     13 Bit         XORs := 1     
+---Registers : 
	               16 Bit    Registers := 2     
	                4 Bit    Registers := 1     
	                1 Bit    Registers := 3     
+---Muxes : 
	   2 Input     16 Bit        Muxes := 1     
	   2 Input     15 Bit        Muxes := 1     
	   5 Input      4 Bit        Muxes := 1     
	   2 Input      4 Bit        Muxes := 3     
	   2 Input      3 Bit        Muxes := 1     
	   2 Input      1 Bit        Muxes := 5     
	   3 Input      1 Bit        Muxes := 1     
Module xsdbs_v1_0_2_reg_p2s__parameterized1 
Detailed RTL Component Info : 
+---Adders : 
	   2 Input      4 Bit       Adders := 1     
+---XORs : 
	   2 Input     13 Bit         XORs := 1     
+---Registers : 
	               16 Bit    Registers := 2     
	                4 Bit    Registers := 1     
	                1 Bit    Registers := 3     
+---Muxes : 
	   2 Input     16 Bit        Muxes := 1     
	   2 Input     15 Bit        Muxes := 1     
	   5 Input      4 Bit        Muxes := 1     
	   2 Input      4 Bit        Muxes := 3     
	   2 Input      3 Bit        Muxes := 1     
	   2 Input      1 Bit        Muxes := 5     
	   3 Input      1 Bit        Muxes := 1     
Module xsdbs_v1_0_2_reg_p2s__parameterized2 
Detailed RTL Component Info : 
+---Adders : 
	   2 Input      4 Bit       Adders := 1     
+---XORs : 
	   2 Input     13 Bit         XORs := 1     
+---Registers : 
	               16 Bit    Registers := 2     
	                4 Bit    Registers := 1     
	                1 Bit    Registers := 3     
+---Muxes : 
	   2 Input     16 Bit        Muxes := 1     
	   2 Input     15 Bit        Muxes := 1     
	   5 Input      4 Bit        Muxes := 1     
	   2 Input      4 Bit        Muxes := 3     
	   2 Input      3 Bit        Muxes := 1     
	   2 Input      1 Bit        Muxes := 5     
	   3 Input      1 Bit        Muxes := 1     
Module xsdbs_v1_0_2_reg_p2s__parameterized3 
Detailed RTL Component Info : 
+---Adders : 
	   2 Input      4 Bit       Adders := 1     
+---XORs : 
	   2 Input     13 Bit         XORs := 1     
+---Registers : 
	               16 Bit    Registers := 2     
	                4 Bit    Registers := 1     
	                1 Bit    Registers := 3     
+---Muxes : 
	   2 Input     16 Bit        Muxes := 1     
	   2 Input     15 Bit        Muxes := 1     
	   5 Input      4 Bit        Muxes := 1     
	   2 Input      4 Bit        Muxes := 3     
	   2 Input      3 Bit        Muxes := 1     
	   2 Input      1 Bit        Muxes := 5     
	   3 Input      1 Bit        Muxes := 1     
Module xsdbs_v1_0_2_reg_p2s__parameterized4 
Detailed RTL Component Info : 
+---Adders : 
	   2 Input      4 Bit       Adders := 1     
+---XORs : 
	   2 Input     13 Bit         XORs := 1     
+---Registers : 
	               16 Bit    Registers := 2     
	                4 Bit    Registers := 1     
	                1 Bit    Registers := 3     
+---Muxes : 
	   2 Input     16 Bit        Muxes := 1     
	   2 Input     15 Bit        Muxes := 1     
	   5 Input      4 Bit        Muxes := 1     
	   2 Input      4 Bit        Muxes := 3     
	   2 Input      3 Bit        Muxes := 1     
	   2 Input      1 Bit        Muxes := 5     
	   3 Input      1 Bit        Muxes := 1     
Module xsdbs_v1_0_2_reg_p2s__parameterized5 
Detailed RTL Component Info : 
+---Adders : 
	   2 Input      4 Bit       Adders := 1     
+---XORs : 
	   2 Input     13 Bit         XORs := 1     
+---Registers : 
	               16 Bit    Registers := 2     
	                4 Bit    Registers := 1     
	                1 Bit    Registers := 3     
+---Muxes : 
	   2 Input     16 Bit        Muxes := 1     
	   2 Input     15 Bit        Muxes := 1     
	   5 Input      4 Bit        Muxes := 1     
	   2 Input      4 Bit        Muxes := 3     
	   2 Input      3 Bit        Muxes := 1     
	   2 Input      1 Bit        Muxes := 5     
	   3 Input      1 Bit        Muxes := 1     
Module xsdbs_v1_0_2_reg_p2s__parameterized6 
Detailed RTL Component Info : 
+---Adders : 
	   2 Input      4 Bit       Adders := 1     
+---XORs : 
	   2 Input     13 Bit         XORs := 1     
+---Registers : 
	               16 Bit    Registers := 2     
	                4 Bit    Registers := 1     
	                1 Bit    Registers := 3     
+---Muxes : 
	   2 Input     16 Bit        Muxes := 1     
	   2 Input     15 Bit        Muxes := 1     
	   5 Input      4 Bit        Muxes := 1     
	   2 Input      4 Bit        Muxes := 3     
	   2 Input      3 Bit        Muxes := 1     
	   2 Input      1 Bit        Muxes := 5     
	   3 Input      1 Bit        Muxes := 1     
Module xsdbs_v1_0_2_reg_p2s__parameterized7 
Detailed RTL Component Info : 
+---Adders : 
	   2 Input      4 Bit       Adders := 1     
+---XORs : 
	   2 Input     13 Bit         XORs := 1     
+---Registers : 
	               16 Bit    Registers := 2     
	                4 Bit    Registers := 1     
	                1 Bit    Registers := 3     
+---Muxes : 
	   2 Input     16 Bit        Muxes := 1     
	   2 Input     15 Bit        Muxes := 1     
	   5 Input      4 Bit        Muxes := 1     
	   2 Input      4 Bit        Muxes := 3     
	   2 Input      3 Bit        Muxes := 1     
	   2 Input      1 Bit        Muxes := 5     
	   3 Input      1 Bit        Muxes := 1     
Module xsdbs_v1_0_2_reg_p2s__parameterized8 
Detailed RTL Component Info : 
+---Adders : 
	   2 Input      4 Bit       Adders := 1     
+---XORs : 
	   2 Input     13 Bit         XORs := 1     
+---Registers : 
	               16 Bit    Registers := 2     
	                4 Bit    Registers := 1     
	                1 Bit    Registers := 3     
+---Muxes : 
	   2 Input     16 Bit        Muxes := 1     
	   2 Input     15 Bit        Muxes := 1     
	   5 Input      4 Bit        Muxes := 1     
	   2 Input      4 Bit        Muxes := 3     
	   2 Input      3 Bit        Muxes := 1     
	   2 Input      1 Bit        Muxes := 5     
	   3 Input      1 Bit        Muxes := 1     
Module xsdbs_v1_0_2_reg_p2s__parameterized9 
Detailed RTL Component Info : 
+---Adders : 
	   2 Input      4 Bit       Adders := 1     
+---XORs : 
	   2 Input     13 Bit         XORs := 1     
+---Registers : 
	               16 Bit    Registers := 2     
	                4 Bit    Registers := 1     
	                1 Bit    Registers := 3     
+---Muxes : 
	   2 Input     16 Bit        Muxes := 1     
	   2 Input     15 Bit        Muxes := 1     
	   5 Input      4 Bit        Muxes := 1     
	   2 Input      4 Bit        Muxes := 3     
	   2 Input      3 Bit        Muxes := 1     
	   2 Input      1 Bit        Muxes := 5     
	   3 Input      1 Bit        Muxes := 1     
Module xsdbs_v1_0_2_reg_p2s__parameterized10 
Detailed RTL Component Info : 
+---Adders : 
	   2 Input      4 Bit       Adders := 1     
+---XORs : 
	   2 Input     13 Bit         XORs := 1     
+---Registers : 
	               16 Bit    Registers := 2     
	                4 Bit    Registers := 1     
	                1 Bit    Registers := 3     
+---Muxes : 
	   2 Input     16 Bit        Muxes := 1     
	   2 Input     15 Bit        Muxes := 1     
	   5 Input      4 Bit        Muxes := 1     
	   2 Input      4 Bit        Muxes := 3     
	   2 Input      3 Bit        Muxes := 1     
	   2 Input      1 Bit        Muxes := 5     
	   3 Input      1 Bit        Muxes := 1     
Module xsdbs_v1_0_2_reg_p2s__parameterized11 
Detailed RTL Component Info : 
+---Adders : 
	   2 Input      4 Bit       Adders := 1     
+---XORs : 
	   2 Input     13 Bit         XORs := 1     
+---Registers : 
	               16 Bit    Registers := 2     
	                4 Bit    Registers := 1     
	                1 Bit    Registers := 3     
+---Muxes : 
	   2 Input     16 Bit        Muxes := 1     
	   2 Input     15 Bit        Muxes := 1     
	   5 Input      4 Bit        Muxes := 1     
	   2 Input      4 Bit        Muxes := 3     
	   2 Input      3 Bit        Muxes := 1     
	   2 Input      1 Bit        Muxes := 5     
	   3 Input      1 Bit        Muxes := 1     
Module xsdbs_v1_0_2_reg_p2s__parameterized12 
Detailed RTL Component Info : 
+---Adders : 
	   2 Input      4 Bit       Adders := 1     
+---XORs : 
	   2 Input     13 Bit         XORs := 1     
+---Registers : 
	               16 Bit    Registers := 2     
	                4 Bit    Registers := 1     
	                1 Bit    Registers := 3     
+---Muxes : 
	   2 Input     16 Bit        Muxes := 1     
	   2 Input     15 Bit        Muxes := 1     
	   5 Input      4 Bit        Muxes := 1     
	   2 Input      4 Bit        Muxes := 3     
	   2 Input      3 Bit        Muxes := 1     
	   2 Input      1 Bit        Muxes := 5     
	   3 Input      1 Bit        Muxes := 1     
Module xsdbs_v1_0_2_reg_p2s__parameterized13 
Detailed RTL Component Info : 
+---Adders : 
	   2 Input      4 Bit       Adders := 1     
+---XORs : 
	   2 Input     13 Bit         XORs := 1     
+---Registers : 
	               16 Bit    Registers := 2     
	                4 Bit    Registers := 1     
	                1 Bit    Registers := 3     
+---Muxes : 
	   2 Input     16 Bit        Muxes := 1     
	   2 Input     15 Bit        Muxes := 1     
	   5 Input      4 Bit        Muxes := 1     
	   2 Input      4 Bit        Muxes := 3     
	   2 Input      3 Bit        Muxes := 1     
	   2 Input      1 Bit        Muxes := 5     
	   3 Input      1 Bit        Muxes := 1     
Module xsdbs_v1_0_2_reg_p2s__parameterized14 
Detailed RTL Component Info : 
+---Adders : 
	   2 Input      4 Bit       Adders := 1     
+---XORs : 
	   2 Input     13 Bit         XORs := 1     
+---Registers : 
	               16 Bit    Registers := 2     
	                4 Bit    Registers := 1     
	                1 Bit    Registers := 3     
+---Muxes : 
	   2 Input     16 Bit        Muxes := 1     
	   2 Input     15 Bit        Muxes := 1     
	   5 Input      4 Bit        Muxes := 1     
	   2 Input      4 Bit        Muxes := 3     
	   2 Input      3 Bit        Muxes := 1     
	   2 Input      1 Bit        Muxes := 5     
	   3 Input      1 Bit        Muxes := 1     
Module xsdbs_v1_0_2_reg_p2s__parameterized15 
Detailed RTL Component Info : 
+---Adders : 
	   2 Input      4 Bit       Adders := 1     
+---XORs : 
	   2 Input     13 Bit         XORs := 1     
+---Registers : 
	               16 Bit    Registers := 2     
	                4 Bit    Registers := 1     
	                1 Bit    Registers := 3     
+---Muxes : 
	   2 Input     16 Bit        Muxes := 1     
	   2 Input     15 Bit        Muxes := 1     
	   5 Input      4 Bit        Muxes := 1     
	   2 Input      4 Bit        Muxes := 3     
	   2 Input      3 Bit        Muxes := 1     
	   2 Input      1 Bit        Muxes := 5     
	   3 Input      1 Bit        Muxes := 1     
Module xsdbs_v1_0_2_reg_p2s__parameterized16 
Detailed RTL Component Info : 
+---Adders : 
	   2 Input      4 Bit       Adders := 1     
+---XORs : 
	   2 Input     13 Bit         XORs := 1     
+---Registers : 
	               16 Bit    Registers := 2     
	                4 Bit    Registers := 1     
	                1 Bit    Registers := 3     
+---Muxes : 
	   2 Input     16 Bit        Muxes := 1     
	   2 Input     15 Bit        Muxes := 1     
	   5 Input      4 Bit        Muxes := 1     
	   2 Input      4 Bit        Muxes := 3     
	   2 Input      3 Bit        Muxes := 1     
	   2 Input      1 Bit        Muxes := 5     
	   3 Input      1 Bit        Muxes := 1     
Module xsdbs_v1_0_2_reg_p2s__parameterized17 
Detailed RTL Component Info : 
+---Adders : 
	   2 Input      4 Bit       Adders := 1     
+---XORs : 
	   2 Input     13 Bit         XORs := 1     
+---Registers : 
	               16 Bit    Registers := 2     
	                4 Bit    Registers := 1     
	                1 Bit    Registers := 3     
+---Muxes : 
	   2 Input     16 Bit        Muxes := 1     
	   2 Input     15 Bit        Muxes := 1     
	   5 Input      4 Bit        Muxes := 1     
	   2 Input      4 Bit        Muxes := 3     
	   2 Input      3 Bit        Muxes := 1     
	   2 Input      1 Bit        Muxes := 5     
	   3 Input      1 Bit        Muxes := 1     
Module xsdbs_v1_0_2_reg_p2s__parameterized18 
Detailed RTL Component Info : 
+---Adders : 
	   2 Input      4 Bit       Adders := 1     
+---XORs : 
	   2 Input     13 Bit         XORs := 1     
+---Registers : 
	               16 Bit    Registers := 2     
	                4 Bit    Registers := 1     
	                1 Bit    Registers := 3     
+---Muxes : 
	   2 Input     16 Bit        Muxes := 1     
	   2 Input     15 Bit        Muxes := 1     
	   5 Input      4 Bit        Muxes := 1     
	   2 Input      4 Bit        Muxes := 3     
	   2 Input      3 Bit        Muxes := 1     
	   2 Input      1 Bit        Muxes := 5     
	   3 Input      1 Bit        Muxes := 1     
Module xsdbs_v1_0_2_reg_p2s__parameterized19 
Detailed RTL Component Info : 
+---Adders : 
	   2 Input      4 Bit       Adders := 1     
+---XORs : 
	   2 Input     13 Bit         XORs := 1     
+---Registers : 
	               16 Bit    Registers := 2     
	                4 Bit    Registers := 1     
	                1 Bit    Registers := 3     
+---Muxes : 
	   2 Input     16 Bit        Muxes := 1     
	   2 Input     15 Bit        Muxes := 1     
	   5 Input      4 Bit        Muxes := 1     
	   2 Input      4 Bit        Muxes := 3     
	   2 Input      3 Bit        Muxes := 1     
	   2 Input      1 Bit        Muxes := 5     
	   3 Input      1 Bit        Muxes := 1     
Module xsdbs_v1_0_2_reg_p2s__parameterized20 
Detailed RTL Component Info : 
+---Adders : 
	   2 Input      4 Bit       Adders := 1     
+---XORs : 
	   2 Input     13 Bit         XORs := 1     
+---Registers : 
	               16 Bit    Registers := 2     
	                4 Bit    Registers := 1     
	                1 Bit    Registers := 3     
+---Muxes : 
	   2 Input     16 Bit        Muxes := 1     
	   2 Input     15 Bit        Muxes := 1     
	   5 Input      4 Bit        Muxes := 1     
	   2 Input      4 Bit        Muxes := 3     
	   2 Input      3 Bit        Muxes := 1     
	   2 Input      1 Bit        Muxes := 5     
	   3 Input      1 Bit        Muxes := 1     
Module xsdbs_v1_0_2_reg_p2s__parameterized21 
Detailed RTL Component Info : 
+---Adders : 
	   2 Input      4 Bit       Adders := 1     
+---XORs : 
	   2 Input     13 Bit         XORs := 1     
+---Registers : 
	               16 Bit    Registers := 2     
	                4 Bit    Registers := 1     
	                1 Bit    Registers := 3     
+---Muxes : 
	   2 Input     16 Bit        Muxes := 1     
	   2 Input     15 Bit        Muxes := 1     
	   5 Input      4 Bit        Muxes := 1     
	   2 Input      4 Bit        Muxes := 3     
	   2 Input      3 Bit        Muxes := 1     
	   2 Input      1 Bit        Muxes := 5     
	   3 Input      1 Bit        Muxes := 1     
Module xsdbs_v1_0_2_reg_p2s__parameterized22 
Detailed RTL Component Info : 
+---Adders : 
	   2 Input      4 Bit       Adders := 1     
+---XORs : 
	   2 Input     13 Bit         XORs := 1     
+---Registers : 
	               16 Bit    Registers := 2     
	                4 Bit    Registers := 1     
	                1 Bit    Registers := 3     
+---Muxes : 
	   2 Input     16 Bit        Muxes := 1     
	   2 Input     15 Bit        Muxes := 1     
	   5 Input      4 Bit        Muxes := 1     
	   2 Input      4 Bit        Muxes := 3     
	   2 Input      3 Bit        Muxes := 1     
	   2 Input      1 Bit        Muxes := 5     
	   3 Input      1 Bit        Muxes := 1     
Module xsdbs_v1_0_2_reg_p2s__parameterized23 
Detailed RTL Component Info : 
+---Adders : 
	   2 Input      4 Bit       Adders := 1     
+---XORs : 
	   2 Input     13 Bit         XORs := 1     
+---Registers : 
	               16 Bit    Registers := 2     
	                4 Bit    Registers := 1     
	                1 Bit    Registers := 3     
+---Muxes : 
	   2 Input     16 Bit        Muxes := 1     
	   2 Input     15 Bit        Muxes := 1     
	   5 Input      4 Bit        Muxes := 1     
	   2 Input      4 Bit        Muxes := 3     
	   2 Input      3 Bit        Muxes := 1     
	   2 Input      1 Bit        Muxes := 5     
	   3 Input      1 Bit        Muxes := 1     
Module xsdbs_v1_0_2_reg_p2s__parameterized24 
Detailed RTL Component Info : 
+---Adders : 
	   2 Input      4 Bit       Adders := 1     
+---XORs : 
	   2 Input     13 Bit         XORs := 1     
+---Registers : 
	               16 Bit    Registers := 2     
	                4 Bit    Registers := 1     
	                1 Bit    Registers := 3     
+---Muxes : 
	   2 Input     16 Bit        Muxes := 1     
	   2 Input     15 Bit        Muxes := 1     
	   5 Input      4 Bit        Muxes := 1     
	   2 Input      4 Bit        Muxes := 3     
	   2 Input      3 Bit        Muxes := 1     
	   2 Input      1 Bit        Muxes := 5     
	   3 Input      1 Bit        Muxes := 1     
Module xsdbs_v1_0_2_reg_p2s__parameterized25 
Detailed RTL Component Info : 
+---Adders : 
	   2 Input      4 Bit       Adders := 1     
+---XORs : 
	   2 Input     13 Bit         XORs := 1     
+---Registers : 
	               16 Bit    Registers := 2     
	                4 Bit    Registers := 1     
	                1 Bit    Registers := 3     
+---Muxes : 
	   2 Input     16 Bit        Muxes := 1     
	   2 Input     15 Bit        Muxes := 1     
	   5 Input      4 Bit        Muxes := 1     
	   2 Input      4 Bit        Muxes := 3     
	   2 Input      3 Bit        Muxes := 1     
	   2 Input      1 Bit        Muxes := 5     
	   3 Input      1 Bit        Muxes := 1     
Module xsdbs_v1_0_2_reg_p2s__parameterized26 
Detailed RTL Component Info : 
+---Adders : 
	   2 Input      4 Bit       Adders := 1     
+---XORs : 
	   2 Input     13 Bit         XORs := 1     
+---Registers : 
	               16 Bit    Registers := 2     
	                4 Bit    Registers := 1     
	                1 Bit    Registers := 3     
+---Muxes : 
	   2 Input     16 Bit        Muxes := 1     
	   2 Input     15 Bit        Muxes := 1     
	   5 Input      4 Bit        Muxes := 1     
	   2 Input      4 Bit        Muxes := 3     
	   2 Input      3 Bit        Muxes := 1     
	   2 Input      1 Bit        Muxes := 5     
	   3 Input      1 Bit        Muxes := 1     
Module xsdbs_v1_0_2_reg_p2s__parameterized27 
Detailed RTL Component Info : 
+---Adders : 
	   2 Input      4 Bit       Adders := 1     
+---XORs : 
	   2 Input     13 Bit         XORs := 1     
+---Registers : 
	               16 Bit    Registers := 2     
	                4 Bit    Registers := 1     
	                1 Bit    Registers := 3     
+---Muxes : 
	   2 Input     16 Bit        Muxes := 1     
	   2 Input     15 Bit        Muxes := 1     
	   5 Input      4 Bit        Muxes := 1     
	   2 Input      4 Bit        Muxes := 3     
	   2 Input      3 Bit        Muxes := 1     
	   2 Input      1 Bit        Muxes := 5     
	   3 Input      1 Bit        Muxes := 1     
Module xsdbs_v1_0_2_reg_p2s__parameterized28 
Detailed RTL Component Info : 
+---Adders : 
	   2 Input      4 Bit       Adders := 1     
+---XORs : 
	   2 Input     13 Bit         XORs := 1     
+---Registers : 
	               16 Bit    Registers := 2     
	                4 Bit    Registers := 1     
	                1 Bit    Registers := 3     
+---Muxes : 
	   2 Input     16 Bit        Muxes := 1     
	   2 Input     15 Bit        Muxes := 1     
	   5 Input      4 Bit        Muxes := 1     
	   2 Input      4 Bit        Muxes := 3     
	   2 Input      3 Bit        Muxes := 1     
	   2 Input      1 Bit        Muxes := 5     
	   3 Input      1 Bit        Muxes := 1     
Module xsdbs_v1_0_2_reg_p2s__parameterized29 
Detailed RTL Component Info : 
+---Adders : 
	   2 Input      4 Bit       Adders := 1     
+---XORs : 
	   2 Input     13 Bit         XORs := 1     
+---Registers : 
	               16 Bit    Registers := 2     
	                4 Bit    Registers := 1     
	                1 Bit    Registers := 3     
+---Muxes : 
	   2 Input     16 Bit        Muxes := 1     
	   2 Input     15 Bit        Muxes := 1     
	   5 Input      4 Bit        Muxes := 1     
	   2 Input      4 Bit        Muxes := 3     
	   2 Input      3 Bit        Muxes := 1     
	   2 Input      1 Bit        Muxes := 5     
	   3 Input      1 Bit        Muxes := 1     
Module xsdbs_v1_0_2_reg_p2s__parameterized30 
Detailed RTL Component Info : 
+---Adders : 
	   2 Input      4 Bit       Adders := 1     
+---XORs : 
	   2 Input     13 Bit         XORs := 1     
+---Registers : 
	               16 Bit    Registers := 2     
	                4 Bit    Registers := 1     
	                1 Bit    Registers := 3     
+---Muxes : 
	   2 Input     16 Bit        Muxes := 1     
	   2 Input     15 Bit        Muxes := 1     
	   5 Input      4 Bit        Muxes := 1     
	   2 Input      4 Bit        Muxes := 3     
	   2 Input      3 Bit        Muxes := 1     
	   2 Input      1 Bit        Muxes := 5     
	   3 Input      1 Bit        Muxes := 1     
Module xsdbs_v1_0_2_reg_p2s__parameterized31 
Detailed RTL Component Info : 
+---Adders : 
	   2 Input      4 Bit       Adders := 1     
+---XORs : 
	   2 Input     13 Bit         XORs := 1     
+---Registers : 
	               16 Bit    Registers := 2     
	                4 Bit    Registers := 1     
	                1 Bit    Registers := 3     
+---Muxes : 
	   2 Input     16 Bit        Muxes := 1     
	   2 Input     15 Bit        Muxes := 1     
	   5 Input      4 Bit        Muxes := 1     
	   2 Input      4 Bit        Muxes := 3     
	   2 Input      3 Bit        Muxes := 1     
	   2 Input      1 Bit        Muxes := 5     
	   3 Input      1 Bit        Muxes := 1     
Module xsdbs_v1_0_2_reg_p2s__parameterized32 
Detailed RTL Component Info : 
+---Adders : 
	   2 Input      4 Bit       Adders := 1     
+---XORs : 
	   2 Input     13 Bit         XORs := 1     
+---Registers : 
	               16 Bit    Registers := 2     
	                4 Bit    Registers := 1     
	                1 Bit    Registers := 3     
+---Muxes : 
	   2 Input     16 Bit        Muxes := 1     
	   2 Input     15 Bit        Muxes := 1     
	   5 Input      4 Bit        Muxes := 1     
	   2 Input      4 Bit        Muxes := 3     
	   2 Input      3 Bit        Muxes := 1     
	   2 Input      1 Bit        Muxes := 5     
	   3 Input      1 Bit        Muxes := 1     
Module xsdbs_v1_0_2_reg_p2s__parameterized33 
Detailed RTL Component Info : 
+---Adders : 
	   2 Input      4 Bit       Adders := 1     
+---XORs : 
	   2 Input     13 Bit         XORs := 1     
+---Registers : 
	               16 Bit    Registers := 2     
	                4 Bit    Registers := 1     
	                1 Bit    Registers := 3     
+---Muxes : 
	   2 Input     16 Bit        Muxes := 1     
	   2 Input     15 Bit        Muxes := 1     
	   5 Input      4 Bit        Muxes := 1     
	   2 Input      4 Bit        Muxes := 3     
	   2 Input      3 Bit        Muxes := 1     
	   2 Input      1 Bit        Muxes := 5     
	   3 Input      1 Bit        Muxes := 1     
Module xsdbs_v1_0_2_reg_p2s__parameterized34 
Detailed RTL Component Info : 
+---Adders : 
	   2 Input      4 Bit       Adders := 1     
+---XORs : 
	   2 Input     13 Bit         XORs := 1     
+---Registers : 
	               16 Bit    Registers := 2     
	                4 Bit    Registers := 1     
	                1 Bit    Registers := 3     
+---Muxes : 
	   2 Input     16 Bit        Muxes := 1     
	   2 Input     15 Bit        Muxes := 1     
	   5 Input      4 Bit        Muxes := 1     
	   2 Input      4 Bit        Muxes := 3     
	   2 Input      3 Bit        Muxes := 1     
	   2 Input      1 Bit        Muxes := 5     
	   3 Input      1 Bit        Muxes := 1     
Module xsdbs_v1_0_2_reg_p2s__parameterized35 
Detailed RTL Component Info : 
+---Adders : 
	   2 Input      4 Bit       Adders := 1     
+---XORs : 
	   2 Input     13 Bit         XORs := 1     
+---Registers : 
	               16 Bit    Registers := 2     
	                4 Bit    Registers := 1     
	                1 Bit    Registers := 3     
+---Muxes : 
	   2 Input     16 Bit        Muxes := 1     
	   2 Input     15 Bit        Muxes := 1     
	   5 Input      4 Bit        Muxes := 1     
	   2 Input      4 Bit        Muxes := 3     
	   2 Input      3 Bit        Muxes := 1     
	   2 Input      1 Bit        Muxes := 5     
	   3 Input      1 Bit        Muxes := 1     
Module xsdbs_v1_0_2_reg_p2s__parameterized36 
Detailed RTL Component Info : 
+---Adders : 
	   2 Input      4 Bit       Adders := 1     
+---XORs : 
	   2 Input     13 Bit         XORs := 1     
+---Registers : 
	               16 Bit    Registers := 2     
	                4 Bit    Registers := 1     
	                1 Bit    Registers := 3     
+---Muxes : 
	   2 Input     16 Bit        Muxes := 1     
	   2 Input     15 Bit        Muxes := 1     
	   5 Input      4 Bit        Muxes := 1     
	   2 Input      4 Bit        Muxes := 3     
	   2 Input      3 Bit        Muxes := 1     
	   2 Input      1 Bit        Muxes := 5     
	   3 Input      1 Bit        Muxes := 1     
Module xsdbs_v1_0_2_reg_p2s__parameterized37 
Detailed RTL Component Info : 
+---Adders : 
	   2 Input      4 Bit       Adders := 1     
+---XORs : 
	   2 Input     13 Bit         XORs := 1     
+---Registers : 
	               16 Bit    Registers := 2     
	                4 Bit    Registers := 1     
	                1 Bit    Registers := 3     
+---Muxes : 
	   2 Input     16 Bit        Muxes := 1     
	   2 Input     15 Bit        Muxes := 1     
	   5 Input      4 Bit        Muxes := 1     
	   2 Input      4 Bit        Muxes := 3     
	   2 Input      3 Bit        Muxes := 1     
	   2 Input      1 Bit        Muxes := 5     
	   3 Input      1 Bit        Muxes := 1     
Module xsdbs_v1_0_2_reg_p2s__parameterized38 
Detailed RTL Component Info : 
+---Adders : 
	   2 Input      4 Bit       Adders := 1     
+---XORs : 
	   2 Input     13 Bit         XORs := 1     
+---Registers : 
	               16 Bit    Registers := 2     
	                4 Bit    Registers := 1     
	                1 Bit    Registers := 3     
+---Muxes : 
	   2 Input     16 Bit        Muxes := 1     
	   2 Input     15 Bit        Muxes := 1     
	   5 Input      4 Bit        Muxes := 1     
	   2 Input      4 Bit        Muxes := 3     
	   2 Input      3 Bit        Muxes := 1     
	   2 Input      1 Bit        Muxes := 5     
	   3 Input      1 Bit        Muxes := 1     
Module xsdbs_v1_0_2_reg_p2s__parameterized39 
Detailed RTL Component Info : 
+---Adders : 
	   2 Input      4 Bit       Adders := 1     
+---XORs : 
	   2 Input     13 Bit         XORs := 1     
+---Registers : 
	               16 Bit    Registers := 2     
	                4 Bit    Registers := 1     
	                1 Bit    Registers := 3     
+---Muxes : 
	   2 Input     16 Bit        Muxes := 1     
	   2 Input     15 Bit        Muxes := 1     
	   5 Input      4 Bit        Muxes := 1     
	   2 Input      4 Bit        Muxes := 3     
	   2 Input      3 Bit        Muxes := 1     
	   2 Input      1 Bit        Muxes := 5     
	   3 Input      1 Bit        Muxes := 1     
Module xsdbs_v1_0_2_reg_p2s__parameterized40 
Detailed RTL Component Info : 
+---Adders : 
	   2 Input      4 Bit       Adders := 1     
+---XORs : 
	   2 Input     13 Bit         XORs := 1     
+---Registers : 
	               16 Bit    Registers := 2     
	                4 Bit    Registers := 1     
	                1 Bit    Registers := 3     
+---Muxes : 
	   2 Input     16 Bit        Muxes := 1     
	   2 Input     15 Bit        Muxes := 1     
	   5 Input      4 Bit        Muxes := 1     
	   2 Input      4 Bit        Muxes := 3     
	   2 Input      3 Bit        Muxes := 1     
	   2 Input      1 Bit        Muxes := 5     
	   3 Input      1 Bit        Muxes := 1     
Module xsdbs_v1_0_2_reg_p2s__parameterized41 
Detailed RTL Component Info : 
+---Adders : 
	   2 Input      4 Bit       Adders := 1     
+---XORs : 
	   2 Input     13 Bit         XORs := 1     
+---Registers : 
	               16 Bit    Registers := 2     
	                4 Bit    Registers := 1     
	                1 Bit    Registers := 3     
+---Muxes : 
	   2 Input     16 Bit        Muxes := 1     
	   2 Input     15 Bit        Muxes := 1     
	   5 Input      4 Bit        Muxes := 1     
	   2 Input      4 Bit        Muxes := 3     
	   2 Input      3 Bit        Muxes := 1     
	   2 Input      1 Bit        Muxes := 5     
	   3 Input      1 Bit        Muxes := 1     
Module xsdbs_v1_0_2_reg_p2s__parameterized42 
Detailed RTL Component Info : 
+---Adders : 
	   2 Input      4 Bit       Adders := 1     
+---XORs : 
	   2 Input     13 Bit         XORs := 1     
+---Registers : 
	               16 Bit    Registers := 2     
	                4 Bit    Registers := 1     
	                1 Bit    Registers := 3     
+---Muxes : 
	   2 Input     16 Bit        Muxes := 1     
	   2 Input     15 Bit        Muxes := 1     
	   5 Input      4 Bit        Muxes := 1     
	   2 Input      4 Bit        Muxes := 3     
	   2 Input      3 Bit        Muxes := 1     
	   2 Input      1 Bit        Muxes := 5     
	   3 Input      1 Bit        Muxes := 1     
Module xsdbs_v1_0_2_reg_p2s__parameterized43 
Detailed RTL Component Info : 
+---Adders : 
	   2 Input      4 Bit       Adders := 1     
+---XORs : 
	   2 Input     13 Bit         XORs := 1     
+---Registers : 
	               16 Bit    Registers := 2     
	                4 Bit    Registers := 1     
	                1 Bit    Registers := 3     
+---Muxes : 
	   2 Input     16 Bit        Muxes := 1     
	   2 Input     15 Bit        Muxes := 1     
	   5 Input      4 Bit        Muxes := 1     
	   2 Input      4 Bit        Muxes := 3     
	   2 Input      3 Bit        Muxes := 1     
	   2 Input      1 Bit        Muxes := 5     
	   3 Input      1 Bit        Muxes := 1     
Module xsdbs_v1_0_2_reg_p2s__parameterized44 
Detailed RTL Component Info : 
+---Adders : 
	   2 Input      4 Bit       Adders := 1     
+---XORs : 
	   2 Input     13 Bit         XORs := 1     
+---Registers : 
	               16 Bit    Registers := 2     
	                4 Bit    Registers := 1     
	                1 Bit    Registers := 3     
+---Muxes : 
	   2 Input     16 Bit        Muxes := 1     
	   2 Input     15 Bit        Muxes := 1     
	   5 Input      4 Bit        Muxes := 1     
	   2 Input      4 Bit        Muxes := 3     
	   2 Input      3 Bit        Muxes := 1     
	   2 Input      1 Bit        Muxes := 5     
	   3 Input      1 Bit        Muxes := 1     
Module xsdbs_v1_0_2_reg_p2s__parameterized45 
Detailed RTL Component Info : 
+---Adders : 
	   2 Input      4 Bit       Adders := 1     
+---XORs : 
	   2 Input     13 Bit         XORs := 1     
+---Registers : 
	               16 Bit    Registers := 2     
	                4 Bit    Registers := 1     
	                1 Bit    Registers := 3     
+---Muxes : 
	   2 Input     16 Bit        Muxes := 1     
	   2 Input     15 Bit        Muxes := 1     
	   5 Input      4 Bit        Muxes := 1     
	   2 Input      4 Bit        Muxes := 3     
	   2 Input      3 Bit        Muxes := 1     
	   2 Input      1 Bit        Muxes := 5     
	   3 Input      1 Bit        Muxes := 1     
Module xsdbs_v1_0_2_reg_p2s__parameterized46 
Detailed RTL Component Info : 
+---Adders : 
	   2 Input      4 Bit       Adders := 1     
+---XORs : 
	   2 Input     13 Bit         XORs := 1     
+---Registers : 
	               16 Bit    Registers := 2     
	                4 Bit    Registers := 1     
	                1 Bit    Registers := 3     
+---Muxes : 
	   2 Input     16 Bit        Muxes := 1     
	   2 Input     15 Bit        Muxes := 1     
	   5 Input      4 Bit        Muxes := 1     
	   2 Input      4 Bit        Muxes := 3     
	   2 Input      3 Bit        Muxes := 1     
	   2 Input      1 Bit        Muxes := 5     
	   3 Input      1 Bit        Muxes := 1     
Module xsdbs_v1_0_2_reg_p2s__parameterized47 
Detailed RTL Component Info : 
+---Adders : 
	   2 Input      4 Bit       Adders := 1     
+---XORs : 
	   2 Input     13 Bit         XORs := 1     
+---Registers : 
	               16 Bit    Registers := 2     
	                4 Bit    Registers := 1     
	                1 Bit    Registers := 3     
+---Muxes : 
	   2 Input     16 Bit        Muxes := 1     
	   2 Input     15 Bit        Muxes := 1     
	   5 Input      4 Bit        Muxes := 1     
	   2 Input      4 Bit        Muxes := 3     
	   2 Input      3 Bit        Muxes := 1     
	   2 Input      1 Bit        Muxes := 5     
	   3 Input      1 Bit        Muxes := 1     
Module xsdbs_v1_0_2_reg_p2s__parameterized48 
Detailed RTL Component Info : 
+---Adders : 
	   2 Input      4 Bit       Adders := 1     
+---XORs : 
	   2 Input     13 Bit         XORs := 1     
+---Registers : 
	               16 Bit    Registers := 2     
	                4 Bit    Registers := 1     
	                1 Bit    Registers := 3     
+---Muxes : 
	   2 Input     16 Bit        Muxes := 1     
	   2 Input     15 Bit        Muxes := 1     
	   5 Input      4 Bit        Muxes := 1     
	   2 Input      4 Bit        Muxes := 3     
	   2 Input      3 Bit        Muxes := 1     
	   2 Input      1 Bit        Muxes := 5     
	   3 Input      1 Bit        Muxes := 1     
Module ila_v6_2_8_ila_register 
Detailed RTL Component Info : 
+---Adders : 
	   2 Input      9 Bit       Adders := 1     
	   2 Input      7 Bit       Adders := 2     
	   2 Input      6 Bit       Adders := 1     
+---Registers : 
	             1024 Bit    Registers := 2     
	               17 Bit    Registers := 1     
	               16 Bit    Registers := 12    
	                9 Bit    Registers := 1     
	                7 Bit    Registers := 2     
	                6 Bit    Registers := 1     
	                1 Bit    Registers := 31    
+---Muxes : 
	  28 Input     16 Bit        Muxes := 1     
	   2 Input     16 Bit        Muxes := 10    
	   4 Input     16 Bit        Muxes := 2     
	   3 Input     16 Bit        Muxes := 1     
	   3 Input     15 Bit        Muxes := 1     
	   2 Input      6 Bit        Muxes := 4     
	  28 Input      5 Bit        Muxes := 1     
	   2 Input      5 Bit        Muxes := 2     
	   2 Input      1 Bit        Muxes := 13    
	   9 Input      1 Bit        Muxes := 1     
Module ltlib_v1_0_0_all_typeA_slice__parameterized0 
Detailed RTL Component Info : 
+---Registers : 
	                1 Bit    Registers := 1     
Module ltlib_v1_0_0_allx_typeA 
Detailed RTL Component Info : 
+---Registers : 
	               14 Bit    Registers := 1     
Module ltlib_v1_0_0_match 
Detailed RTL Component Info : 
+---Registers : 
	                1 Bit    Registers := 1     
Module ltlib_v1_0_0_allx_typeA__parameterized0 
Detailed RTL Component Info : 
+---Registers : 
	                1 Bit    Registers := 2     
Module ltlib_v1_0_0_match__parameterized0 
Detailed RTL Component Info : 
+---Registers : 
	                1 Bit    Registers := 1     
Module ltlib_v1_0_0_allx_typeA__parameterized1 
Detailed RTL Component Info : 
+---Registers : 
	               16 Bit    Registers := 2     
Module ltlib_v1_0_0_match__parameterized1 
Detailed RTL Component Info : 
+---Registers : 
	                1 Bit    Registers := 1     
Module ltlib_v1_0_0_allx_typeA__parameterized2 
Detailed RTL Component Info : 
+---Registers : 
	               12 Bit    Registers := 2     
Module ltlib_v1_0_0_match__parameterized2 
Detailed RTL Component Info : 
+---Registers : 
	                1 Bit    Registers := 1     
Module ila_v6_2_8_ila_trigger 
Detailed RTL Component Info : 
+---Registers : 
	               32 Bit    Registers := 1     
	                1 Bit    Registers := 2     
Module ltlib_v1_0_0_async_edge_xfer 
Detailed RTL Component Info : 
+---XORs : 
	   2 Input      1 Bit         XORs := 1     
+---Registers : 
	                1 Bit    Registers := 5     
Module ltlib_v1_0_0_rising_edge_detection 
Detailed RTL Component Info : 
+---Registers : 
	                2 Bit    Registers := 1     
	                1 Bit    Registers := 1     
+---Muxes : 
	   2 Input      2 Bit        Muxes := 2     
Module ila_v6_2_8_ila_reset_ctrl 
Detailed RTL Component Info : 
+---Registers : 
	                6 Bit    Registers := 1     
	                1 Bit    Registers := 2     
Module ltlib_v1_0_0_cfglut7 
Detailed RTL Component Info : 
+---Registers : 
	                1 Bit    Registers := 1     
+---Muxes : 
	   2 Input      1 Bit        Muxes := 3     
Module ltlib_v1_0_0_cfglut6 
Detailed RTL Component Info : 
+---Muxes : 
	   2 Input      1 Bit        Muxes := 1     
Module ltlib_v1_0_0_allx_typeA_nodelay 
Detailed RTL Component Info : 
+---Registers : 
	               16 Bit    Registers := 1     
Module ila_v6_2_8_ila_cap_addrgen 
Detailed RTL Component Info : 
+---Registers : 
	               33 Bit    Registers := 2     
	               16 Bit    Registers := 4     
	                1 Bit    Registers := 2     
+---Muxes : 
	   2 Input      1 Bit        Muxes := 16    
Module ltlib_v1_0_0_cfglut6__parameterized0 
Detailed RTL Component Info : 
+---Registers : 
	                1 Bit    Registers := 1     
+---Muxes : 
	   2 Input      1 Bit        Muxes := 1     
Module ila_v6_2_8_ila_cap_ctrl_legacy 
Detailed RTL Component Info : 
+---Registers : 
	                1 Bit    Registers := 3     
+---Muxes : 
	   2 Input      1 Bit        Muxes := 1     
	   4 Input      1 Bit        Muxes := 1     
Module bindec 
Detailed RTL Component Info : 
+---Muxes : 
	   2 Input      1 Bit        Muxes := 16    
Module blk_mem_gen_mux 
Detailed RTL Component Info : 
+---Registers : 
	               16 Bit    Registers := 1     
	                4 Bit    Registers := 2     
+---Muxes : 
	   2 Input      1 Bit        Muxes := 1     
Module blk_mem_gen_mux__parameterized0 
Detailed RTL Component Info : 
+---Registers : 
	               16 Bit    Registers := 1     
	                4 Bit    Registers := 2     
+---Muxes : 
	   2 Input      1 Bit        Muxes := 1     
Module ltlib_v1_0_0_generic_mux 
Detailed RTL Component Info : 
+---Muxes : 
	   3 Input     16 Bit        Muxes := 1     
Module ltlib_v1_0_0_generic_memrd 
Detailed RTL Component Info : 
+---Adders : 
	   2 Input     16 Bit       Adders := 1     
	   2 Input      2 Bit       Adders := 1     
+---Registers : 
	               48 Bit    Registers := 1     
	               16 Bit    Registers := 1     
	                7 Bit    Registers := 1     
	                4 Bit    Registers := 2     
	                2 Bit    Registers := 1     
	                1 Bit    Registers := 3     
+---Muxes : 
	   8 Input     16 Bit        Muxes := 1     
	   3 Input      7 Bit        Muxes := 1     
	   8 Input      7 Bit        Muxes := 1     
	   2 Input      4 Bit        Muxes := 1     
	   2 Input      2 Bit        Muxes := 1     
	   8 Input      2 Bit        Muxes := 1     
	   8 Input      1 Bit        Muxes := 5     
Module ila_v6_2_8_ila_core 
Detailed RTL Component Info : 
+---Registers : 
	               44 Bit    Registers := 9     
	               16 Bit    Registers := 2     
	                2 Bit    Registers := 3     
	                1 Bit    Registers := 5     
+---Muxes : 
	   2 Input     44 Bit        Muxes := 1     
	   2 Input     16 Bit        Muxes := 1     
Module ila_v6_2_8_ila 
Detailed RTL Component Info : 
+---Registers : 
	                1 Bit    Registers := 6     
---------------------------------------------------------------------------------
Finished RTL Hierarchical Component Statistics
---------------------------------------------------------------------------------
---------------------------------------------------------------------------------
Start Part Resource Summary
---------------------------------------------------------------------------------
Part Resources:
DSPs: 220 (col length:60)
BRAMs: 280 (col length: RAMB18 60 RAMB36 30)
---------------------------------------------------------------------------------
Finished Part Resource Summary
---------------------------------------------------------------------------------
---------------------------------------------------------------------------------
Start Cross Boundary and Area Optimization
---------------------------------------------------------------------------------
Warning: Parallel synthesis criteria is not met 
INFO: [Synth 8-5546] ROM "drdy_mux_temp" won't be mapped to RAM because it is too sparse
INFO: [Synth 8-5546] ROM "curr_read_block" won't be mapped to RAM because it is too sparse
INFO: [Synth 8-5546] ROM "read_en" won't be mapped to RAM because it is too sparse
INFO: [Synth 8-5546] ROM "read_addr" won't be mapped to RAM because it is too sparse
INFO: [Synth 8-3333] propagating constant 0 across sequential element (inst/\ila_core_inst/u_ila_regs /\shift_reg1_reg[1008] )
INFO: [Synth 8-3333] propagating constant 0 across sequential element (inst/\ila_core_inst/u_ila_regs /\shift_reg0_reg[1008] )
INFO: [Synth 8-3333] propagating constant 0 across sequential element (inst/\ila_core_inst/u_ila_regs /\shift_reg1_reg[1009] )
INFO: [Synth 8-3333] propagating constant 0 across sequential element (inst/\ila_core_inst/u_ila_regs /\shift_reg0_reg[1009] )
INFO: [Synth 8-3333] propagating constant 0 across sequential element (inst/\ila_core_inst/u_ila_regs /\shift_reg1_reg[1010] )
INFO: [Synth 8-3333] propagating constant 0 across sequential element (inst/\ila_core_inst/u_ila_regs /\shift_reg0_reg[1010] )
INFO: [Synth 8-3333] propagating constant 0 across sequential element (inst/\ila_core_inst/u_ila_regs /\shift_reg1_reg[1011] )
INFO: [Synth 8-3333] propagating constant 0 across sequential element (inst/\ila_core_inst/u_ila_regs /\shift_reg0_reg[1011] )
INFO: [Synth 8-3333] propagating constant 0 across sequential element (inst/\ila_core_inst/u_ila_regs /\shift_reg1_reg[1012] )
INFO: [Synth 8-3333] propagating constant 0 across sequential element (inst/\ila_core_inst/u_ila_regs /\shift_reg0_reg[1012] )
INFO: [Synth 8-3333] propagating constant 0 across sequential element (inst/\ila_core_inst/u_ila_regs /\shift_reg1_reg[1013] )
INFO: [Synth 8-3333] propagating constant 0 across sequential element (inst/\ila_core_inst/u_ila_regs /\shift_reg0_reg[1013] )
INFO: [Synth 8-3333] propagating constant 0 across sequential element (inst/\ila_core_inst/u_ila_regs /\shift_reg1_reg[1014] )
INFO: [Synth 8-3333] propagating constant 0 across sequential element (inst/\ila_core_inst/u_ila_regs /\shift_reg0_reg[1014] )
INFO: [Synth 8-3333] propagating constant 0 across sequential element (inst/\ila_core_inst/u_ila_regs /\shift_reg1_reg[1015] )
INFO: [Synth 8-3333] propagating constant 0 across sequential element (inst/\ila_core_inst/u_ila_regs /\shift_reg0_reg[1015] )
INFO: [Synth 8-3333] propagating constant 0 across sequential element (inst/\ila_core_inst/u_ila_regs /\shift_reg1_reg[1016] )
INFO: [Synth 8-3333] propagating constant 0 across sequential element (inst/\ila_core_inst/u_ila_regs /\shift_reg0_reg[1016] )
INFO: [Synth 8-3333] propagating constant 0 across sequential element (inst/\ila_core_inst/u_ila_regs /\shift_reg1_reg[1017] )
INFO: [Synth 8-3333] propagating constant 0 across sequential element (inst/\ila_core_inst/u_ila_regs /\shift_reg0_reg[1017] )
INFO: [Synth 8-3333] propagating constant 0 across sequential element (inst/\ila_core_inst/u_ila_regs /\shift_reg1_reg[1018] )
INFO: [Synth 8-3333] propagating constant 0 across sequential element (inst/\ila_core_inst/u_ila_regs /\shift_reg0_reg[1018] )
INFO: [Synth 8-3333] propagating constant 0 across sequential element (inst/\ila_core_inst/u_ila_regs /\shift_reg1_reg[1019] )
INFO: [Synth 8-3333] propagating constant 0 across sequential element (inst/\ila_core_inst/u_ila_regs /\shift_reg0_reg[1019] )
INFO: [Synth 8-3333] propagating constant 0 across sequential element (inst/\ila_core_inst/u_ila_regs /\shift_reg1_reg[1020] )
INFO: [Synth 8-3333] propagating constant 0 across sequential element (inst/\ila_core_inst/u_ila_regs /\shift_reg0_reg[1020] )
INFO: [Synth 8-3333] propagating constant 0 across sequential element (inst/\ila_core_inst/u_ila_regs /\shift_reg1_reg[1021] )
INFO: [Synth 8-3333] propagating constant 0 across sequential element (inst/\ila_core_inst/u_ila_regs /\shift_reg0_reg[1021] )
INFO: [Synth 8-3333] propagating constant 0 across sequential element (inst/\ila_core_inst/u_ila_regs /\shift_reg1_reg[1022] )
INFO: [Synth 8-3333] propagating constant 0 across sequential element (inst/\ila_core_inst/u_ila_regs /\shift_reg0_reg[1022] )
INFO: [Synth 8-3333] propagating constant 0 across sequential element (inst/\ila_core_inst/u_ila_regs /\shift_reg1_reg[1023] )
INFO: [Synth 8-3333] propagating constant 0 across sequential element (inst/\ila_core_inst/u_ila_regs /\shift_reg0_reg[1023] )
INFO: [Synth 8-3886] merging instance 'inst/ila_core_inst/u_ila_regs/slaveRegDo_ff8_reg[0]' (FDRE) to 'inst/ila_core_inst/u_ila_regs/slaveRegDo_ff8_reg[5]'
INFO: [Synth 8-3333] propagating constant 1 across sequential element (inst/\ila_core_inst/u_ila_regs /\slaveRegDo_ff7_reg[0] )
INFO: [Synth 8-3886] merging instance 'inst/ila_core_inst/u_ila_regs/CNT_WIDTH_STATUS[0].cnt_width_reg/I_EN_STAT_EQ1.U_STAT/xsdb_reg_reg[0]' (FDE) to 'inst/ila_core_inst/u_ila_regs/CNT_WIDTH_STATUS[0].cnt_width_reg/I_EN_STAT_EQ1.U_STAT/xsdb_reg_reg[4]'
INFO: [Synth 8-3886] merging instance 'inst/ila_core_inst/u_ila_regs/reg_887/I_EN_STAT_EQ1.U_STAT/xsdb_reg_reg[0]' (FDE) to 'inst/ila_core_inst/u_ila_regs/CNT_WIDTH_STATUS[0].cnt_width_reg/I_EN_STAT_EQ1.U_STAT/xsdb_reg_reg[1]'
INFO: [Synth 8-3886] merging instance 'inst/ila_core_inst/u_ila_regs/N_DDR_MODE_MU1.MU_STATUS[12].mu_tpid_reg/I_EN_STAT_EQ1.U_STAT/xsdb_reg_reg[0]' (FDE) to 'inst/ila_core_inst/u_ila_regs/CNT_WIDTH_STATUS[0].cnt_width_reg/I_EN_STAT_EQ1.U_STAT/xsdb_reg_reg[1]'
INFO: [Synth 8-3886] merging instance 'inst/ila_core_inst/u_ila_regs/N_DDR_MODE_MU1.MU_STATUS[10].mu_tpid_reg/I_EN_STAT_EQ1.U_STAT/xsdb_reg_reg[0]' (FDE) to 'inst/ila_core_inst/u_ila_regs/CNT_WIDTH_STATUS[0].cnt_width_reg/I_EN_STAT_EQ1.U_STAT/xsdb_reg_reg[4]'
INFO: [Synth 8-3886] merging instance 'inst/ila_core_inst/u_ila_regs/N_DDR_MODE_MU1.MU_STATUS[8].mu_tpid_reg/I_EN_STAT_EQ1.U_STAT/xsdb_reg_reg[0]' (FDE) to 'inst/ila_core_inst/u_ila_regs/CNT_WIDTH_STATUS[0].cnt_width_reg/I_EN_STAT_EQ1.U_STAT/xsdb_reg_reg[1]'
INFO: [Synth 8-3886] merging instance 'inst/ila_core_inst/u_ila_regs/N_DDR_MODE_MU1.MU_STATUS[6].mu_tpid_reg/I_EN_STAT_EQ1.U_STAT/xsdb_reg_reg[0]' (FDE) to 'inst/ila_core_inst/u_ila_regs/CNT_WIDTH_STATUS[0].cnt_width_reg/I_EN_STAT_EQ1.U_STAT/xsdb_reg_reg[4]'
INFO: [Synth 8-3886] merging instance 'inst/ila_core_inst/u_ila_regs/N_DDR_MODE_MU1.MU_STATUS[4].mu_tpid_reg/I_EN_STAT_EQ1.U_STAT/xsdb_reg_reg[0]' (FDE) to 'inst/ila_core_inst/u_ila_regs/CNT_WIDTH_STATUS[0].cnt_width_reg/I_EN_STAT_EQ1.U_STAT/xsdb_reg_reg[1]'
INFO: [Synth 8-3886] merging instance 'inst/ila_core_inst/u_ila_regs/N_DDR_MODE.PROBE_STATUS[2].probe_width_reg/I_EN_STAT_EQ1.U_STAT/xsdb_reg_reg[0]' (FDE) to 'inst/ila_core_inst/u_ila_regs/CNT_WIDTH_STATUS[0].cnt_width_reg/I_EN_STAT_EQ1.U_STAT/xsdb_reg_reg[1]'
INFO: [Synth 8-3886] merging instance 'inst/ila_core_inst/u_ila_regs/N_DDR_MODE.PROBE_STATUS[1].probe_width_reg/I_EN_STAT_EQ1.U_STAT/xsdb_reg_reg[0]' (FDE) to 'inst/ila_core_inst/u_ila_regs/CNT_WIDTH_STATUS[0].cnt_width_reg/I_EN_STAT_EQ1.U_STAT/xsdb_reg_reg[1]'
INFO: [Synth 8-3886] merging instance 'inst/ila_core_inst/u_ila_regs/reg_14/I_EN_STAT_EQ1.U_STAT/xsdb_reg_reg[0]' (FDE) to 'inst/ila_core_inst/u_ila_regs/CNT_WIDTH_STATUS[0].cnt_width_reg/I_EN_STAT_EQ1.U_STAT/xsdb_reg_reg[1]'
INFO: [Synth 8-3886] merging instance 'inst/ila_core_inst/u_ila_regs/reg_13/I_EN_STAT_EQ1.U_STAT/xsdb_reg_reg[0]' (FDE) to 'inst/ila_core_inst/u_ila_regs/CNT_WIDTH_STATUS[0].cnt_width_reg/I_EN_STAT_EQ1.U_STAT/xsdb_reg_reg[1]'
INFO: [Synth 8-3886] merging instance 'inst/ila_core_inst/u_ila_regs/reg_12/I_EN_STAT_EQ1.U_STAT/xsdb_reg_reg[0]' (FDE) to 'inst/ila_core_inst/u_ila_regs/CNT_WIDTH_STATUS[0].cnt_width_reg/I_EN_STAT_EQ1.U_STAT/xsdb_reg_reg[1]'
INFO: [Synth 8-3886] merging instance 'inst/ila_core_inst/u_ila_regs/reg_11/I_EN_STAT_EQ1.U_STAT/xsdb_reg_reg[0]' (FDE) to 'inst/ila_core_inst/u_ila_regs/CNT_WIDTH_STATUS[0].cnt_width_reg/I_EN_STAT_EQ1.U_STAT/xsdb_reg_reg[1]'
INFO: [Synth 8-3886] merging instance 'inst/ila_core_inst/u_ila_regs/reg_10/I_EN_STAT_EQ1.U_STAT/xsdb_reg_reg[0]' (FDE) to 'inst/ila_core_inst/u_ila_regs/CNT_WIDTH_STATUS[0].cnt_width_reg/I_EN_STAT_EQ1.U_STAT/xsdb_reg_reg[1]'
INFO: [Synth 8-3886] merging instance 'inst/ila_core_inst/u_ila_regs/reg_f/I_EN_STAT_EQ1.U_STAT/xsdb_reg_reg[0]' (FDE) to 'inst/ila_core_inst/u_ila_regs/CNT_WIDTH_STATUS[0].cnt_width_reg/I_EN_STAT_EQ1.U_STAT/xsdb_reg_reg[1]'
INFO: [Synth 8-3886] merging instance 'inst/ila_core_inst/u_ila_regs/reg_e/I_EN_STAT_EQ1.U_STAT/xsdb_reg_reg[0]' (FDE) to 'inst/ila_core_inst/u_ila_regs/CNT_WIDTH_STATUS[0].cnt_width_reg/I_EN_STAT_EQ1.U_STAT/xsdb_reg_reg[1]'
INFO: [Synth 8-3886] merging instance 'inst/ila_core_inst/u_ila_regs/reg_d/I_EN_STAT_EQ1.U_STAT/xsdb_reg_reg[0]' (FDE) to 'inst/ila_core_inst/u_ila_regs/CNT_WIDTH_STATUS[0].cnt_width_reg/I_EN_STAT_EQ1.U_STAT/xsdb_reg_reg[1]'
INFO: [Synth 8-3886] merging instance 'inst/ila_core_inst/u_ila_regs/reg_c/I_EN_STAT_EQ1.U_STAT/xsdb_reg_reg[0]' (FDE) to 'inst/ila_core_inst/u_ila_regs/CNT_WIDTH_STATUS[0].cnt_width_reg/I_EN_STAT_EQ1.U_STAT/xsdb_reg_reg[1]'
INFO: [Synth 8-3886] merging instance 'inst/ila_core_inst/u_ila_regs/reg_b/I_EN_STAT_EQ1.U_STAT/xsdb_reg_reg[0]' (FDE) to 'inst/ila_core_inst/u_ila_regs/CNT_WIDTH_STATUS[0].cnt_width_reg/I_EN_STAT_EQ1.U_STAT/xsdb_reg_reg[1]'
INFO: [Synth 8-3886] merging instance 'inst/ila_core_inst/u_ila_regs/reg_a/I_EN_STAT_EQ1.U_STAT/xsdb_reg_reg[0]' (FDE) to 'inst/ila_core_inst/u_ila_regs/CNT_WIDTH_STATUS[0].cnt_width_reg/I_EN_STAT_EQ1.U_STAT/xsdb_reg_reg[1]'
INFO: [Synth 8-3886] merging instance 'inst/ila_core_inst/u_ila_regs/reg_4/I_EN_STAT_EQ1.U_STAT/xsdb_reg_reg[0]' (FDE) to 'inst/ila_core_inst/u_ila_regs/CNT_WIDTH_STATUS[0].cnt_width_reg/I_EN_STAT_EQ1.U_STAT/xsdb_reg_reg[1]'
INFO: [Synth 8-3886] merging instance 'inst/ila_core_inst/u_ila_regs/reg_3/I_EN_STAT_EQ1.U_STAT/xsdb_reg_reg[0]' (FDE) to 'inst/ila_core_inst/u_ila_regs/CNT_WIDTH_STATUS[0].cnt_width_reg/I_EN_STAT_EQ1.U_STAT/xsdb_reg_reg[1]'
INFO: [Synth 8-3886] merging instance 'inst/ila_core_inst/u_ila_regs/reg_2/I_EN_STAT_EQ1.U_STAT/xsdb_reg_reg[0]' (FDE) to 'inst/ila_core_inst/u_ila_regs/CNT_WIDTH_STATUS[0].cnt_width_reg/I_EN_STAT_EQ1.U_STAT/xsdb_reg_reg[4]'
INFO: [Synth 8-3886] merging instance 'inst/ila_core_inst/u_ila_regs/reg_1/I_EN_STAT_EQ1.U_STAT/xsdb_reg_reg[0]' (FDE) to 'inst/ila_core_inst/u_ila_regs/CNT_WIDTH_STATUS[0].cnt_width_reg/I_EN_STAT_EQ1.U_STAT/xsdb_reg_reg[1]'
INFO: [Synth 8-3886] merging instance 'inst/ila_core_inst/u_ila_regs/reg_0/I_EN_STAT_EQ1.U_STAT/xsdb_reg_reg[0]' (FDE) to 'inst/ila_core_inst/u_ila_regs/CNT_WIDTH_STATUS[0].cnt_width_reg/I_EN_STAT_EQ1.U_STAT/xsdb_reg_reg[1]'
INFO: [Synth 8-3886] merging instance 'inst/ila_core_inst/u_ila_regs/slaveRegDo_ff8_reg[1]' (FDRE) to 'inst/ila_core_inst/u_ila_regs/slaveRegDo_ff8_reg[4]'
INFO: [Synth 8-3333] propagating constant 0 across sequential element (inst/\ila_core_inst/u_ila_regs /\slaveRegDo_ff7_reg[1] )
INFO: [Synth 8-3886] merging instance 'inst/ila_core_inst/u_ila_regs/CNT_WIDTH_STATUS[0].cnt_width_reg/I_EN_STAT_EQ1.U_STAT/xsdb_reg_reg[1]' (FDE) to 'inst/ila_core_inst/u_ila_regs/CNT_WIDTH_STATUS[0].cnt_width_reg/I_EN_STAT_EQ1.U_STAT/xsdb_reg_reg[2]'
INFO: [Synth 8-3886] merging instance 'inst/ila_core_inst/u_ila_regs/reg_887/I_EN_STAT_EQ1.U_STAT/xsdb_reg_reg[1]' (FDE) to 'inst/ila_core_inst/u_ila_regs/CNT_WIDTH_STATUS[0].cnt_width_reg/I_EN_STAT_EQ1.U_STAT/xsdb_reg_reg[2]'
INFO: [Synth 8-3886] merging instance 'inst/ila_core_inst/u_ila_regs/N_DDR_MODE_MU1.MU_STATUS[12].mu_tpid_reg/I_EN_STAT_EQ1.U_STAT/xsdb_reg_reg[1]' (FDE) to 'inst/ila_core_inst/u_ila_regs/CNT_WIDTH_STATUS[0].cnt_width_reg/I_EN_STAT_EQ1.U_STAT/xsdb_reg_reg[4]'
INFO: [Synth 8-3886] merging instance 'inst/ila_core_inst/u_ila_regs/N_DDR_MODE_MU1.MU_STATUS[10].mu_tpid_reg/I_EN_STAT_EQ1.U_STAT/xsdb_reg_reg[1]' (FDE) to 'inst/ila_core_inst/u_ila_regs/CNT_WIDTH_STATUS[0].cnt_width_reg/I_EN_STAT_EQ1.U_STAT/xsdb_reg_reg[2]'
INFO: [Synth 8-3886] merging instance 'inst/ila_core_inst/u_ila_regs/N_DDR_MODE_MU1.MU_STATUS[8].mu_tpid_reg/I_EN_STAT_EQ1.U_STAT/xsdb_reg_reg[1]' (FDE) to 'inst/ila_core_inst/u_ila_regs/CNT_WIDTH_STATUS[0].cnt_width_reg/I_EN_STAT_EQ1.U_STAT/xsdb_reg_reg[2]'
INFO: [Synth 8-3886] merging instance 'inst/ila_core_inst/u_ila_regs/N_DDR_MODE_MU1.MU_STATUS[6].mu_tpid_reg/I_EN_STAT_EQ1.U_STAT/xsdb_reg_reg[1]' (FDE) to 'inst/ila_core_inst/u_ila_regs/CNT_WIDTH_STATUS[0].cnt_width_reg/I_EN_STAT_EQ1.U_STAT/xsdb_reg_reg[4]'
INFO: [Synth 8-3886] merging instance 'inst/ila_core_inst/u_ila_regs/N_DDR_MODE_MU1.MU_STATUS[4].mu_tpid_reg/I_EN_STAT_EQ1.U_STAT/xsdb_reg_reg[1]' (FDE) to 'inst/ila_core_inst/u_ila_regs/CNT_WIDTH_STATUS[0].cnt_width_reg/I_EN_STAT_EQ1.U_STAT/xsdb_reg_reg[4]'
INFO: [Synth 8-3886] merging instance 'inst/ila_core_inst/u_ila_regs/N_DDR_MODE.PROBE_STATUS[2].probe_width_reg/I_EN_STAT_EQ1.U_STAT/xsdb_reg_reg[1]' (FDE) to 'inst/ila_core_inst/u_ila_regs/CNT_WIDTH_STATUS[0].cnt_width_reg/I_EN_STAT_EQ1.U_STAT/xsdb_reg_reg[2]'
INFO: [Synth 8-3886] merging instance 'inst/ila_core_inst/u_ila_regs/N_DDR_MODE.PROBE_STATUS[1].probe_width_reg/I_EN_STAT_EQ1.U_STAT/xsdb_reg_reg[1]' (FDE) to 'inst/ila_core_inst/u_ila_regs/CNT_WIDTH_STATUS[0].cnt_width_reg/I_EN_STAT_EQ1.U_STAT/xsdb_reg_reg[2]'
INFO: [Synth 8-3886] merging instance 'inst/ila_core_inst/u_ila_regs/reg_14/I_EN_STAT_EQ1.U_STAT/xsdb_reg_reg[1]' (FDE) to 'inst/ila_core_inst/u_ila_regs/CNT_WIDTH_STATUS[0].cnt_width_reg/I_EN_STAT_EQ1.U_STAT/xsdb_reg_reg[2]'
INFO: [Synth 8-3886] merging instance 'inst/ila_core_inst/u_ila_regs/reg_13/I_EN_STAT_EQ1.U_STAT/xsdb_reg_reg[1]' (FDE) to 'inst/ila_core_inst/u_ila_regs/CNT_WIDTH_STATUS[0].cnt_width_reg/I_EN_STAT_EQ1.U_STAT/xsdb_reg_reg[2]'
INFO: [Synth 8-3886] merging instance 'inst/ila_core_inst/u_ila_regs/reg_12/I_EN_STAT_EQ1.U_STAT/xsdb_reg_reg[1]' (FDE) to 'inst/ila_core_inst/u_ila_regs/CNT_WIDTH_STATUS[0].cnt_width_reg/I_EN_STAT_EQ1.U_STAT/xsdb_reg_reg[2]'
INFO: [Synth 8-3886] merging instance 'inst/ila_core_inst/u_ila_regs/reg_11/I_EN_STAT_EQ1.U_STAT/xsdb_reg_reg[1]' (FDE) to 'inst/ila_core_inst/u_ila_regs/CNT_WIDTH_STATUS[0].cnt_width_reg/I_EN_STAT_EQ1.U_STAT/xsdb_reg_reg[2]'
INFO: [Synth 8-3886] merging instance 'inst/ila_core_inst/u_ila_regs/reg_10/I_EN_STAT_EQ1.U_STAT/xsdb_reg_reg[1]' (FDE) to 'inst/ila_core_inst/u_ila_regs/CNT_WIDTH_STATUS[0].cnt_width_reg/I_EN_STAT_EQ1.U_STAT/xsdb_reg_reg[2]'
INFO: [Synth 8-3886] merging instance 'inst/ila_core_inst/u_ila_regs/reg_f/I_EN_STAT_EQ1.U_STAT/xsdb_reg_reg[1]' (FDE) to 'inst/ila_core_inst/u_ila_regs/CNT_WIDTH_STATUS[0].cnt_width_reg/I_EN_STAT_EQ1.U_STAT/xsdb_reg_reg[2]'
INFO: [Synth 8-3886] merging instance 'inst/ila_core_inst/u_ila_regs/reg_e/I_EN_STAT_EQ1.U_STAT/xsdb_reg_reg[1]' (FDE) to 'inst/ila_core_inst/u_ila_regs/CNT_WIDTH_STATUS[0].cnt_width_reg/I_EN_STAT_EQ1.U_STAT/xsdb_reg_reg[2]'
INFO: [Synth 8-3886] merging instance 'inst/ila_core_inst/u_ila_regs/reg_d/I_EN_STAT_EQ1.U_STAT/xsdb_reg_reg[1]' (FDE) to 'inst/ila_core_inst/u_ila_regs/CNT_WIDTH_STATUS[0].cnt_width_reg/I_EN_STAT_EQ1.U_STAT/xsdb_reg_reg[2]'
INFO: [Synth 8-3886] merging instance 'inst/ila_core_inst/u_ila_regs/reg_c/I_EN_STAT_EQ1.U_STAT/xsdb_reg_reg[1]' (FDE) to 'inst/ila_core_inst/u_ila_regs/CNT_WIDTH_STATUS[0].cnt_width_reg/I_EN_STAT_EQ1.U_STAT/xsdb_reg_reg[2]'
INFO: [Synth 8-3886] merging instance 'inst/ila_core_inst/u_ila_regs/reg_b/I_EN_STAT_EQ1.U_STAT/xsdb_reg_reg[1]' (FDE) to 'inst/ila_core_inst/u_ila_regs/CNT_WIDTH_STATUS[0].cnt_width_reg/I_EN_STAT_EQ1.U_STAT/xsdb_reg_reg[2]'
INFO: [Synth 8-3886] merging instance 'inst/ila_core_inst/u_ila_regs/reg_a/I_EN_STAT_EQ1.U_STAT/xsdb_reg_reg[1]' (FDE) to 'inst/ila_core_inst/u_ila_regs/CNT_WIDTH_STATUS[0].cnt_width_reg/I_EN_STAT_EQ1.U_STAT/xsdb_reg_reg[2]'
INFO: [Synth 8-3886] merging instance 'inst/ila_core_inst/u_ila_regs/reg_4/I_EN_STAT_EQ1.U_STAT/xsdb_reg_reg[1]' (FDE) to 'inst/ila_core_inst/u_ila_regs/CNT_WIDTH_STATUS[0].cnt_width_reg/I_EN_STAT_EQ1.U_STAT/xsdb_reg_reg[2]'
INFO: [Synth 8-3886] merging instance 'inst/ila_core_inst/u_ila_regs/reg_3/I_EN_STAT_EQ1.U_STAT/xsdb_reg_reg[1]' (FDE) to 'inst/ila_core_inst/u_ila_regs/CNT_WIDTH_STATUS[0].cnt_width_reg/I_EN_STAT_EQ1.U_STAT/xsdb_reg_reg[4]'
INFO: [Synth 8-3886] merging instance 'inst/ila_core_inst/u_ila_regs/reg_2/I_EN_STAT_EQ1.U_STAT/xsdb_reg_reg[1]' (FDE) to 'inst/ila_core_inst/u_ila_regs/CNT_WIDTH_STATUS[0].cnt_width_reg/I_EN_STAT_EQ1.U_STAT/xsdb_reg_reg[2]'
INFO: [Synth 8-3886] merging instance 'inst/ila_core_inst/u_ila_regs/reg_1/I_EN_STAT_EQ1.U_STAT/xsdb_reg_reg[1]' (FDE) to 'inst/ila_core_inst/u_ila_regs/CNT_WIDTH_STATUS[0].cnt_width_reg/I_EN_STAT_EQ1.U_STAT/xsdb_reg_reg[2]'
INFO: [Synth 8-3886] merging instance 'inst/ila_core_inst/u_ila_regs/reg_0/I_EN_STAT_EQ1.U_STAT/xsdb_reg_reg[1]' (FDE) to 'inst/ila_core_inst/u_ila_regs/CNT_WIDTH_STATUS[0].cnt_width_reg/I_EN_STAT_EQ1.U_STAT/xsdb_reg_reg[2]'
INFO: [Synth 8-3886] merging instance 'inst/ila_core_inst/u_ila_regs/slaveRegDo_ff8_reg[2]' (FDRE) to 'inst/ila_core_inst/u_ila_regs/slaveRegDo_ff8_reg[4]'
INFO: [Synth 8-3333] propagating constant 0 across sequential element (inst/\ila_core_inst/u_ila_regs /\slaveRegDo_ff7_reg[2] )
INFO: [Synth 8-3886] merging instance 'inst/ila_core_inst/u_ila_regs/CNT_WIDTH_STATUS[0].cnt_width_reg/I_EN_STAT_EQ1.U_STAT/xsdb_reg_reg[2]' (FDE) to 'inst/ila_core_inst/u_ila_regs/CNT_WIDTH_STATUS[0].cnt_width_reg/I_EN_STAT_EQ1.U_STAT/xsdb_reg_reg[3]'
INFO: [Synth 8-3886] merging instance 'inst/ila_core_inst/u_ila_regs/reg_88d/I_EN_STAT_EQ1.U_STAT/xsdb_reg_reg[2]' (FDE) to 'inst/ila_core_inst/u_ila_regs/CNT_WIDTH_STATUS[0].cnt_width_reg/I_EN_STAT_EQ1.U_STAT/xsdb_reg_reg[4]'
INFO: [Synth 8-3886] merging instance 'inst/ila_core_inst/u_ila_regs/reg_887/I_EN_STAT_EQ1.U_STAT/xsdb_reg_reg[2]' (FDE) to 'inst/ila_core_inst/u_ila_regs/CNT_WIDTH_STATUS[0].cnt_width_reg/I_EN_STAT_EQ1.U_STAT/xsdb_reg_reg[4]'
INFO: [Synth 8-3886] merging instance 'inst/ila_core_inst/u_ila_regs/N_DDR_MODE_MU1.MU_STATUS[12].mu_tpid_reg/I_EN_STAT_EQ1.U_STAT/xsdb_reg_reg[2]' (FDE) to 'inst/ila_core_inst/u_ila_regs/CNT_WIDTH_STATUS[0].cnt_width_reg/I_EN_STAT_EQ1.U_STAT/xsdb_reg_reg[4]'
INFO: [Synth 8-3886] merging instance 'inst/ila_core_inst/u_ila_regs/N_DDR_MODE_MU1.MU_STATUS[10].mu_tpid_reg/I_EN_STAT_EQ1.U_STAT/xsdb_reg_reg[2]' (FDE) to 'inst/ila_core_inst/u_ila_regs/CNT_WIDTH_STATUS[0].cnt_width_reg/I_EN_STAT_EQ1.U_STAT/xsdb_reg_reg[4]'
INFO: [Synth 8-3886] merging instance 'inst/ila_core_inst/u_ila_regs/N_DDR_MODE_MU1.MU_STATUS[8].mu_tpid_reg/I_EN_STAT_EQ1.U_STAT/xsdb_reg_reg[2]' (FDE) to 'inst/ila_core_inst/u_ila_regs/CNT_WIDTH_STATUS[0].cnt_width_reg/I_EN_STAT_EQ1.U_STAT/xsdb_reg_reg[4]'
INFO: [Synth 8-3886] merging instance 'inst/ila_core_inst/u_ila_regs/N_DDR_MODE_MU1.MU_STATUS[6].mu_tpid_reg/I_EN_STAT_EQ1.U_STAT/xsdb_reg_reg[2]' (FDE) to 'inst/ila_core_inst/u_ila_regs/CNT_WIDTH_STATUS[0].cnt_width_reg/I_EN_STAT_EQ1.U_STAT/xsdb_reg_reg[3]'
INFO: [Synth 8-3886] merging instance 'inst/ila_core_inst/u_ila_regs/N_DDR_MODE_MU1.MU_STATUS[4].mu_tpid_reg/I_EN_STAT_EQ1.U_STAT/xsdb_reg_reg[2]' (FDE) to 'inst/ila_core_inst/u_ila_regs/CNT_WIDTH_STATUS[0].cnt_width_reg/I_EN_STAT_EQ1.U_STAT/xsdb_reg_reg[3]'
INFO: [Synth 8-3886] merging instance 'inst/ila_core_inst/u_ila_regs/N_DDR_MODE.PROBE_STATUS[2].probe_width_reg/I_EN_STAT_EQ1.U_STAT/xsdb_reg_reg[2]' (FDE) to 'inst/ila_core_inst/u_ila_regs/CNT_WIDTH_STATUS[0].cnt_width_reg/I_EN_STAT_EQ1.U_STAT/xsdb_reg_reg[4]'
INFO: [Synth 8-3886] merging instance 'inst/ila_core_inst/u_ila_regs/N_DDR_MODE.PROBE_STATUS[1].probe_width_reg/I_EN_STAT_EQ1.U_STAT/xsdb_reg_reg[2]' (FDE) to 'inst/ila_core_inst/u_ila_regs/CNT_WIDTH_STATUS[0].cnt_width_reg/I_EN_STAT_EQ1.U_STAT/xsdb_reg_reg[3]'
INFO: [Synth 8-3886] merging instance 'inst/ila_core_inst/u_ila_regs/reg_14/I_EN_STAT_EQ1.U_STAT/xsdb_reg_reg[2]' (FDE) to 'inst/ila_core_inst/u_ila_regs/CNT_WIDTH_STATUS[0].cnt_width_reg/I_EN_STAT_EQ1.U_STAT/xsdb_reg_reg[3]'
INFO: [Synth 8-3886] merging instance 'inst/ila_core_inst/u_ila_regs/reg_13/I_EN_STAT_EQ1.U_STAT/xsdb_reg_reg[2]' (FDE) to 'inst/ila_core_inst/u_ila_regs/CNT_WIDTH_STATUS[0].cnt_width_reg/I_EN_STAT_EQ1.U_STAT/xsdb_reg_reg[3]'
INFO: [Synth 8-3886] merging instance 'inst/ila_core_inst/u_ila_regs/reg_12/I_EN_STAT_EQ1.U_STAT/xsdb_reg_reg[2]' (FDE) to 'inst/ila_core_inst/u_ila_regs/CNT_WIDTH_STATUS[0].cnt_width_reg/I_EN_STAT_EQ1.U_STAT/xsdb_reg_reg[3]'
INFO: [Synth 8-3886] merging instance 'inst/ila_core_inst/u_ila_regs/reg_11/I_EN_STAT_EQ1.U_STAT/xsdb_reg_reg[2]' (FDE) to 'inst/ila_core_inst/u_ila_regs/CNT_WIDTH_STATUS[0].cnt_width_reg/I_EN_STAT_EQ1.U_STAT/xsdb_reg_reg[3]'
INFO: [Synth 8-3886] merging instance 'inst/ila_core_inst/u_ila_regs/reg_10/I_EN_STAT_EQ1.U_STAT/xsdb_reg_reg[2]' (FDE) to 'inst/ila_core_inst/u_ila_regs/CNT_WIDTH_STATUS[0].cnt_width_reg/I_EN_STAT_EQ1.U_STAT/xsdb_reg_reg[3]'
INFO: [Synth 8-3886] merging instance 'inst/ila_core_inst/u_ila_regs/reg_f/I_EN_STAT_EQ1.U_STAT/xsdb_reg_reg[2]' (FDE) to 'inst/ila_core_inst/u_ila_regs/CNT_WIDTH_STATUS[0].cnt_width_reg/I_EN_STAT_EQ1.U_STAT/xsdb_reg_reg[3]'
INFO: [Synth 8-3886] merging instance 'inst/ila_core_inst/u_ila_regs/reg_e/I_EN_STAT_EQ1.U_STAT/xsdb_reg_reg[2]' (FDE) to 'inst/ila_core_inst/u_ila_regs/CNT_WIDTH_STATUS[0].cnt_width_reg/I_EN_STAT_EQ1.U_STAT/xsdb_reg_reg[3]'
INFO: [Synth 8-3886] merging instance 'inst/ila_core_inst/u_ila_regs/reg_d/I_EN_STAT_EQ1.U_STAT/xsdb_reg_reg[2]' (FDE) to 'inst/ila_core_inst/u_ila_regs/CNT_WIDTH_STATUS[0].cnt_width_reg/I_EN_STAT_EQ1.U_STAT/xsdb_reg_reg[3]'
INFO: [Synth 8-3886] merging instance 'inst/ila_core_inst/u_ila_regs/reg_c/I_EN_STAT_EQ1.U_STAT/xsdb_reg_reg[2]' (FDE) to 'inst/ila_core_inst/u_ila_regs/CNT_WIDTH_STATUS[0].cnt_width_reg/I_EN_STAT_EQ1.U_STAT/xsdb_reg_reg[3]'
INFO: [Synth 8-3886] merging instance 'inst/ila_core_inst/u_ila_regs/reg_b/I_EN_STAT_EQ1.U_STAT/xsdb_reg_reg[2]' (FDE) to 'inst/ila_core_inst/u_ila_regs/CNT_WIDTH_STATUS[0].cnt_width_reg/I_EN_STAT_EQ1.U_STAT/xsdb_reg_reg[3]'
INFO: [Synth 8-3886] merging instance 'inst/ila_core_inst/u_ila_regs/reg_a/I_EN_STAT_EQ1.U_STAT/xsdb_reg_reg[2]' (FDE) to 'inst/ila_core_inst/u_ila_regs/CNT_WIDTH_STATUS[0].cnt_width_reg/I_EN_STAT_EQ1.U_STAT/xsdb_reg_reg[3]'
INFO: [Synth 8-3886] merging instance 'inst/ila_core_inst/u_ila_regs/reg_4/I_EN_STAT_EQ1.U_STAT/xsdb_reg_reg[2]' (FDE) to 'inst/ila_core_inst/u_ila_regs/CNT_WIDTH_STATUS[0].cnt_width_reg/I_EN_STAT_EQ1.U_STAT/xsdb_reg_reg[3]'
INFO: [Synth 8-3886] merging instance 'inst/ila_core_inst/u_ila_regs/reg_3/I_EN_STAT_EQ1.U_STAT/xsdb_reg_reg[2]' (FDE) to 'inst/ila_core_inst/u_ila_regs/CNT_WIDTH_STATUS[0].cnt_width_reg/I_EN_STAT_EQ1.U_STAT/xsdb_reg_reg[4]'
INFO: [Synth 8-3886] merging instance 'inst/ila_core_inst/u_ila_regs/reg_2/I_EN_STAT_EQ1.U_STAT/xsdb_reg_reg[2]' (FDE) to 'inst/ila_core_inst/u_ila_regs/CNT_WIDTH_STATUS[0].cnt_width_reg/I_EN_STAT_EQ1.U_STAT/xsdb_reg_reg[3]'
INFO: [Synth 8-3886] merging instance 'inst/ila_core_inst/u_ila_regs/reg_1/I_EN_STAT_EQ1.U_STAT/xsdb_reg_reg[2]' (FDE) to 'inst/ila_core_inst/u_ila_regs/CNT_WIDTH_STATUS[0].cnt_width_reg/I_EN_STAT_EQ1.U_STAT/xsdb_reg_reg[3]'
INFO: [Synth 8-3886] merging instance 'inst/ila_core_inst/u_ila_regs/reg_0/I_EN_STAT_EQ1.U_STAT/xsdb_reg_reg[2]' (FDE) to 'inst/ila_core_inst/u_ila_regs/CNT_WIDTH_STATUS[0].cnt_width_reg/I_EN_STAT_EQ1.U_STAT/xsdb_reg_reg[4]'
INFO: [Synth 8-3886] merging instance 'inst/ila_core_inst/u_ila_regs/slaveRegDo_ff8_reg[3]' (FDRE) to 'inst/ila_core_inst/u_ila_regs/slaveRegDo_ff8_reg[4]'
INFO: [Synth 8-3333] propagating constant 0 across sequential element (inst/\ila_core_inst/u_ila_regs /\slaveRegDo_ff7_reg[3] )
INFO: [Synth 8-3886] merging instance 'inst/ila_core_inst/u_ila_regs/CNT_WIDTH_STATUS[0].cnt_width_reg/I_EN_STAT_EQ1.U_STAT/xsdb_reg_reg[3]' (FDE) to 'inst/ila_core_inst/u_ila_regs/CNT_WIDTH_STATUS[0].cnt_width_reg/I_EN_STAT_EQ1.U_STAT/xsdb_reg_reg[5]'
INFO: [Synth 8-3886] merging instance 'inst/ila_core_inst/u_ila_regs/reg_88d/I_EN_STAT_EQ1.U_STAT/xsdb_reg_reg[3]' (FDE) to 'inst/ila_core_inst/u_ila_regs/CNT_WIDTH_STATUS[0].cnt_width_reg/I_EN_STAT_EQ1.U_STAT/xsdb_reg_reg[5]'
INFO: [Synth 8-3886] merging instance 'inst/ila_core_inst/u_ila_regs/N_DDR_MODE_MU1.MU_STATUS[12].mu_tpid_reg/I_EN_STAT_EQ1.U_STAT/xsdb_reg_reg[3]' (FDE) to 'inst/ila_core_inst/u_ila_regs/CNT_WIDTH_STATUS[0].cnt_width_reg/I_EN_STAT_EQ1.U_STAT/xsdb_reg_reg[5]'
INFO: [Synth 8-3886] merging instance 'inst/ila_core_inst/u_ila_regs/N_DDR_MODE_MU1.MU_STATUS[10].mu_tpid_reg/I_EN_STAT_EQ1.U_STAT/xsdb_reg_reg[3]' (FDE) to 'inst/ila_core_inst/u_ila_regs/CNT_WIDTH_STATUS[0].cnt_width_reg/I_EN_STAT_EQ1.U_STAT/xsdb_reg_reg[5]'
INFO: [Synth 8-3886] merging instance 'inst/ila_core_inst/u_ila_regs/N_DDR_MODE_MU1.MU_STATUS[8].mu_tpid_reg/I_EN_STAT_EQ1.U_STAT/xsdb_reg_reg[3]' (FDE) to 'inst/ila_core_inst/u_ila_regs/CNT_WIDTH_STATUS[0].cnt_width_reg/I_EN_STAT_EQ1.U_STAT/xsdb_reg_reg[5]'
INFO: [Synth 8-3886] merging instance 'inst/ila_core_inst/u_ila_regs/N_DDR_MODE_MU1.MU_STATUS[6].mu_tpid_reg/I_EN_STAT_EQ1.U_STAT/xsdb_reg_reg[3]' (FDE) to 'inst/ila_core_inst/u_ila_regs/CNT_WIDTH_STATUS[0].cnt_width_reg/I_EN_STAT_EQ1.U_STAT/xsdb_reg_reg[5]'
INFO: [Synth 8-3886] merging instance 'inst/ila_core_inst/u_ila_regs/N_DDR_MODE_MU1.MU_STATUS[4].mu_tpid_reg/I_EN_STAT_EQ1.U_STAT/xsdb_reg_reg[3]' (FDE) to 'inst/ila_core_inst/u_ila_regs/CNT_WIDTH_STATUS[0].cnt_width_reg/I_EN_STAT_EQ1.U_STAT/xsdb_reg_reg[5]'
INFO: [Synth 8-3886] merging instance 'inst/ila_core_inst/u_ila_regs/N_DDR_MODE.PROBE_STATUS[2].probe_width_reg/I_EN_STAT_EQ1.U_STAT/xsdb_reg_reg[3]' (FDE) to 'inst/ila_core_inst/u_ila_regs/CNT_WIDTH_STATUS[0].cnt_width_reg/I_EN_STAT_EQ1.U_STAT/xsdb_reg_reg[4]'
INFO: [Synth 8-3886] merging instance 'inst/ila_core_inst/u_ila_regs/N_DDR_MODE.PROBE_STATUS[1].probe_width_reg/I_EN_STAT_EQ1.U_STAT/xsdb_reg_reg[3]' (FDE) to 'inst/ila_core_inst/u_ila_regs/CNT_WIDTH_STATUS[0].cnt_width_reg/I_EN_STAT_EQ1.U_STAT/xsdb_reg_reg[5]'
INFO: [Synth 8-3886] merging instance 'inst/ila_core_inst/u_ila_regs/reg_14/I_EN_STAT_EQ1.U_STAT/xsdb_reg_reg[3]' (FDE) to 'inst/ila_core_inst/u_ila_regs/CNT_WIDTH_STATUS[0].cnt_width_reg/I_EN_STAT_EQ1.U_STAT/xsdb_reg_reg[5]'
INFO: [Synth 8-3886] merging instance 'inst/ila_core_inst/u_ila_regs/reg_13/I_EN_STAT_EQ1.U_STAT/xsdb_reg_reg[3]' (FDE) to 'inst/ila_core_inst/u_ila_regs/CNT_WIDTH_STATUS[0].cnt_width_reg/I_EN_STAT_EQ1.U_STAT/xsdb_reg_reg[5]'
INFO: [Synth 8-3886] merging instance 'inst/ila_core_inst/u_ila_regs/reg_12/I_EN_STAT_EQ1.U_STAT/xsdb_reg_reg[3]' (FDE) to 'inst/ila_core_inst/u_ila_regs/CNT_WIDTH_STATUS[0].cnt_width_reg/I_EN_STAT_EQ1.U_STAT/xsdb_reg_reg[5]'
INFO: [Synth 8-3886] merging instance 'inst/ila_core_inst/u_ila_regs/reg_11/I_EN_STAT_EQ1.U_STAT/xsdb_reg_reg[3]' (FDE) to 'inst/ila_core_inst/u_ila_regs/CNT_WIDTH_STATUS[0].cnt_width_reg/I_EN_STAT_EQ1.U_STAT/xsdb_reg_reg[5]'
INFO: [Synth 8-3886] merging instance 'inst/ila_core_inst/u_ila_regs/reg_10/I_EN_STAT_EQ1.U_STAT/xsdb_reg_reg[3]' (FDE) to 'inst/ila_core_inst/u_ila_regs/CNT_WIDTH_STATUS[0].cnt_width_reg/I_EN_STAT_EQ1.U_STAT/xsdb_reg_reg[5]'
INFO: [Synth 8-3886] merging instance 'inst/ila_core_inst/u_ila_regs/reg_f/I_EN_STAT_EQ1.U_STAT/xsdb_reg_reg[3]' (FDE) to 'inst/ila_core_inst/u_ila_regs/CNT_WIDTH_STATUS[0].cnt_width_reg/I_EN_STAT_EQ1.U_STAT/xsdb_reg_reg[5]'
INFO: [Synth 8-3886] merging instance 'inst/ila_core_inst/u_ila_regs/reg_e/I_EN_STAT_EQ1.U_STAT/xsdb_reg_reg[3]' (FDE) to 'inst/ila_core_inst/u_ila_regs/CNT_WIDTH_STATUS[0].cnt_width_reg/I_EN_STAT_EQ1.U_STAT/xsdb_reg_reg[5]'
INFO: [Synth 8-3886] merging instance 'inst/ila_core_inst/u_ila_regs/reg_d/I_EN_STAT_EQ1.U_STAT/xsdb_reg_reg[3]' (FDE) to 'inst/ila_core_inst/u_ila_regs/CNT_WIDTH_STATUS[0].cnt_width_reg/I_EN_STAT_EQ1.U_STAT/xsdb_reg_reg[5]'
INFO: [Synth 8-3886] merging instance 'inst/ila_core_inst/u_ila_regs/reg_c/I_EN_STAT_EQ1.U_STAT/xsdb_reg_reg[3]' (FDE) to 'inst/ila_core_inst/u_ila_regs/CNT_WIDTH_STATUS[0].cnt_width_reg/I_EN_STAT_EQ1.U_STAT/xsdb_reg_reg[5]'
INFO: [Synth 8-3886] merging instance 'inst/ila_core_inst/u_ila_regs/reg_b/I_EN_STAT_EQ1.U_STAT/xsdb_reg_reg[3]' (FDE) to 'inst/ila_core_inst/u_ila_regs/CNT_WIDTH_STATUS[0].cnt_width_reg/I_EN_STAT_EQ1.U_STAT/xsdb_reg_reg[5]'
INFO: [Synth 8-3886] merging instance 'inst/ila_core_inst/u_ila_regs/reg_a/I_EN_STAT_EQ1.U_STAT/xsdb_reg_reg[3]' (FDE) to 'inst/ila_core_inst/u_ila_regs/CNT_WIDTH_STATUS[0].cnt_width_reg/I_EN_STAT_EQ1.U_STAT/xsdb_reg_reg[5]'
INFO: [Common 17-14] Message 'Synth 8-3886' appears 100 times and further instances of the messages will be disabled. Use the Tcl command set_msg_config to change the current settings.
INFO: [Synth 8-3333] propagating constant 0 across sequential element (inst/\ila_core_inst/u_ila_regs /\slaveRegDo_ff7_reg[4] )
INFO: [Synth 8-3333] propagating constant 0 across sequential element (inst/\ila_core_inst/u_ila_regs /\slaveRegDo_ff7_reg[5] )
INFO: [Synth 8-3333] propagating constant 1 across sequential element (inst/\ila_core_inst/u_ila_regs /\reg_0/I_EN_STAT_EQ1.U_STAT/xsdb_reg_reg[5] )
INFO: [Synth 8-3333] propagating constant 0 across sequential element (inst/\ila_core_inst/u_ila_regs /\slaveRegDo_ff7_reg[6] )
INFO: [Synth 8-3333] propagating constant 0 across sequential element (inst/\ila_core_inst/u_ila_regs /\slaveRegDo_ff7_reg[7] )
INFO: [Synth 8-3333] propagating constant 0 across sequential element (inst/\ila_core_inst/u_ila_regs /\slaveRegDo_ff7_reg[8] )
INFO: [Synth 8-3333] propagating constant 0 across sequential element (inst/\ila_core_inst/u_ila_regs /\slaveRegDo_ff7_reg[9] )
INFO: [Synth 8-3333] propagating constant 0 across sequential element (inst/\ila_core_inst/u_ila_regs /\slaveRegDo_ff7_reg[10] )
INFO: [Synth 8-3333] propagating constant 0 across sequential element (inst/\ila_core_inst/u_ila_regs /\slaveRegDo_ff7_reg[11] )
INFO: [Synth 8-3333] propagating constant 0 across sequential element (inst/\ila_core_inst/u_ila_regs /\slaveRegDo_ff7_reg[12] )
INFO: [Synth 8-3333] propagating constant 0 across sequential element (inst/\ila_core_inst/u_ila_regs /\slaveRegDo_ff7_reg[13] )
INFO: [Synth 8-3333] propagating constant 0 across sequential element (inst/\ila_core_inst/u_ila_regs /\slaveRegDo_ff8_reg[14] )
INFO: [Synth 8-3333] propagating constant 0 across sequential element (inst/\ila_core_inst/u_ila_regs /\slaveRegDo_ff7_reg[14] )
INFO: [Synth 8-3333] propagating constant 0 across sequential element (inst/\ila_core_inst/u_ila_regs /\slaveRegDo_ff7_reg[15] )
INFO: [Synth 8-3333] propagating constant 0 across sequential element (inst/\ila_core_inst/u_ila_regs /\reg_0/I_EN_STAT_EQ1.U_STAT/xsdb_reg_reg[15] )
INFO: [Synth 8-3333] propagating constant 0 across sequential element (inst/\ila_core_inst/u_ila_regs /\slaveRegDo_mux_1_reg[5] )
INFO: [Synth 8-3333] propagating constant 0 across sequential element (inst/\ila_core_inst/u_ila_regs /\slaveRegDo_mux_1_reg[6] )
INFO: [Synth 8-3333] propagating constant 0 across sequential element (inst/\ila_core_inst/u_ila_regs /\slaveRegDo_mux_1_reg[7] )
INFO: [Synth 8-3333] propagating constant 0 across sequential element (inst/\ila_core_inst/u_ila_regs /\slaveRegDo_mux_1_reg[8] )
INFO: [Synth 8-3333] propagating constant 0 across sequential element (inst/\ila_core_inst/u_ila_regs /\slaveRegDo_mux_1_reg[9] )
INFO: [Synth 8-3333] propagating constant 0 across sequential element (inst/\ila_core_inst/u_ila_regs /\slaveRegDo_mux_1_reg[10] )
INFO: [Synth 8-3333] propagating constant 0 across sequential element (inst/\ila_core_inst/u_ila_regs /\slaveRegDo_mux_1_reg[11] )
INFO: [Synth 8-3333] propagating constant 0 across sequential element (inst/\ila_core_inst/u_ila_regs /\slaveRegDo_mux_1_reg[12] )
INFO: [Synth 8-3333] propagating constant 0 across sequential element (inst/\ila_core_inst/u_ila_regs /\slaveRegDo_mux_1_reg[13] )
INFO: [Synth 8-3333] propagating constant 0 across sequential element (inst/\ila_core_inst/u_ila_regs /\slaveRegDo_mux_1_reg[14] )
INFO: [Synth 8-3333] propagating constant 0 across sequential element (inst/\ila_core_inst/u_ila_regs /\slaveRegDo_mux_1_reg[15] )
---------------------------------------------------------------------------------
Finished Cross Boundary and Area Optimization : Time (s): cpu = 00:01:45 ; elapsed = 00:01:50 . Memory (MB): peak = 1069.469 ; gain = 674.645
---------------------------------------------------------------------------------
---------------------------------------------------------------------------------
Start ROM, RAM, DSP and Shift Register Reporting
---------------------------------------------------------------------------------

Distributed RAM: Preliminary Mapping  Report (see note below)
+------------+----------------------------------------------------+----------------+----------------------+---------------+
|Module Name | RTL Object                                         | Inference      | Size (Depth x Width) | Primitives    | 
+------------+----------------------------------------------------+----------------+----------------------+---------------+
|inst        | ila_core_inst/ADV_TRIG.u_adv_trig/fsm_mem_data_reg | User Attribute | 128 x 24             | RAM64M x 32   | 
+------------+----------------------------------------------------+----------------+----------------------+---------------+

Note: The table above is a preliminary report that shows the Distributed RAMs at the current stage of the synthesis flow. Some Distributed RAMs may be reimplemented as non Distributed RAM primitives later in the synthesis flow. Multiple instantiated RAMs are reported only once.
---------------------------------------------------------------------------------
Finished ROM, RAM, DSP and Shift Register Reporting
---------------------------------------------------------------------------------

Report RTL Partitions: 
+-+--------------+------------+----------+
| |RTL Partition |Replication |Instances |
+-+--------------+------------+----------+
+-+--------------+------------+----------+
---------------------------------------------------------------------------------
Start Applying XDC Timing Constraints
---------------------------------------------------------------------------------
---------------------------------------------------------------------------------
Finished Applying XDC Timing Constraints : Time (s): cpu = 00:01:51 ; elapsed = 00:01:55 . Memory (MB): peak = 1069.469 ; gain = 674.645
---------------------------------------------------------------------------------
---------------------------------------------------------------------------------
Start Timing Optimization
---------------------------------------------------------------------------------
---------------------------------------------------------------------------------
Finished Timing Optimization : Time (s): cpu = 00:01:51 ; elapsed = 00:01:56 . Memory (MB): peak = 1069.469 ; gain = 674.645
---------------------------------------------------------------------------------
---------------------------------------------------------------------------------
Start ROM, RAM, DSP and Shift Register Reporting
---------------------------------------------------------------------------------

Distributed RAM: Final Mapping  Report
+------------+----------------------------------------------------+----------------+----------------------+---------------+
|Module Name | RTL Object                                         | Inference      | Size (Depth x Width) | Primitives    | 
+------------+----------------------------------------------------+----------------+----------------------+---------------+
|inst        | ila_core_inst/ADV_TRIG.u_adv_trig/fsm_mem_data_reg | User Attribute | 128 x 24             | RAM64M x 32   | 
+------------+----------------------------------------------------+----------------+----------------------+---------------+

---------------------------------------------------------------------------------
Finished ROM, RAM, DSP and Shift Register Reporting
---------------------------------------------------------------------------------

Report RTL Partitions: 
+-+--------------+------------+----------+
| |RTL Partition |Replication |Instances |
+-+--------------+------------+----------+
+-+--------------+------------+----------+
---------------------------------------------------------------------------------
Start Technology Mapping
---------------------------------------------------------------------------------
---------------------------------------------------------------------------------
Finished Technology Mapping : Time (s): cpu = 00:01:53 ; elapsed = 00:01:57 . Memory (MB): peak = 1069.469 ; gain = 674.645
---------------------------------------------------------------------------------

Report RTL Partitions: 
+-+--------------+------------+----------+
| |RTL Partition |Replication |Instances |
+-+--------------+------------+----------+
+-+--------------+------------+----------+
---------------------------------------------------------------------------------
Start IO Insertion
---------------------------------------------------------------------------------
---------------------------------------------------------------------------------
Start Flattening Before IO Insertion
---------------------------------------------------------------------------------
---------------------------------------------------------------------------------
Finished Flattening Before IO Insertion
---------------------------------------------------------------------------------
---------------------------------------------------------------------------------
Start Final Netlist Cleanup
---------------------------------------------------------------------------------
INFO: [Synth 8-6064] Net \ila_core_inst/trace_read_addr [1] is driving 80 big block pins (URAM, BRAM and DSP loads). Created 8 replicas of its driver. 
INFO: [Synth 8-6064] Net \ila_core_inst/trace_read_addr [2] is driving 80 big block pins (URAM, BRAM and DSP loads). Created 8 replicas of its driver. 
INFO: [Synth 8-6064] Net \ila_core_inst/trace_read_addr [3] is driving 80 big block pins (URAM, BRAM and DSP loads). Created 8 replicas of its driver. 
INFO: [Synth 8-6064] Net \ila_core_inst/trace_read_addr [5] is driving 80 big block pins (URAM, BRAM and DSP loads). Created 8 replicas of its driver. 
INFO: [Synth 8-6064] Net \ila_core_inst/trace_read_addr [6] is driving 80 big block pins (URAM, BRAM and DSP loads). Created 8 replicas of its driver. 
INFO: [Synth 8-6064] Net \ila_core_inst/trace_read_addr [7] is driving 80 big block pins (URAM, BRAM and DSP loads). Created 8 replicas of its driver. 
INFO: [Synth 8-6064] Net \ila_core_inst/trace_read_addr [9] is driving 80 big block pins (URAM, BRAM and DSP loads). Created 8 replicas of its driver. 
INFO: [Synth 8-6064] Net \ila_core_inst/trace_read_addr [10] is driving 80 big block pins (URAM, BRAM and DSP loads). Created 8 replicas of its driver. 
INFO: [Synth 8-6064] Net \ila_core_inst/trace_read_en  is driving 80 big block pins (URAM, BRAM and DSP loads). Created 8 replicas of its driver. 
---------------------------------------------------------------------------------
Finished Final Netlist Cleanup
---------------------------------------------------------------------------------
INFO: [Synth 8-3295] tying undriven pin dummy_inferred:in0 to constant 0
INFO: [Synth 8-3295] tying undriven pin inst:sl_iport0[36] to constant 0
INFO: [Synth 8-3295] tying undriven pin inst:sl_iport0[35] to constant 0
INFO: [Synth 8-3295] tying undriven pin inst:sl_iport0[34] to constant 0
INFO: [Synth 8-3295] tying undriven pin inst:sl_iport0[33] to constant 0
INFO: [Synth 8-3295] tying undriven pin inst:sl_iport0[32] to constant 0
INFO: [Synth 8-3295] tying undriven pin inst:sl_iport0[31] to constant 0
INFO: [Synth 8-3295] tying undriven pin inst:sl_iport0[30] to constant 0
INFO: [Synth 8-3295] tying undriven pin inst:sl_iport0[29] to constant 0
INFO: [Synth 8-3295] tying undriven pin inst:sl_iport0[28] to constant 0
INFO: [Synth 8-3295] tying undriven pin inst:sl_iport0[27] to constant 0
INFO: [Synth 8-3295] tying undriven pin inst:sl_iport0[26] to constant 0
INFO: [Synth 8-3295] tying undriven pin inst:sl_iport0[25] to constant 0
INFO: [Synth 8-3295] tying undriven pin inst:sl_iport0[24] to constant 0
INFO: [Synth 8-3295] tying undriven pin inst:sl_iport0[23] to constant 0
INFO: [Synth 8-3295] tying undriven pin inst:sl_iport0[22] to constant 0
INFO: [Synth 8-3295] tying undriven pin inst:sl_iport0[21] to constant 0
INFO: [Synth 8-3295] tying undriven pin inst:sl_iport0[20] to constant 0
INFO: [Synth 8-3295] tying undriven pin inst:sl_iport0[19] to constant 0
INFO: [Synth 8-3295] tying undriven pin inst:sl_iport0[18] to constant 0
INFO: [Synth 8-3295] tying undriven pin inst:sl_iport0[17] to constant 0
INFO: [Synth 8-3295] tying undriven pin inst:sl_iport0[16] to constant 0
INFO: [Synth 8-3295] tying undriven pin inst:sl_iport0[15] to constant 0
INFO: [Synth 8-3295] tying undriven pin inst:sl_iport0[14] to constant 0
INFO: [Synth 8-3295] tying undriven pin inst:sl_iport0[13] to constant 0
INFO: [Synth 8-3295] tying undriven pin inst:sl_iport0[12] to constant 0
INFO: [Synth 8-3295] tying undriven pin inst:sl_iport0[11] to constant 0
INFO: [Synth 8-3295] tying undriven pin inst:sl_iport0[10] to constant 0
INFO: [Synth 8-3295] tying undriven pin inst:sl_iport0[9] to constant 0
INFO: [Synth 8-3295] tying undriven pin inst:sl_iport0[8] to constant 0
INFO: [Synth 8-3295] tying undriven pin inst:sl_iport0[7] to constant 0
INFO: [Synth 8-3295] tying undriven pin inst:sl_iport0[6] to constant 0
INFO: [Synth 8-3295] tying undriven pin inst:sl_iport0[5] to constant 0
INFO: [Synth 8-3295] tying undriven pin inst:sl_iport0[4] to constant 0
INFO: [Synth 8-3295] tying undriven pin inst:sl_iport0[3] to constant 0
INFO: [Synth 8-3295] tying undriven pin inst:sl_iport0[2] to constant 0
INFO: [Synth 8-3295] tying undriven pin inst:sl_iport0[1] to constant 0
INFO: [Synth 8-3295] tying undriven pin inst:sl_iport0[0] to constant 0
INFO: [Synth 8-3295] tying undriven pin inst:trig_in to constant 0
INFO: [Synth 8-3295] tying undriven pin inst:trig_out_ack to constant 0
---------------------------------------------------------------------------------
Finished IO Insertion : Time (s): cpu = 00:01:54 ; elapsed = 00:01:58 . Memory (MB): peak = 1069.469 ; gain = 674.645
---------------------------------------------------------------------------------

Report Check Netlist: 
+------+------------------+-------+---------+-------+------------------+
|      |Item              |Errors |Warnings |Status |Description       |
+------+------------------+-------+---------+-------+------------------+
|1     |multi_driven_nets |      0|        0|Passed |Multi driven nets |
+------+------------------+-------+---------+-------+------------------+
---------------------------------------------------------------------------------
Start Renaming Generated Instances
---------------------------------------------------------------------------------
---------------------------------------------------------------------------------
Finished Renaming Generated Instances : Time (s): cpu = 00:01:54 ; elapsed = 00:01:58 . Memory (MB): peak = 1069.469 ; gain = 674.645
---------------------------------------------------------------------------------

Report RTL Partitions: 
+-+--------------+------------+----------+
| |RTL Partition |Replication |Instances |
+-+--------------+------------+----------+
+-+--------------+------------+----------+
---------------------------------------------------------------------------------
Start Rebuilding User Hierarchy
---------------------------------------------------------------------------------
---------------------------------------------------------------------------------
Finished Rebuilding User Hierarchy : Time (s): cpu = 00:01:54 ; elapsed = 00:01:59 . Memory (MB): peak = 1069.469 ; gain = 674.645
---------------------------------------------------------------------------------
---------------------------------------------------------------------------------
Start Renaming Generated Ports
---------------------------------------------------------------------------------
---------------------------------------------------------------------------------
Finished Renaming Generated Ports : Time (s): cpu = 00:01:54 ; elapsed = 00:01:59 . Memory (MB): peak = 1069.469 ; gain = 674.645
---------------------------------------------------------------------------------
---------------------------------------------------------------------------------
Start Handling Custom Attributes
---------------------------------------------------------------------------------
---------------------------------------------------------------------------------
Finished Handling Custom Attributes : Time (s): cpu = 00:01:54 ; elapsed = 00:01:59 . Memory (MB): peak = 1069.469 ; gain = 674.645
---------------------------------------------------------------------------------
---------------------------------------------------------------------------------
Start Renaming Generated Nets
---------------------------------------------------------------------------------
---------------------------------------------------------------------------------
Finished Renaming Generated Nets : Time (s): cpu = 00:01:55 ; elapsed = 00:01:59 . Memory (MB): peak = 1069.469 ; gain = 674.645
---------------------------------------------------------------------------------
---------------------------------------------------------------------------------
Start ROM, RAM, DSP and Shift Register Reporting
---------------------------------------------------------------------------------

Static Shift Register Report:
+---------------------------+----------------------------------------------------------------------------------+--------+-------+--------------+--------------------+-------------------+--------+---------+
|Module Name                | RTL Name                                                                         | Length | Width | Reset Signal | Pull out first Reg | Pull out last Reg | SRL16E | SRLC32E | 
+---------------------------+----------------------------------------------------------------------------------+--------+-------+--------------+--------------------+-------------------+--------+---------+
|ila_v6_2_8_generic_counter | counter_load_i_reg[16]                                                           | 16     | 4     | NO           | NO                 | YES               | 4      | 0       | 
|ila_v6_2_8_ila             | ila_core_inst/u_ila_regs/adv_rb_drdy4_reg                                        | 3      | 1     | NO           | NO                 | YES               | 1      | 0       | 
|ila_v6_2_8_ila             | ila_core_inst/xsdb_memory_read_inst/multiple_read_latency.read_enable_out_reg[3] | 4      | 1     | NO           | NO                 | YES               | 1      | 0       | 
|ila_v6_2_8_ila             | ila_core_inst/xsdb_memory_read_inst/multiple_enable_latency.enable_out_reg[3]    | 4      | 1     | NO           | NO                 | YES               | 1      | 0       | 
|ila_v6_2_8_ila             | ila_core_inst/shifted_data_in_reg[8][43]                                         | 9      | 44    | NO           | NO                 | YES               | 44     | 0       | 
+---------------------------+----------------------------------------------------------------------------------+--------+-------+--------------+--------------------+-------------------+--------+---------+

---------------------------------------------------------------------------------
Finished ROM, RAM, DSP and Shift Register Reporting
---------------------------------------------------------------------------------
---------------------------------------------------------------------------------
Start Writing Synthesis Report
---------------------------------------------------------------------------------

Report BlackBoxes: 
+-+--------------+----------+
| |BlackBox name |Instances |
+-+--------------+----------+
+-+--------------+----------+

Report Cell Usage: 
+------+---------+------+
|      |Cell     |Count |
+------+---------+------+
|1     |CARRY4   |   170|
|2     |CFGLUT5  |   418|
|3     |LUT1     |    84|
|4     |LUT2     |   109|
|5     |LUT3     |   350|
|6     |LUT4     |   526|
|7     |LUT5     |   242|
|8     |LUT6     |  1640|
|9     |MUXF7    |   180|
|10    |MUXF8    |    47|
|11    |RAM64M   |    32|
|12    |RAMB36E1 |    80|
|13    |SRL16E   |    52|
|14    |SRLC16E  |     2|
|15    |SRLC32E  |    17|
|16    |FDRE     |  3957|
|17    |FDSE     |     9|
+------+---------+------+

Report Instance Areas: 
+------+------------------------------------------------------------------------+-------------------------------------------------+------+
|      |Instance                                                                |Module                                           |Cells |
+------+------------------------------------------------------------------------+-------------------------------------------------+------+
|1     |top                                                                     |                                                 |  7915|
|2     |  inst                                                                  |ila_v6_2_8_ila                                   |  7915|
|3     |    ila_core_inst                                                       |ila_v6_2_8_ila_core                              |  7908|
|4     |      \ADV_TRIG_MEM_READ.u_fsm_memory_read_inst                         |ila_v6_2_8_ila_fsm_memory_read                   |    52|
|5     |      \ADV_TRIG.u_adv_trig                                              |ila_v6_2_8_ila_adv_trigger_sequencer             |   185|
|6     |      \COUNTER.u_count                                                  |ila_v6_2_8_ila_counter                           |   232|
|7     |        \G_COUNTER[0].U_COUNTER                                         |ila_v6_2_8_generic_counter__1                    |    58|
|8     |        \G_COUNTER[1].U_COUNTER                                         |ila_v6_2_8_generic_counter__2                    |    58|
|9     |        \G_COUNTER[2].U_COUNTER                                         |ila_v6_2_8_generic_counter__3                    |    58|
|10    |        \G_COUNTER[3].U_COUNTER                                         |ila_v6_2_8_generic_counter                       |    58|
|11    |      ila_trace_memory_inst                                             |ila_v6_2_8_ila_trace_memory                      |   418|
|12    |        \SUBCORE_RAM_BLK_MEM_1.trace_block_memory                       |blk_mem_gen_v8_3_6                               |   418|
|13    |          inst_blk_mem_gen                                              |blk_mem_gen_v8_3_6_synth                         |   418|
|14    |            \gnbram.gnativebmg.native_blk_mem_gen                       |blk_mem_gen_top                                  |   418|
|15    |              \valid.cstr                                               |blk_mem_gen_generic_cstr                         |   418|
|16    |                \bindec_a.bindec_inst_a                                 |bindec                                           |    15|
|17    |                \has_mux_b.B                                            |blk_mem_gen_mux__parameterized0                  |   323|
|18    |                \ramloop[0].ram.r                                       |blk_mem_gen_prim_width                           |     1|
|19    |                  \prim_noinit.ram                                      |blk_mem_gen_prim_wrapper                         |     1|
|20    |                \ramloop[10].ram.r                                      |blk_mem_gen_prim_width__parameterized9           |     1|
|21    |                  \prim_noinit.ram                                      |blk_mem_gen_prim_wrapper__parameterized9         |     1|
|22    |                \ramloop[11].ram.r                                      |blk_mem_gen_prim_width__parameterized10          |     1|
|23    |                  \prim_noinit.ram                                      |blk_mem_gen_prim_wrapper__parameterized10        |     1|
|24    |                \ramloop[12].ram.r                                      |blk_mem_gen_prim_width__parameterized11          |     1|
|25    |                  \prim_noinit.ram                                      |blk_mem_gen_prim_wrapper__parameterized11        |     1|
|26    |                \ramloop[13].ram.r                                      |blk_mem_gen_prim_width__parameterized12          |     1|
|27    |                  \prim_noinit.ram                                      |blk_mem_gen_prim_wrapper__parameterized12        |     1|
|28    |                \ramloop[14].ram.r                                      |blk_mem_gen_prim_width__parameterized13          |     1|
|29    |                  \prim_noinit.ram                                      |blk_mem_gen_prim_wrapper__parameterized13        |     1|
|30    |                \ramloop[15].ram.r                                      |blk_mem_gen_prim_width__parameterized14          |     1|
|31    |                  \prim_noinit.ram                                      |blk_mem_gen_prim_wrapper__parameterized14        |     1|
|32    |                \ramloop[16].ram.r                                      |blk_mem_gen_prim_width__parameterized15          |     1|
|33    |                  \prim_noinit.ram                                      |blk_mem_gen_prim_wrapper__parameterized15        |     1|
|34    |                \ramloop[17].ram.r                                      |blk_mem_gen_prim_width__parameterized16          |     1|
|35    |                  \prim_noinit.ram                                      |blk_mem_gen_prim_wrapper__parameterized16        |     1|
|36    |                \ramloop[18].ram.r                                      |blk_mem_gen_prim_width__parameterized17          |     1|
|37    |                  \prim_noinit.ram                                      |blk_mem_gen_prim_wrapper__parameterized17        |     1|
|38    |                \ramloop[19].ram.r                                      |blk_mem_gen_prim_width__parameterized18          |     1|
|39    |                  \prim_noinit.ram                                      |blk_mem_gen_prim_wrapper__parameterized18        |     1|
|40    |                \ramloop[1].ram.r                                       |blk_mem_gen_prim_width__parameterized0           |     1|
|41    |                  \prim_noinit.ram                                      |blk_mem_gen_prim_wrapper__parameterized0         |     1|
|42    |                \ramloop[20].ram.r                                      |blk_mem_gen_prim_width__parameterized19          |     1|
|43    |                  \prim_noinit.ram                                      |blk_mem_gen_prim_wrapper__parameterized19        |     1|
|44    |                \ramloop[21].ram.r                                      |blk_mem_gen_prim_width__parameterized20          |     1|
|45    |                  \prim_noinit.ram                                      |blk_mem_gen_prim_wrapper__parameterized20        |     1|
|46    |                \ramloop[22].ram.r                                      |blk_mem_gen_prim_width__parameterized21          |     1|
|47    |                  \prim_noinit.ram                                      |blk_mem_gen_prim_wrapper__parameterized21        |     1|
|48    |                \ramloop[23].ram.r                                      |blk_mem_gen_prim_width__parameterized22          |     1|
|49    |                  \prim_noinit.ram                                      |blk_mem_gen_prim_wrapper__parameterized22        |     1|
|50    |                \ramloop[24].ram.r                                      |blk_mem_gen_prim_width__parameterized23          |     1|
|51    |                  \prim_noinit.ram                                      |blk_mem_gen_prim_wrapper__parameterized23        |     1|
|52    |                \ramloop[25].ram.r                                      |blk_mem_gen_prim_width__parameterized24          |     1|
|53    |                  \prim_noinit.ram                                      |blk_mem_gen_prim_wrapper__parameterized24        |     1|
|54    |                \ramloop[26].ram.r                                      |blk_mem_gen_prim_width__parameterized25          |     1|
|55    |                  \prim_noinit.ram                                      |blk_mem_gen_prim_wrapper__parameterized25        |     1|
|56    |                \ramloop[27].ram.r                                      |blk_mem_gen_prim_width__parameterized26          |     1|
|57    |                  \prim_noinit.ram                                      |blk_mem_gen_prim_wrapper__parameterized26        |     1|
|58    |                \ramloop[28].ram.r                                      |blk_mem_gen_prim_width__parameterized27          |     1|
|59    |                  \prim_noinit.ram                                      |blk_mem_gen_prim_wrapper__parameterized27        |     1|
|60    |                \ramloop[29].ram.r                                      |blk_mem_gen_prim_width__parameterized28          |     1|
|61    |                  \prim_noinit.ram                                      |blk_mem_gen_prim_wrapper__parameterized28        |     1|
|62    |                \ramloop[2].ram.r                                       |blk_mem_gen_prim_width__parameterized1           |     1|
|63    |                  \prim_noinit.ram                                      |blk_mem_gen_prim_wrapper__parameterized1         |     1|
|64    |                \ramloop[30].ram.r                                      |blk_mem_gen_prim_width__parameterized29          |     1|
|65    |                  \prim_noinit.ram                                      |blk_mem_gen_prim_wrapper__parameterized29        |     1|
|66    |                \ramloop[31].ram.r                                      |blk_mem_gen_prim_width__parameterized30          |     1|
|67    |                  \prim_noinit.ram                                      |blk_mem_gen_prim_wrapper__parameterized30        |     1|
|68    |                \ramloop[32].ram.r                                      |blk_mem_gen_prim_width__parameterized31          |     1|
|69    |                  \prim_noinit.ram                                      |blk_mem_gen_prim_wrapper__parameterized31        |     1|
|70    |                \ramloop[33].ram.r                                      |blk_mem_gen_prim_width__parameterized32          |     1|
|71    |                  \prim_noinit.ram                                      |blk_mem_gen_prim_wrapper__parameterized32        |     1|
|72    |                \ramloop[34].ram.r                                      |blk_mem_gen_prim_width__parameterized33          |     1|
|73    |                  \prim_noinit.ram                                      |blk_mem_gen_prim_wrapper__parameterized33        |     1|
|74    |                \ramloop[35].ram.r                                      |blk_mem_gen_prim_width__parameterized34          |     1|
|75    |                  \prim_noinit.ram                                      |blk_mem_gen_prim_wrapper__parameterized34        |     1|
|76    |                \ramloop[36].ram.r                                      |blk_mem_gen_prim_width__parameterized35          |     1|
|77    |                  \prim_noinit.ram                                      |blk_mem_gen_prim_wrapper__parameterized35        |     1|
|78    |                \ramloop[37].ram.r                                      |blk_mem_gen_prim_width__parameterized36          |     1|
|79    |                  \prim_noinit.ram                                      |blk_mem_gen_prim_wrapper__parameterized36        |     1|
|80    |                \ramloop[38].ram.r                                      |blk_mem_gen_prim_width__parameterized37          |     1|
|81    |                  \prim_noinit.ram                                      |blk_mem_gen_prim_wrapper__parameterized37        |     1|
|82    |                \ramloop[39].ram.r                                      |blk_mem_gen_prim_width__parameterized38          |     1|
|83    |                  \prim_noinit.ram                                      |blk_mem_gen_prim_wrapper__parameterized38        |     1|
|84    |                \ramloop[3].ram.r                                       |blk_mem_gen_prim_width__parameterized2           |     1|
|85    |                  \prim_noinit.ram                                      |blk_mem_gen_prim_wrapper__parameterized2         |     1|
|86    |                \ramloop[40].ram.r                                      |blk_mem_gen_prim_width__parameterized39          |     1|
|87    |                  \prim_noinit.ram                                      |blk_mem_gen_prim_wrapper__parameterized39        |     1|
|88    |                \ramloop[41].ram.r                                      |blk_mem_gen_prim_width__parameterized40          |     1|
|89    |                  \prim_noinit.ram                                      |blk_mem_gen_prim_wrapper__parameterized40        |     1|
|90    |                \ramloop[42].ram.r                                      |blk_mem_gen_prim_width__parameterized41          |     1|
|91    |                  \prim_noinit.ram                                      |blk_mem_gen_prim_wrapper__parameterized41        |     1|
|92    |                \ramloop[43].ram.r                                      |blk_mem_gen_prim_width__parameterized42          |     1|
|93    |                  \prim_noinit.ram                                      |blk_mem_gen_prim_wrapper__parameterized42        |     1|
|94    |                \ramloop[44].ram.r                                      |blk_mem_gen_prim_width__parameterized43          |     1|
|95    |                  \prim_noinit.ram                                      |blk_mem_gen_prim_wrapper__parameterized43        |     1|
|96    |                \ramloop[45].ram.r                                      |blk_mem_gen_prim_width__parameterized44          |     1|
|97    |                  \prim_noinit.ram                                      |blk_mem_gen_prim_wrapper__parameterized44        |     1|
|98    |                \ramloop[46].ram.r                                      |blk_mem_gen_prim_width__parameterized45          |     1|
|99    |                  \prim_noinit.ram                                      |blk_mem_gen_prim_wrapper__parameterized45        |     1|
|100   |                \ramloop[47].ram.r                                      |blk_mem_gen_prim_width__parameterized46          |     1|
|101   |                  \prim_noinit.ram                                      |blk_mem_gen_prim_wrapper__parameterized46        |     1|
|102   |                \ramloop[48].ram.r                                      |blk_mem_gen_prim_width__parameterized47          |     1|
|103   |                  \prim_noinit.ram                                      |blk_mem_gen_prim_wrapper__parameterized47        |     1|
|104   |                \ramloop[49].ram.r                                      |blk_mem_gen_prim_width__parameterized48          |     1|
|105   |                  \prim_noinit.ram                                      |blk_mem_gen_prim_wrapper__parameterized48        |     1|
|106   |                \ramloop[4].ram.r                                       |blk_mem_gen_prim_width__parameterized3           |     1|
|107   |                  \prim_noinit.ram                                      |blk_mem_gen_prim_wrapper__parameterized3         |     1|
|108   |                \ramloop[50].ram.r                                      |blk_mem_gen_prim_width__parameterized49          |     1|
|109   |                  \prim_noinit.ram                                      |blk_mem_gen_prim_wrapper__parameterized49        |     1|
|110   |                \ramloop[51].ram.r                                      |blk_mem_gen_prim_width__parameterized50          |     1|
|111   |                  \prim_noinit.ram                                      |blk_mem_gen_prim_wrapper__parameterized50        |     1|
|112   |                \ramloop[52].ram.r                                      |blk_mem_gen_prim_width__parameterized51          |     1|
|113   |                  \prim_noinit.ram                                      |blk_mem_gen_prim_wrapper__parameterized51        |     1|
|114   |                \ramloop[53].ram.r                                      |blk_mem_gen_prim_width__parameterized52          |     1|
|115   |                  \prim_noinit.ram                                      |blk_mem_gen_prim_wrapper__parameterized52        |     1|
|116   |                \ramloop[54].ram.r                                      |blk_mem_gen_prim_width__parameterized53          |     1|
|117   |                  \prim_noinit.ram                                      |blk_mem_gen_prim_wrapper__parameterized53        |     1|
|118   |                \ramloop[55].ram.r                                      |blk_mem_gen_prim_width__parameterized54          |     1|
|119   |                  \prim_noinit.ram                                      |blk_mem_gen_prim_wrapper__parameterized54        |     1|
|120   |                \ramloop[56].ram.r                                      |blk_mem_gen_prim_width__parameterized55          |     1|
|121   |                  \prim_noinit.ram                                      |blk_mem_gen_prim_wrapper__parameterized55        |     1|
|122   |                \ramloop[57].ram.r                                      |blk_mem_gen_prim_width__parameterized56          |     1|
|123   |                  \prim_noinit.ram                                      |blk_mem_gen_prim_wrapper__parameterized56        |     1|
|124   |                \ramloop[58].ram.r                                      |blk_mem_gen_prim_width__parameterized57          |     1|
|125   |                  \prim_noinit.ram                                      |blk_mem_gen_prim_wrapper__parameterized57        |     1|
|126   |                \ramloop[59].ram.r                                      |blk_mem_gen_prim_width__parameterized58          |     1|
|127   |                  \prim_noinit.ram                                      |blk_mem_gen_prim_wrapper__parameterized58        |     1|
|128   |                \ramloop[5].ram.r                                       |blk_mem_gen_prim_width__parameterized4           |     1|
|129   |                  \prim_noinit.ram                                      |blk_mem_gen_prim_wrapper__parameterized4         |     1|
|130   |                \ramloop[60].ram.r                                      |blk_mem_gen_prim_width__parameterized59          |     1|
|131   |                  \prim_noinit.ram                                      |blk_mem_gen_prim_wrapper__parameterized59        |     1|
|132   |                \ramloop[61].ram.r                                      |blk_mem_gen_prim_width__parameterized60          |     1|
|133   |                  \prim_noinit.ram                                      |blk_mem_gen_prim_wrapper__parameterized60        |     1|
|134   |                \ramloop[62].ram.r                                      |blk_mem_gen_prim_width__parameterized61          |     1|
|135   |                  \prim_noinit.ram                                      |blk_mem_gen_prim_wrapper__parameterized61        |     1|
|136   |                \ramloop[63].ram.r                                      |blk_mem_gen_prim_width__parameterized62          |     1|
|137   |                  \prim_noinit.ram                                      |blk_mem_gen_prim_wrapper__parameterized62        |     1|
|138   |                \ramloop[64].ram.r                                      |blk_mem_gen_prim_width__parameterized63          |     1|
|139   |                  \prim_noinit.ram                                      |blk_mem_gen_prim_wrapper__parameterized63        |     1|
|140   |                \ramloop[65].ram.r                                      |blk_mem_gen_prim_width__parameterized64          |     1|
|141   |                  \prim_noinit.ram                                      |blk_mem_gen_prim_wrapper__parameterized64        |     1|
|142   |                \ramloop[66].ram.r                                      |blk_mem_gen_prim_width__parameterized65          |     1|
|143   |                  \prim_noinit.ram                                      |blk_mem_gen_prim_wrapper__parameterized65        |     1|
|144   |                \ramloop[67].ram.r                                      |blk_mem_gen_prim_width__parameterized66          |     1|
|145   |                  \prim_noinit.ram                                      |blk_mem_gen_prim_wrapper__parameterized66        |     1|
|146   |                \ramloop[68].ram.r                                      |blk_mem_gen_prim_width__parameterized67          |     1|
|147   |                  \prim_noinit.ram                                      |blk_mem_gen_prim_wrapper__parameterized67        |     1|
|148   |                \ramloop[69].ram.r                                      |blk_mem_gen_prim_width__parameterized68          |     1|
|149   |                  \prim_noinit.ram                                      |blk_mem_gen_prim_wrapper__parameterized68        |     1|
|150   |                \ramloop[6].ram.r                                       |blk_mem_gen_prim_width__parameterized5           |     1|
|151   |                  \prim_noinit.ram                                      |blk_mem_gen_prim_wrapper__parameterized5         |     1|
|152   |                \ramloop[70].ram.r                                      |blk_mem_gen_prim_width__parameterized69          |     1|
|153   |                  \prim_noinit.ram                                      |blk_mem_gen_prim_wrapper__parameterized69        |     1|
|154   |                \ramloop[71].ram.r                                      |blk_mem_gen_prim_width__parameterized70          |     1|
|155   |                  \prim_noinit.ram                                      |blk_mem_gen_prim_wrapper__parameterized70        |     1|
|156   |                \ramloop[72].ram.r                                      |blk_mem_gen_prim_width__parameterized71          |     1|
|157   |                  \prim_noinit.ram                                      |blk_mem_gen_prim_wrapper__parameterized71        |     1|
|158   |                \ramloop[73].ram.r                                      |blk_mem_gen_prim_width__parameterized72          |     1|
|159   |                  \prim_noinit.ram                                      |blk_mem_gen_prim_wrapper__parameterized72        |     1|
|160   |                \ramloop[74].ram.r                                      |blk_mem_gen_prim_width__parameterized73          |     1|
|161   |                  \prim_noinit.ram                                      |blk_mem_gen_prim_wrapper__parameterized73        |     1|
|162   |                \ramloop[75].ram.r                                      |blk_mem_gen_prim_width__parameterized74          |     1|
|163   |                  \prim_noinit.ram                                      |blk_mem_gen_prim_wrapper__parameterized74        |     1|
|164   |                \ramloop[76].ram.r                                      |blk_mem_gen_prim_width__parameterized75          |     1|
|165   |                  \prim_noinit.ram                                      |blk_mem_gen_prim_wrapper__parameterized75        |     1|
|166   |                \ramloop[77].ram.r                                      |blk_mem_gen_prim_width__parameterized76          |     1|
|167   |                  \prim_noinit.ram                                      |blk_mem_gen_prim_wrapper__parameterized76        |     1|
|168   |                \ramloop[78].ram.r                                      |blk_mem_gen_prim_width__parameterized77          |     1|
|169   |                  \prim_noinit.ram                                      |blk_mem_gen_prim_wrapper__parameterized77        |     1|
|170   |                \ramloop[79].ram.r                                      |blk_mem_gen_prim_width__parameterized78          |     1|
|171   |                  \prim_noinit.ram                                      |blk_mem_gen_prim_wrapper__parameterized78        |     1|
|172   |                \ramloop[7].ram.r                                       |blk_mem_gen_prim_width__parameterized6           |     1|
|173   |                  \prim_noinit.ram                                      |blk_mem_gen_prim_wrapper__parameterized6         |     1|
|174   |                \ramloop[8].ram.r                                       |blk_mem_gen_prim_width__parameterized7           |     1|
|175   |                  \prim_noinit.ram                                      |blk_mem_gen_prim_wrapper__parameterized7         |     1|
|176   |                \ramloop[9].ram.r                                       |blk_mem_gen_prim_width__parameterized8           |     1|
|177   |                  \prim_noinit.ram                                      |blk_mem_gen_prim_wrapper__parameterized8         |     1|
|178   |      u_ila_cap_ctrl                                                    |ila_v6_2_8_ila_cap_ctrl_legacy                   |   318|
|179   |        U_CDONE                                                         |ltlib_v1_0_0_cfglut6__parameterized0             |     5|
|180   |        U_NS0                                                           |ltlib_v1_0_0_cfglut7                             |     8|
|181   |        U_NS1                                                           |ltlib_v1_0_0_cfglut7_239                         |    10|
|182   |        u_cap_addrgen                                                   |ila_v6_2_8_ila_cap_addrgen                       |   290|
|183   |          U_CMPRESET                                                    |ltlib_v1_0_0_cfglut6                             |     3|
|184   |          u_cap_sample_counter                                          |ila_v6_2_8_ila_cap_sample_counter                |    71|
|185   |            U_SCE                                                       |ltlib_v1_0_0_cfglut4_246                         |     1|
|186   |            U_SCMPCE                                                    |ltlib_v1_0_0_cfglut5_247                         |     1|
|187   |            U_SCRST                                                     |ltlib_v1_0_0_cfglut6_248                         |     3|
|188   |            u_scnt_cmp                                                  |ltlib_v1_0_0_match_nodelay_249                   |    28|
|189   |              \allx_typeA_match_detection.ltlib_v1_0_0_allx_typeA_inst  |ltlib_v1_0_0_allx_typeA_nodelay_250              |    28|
|190   |                DUT                                                     |ltlib_v1_0_0_all_typeA__parameterized1_251       |    12|
|191   |                  \I_WHOLE_SLICE.G_SLICE_IDX[0].U_ALL_SRL_SLICE         |ltlib_v1_0_0_all_typeA_slice__parameterized1_252 |     5|
|192   |                  \I_WHOLE_SLICE.G_SLICE_IDX[1].U_ALL_SRL_SLICE         |ltlib_v1_0_0_all_typeA_slice__parameterized2_253 |     5|
|193   |          u_cap_window_counter                                          |ila_v6_2_8_ila_cap_window_counter                |    66|
|194   |            U_WCE                                                       |ltlib_v1_0_0_cfglut4                             |     1|
|195   |            U_WHCMPCE                                                   |ltlib_v1_0_0_cfglut5                             |     1|
|196   |            U_WLCMPCE                                                   |ltlib_v1_0_0_cfglut5_240                         |     1|
|197   |            u_wcnt_hcmp                                                 |ltlib_v1_0_0_match_nodelay                       |    12|
|198   |              \allx_typeA_match_detection.ltlib_v1_0_0_allx_typeA_inst  |ltlib_v1_0_0_allx_typeA_nodelay_242              |    12|
|199   |                DUT                                                     |ltlib_v1_0_0_all_typeA__parameterized1_243       |    12|
|200   |                  \I_WHOLE_SLICE.G_SLICE_IDX[0].U_ALL_SRL_SLICE         |ltlib_v1_0_0_all_typeA_slice__parameterized1_244 |     5|
|201   |                  \I_WHOLE_SLICE.G_SLICE_IDX[1].U_ALL_SRL_SLICE         |ltlib_v1_0_0_all_typeA_slice__parameterized2_245 |     5|
|202   |            u_wcnt_lcmp                                                 |ltlib_v1_0_0_match_nodelay_241                   |    28|
|203   |              \allx_typeA_match_detection.ltlib_v1_0_0_allx_typeA_inst  |ltlib_v1_0_0_allx_typeA_nodelay                  |    28|
|204   |                DUT                                                     |ltlib_v1_0_0_all_typeA__parameterized1           |    12|
|205   |                  \I_WHOLE_SLICE.G_SLICE_IDX[0].U_ALL_SRL_SLICE         |ltlib_v1_0_0_all_typeA_slice__parameterized1     |     5|
|206   |                  \I_WHOLE_SLICE.G_SLICE_IDX[1].U_ALL_SRL_SLICE         |ltlib_v1_0_0_all_typeA_slice__parameterized2     |     5|
|207   |      u_ila_regs                                                        |ila_v6_2_8_ila_register                          |  5396|
|208   |        U_XSDB_SLAVE                                                    |xsdbs_v1_0_2_xsdbs                               |   302|
|209   |        reg_890                                                         |xsdbs_v1_0_2_reg__parameterized63                |    16|
|210   |          \I_EN_STAT_EQ1.U_STAT                                         |xsdbs_v1_0_2_reg_stat_238                        |    16|
|211   |        \ADV_TRIG_STREAM.reg_stream_ffc                                 |xsdbs_v1_0_2_reg_stream__parameterized0          |    24|
|212   |          \I_EN_CTL_EQ1.U_CTL                                           |xsdbs_v1_0_2_reg_ctl_237                         |    19|
|213   |        \ADV_TRIG_STREAM_READBACK.reg_stream_ffb                        |xsdbs_v1_0_2_reg_stream                          |    26|
|214   |          \I_EN_STAT_EQ1.U_STAT                                         |xsdbs_v1_0_2_reg_stat_236                        |    26|
|215   |        \CNT.CNT_SRL[0].cnt_srl_reg                                     |xsdbs_v1_0_2_reg_p2s__parameterized45            |    74|
|216   |        \CNT.CNT_SRL[1].cnt_srl_reg                                     |xsdbs_v1_0_2_reg_p2s__parameterized46            |    74|
|217   |        \CNT.CNT_SRL[2].cnt_srl_reg                                     |xsdbs_v1_0_2_reg_p2s__parameterized47            |   106|
|218   |        \CNT.CNT_SRL[3].cnt_srl_reg                                     |xsdbs_v1_0_2_reg_p2s__parameterized48            |    75|
|219   |        \MU_SRL[0].mu_srl_reg                                           |xsdbs_v1_0_2_reg_p2s                             |    74|
|220   |        \MU_SRL[10].mu_srl_reg                                          |xsdbs_v1_0_2_reg_p2s__parameterized9             |    74|
|221   |        \MU_SRL[11].mu_srl_reg                                          |xsdbs_v1_0_2_reg_p2s__parameterized10            |    90|
|222   |        \MU_SRL[12].mu_srl_reg                                          |xsdbs_v1_0_2_reg_p2s__parameterized11            |    74|
|223   |        \MU_SRL[13].mu_srl_reg                                          |xsdbs_v1_0_2_reg_p2s__parameterized12            |   106|
|224   |        \MU_SRL[1].mu_srl_reg                                           |xsdbs_v1_0_2_reg_p2s__parameterized0             |    74|
|225   |        \MU_SRL[2].mu_srl_reg                                           |xsdbs_v1_0_2_reg_p2s__parameterized1             |    74|
|226   |        \MU_SRL[3].mu_srl_reg                                           |xsdbs_v1_0_2_reg_p2s__parameterized2             |    90|
|227   |        \MU_SRL[4].mu_srl_reg                                           |xsdbs_v1_0_2_reg_p2s__parameterized3             |    74|
|228   |        \MU_SRL[5].mu_srl_reg                                           |xsdbs_v1_0_2_reg_p2s__parameterized4             |    74|
|229   |        \MU_SRL[6].mu_srl_reg                                           |xsdbs_v1_0_2_reg_p2s__parameterized5             |    74|
|230   |        \MU_SRL[7].mu_srl_reg                                           |xsdbs_v1_0_2_reg_p2s__parameterized6             |    90|
|231   |        \MU_SRL[8].mu_srl_reg                                           |xsdbs_v1_0_2_reg_p2s__parameterized7             |    74|
|232   |        \MU_SRL[9].mu_srl_reg                                           |xsdbs_v1_0_2_reg_p2s__parameterized8             |    74|
|233   |        \STRG_QUAL.qual_strg_srl_reg                                    |xsdbs_v1_0_2_reg_p2s__parameterized49            |    74|
|234   |        \TC_SRL[0].tc_srl_reg                                           |xsdbs_v1_0_2_reg_p2s__parameterized13            |    74|
|235   |        \TC_SRL[10].tc_srl_reg                                          |xsdbs_v1_0_2_reg_p2s__parameterized23            |    74|
|236   |        \TC_SRL[11].tc_srl_reg                                          |xsdbs_v1_0_2_reg_p2s__parameterized24            |   106|
|237   |        \TC_SRL[12].tc_srl_reg                                          |xsdbs_v1_0_2_reg_p2s__parameterized25            |    74|
|238   |        \TC_SRL[13].tc_srl_reg                                          |xsdbs_v1_0_2_reg_p2s__parameterized26            |    74|
|239   |        \TC_SRL[14].tc_srl_reg                                          |xsdbs_v1_0_2_reg_p2s__parameterized27            |    74|
|240   |        \TC_SRL[15].tc_srl_reg                                          |xsdbs_v1_0_2_reg_p2s__parameterized28            |    90|
|241   |        \TC_SRL[16].tc_srl_reg                                          |xsdbs_v1_0_2_reg_p2s__parameterized29            |    74|
|242   |        \TC_SRL[17].tc_srl_reg                                          |xsdbs_v1_0_2_reg_p2s__parameterized30            |    74|
|243   |        \TC_SRL[18].tc_srl_reg                                          |xsdbs_v1_0_2_reg_p2s__parameterized31            |    74|
|244   |        \TC_SRL[19].tc_srl_reg                                          |xsdbs_v1_0_2_reg_p2s__parameterized32            |   106|
|245   |        \TC_SRL[1].tc_srl_reg                                           |xsdbs_v1_0_2_reg_p2s__parameterized14            |    74|
|246   |        \TC_SRL[20].tc_srl_reg                                          |xsdbs_v1_0_2_reg_p2s__parameterized33            |    74|
|247   |        \TC_SRL[21].tc_srl_reg                                          |xsdbs_v1_0_2_reg_p2s__parameterized34            |    74|
|248   |        \TC_SRL[22].tc_srl_reg                                          |xsdbs_v1_0_2_reg_p2s__parameterized35            |    74|
|249   |        \TC_SRL[23].tc_srl_reg                                          |xsdbs_v1_0_2_reg_p2s__parameterized36            |    90|
|250   |        \TC_SRL[24].tc_srl_reg                                          |xsdbs_v1_0_2_reg_p2s__parameterized37            |    74|
|251   |        \TC_SRL[25].tc_srl_reg                                          |xsdbs_v1_0_2_reg_p2s__parameterized38            |    74|
|252   |        \TC_SRL[26].tc_srl_reg                                          |xsdbs_v1_0_2_reg_p2s__parameterized39            |    74|
|253   |        \TC_SRL[27].tc_srl_reg                                          |xsdbs_v1_0_2_reg_p2s__parameterized40            |   122|
|254   |        \TC_SRL[28].tc_srl_reg                                          |xsdbs_v1_0_2_reg_p2s__parameterized41            |    74|
|255   |        \TC_SRL[29].tc_srl_reg                                          |xsdbs_v1_0_2_reg_p2s__parameterized42            |    74|
|256   |        \TC_SRL[2].tc_srl_reg                                           |xsdbs_v1_0_2_reg_p2s__parameterized15            |    74|
|257   |        \TC_SRL[30].tc_srl_reg                                          |xsdbs_v1_0_2_reg_p2s__parameterized43            |    74|
|258   |        \TC_SRL[31].tc_srl_reg                                          |xsdbs_v1_0_2_reg_p2s__parameterized44            |    90|
|259   |        \TC_SRL[3].tc_srl_reg                                           |xsdbs_v1_0_2_reg_p2s__parameterized16            |   106|
|260   |        \TC_SRL[4].tc_srl_reg                                           |xsdbs_v1_0_2_reg_p2s__parameterized17            |    74|
|261   |        \TC_SRL[5].tc_srl_reg                                           |xsdbs_v1_0_2_reg_p2s__parameterized18            |    74|
|262   |        \TC_SRL[6].tc_srl_reg                                           |xsdbs_v1_0_2_reg_p2s__parameterized19            |    74|
|263   |        \TC_SRL[7].tc_srl_reg                                           |xsdbs_v1_0_2_reg_p2s__parameterized20            |    90|
|264   |        \TC_SRL[8].tc_srl_reg                                           |xsdbs_v1_0_2_reg_p2s__parameterized21            |    74|
|265   |        \TC_SRL[9].tc_srl_reg                                           |xsdbs_v1_0_2_reg_p2s__parameterized22            |    74|
|266   |        reg_15                                                          |xsdbs_v1_0_2_reg__parameterized45                |    35|
|267   |          \I_EN_CTL_EQ1.U_CTL                                           |xsdbs_v1_0_2_reg_ctl_235                         |    35|
|268   |        reg_16                                                          |xsdbs_v1_0_2_reg__parameterized46                |    20|
|269   |          \I_EN_CTL_EQ1.U_CTL                                           |xsdbs_v1_0_2_reg_ctl_234                         |    20|
|270   |        reg_17                                                          |xsdbs_v1_0_2_reg__parameterized47                |    21|
|271   |          \I_EN_CTL_EQ1.U_CTL                                           |xsdbs_v1_0_2_reg_ctl_233                         |    21|
|272   |        reg_18                                                          |xsdbs_v1_0_2_reg__parameterized48                |    42|
|273   |          \I_EN_CTL_EQ1.U_CTL                                           |xsdbs_v1_0_2_reg_ctl_232                         |    42|
|274   |        reg_19                                                          |xsdbs_v1_0_2_reg__parameterized49                |    19|
|275   |          \I_EN_CTL_EQ1.U_CTL                                           |xsdbs_v1_0_2_reg_ctl_231                         |    19|
|276   |        reg_1a                                                          |xsdbs_v1_0_2_reg__parameterized50                |    22|
|277   |          \I_EN_CTL_EQ1.U_CTL                                           |xsdbs_v1_0_2_reg_ctl__parameterized1             |    22|
|278   |        reg_6                                                           |xsdbs_v1_0_2_reg__parameterized30                |    20|
|279   |          \I_EN_CTL_EQ1.U_CTL                                           |xsdbs_v1_0_2_reg_ctl_230                         |    20|
|280   |        reg_7                                                           |xsdbs_v1_0_2_reg__parameterized31                |    37|
|281   |          \I_EN_CTL_EQ1.U_CTL                                           |xsdbs_v1_0_2_reg_ctl__parameterized0             |    37|
|282   |        reg_8                                                           |xsdbs_v1_0_2_reg__parameterized32                |     6|
|283   |          \I_EN_STAT_EQ1.U_STAT                                         |xsdbs_v1_0_2_reg_stat_229                        |     6|
|284   |        reg_80                                                          |xsdbs_v1_0_2_reg__parameterized51                |    17|
|285   |          \I_EN_CTL_EQ1.U_CTL                                           |xsdbs_v1_0_2_reg_ctl__parameterized2_228         |    17|
|286   |        reg_81                                                          |xsdbs_v1_0_2_reg__parameterized52                |    17|
|287   |          \I_EN_CTL_EQ1.U_CTL                                           |xsdbs_v1_0_2_reg_ctl_227                         |    17|
|288   |        reg_82                                                          |xsdbs_v1_0_2_reg__parameterized53                |    17|
|289   |          \I_EN_CTL_EQ1.U_CTL                                           |xsdbs_v1_0_2_reg_ctl__parameterized2             |    17|
|290   |        reg_83                                                          |xsdbs_v1_0_2_reg__parameterized54                |    62|
|291   |          \I_EN_CTL_EQ1.U_CTL                                           |xsdbs_v1_0_2_reg_ctl_226                         |    62|
|292   |        reg_84                                                          |xsdbs_v1_0_2_reg__parameterized55                |    24|
|293   |          \I_EN_CTL_EQ1.U_CTL                                           |xsdbs_v1_0_2_reg_ctl_225                         |    24|
|294   |        reg_85                                                          |xsdbs_v1_0_2_reg__parameterized56                |    17|
|295   |          \I_EN_CTL_EQ1.U_CTL                                           |xsdbs_v1_0_2_reg_ctl_224                         |    17|
|296   |        reg_887                                                         |xsdbs_v1_0_2_reg__parameterized58                |     1|
|297   |          \I_EN_STAT_EQ1.U_STAT                                         |xsdbs_v1_0_2_reg_stat_223                        |     1|
|298   |        reg_88d                                                         |xsdbs_v1_0_2_reg__parameterized60                |     4|
|299   |          \I_EN_STAT_EQ1.U_STAT                                         |xsdbs_v1_0_2_reg_stat_222                        |     4|
|300   |        reg_88f                                                         |xsdbs_v1_0_2_reg__parameterized62                |    35|
|301   |          \I_EN_STAT_EQ1.U_STAT                                         |xsdbs_v1_0_2_reg_stat_221                        |    35|
|302   |        reg_892                                                         |xsdbs_v1_0_2_reg__parameterized61                |     7|
|303   |          \I_EN_STAT_EQ1.U_STAT                                         |xsdbs_v1_0_2_reg_stat_220                        |     7|
|304   |        reg_9                                                           |xsdbs_v1_0_2_reg__parameterized33                |    22|
|305   |          \I_EN_STAT_EQ1.U_STAT                                         |xsdbs_v1_0_2_reg_stat_219                        |    22|
|306   |        reg_srl_fff                                                     |xsdbs_v1_0_2_reg_p2s__parameterized50            |    98|
|307   |        reg_stream_ffd                                                  |xsdbs_v1_0_2_reg_stream__parameterized1          |    20|
|308   |          \I_EN_CTL_EQ1.U_CTL                                           |xsdbs_v1_0_2_reg_ctl                             |    20|
|309   |        reg_stream_ffe                                                  |xsdbs_v1_0_2_reg_stream__parameterized2          |    16|
|310   |          \I_EN_STAT_EQ1.U_STAT                                         |xsdbs_v1_0_2_reg_stat                            |    16|
|311   |      u_ila_reset_ctrl                                                  |ila_v6_2_8_ila_reset_ctrl                        |    47|
|312   |        arm_detection_inst                                              |ltlib_v1_0_0_rising_edge_detection               |     5|
|313   |        \asyncrounous_transfer.arm_in_transfer_inst                     |ltlib_v1_0_0_async_edge_xfer                     |     7|
|314   |        \asyncrounous_transfer.arm_out_transfer_inst                    |ltlib_v1_0_0_async_edge_xfer_215                 |     7|
|315   |        \asyncrounous_transfer.halt_in_transfer_inst                    |ltlib_v1_0_0_async_edge_xfer_216                 |     7|
|316   |        \asyncrounous_transfer.halt_out_transfer_inst                   |ltlib_v1_0_0_async_edge_xfer_217                 |     6|
|317   |        halt_detection_inst                                             |ltlib_v1_0_0_rising_edge_detection_218           |     6|
|318   |      u_trig                                                            |ila_v6_2_8_ila_trigger                           |   768|
|319   |        \N_DDR_TC.N_DDR_TC_INST[0].U_TC                                 |ltlib_v1_0_0_match                               |    14|
|320   |          \allx_typeA_match_detection.ltlib_v1_0_0_allx_typeA_inst      |ltlib_v1_0_0_allx_typeA_211                      |    13|
|321   |            DUT                                                         |ltlib_v1_0_0_all_typeA_212                       |    13|
|322   |              \I_WHOLE_SLICE.G_SLICE_IDX[0].U_ALL_SRL_SLICE             |ltlib_v1_0_0_all_typeA_slice_213                 |     5|
|323   |              \I_WHOLE_SLICE.G_SLICE_IDX[1].U_ALL_SRL_SLICE             |ltlib_v1_0_0_all_typeA_slice__parameterized0_214 |     6|
|324   |        \N_DDR_TC.N_DDR_TC_INST[10].U_TC                                |ltlib_v1_0_0_match_0                             |    14|
|325   |          \allx_typeA_match_detection.ltlib_v1_0_0_allx_typeA_inst      |ltlib_v1_0_0_allx_typeA_207                      |    13|
|326   |            DUT                                                         |ltlib_v1_0_0_all_typeA_208                       |    13|
|327   |              \I_WHOLE_SLICE.G_SLICE_IDX[0].U_ALL_SRL_SLICE             |ltlib_v1_0_0_all_typeA_slice_209                 |     5|
|328   |              \I_WHOLE_SLICE.G_SLICE_IDX[1].U_ALL_SRL_SLICE             |ltlib_v1_0_0_all_typeA_slice__parameterized0_210 |     6|
|329   |        \N_DDR_TC.N_DDR_TC_INST[11].U_TC                                |ltlib_v1_0_0_match_1                             |    14|
|330   |          \allx_typeA_match_detection.ltlib_v1_0_0_allx_typeA_inst      |ltlib_v1_0_0_allx_typeA_203                      |    13|
|331   |            DUT                                                         |ltlib_v1_0_0_all_typeA_204                       |    13|
|332   |              \I_WHOLE_SLICE.G_SLICE_IDX[0].U_ALL_SRL_SLICE             |ltlib_v1_0_0_all_typeA_slice_205                 |     5|
|333   |              \I_WHOLE_SLICE.G_SLICE_IDX[1].U_ALL_SRL_SLICE             |ltlib_v1_0_0_all_typeA_slice__parameterized0_206 |     6|
|334   |        \N_DDR_TC.N_DDR_TC_INST[12].U_TC                                |ltlib_v1_0_0_match_2                             |    14|
|335   |          \allx_typeA_match_detection.ltlib_v1_0_0_allx_typeA_inst      |ltlib_v1_0_0_allx_typeA_199                      |    13|
|336   |            DUT                                                         |ltlib_v1_0_0_all_typeA_200                       |    13|
|337   |              \I_WHOLE_SLICE.G_SLICE_IDX[0].U_ALL_SRL_SLICE             |ltlib_v1_0_0_all_typeA_slice_201                 |     5|
|338   |              \I_WHOLE_SLICE.G_SLICE_IDX[1].U_ALL_SRL_SLICE             |ltlib_v1_0_0_all_typeA_slice__parameterized0_202 |     6|
|339   |        \N_DDR_TC.N_DDR_TC_INST[13].U_TC                                |ltlib_v1_0_0_match_3                             |    14|
|340   |          \allx_typeA_match_detection.ltlib_v1_0_0_allx_typeA_inst      |ltlib_v1_0_0_allx_typeA_195                      |    13|
|341   |            DUT                                                         |ltlib_v1_0_0_all_typeA_196                       |    13|
|342   |              \I_WHOLE_SLICE.G_SLICE_IDX[0].U_ALL_SRL_SLICE             |ltlib_v1_0_0_all_typeA_slice_197                 |     5|
|343   |              \I_WHOLE_SLICE.G_SLICE_IDX[1].U_ALL_SRL_SLICE             |ltlib_v1_0_0_all_typeA_slice__parameterized0_198 |     6|
|344   |        \N_DDR_TC.N_DDR_TC_INST[14].U_TC                                |ltlib_v1_0_0_match_4                             |    14|
|345   |          \allx_typeA_match_detection.ltlib_v1_0_0_allx_typeA_inst      |ltlib_v1_0_0_allx_typeA_191                      |    13|
|346   |            DUT                                                         |ltlib_v1_0_0_all_typeA_192                       |    13|
|347   |              \I_WHOLE_SLICE.G_SLICE_IDX[0].U_ALL_SRL_SLICE             |ltlib_v1_0_0_all_typeA_slice_193                 |     5|
|348   |              \I_WHOLE_SLICE.G_SLICE_IDX[1].U_ALL_SRL_SLICE             |ltlib_v1_0_0_all_typeA_slice__parameterized0_194 |     6|
|349   |        \N_DDR_TC.N_DDR_TC_INST[15].U_TC                                |ltlib_v1_0_0_match_5                             |    14|
|350   |          \allx_typeA_match_detection.ltlib_v1_0_0_allx_typeA_inst      |ltlib_v1_0_0_allx_typeA_187                      |    13|
|351   |            DUT                                                         |ltlib_v1_0_0_all_typeA_188                       |    13|
|352   |              \I_WHOLE_SLICE.G_SLICE_IDX[0].U_ALL_SRL_SLICE             |ltlib_v1_0_0_all_typeA_slice_189                 |     5|
|353   |              \I_WHOLE_SLICE.G_SLICE_IDX[1].U_ALL_SRL_SLICE             |ltlib_v1_0_0_all_typeA_slice__parameterized0_190 |     6|
|354   |        \N_DDR_TC.N_DDR_TC_INST[16].U_TC                                |ltlib_v1_0_0_match_6                             |    14|
|355   |          \allx_typeA_match_detection.ltlib_v1_0_0_allx_typeA_inst      |ltlib_v1_0_0_allx_typeA_183                      |    13|
|356   |            DUT                                                         |ltlib_v1_0_0_all_typeA_184                       |    13|
|357   |              \I_WHOLE_SLICE.G_SLICE_IDX[0].U_ALL_SRL_SLICE             |ltlib_v1_0_0_all_typeA_slice_185                 |     5|
|358   |              \I_WHOLE_SLICE.G_SLICE_IDX[1].U_ALL_SRL_SLICE             |ltlib_v1_0_0_all_typeA_slice__parameterized0_186 |     6|
|359   |        \N_DDR_TC.N_DDR_TC_INST[17].U_TC                                |ltlib_v1_0_0_match_7                             |    14|
|360   |          \allx_typeA_match_detection.ltlib_v1_0_0_allx_typeA_inst      |ltlib_v1_0_0_allx_typeA_179                      |    13|
|361   |            DUT                                                         |ltlib_v1_0_0_all_typeA_180                       |    13|
|362   |              \I_WHOLE_SLICE.G_SLICE_IDX[0].U_ALL_SRL_SLICE             |ltlib_v1_0_0_all_typeA_slice_181                 |     5|
|363   |              \I_WHOLE_SLICE.G_SLICE_IDX[1].U_ALL_SRL_SLICE             |ltlib_v1_0_0_all_typeA_slice__parameterized0_182 |     6|
|364   |        \N_DDR_TC.N_DDR_TC_INST[18].U_TC                                |ltlib_v1_0_0_match_8                             |    14|
|365   |          \allx_typeA_match_detection.ltlib_v1_0_0_allx_typeA_inst      |ltlib_v1_0_0_allx_typeA_175                      |    13|
|366   |            DUT                                                         |ltlib_v1_0_0_all_typeA_176                       |    13|
|367   |              \I_WHOLE_SLICE.G_SLICE_IDX[0].U_ALL_SRL_SLICE             |ltlib_v1_0_0_all_typeA_slice_177                 |     5|
|368   |              \I_WHOLE_SLICE.G_SLICE_IDX[1].U_ALL_SRL_SLICE             |ltlib_v1_0_0_all_typeA_slice__parameterized0_178 |     6|
|369   |        \N_DDR_TC.N_DDR_TC_INST[19].U_TC                                |ltlib_v1_0_0_match_9                             |    14|
|370   |          \allx_typeA_match_detection.ltlib_v1_0_0_allx_typeA_inst      |ltlib_v1_0_0_allx_typeA_171                      |    13|
|371   |            DUT                                                         |ltlib_v1_0_0_all_typeA_172                       |    13|
|372   |              \I_WHOLE_SLICE.G_SLICE_IDX[0].U_ALL_SRL_SLICE             |ltlib_v1_0_0_all_typeA_slice_173                 |     5|
|373   |              \I_WHOLE_SLICE.G_SLICE_IDX[1].U_ALL_SRL_SLICE             |ltlib_v1_0_0_all_typeA_slice__parameterized0_174 |     6|
|374   |        \N_DDR_TC.N_DDR_TC_INST[1].U_TC                                 |ltlib_v1_0_0_match_10                            |    14|
|375   |          \allx_typeA_match_detection.ltlib_v1_0_0_allx_typeA_inst      |ltlib_v1_0_0_allx_typeA_167                      |    13|
|376   |            DUT                                                         |ltlib_v1_0_0_all_typeA_168                       |    13|
|377   |              \I_WHOLE_SLICE.G_SLICE_IDX[0].U_ALL_SRL_SLICE             |ltlib_v1_0_0_all_typeA_slice_169                 |     5|
|378   |              \I_WHOLE_SLICE.G_SLICE_IDX[1].U_ALL_SRL_SLICE             |ltlib_v1_0_0_all_typeA_slice__parameterized0_170 |     6|
|379   |        \N_DDR_TC.N_DDR_TC_INST[20].U_TC                                |ltlib_v1_0_0_match_11                            |    14|
|380   |          \allx_typeA_match_detection.ltlib_v1_0_0_allx_typeA_inst      |ltlib_v1_0_0_allx_typeA_163                      |    13|
|381   |            DUT                                                         |ltlib_v1_0_0_all_typeA_164                       |    13|
|382   |              \I_WHOLE_SLICE.G_SLICE_IDX[0].U_ALL_SRL_SLICE             |ltlib_v1_0_0_all_typeA_slice_165                 |     5|
|383   |              \I_WHOLE_SLICE.G_SLICE_IDX[1].U_ALL_SRL_SLICE             |ltlib_v1_0_0_all_typeA_slice__parameterized0_166 |     6|
|384   |        \N_DDR_TC.N_DDR_TC_INST[21].U_TC                                |ltlib_v1_0_0_match_12                            |    14|
|385   |          \allx_typeA_match_detection.ltlib_v1_0_0_allx_typeA_inst      |ltlib_v1_0_0_allx_typeA_159                      |    13|
|386   |            DUT                                                         |ltlib_v1_0_0_all_typeA_160                       |    13|
|387   |              \I_WHOLE_SLICE.G_SLICE_IDX[0].U_ALL_SRL_SLICE             |ltlib_v1_0_0_all_typeA_slice_161                 |     5|
|388   |              \I_WHOLE_SLICE.G_SLICE_IDX[1].U_ALL_SRL_SLICE             |ltlib_v1_0_0_all_typeA_slice__parameterized0_162 |     6|
|389   |        \N_DDR_TC.N_DDR_TC_INST[22].U_TC                                |ltlib_v1_0_0_match_13                            |    14|
|390   |          \allx_typeA_match_detection.ltlib_v1_0_0_allx_typeA_inst      |ltlib_v1_0_0_allx_typeA_155                      |    13|
|391   |            DUT                                                         |ltlib_v1_0_0_all_typeA_156                       |    13|
|392   |              \I_WHOLE_SLICE.G_SLICE_IDX[0].U_ALL_SRL_SLICE             |ltlib_v1_0_0_all_typeA_slice_157                 |     5|
|393   |              \I_WHOLE_SLICE.G_SLICE_IDX[1].U_ALL_SRL_SLICE             |ltlib_v1_0_0_all_typeA_slice__parameterized0_158 |     6|
|394   |        \N_DDR_TC.N_DDR_TC_INST[23].U_TC                                |ltlib_v1_0_0_match_14                            |    14|
|395   |          \allx_typeA_match_detection.ltlib_v1_0_0_allx_typeA_inst      |ltlib_v1_0_0_allx_typeA_151                      |    13|
|396   |            DUT                                                         |ltlib_v1_0_0_all_typeA_152                       |    13|
|397   |              \I_WHOLE_SLICE.G_SLICE_IDX[0].U_ALL_SRL_SLICE             |ltlib_v1_0_0_all_typeA_slice_153                 |     5|
|398   |              \I_WHOLE_SLICE.G_SLICE_IDX[1].U_ALL_SRL_SLICE             |ltlib_v1_0_0_all_typeA_slice__parameterized0_154 |     6|
|399   |        \N_DDR_TC.N_DDR_TC_INST[24].U_TC                                |ltlib_v1_0_0_match_15                            |    14|
|400   |          \allx_typeA_match_detection.ltlib_v1_0_0_allx_typeA_inst      |ltlib_v1_0_0_allx_typeA_147                      |    13|
|401   |            DUT                                                         |ltlib_v1_0_0_all_typeA_148                       |    13|
|402   |              \I_WHOLE_SLICE.G_SLICE_IDX[0].U_ALL_SRL_SLICE             |ltlib_v1_0_0_all_typeA_slice_149                 |     5|
|403   |              \I_WHOLE_SLICE.G_SLICE_IDX[1].U_ALL_SRL_SLICE             |ltlib_v1_0_0_all_typeA_slice__parameterized0_150 |     6|
|404   |        \N_DDR_TC.N_DDR_TC_INST[25].U_TC                                |ltlib_v1_0_0_match_16                            |    14|
|405   |          \allx_typeA_match_detection.ltlib_v1_0_0_allx_typeA_inst      |ltlib_v1_0_0_allx_typeA_143                      |    13|
|406   |            DUT                                                         |ltlib_v1_0_0_all_typeA_144                       |    13|
|407   |              \I_WHOLE_SLICE.G_SLICE_IDX[0].U_ALL_SRL_SLICE             |ltlib_v1_0_0_all_typeA_slice_145                 |     5|
|408   |              \I_WHOLE_SLICE.G_SLICE_IDX[1].U_ALL_SRL_SLICE             |ltlib_v1_0_0_all_typeA_slice__parameterized0_146 |     6|
|409   |        \N_DDR_TC.N_DDR_TC_INST[26].U_TC                                |ltlib_v1_0_0_match_17                            |    14|
|410   |          \allx_typeA_match_detection.ltlib_v1_0_0_allx_typeA_inst      |ltlib_v1_0_0_allx_typeA_139                      |    13|
|411   |            DUT                                                         |ltlib_v1_0_0_all_typeA_140                       |    13|
|412   |              \I_WHOLE_SLICE.G_SLICE_IDX[0].U_ALL_SRL_SLICE             |ltlib_v1_0_0_all_typeA_slice_141                 |     5|
|413   |              \I_WHOLE_SLICE.G_SLICE_IDX[1].U_ALL_SRL_SLICE             |ltlib_v1_0_0_all_typeA_slice__parameterized0_142 |     6|
|414   |        \N_DDR_TC.N_DDR_TC_INST[27].U_TC                                |ltlib_v1_0_0_match_18                            |    14|
|415   |          \allx_typeA_match_detection.ltlib_v1_0_0_allx_typeA_inst      |ltlib_v1_0_0_allx_typeA_135                      |    13|
|416   |            DUT                                                         |ltlib_v1_0_0_all_typeA_136                       |    13|
|417   |              \I_WHOLE_SLICE.G_SLICE_IDX[0].U_ALL_SRL_SLICE             |ltlib_v1_0_0_all_typeA_slice_137                 |     5|
|418   |              \I_WHOLE_SLICE.G_SLICE_IDX[1].U_ALL_SRL_SLICE             |ltlib_v1_0_0_all_typeA_slice__parameterized0_138 |     6|
|419   |        \N_DDR_TC.N_DDR_TC_INST[28].U_TC                                |ltlib_v1_0_0_match_19                            |    14|
|420   |          \allx_typeA_match_detection.ltlib_v1_0_0_allx_typeA_inst      |ltlib_v1_0_0_allx_typeA_131                      |    13|
|421   |            DUT                                                         |ltlib_v1_0_0_all_typeA_132                       |    13|
|422   |              \I_WHOLE_SLICE.G_SLICE_IDX[0].U_ALL_SRL_SLICE             |ltlib_v1_0_0_all_typeA_slice_133                 |     5|
|423   |              \I_WHOLE_SLICE.G_SLICE_IDX[1].U_ALL_SRL_SLICE             |ltlib_v1_0_0_all_typeA_slice__parameterized0_134 |     6|
|424   |        \N_DDR_TC.N_DDR_TC_INST[29].U_TC                                |ltlib_v1_0_0_match_20                            |    14|
|425   |          \allx_typeA_match_detection.ltlib_v1_0_0_allx_typeA_inst      |ltlib_v1_0_0_allx_typeA_127                      |    13|
|426   |            DUT                                                         |ltlib_v1_0_0_all_typeA_128                       |    13|
|427   |              \I_WHOLE_SLICE.G_SLICE_IDX[0].U_ALL_SRL_SLICE             |ltlib_v1_0_0_all_typeA_slice_129                 |     5|
|428   |              \I_WHOLE_SLICE.G_SLICE_IDX[1].U_ALL_SRL_SLICE             |ltlib_v1_0_0_all_typeA_slice__parameterized0_130 |     6|
|429   |        \N_DDR_TC.N_DDR_TC_INST[2].U_TC                                 |ltlib_v1_0_0_match_21                            |    14|
|430   |          \allx_typeA_match_detection.ltlib_v1_0_0_allx_typeA_inst      |ltlib_v1_0_0_allx_typeA_123                      |    13|
|431   |            DUT                                                         |ltlib_v1_0_0_all_typeA_124                       |    13|
|432   |              \I_WHOLE_SLICE.G_SLICE_IDX[0].U_ALL_SRL_SLICE             |ltlib_v1_0_0_all_typeA_slice_125                 |     5|
|433   |              \I_WHOLE_SLICE.G_SLICE_IDX[1].U_ALL_SRL_SLICE             |ltlib_v1_0_0_all_typeA_slice__parameterized0_126 |     6|
|434   |        \N_DDR_TC.N_DDR_TC_INST[30].U_TC                                |ltlib_v1_0_0_match_22                            |    14|
|435   |          \allx_typeA_match_detection.ltlib_v1_0_0_allx_typeA_inst      |ltlib_v1_0_0_allx_typeA_119                      |    13|
|436   |            DUT                                                         |ltlib_v1_0_0_all_typeA_120                       |    13|
|437   |              \I_WHOLE_SLICE.G_SLICE_IDX[0].U_ALL_SRL_SLICE             |ltlib_v1_0_0_all_typeA_slice_121                 |     5|
|438   |              \I_WHOLE_SLICE.G_SLICE_IDX[1].U_ALL_SRL_SLICE             |ltlib_v1_0_0_all_typeA_slice__parameterized0_122 |     6|
|439   |        \N_DDR_TC.N_DDR_TC_INST[31].U_TC                                |ltlib_v1_0_0_match_23                            |    14|
|440   |          \allx_typeA_match_detection.ltlib_v1_0_0_allx_typeA_inst      |ltlib_v1_0_0_allx_typeA_115                      |    13|
|441   |            DUT                                                         |ltlib_v1_0_0_all_typeA_116                       |    13|
|442   |              \I_WHOLE_SLICE.G_SLICE_IDX[0].U_ALL_SRL_SLICE             |ltlib_v1_0_0_all_typeA_slice_117                 |     5|
|443   |              \I_WHOLE_SLICE.G_SLICE_IDX[1].U_ALL_SRL_SLICE             |ltlib_v1_0_0_all_typeA_slice__parameterized0_118 |     6|
|444   |        \N_DDR_TC.N_DDR_TC_INST[3].U_TC                                 |ltlib_v1_0_0_match_24                            |    14|
|445   |          \allx_typeA_match_detection.ltlib_v1_0_0_allx_typeA_inst      |ltlib_v1_0_0_allx_typeA_111                      |    13|
|446   |            DUT                                                         |ltlib_v1_0_0_all_typeA_112                       |    13|
|447   |              \I_WHOLE_SLICE.G_SLICE_IDX[0].U_ALL_SRL_SLICE             |ltlib_v1_0_0_all_typeA_slice_113                 |     5|
|448   |              \I_WHOLE_SLICE.G_SLICE_IDX[1].U_ALL_SRL_SLICE             |ltlib_v1_0_0_all_typeA_slice__parameterized0_114 |     6|
|449   |        \N_DDR_TC.N_DDR_TC_INST[4].U_TC                                 |ltlib_v1_0_0_match_25                            |    14|
|450   |          \allx_typeA_match_detection.ltlib_v1_0_0_allx_typeA_inst      |ltlib_v1_0_0_allx_typeA_107                      |    13|
|451   |            DUT                                                         |ltlib_v1_0_0_all_typeA_108                       |    13|
|452   |              \I_WHOLE_SLICE.G_SLICE_IDX[0].U_ALL_SRL_SLICE             |ltlib_v1_0_0_all_typeA_slice_109                 |     5|
|453   |              \I_WHOLE_SLICE.G_SLICE_IDX[1].U_ALL_SRL_SLICE             |ltlib_v1_0_0_all_typeA_slice__parameterized0_110 |     6|
|454   |        \N_DDR_TC.N_DDR_TC_INST[5].U_TC                                 |ltlib_v1_0_0_match_26                            |    14|
|455   |          \allx_typeA_match_detection.ltlib_v1_0_0_allx_typeA_inst      |ltlib_v1_0_0_allx_typeA_103                      |    13|
|456   |            DUT                                                         |ltlib_v1_0_0_all_typeA_104                       |    13|
|457   |              \I_WHOLE_SLICE.G_SLICE_IDX[0].U_ALL_SRL_SLICE             |ltlib_v1_0_0_all_typeA_slice_105                 |     5|
|458   |              \I_WHOLE_SLICE.G_SLICE_IDX[1].U_ALL_SRL_SLICE             |ltlib_v1_0_0_all_typeA_slice__parameterized0_106 |     6|
|459   |        \N_DDR_TC.N_DDR_TC_INST[6].U_TC                                 |ltlib_v1_0_0_match_27                            |    14|
|460   |          \allx_typeA_match_detection.ltlib_v1_0_0_allx_typeA_inst      |ltlib_v1_0_0_allx_typeA_99                       |    13|
|461   |            DUT                                                         |ltlib_v1_0_0_all_typeA_100                       |    13|
|462   |              \I_WHOLE_SLICE.G_SLICE_IDX[0].U_ALL_SRL_SLICE             |ltlib_v1_0_0_all_typeA_slice_101                 |     5|
|463   |              \I_WHOLE_SLICE.G_SLICE_IDX[1].U_ALL_SRL_SLICE             |ltlib_v1_0_0_all_typeA_slice__parameterized0_102 |     6|
|464   |        \N_DDR_TC.N_DDR_TC_INST[7].U_TC                                 |ltlib_v1_0_0_match_28                            |    14|
|465   |          \allx_typeA_match_detection.ltlib_v1_0_0_allx_typeA_inst      |ltlib_v1_0_0_allx_typeA_95                       |    13|
|466   |            DUT                                                         |ltlib_v1_0_0_all_typeA_96                        |    13|
|467   |              \I_WHOLE_SLICE.G_SLICE_IDX[0].U_ALL_SRL_SLICE             |ltlib_v1_0_0_all_typeA_slice_97                  |     5|
|468   |              \I_WHOLE_SLICE.G_SLICE_IDX[1].U_ALL_SRL_SLICE             |ltlib_v1_0_0_all_typeA_slice__parameterized0_98  |     6|
|469   |        \N_DDR_TC.N_DDR_TC_INST[8].U_TC                                 |ltlib_v1_0_0_match_29                            |    14|
|470   |          \allx_typeA_match_detection.ltlib_v1_0_0_allx_typeA_inst      |ltlib_v1_0_0_allx_typeA_91                       |    13|
|471   |            DUT                                                         |ltlib_v1_0_0_all_typeA_92                        |    13|
|472   |              \I_WHOLE_SLICE.G_SLICE_IDX[0].U_ALL_SRL_SLICE             |ltlib_v1_0_0_all_typeA_slice_93                  |     5|
|473   |              \I_WHOLE_SLICE.G_SLICE_IDX[1].U_ALL_SRL_SLICE             |ltlib_v1_0_0_all_typeA_slice__parameterized0_94  |     6|
|474   |        \N_DDR_TC.N_DDR_TC_INST[9].U_TC                                 |ltlib_v1_0_0_match_30                            |    14|
|475   |          \allx_typeA_match_detection.ltlib_v1_0_0_allx_typeA_inst      |ltlib_v1_0_0_allx_typeA_87                       |    13|
|476   |            DUT                                                         |ltlib_v1_0_0_all_typeA_88                        |    13|
|477   |              \I_WHOLE_SLICE.G_SLICE_IDX[0].U_ALL_SRL_SLICE             |ltlib_v1_0_0_all_typeA_slice_89                  |     5|
|478   |              \I_WHOLE_SLICE.G_SLICE_IDX[1].U_ALL_SRL_SLICE             |ltlib_v1_0_0_all_typeA_slice__parameterized0_90  |     6|
|479   |        \STRG_QUAL.U_STRG_QUAL                                          |ltlib_v1_0_0_match_31                            |    28|
|480   |          \allx_typeA_match_detection.ltlib_v1_0_0_allx_typeA_inst      |ltlib_v1_0_0_allx_typeA                          |    27|
|481   |            DUT                                                         |ltlib_v1_0_0_all_typeA_84                        |    13|
|482   |              \I_WHOLE_SLICE.G_SLICE_IDX[0].U_ALL_SRL_SLICE             |ltlib_v1_0_0_all_typeA_slice_85                  |     5|
|483   |              \I_WHOLE_SLICE.G_SLICE_IDX[1].U_ALL_SRL_SLICE             |ltlib_v1_0_0_all_typeA_slice__parameterized0_86  |     6|
|484   |        U_TM                                                            |ila_v6_2_8_ila_trig_match                        |   244|
|485   |          \N_DDR_MODE.G_NMU[0].U_M                                      |ltlib_v1_0_0_match__parameterized0               |    11|
|486   |            \allx_typeA_match_detection.ltlib_v1_0_0_allx_typeA_inst    |ltlib_v1_0_0_allx_typeA__parameterized0_81       |    10|
|487   |              DUT                                                       |ltlib_v1_0_0_all_typeA__parameterized0_82        |     8|
|488   |                \I_WHOLE_SLICE.G_SLICE_IDX[0].U_ALL_SRL_SLICE           |ltlib_v1_0_0_all_typeA_slice__parameterized0_83  |     6|
|489   |          \N_DDR_MODE.G_NMU[10].U_M                                     |ltlib_v1_0_0_match__parameterized0_32            |    11|
|490   |            \allx_typeA_match_detection.ltlib_v1_0_0_allx_typeA_inst    |ltlib_v1_0_0_allx_typeA__parameterized0_78       |    10|
|491   |              DUT                                                       |ltlib_v1_0_0_all_typeA__parameterized0_79        |     8|
|492   |                \I_WHOLE_SLICE.G_SLICE_IDX[0].U_ALL_SRL_SLICE           |ltlib_v1_0_0_all_typeA_slice__parameterized0_80  |     6|
|493   |          \N_DDR_MODE.G_NMU[11].U_M                                     |ltlib_v1_0_0_match__parameterized0_33            |     9|
|494   |            \allx_typeA_match_detection.ltlib_v1_0_0_allx_typeA_inst    |ltlib_v1_0_0_allx_typeA__parameterized0_75       |     8|
|495   |              DUT                                                       |ltlib_v1_0_0_all_typeA__parameterized0_76        |     8|
|496   |                \I_WHOLE_SLICE.G_SLICE_IDX[0].U_ALL_SRL_SLICE           |ltlib_v1_0_0_all_typeA_slice__parameterized0_77  |     6|
|497   |          \N_DDR_MODE.G_NMU[12].U_M                                     |ltlib_v1_0_0_match__parameterized0_34            |    11|
|498   |            \allx_typeA_match_detection.ltlib_v1_0_0_allx_typeA_inst    |ltlib_v1_0_0_allx_typeA__parameterized0_72       |    10|
|499   |              DUT                                                       |ltlib_v1_0_0_all_typeA__parameterized0_73        |     8|
|500   |                \I_WHOLE_SLICE.G_SLICE_IDX[0].U_ALL_SRL_SLICE           |ltlib_v1_0_0_all_typeA_slice__parameterized0_74  |     6|
|501   |          \N_DDR_MODE.G_NMU[13].U_M                                     |ltlib_v1_0_0_match__parameterized0_35            |     9|
|502   |            \allx_typeA_match_detection.ltlib_v1_0_0_allx_typeA_inst    |ltlib_v1_0_0_allx_typeA__parameterized0_69       |     8|
|503   |              DUT                                                       |ltlib_v1_0_0_all_typeA__parameterized0_70        |     8|
|504   |                \I_WHOLE_SLICE.G_SLICE_IDX[0].U_ALL_SRL_SLICE           |ltlib_v1_0_0_all_typeA_slice__parameterized0_71  |     6|
|505   |          \N_DDR_MODE.G_NMU[1].U_M                                      |ltlib_v1_0_0_match__parameterized0_36            |     9|
|506   |            \allx_typeA_match_detection.ltlib_v1_0_0_allx_typeA_inst    |ltlib_v1_0_0_allx_typeA__parameterized0_66       |     8|
|507   |              DUT                                                       |ltlib_v1_0_0_all_typeA__parameterized0_67        |     8|
|508   |                \I_WHOLE_SLICE.G_SLICE_IDX[0].U_ALL_SRL_SLICE           |ltlib_v1_0_0_all_typeA_slice__parameterized0_68  |     6|
|509   |          \N_DDR_MODE.G_NMU[2].U_M                                      |ltlib_v1_0_0_match__parameterized1               |    46|
|510   |            \allx_typeA_match_detection.ltlib_v1_0_0_allx_typeA_inst    |ltlib_v1_0_0_allx_typeA__parameterized1_62       |    45|
|511   |              DUT                                                       |ltlib_v1_0_0_all_typeA_63                        |    13|
|512   |                \I_WHOLE_SLICE.G_SLICE_IDX[0].U_ALL_SRL_SLICE           |ltlib_v1_0_0_all_typeA_slice_64                  |     5|
|513   |                \I_WHOLE_SLICE.G_SLICE_IDX[1].U_ALL_SRL_SLICE           |ltlib_v1_0_0_all_typeA_slice__parameterized0_65  |     6|
|514   |          \N_DDR_MODE.G_NMU[3].U_M                                      |ltlib_v1_0_0_match__parameterized1_37            |    14|
|515   |            \allx_typeA_match_detection.ltlib_v1_0_0_allx_typeA_inst    |ltlib_v1_0_0_allx_typeA__parameterized1          |    13|
|516   |              DUT                                                       |ltlib_v1_0_0_all_typeA_59                        |    13|
|517   |                \I_WHOLE_SLICE.G_SLICE_IDX[0].U_ALL_SRL_SLICE           |ltlib_v1_0_0_all_typeA_slice_60                  |     5|
|518   |                \I_WHOLE_SLICE.G_SLICE_IDX[1].U_ALL_SRL_SLICE           |ltlib_v1_0_0_all_typeA_slice__parameterized0_61  |     6|
|519   |          \N_DDR_MODE.G_NMU[4].U_M                                      |ltlib_v1_0_0_match__parameterized2               |    38|
|520   |            \allx_typeA_match_detection.ltlib_v1_0_0_allx_typeA_inst    |ltlib_v1_0_0_allx_typeA__parameterized2_55       |    37|
|521   |              DUT                                                       |ltlib_v1_0_0_all_typeA_56                        |    13|
|522   |                \I_WHOLE_SLICE.G_SLICE_IDX[0].U_ALL_SRL_SLICE           |ltlib_v1_0_0_all_typeA_slice_57                  |     5|
|523   |                \I_WHOLE_SLICE.G_SLICE_IDX[1].U_ALL_SRL_SLICE           |ltlib_v1_0_0_all_typeA_slice__parameterized0_58  |     6|
|524   |          \N_DDR_MODE.G_NMU[5].U_M                                      |ltlib_v1_0_0_match__parameterized2_38            |    14|
|525   |            \allx_typeA_match_detection.ltlib_v1_0_0_allx_typeA_inst    |ltlib_v1_0_0_allx_typeA__parameterized2_51       |    13|
|526   |              DUT                                                       |ltlib_v1_0_0_all_typeA_52                        |    13|
|527   |                \I_WHOLE_SLICE.G_SLICE_IDX[0].U_ALL_SRL_SLICE           |ltlib_v1_0_0_all_typeA_slice_53                  |     5|
|528   |                \I_WHOLE_SLICE.G_SLICE_IDX[1].U_ALL_SRL_SLICE           |ltlib_v1_0_0_all_typeA_slice__parameterized0_54  |     6|
|529   |          \N_DDR_MODE.G_NMU[6].U_M                                      |ltlib_v1_0_0_match__parameterized0_39            |    11|
|530   |            \allx_typeA_match_detection.ltlib_v1_0_0_allx_typeA_inst    |ltlib_v1_0_0_allx_typeA__parameterized0_48       |    10|
|531   |              DUT                                                       |ltlib_v1_0_0_all_typeA__parameterized0_49        |     8|
|532   |                \I_WHOLE_SLICE.G_SLICE_IDX[0].U_ALL_SRL_SLICE           |ltlib_v1_0_0_all_typeA_slice__parameterized0_50  |     6|
|533   |          \N_DDR_MODE.G_NMU[7].U_M                                      |ltlib_v1_0_0_match__parameterized0_40            |     9|
|534   |            \allx_typeA_match_detection.ltlib_v1_0_0_allx_typeA_inst    |ltlib_v1_0_0_allx_typeA__parameterized0          |     8|
|535   |              DUT                                                       |ltlib_v1_0_0_all_typeA__parameterized0           |     8|
|536   |                \I_WHOLE_SLICE.G_SLICE_IDX[0].U_ALL_SRL_SLICE           |ltlib_v1_0_0_all_typeA_slice__parameterized0_47  |     6|
|537   |          \N_DDR_MODE.G_NMU[8].U_M                                      |ltlib_v1_0_0_match__parameterized2_41            |    38|
|538   |            \allx_typeA_match_detection.ltlib_v1_0_0_allx_typeA_inst    |ltlib_v1_0_0_allx_typeA__parameterized2_43       |    37|
|539   |              DUT                                                       |ltlib_v1_0_0_all_typeA_44                        |    13|
|540   |                \I_WHOLE_SLICE.G_SLICE_IDX[0].U_ALL_SRL_SLICE           |ltlib_v1_0_0_all_typeA_slice_45                  |     5|
|541   |                \I_WHOLE_SLICE.G_SLICE_IDX[1].U_ALL_SRL_SLICE           |ltlib_v1_0_0_all_typeA_slice__parameterized0_46  |     6|
|542   |          \N_DDR_MODE.G_NMU[9].U_M                                      |ltlib_v1_0_0_match__parameterized2_42            |    14|
|543   |            \allx_typeA_match_detection.ltlib_v1_0_0_allx_typeA_inst    |ltlib_v1_0_0_allx_typeA__parameterized2          |    13|
|544   |              DUT                                                       |ltlib_v1_0_0_all_typeA                           |    13|
|545   |                \I_WHOLE_SLICE.G_SLICE_IDX[0].U_ALL_SRL_SLICE           |ltlib_v1_0_0_all_typeA_slice                     |     5|
|546   |                \I_WHOLE_SLICE.G_SLICE_IDX[1].U_ALL_SRL_SLICE           |ltlib_v1_0_0_all_typeA_slice__parameterized0     |     6|
|547   |      xsdb_memory_read_inst                                             |ltlib_v1_0_0_generic_memrd                       |   314|
+------+------------------------------------------------------------------------+-------------------------------------------------+------+
---------------------------------------------------------------------------------
Finished Writing Synthesis Report : Time (s): cpu = 00:01:55 ; elapsed = 00:01:59 . Memory (MB): peak = 1069.469 ; gain = 674.645
---------------------------------------------------------------------------------
Synthesis finished with 0 errors, 0 critical warnings and 1148 warnings.
Synthesis Optimization Runtime : Time (s): cpu = 00:00:24 ; elapsed = 00:01:52 . Memory (MB): peak = 1069.469 ; gain = 524.688
Synthesis Optimization Complete : Time (s): cpu = 00:01:55 ; elapsed = 00:01:59 . Memory (MB): peak = 1069.469 ; gain = 674.645
INFO: [Project 1-571] Translating synthesized netlist
INFO: [Netlist 29-17] Analyzing 927 Unisim elements for replacement
INFO: [Netlist 29-28] Unisim Transformation completed in 1 CPU seconds
INFO: [Project 1-570] Preparing netlist for logic optimization
INFO: [Opt 31-138] Pushed 0 inverter(s) to 0 load pin(s).
Netlist sorting complete. Time (s): cpu = 00:00:00 ; elapsed = 00:00:00.003 . Memory (MB): peak = 1069.469 ; gain = 0.000
INFO: [Project 1-111] Unisim Transformation Summary:
  A total of 450 instances were transformed.
  CFGLUT5 => CFGLUT5 (SRLC32E, SRL16E): 368 instances
  CFGLUT5 => SRLC32E: 50 instances
  RAM64M => RAM64M (RAMD64E, RAMD64E, RAMD64E, RAMD64E): 32 instances

INFO: [Common 17-83] Releasing license: Synthesis
493 Infos, 102 Warnings, 0 Critical Warnings and 0 Errors encountered.
synth_design completed successfully
synth_design: Time (s): cpu = 00:01:58 ; elapsed = 00:02:02 . Memory (MB): peak = 1069.469 ; gain = 676.363
INFO: [Common 17-600] The following parameters have non-default value.
tcl.collectionResultDisplayLimit
Netlist sorting complete. Time (s): cpu = 00:00:00 ; elapsed = 00:00:00.003 . Memory (MB): peak = 1069.469 ; gain = 0.000
WARNING: [Constraints 18-5210] No constraints selected for write.
Resolution: This message can indicate that there are no constraints for the design, or it can indicate that the used_in flags are set such that the constraints are ignored. This later case is used when running synth_design to not write synthesis constraints to the resulting checkpoint. Instead, project constraints are read when the synthesized design is opened.
INFO: [Common 17-1381] The checkpoint 'F:/FPGA/work_space/AD_DA_tran/AD_DA_tran.runs/ila_2_synth_1/ila_2.dcp' has been generated.
INFO: [Coretcl 2-1648] Added synthesis output to IP cache for IP ila_2, cache-ID = 84357f44c5df0b50
INFO: [Coretcl 2-1174] Renamed 546 cell refs.
Netlist sorting complete. Time (s): cpu = 00:00:00 ; elapsed = 00:00:00.004 . Memory (MB): peak = 1069.469 ; gain = 0.000
WARNING: [Constraints 18-5210] No constraints selected for write.
Resolution: This message can indicate that there are no constraints for the design, or it can indicate that the used_in flags are set such that the constraints are ignored. This later case is used when running synth_design to not write synthesis constraints to the resulting checkpoint. Instead, project constraints are read when the synthesized design is opened.
INFO: [Common 17-1381] The checkpoint 'F:/FPGA/work_space/AD_DA_tran/AD_DA_tran.runs/ila_2_synth_1/ila_2.dcp' has been generated.
INFO: [runtcl-4] Executing : report_utilization -file ila_2_utilization_synth.rpt -pb ila_2_utilization_synth.pb
INFO: [Common 17-206] Exiting Vivado at Sat Oct 25 23:26:08 2025...
[Sat Oct 25 23:26:10 2025] ila_2_synth_1 finished
wait_on_run: Time (s): cpu = 00:00:04 ; elapsed = 00:02:16 . Memory (MB): peak = 2320.887 ; gain = 0.094
export_simulation -of_objects [get_files F:/FPGA/work_space/AD_DA_tran/AD_DA_tran.srcs/sources_1/ip/ila_2/ila_2.xci] -directory F:/FPGA/work_space/AD_DA_tran/AD_DA_tran.ip_user_files/sim_scripts -ip_user_files_dir F:/FPGA/work_space/AD_DA_tran/AD_DA_tran.ip_user_files -ipstatic_source_dir F:/FPGA/work_space/AD_DA_tran/AD_DA_tran.ip_user_files/ipstatic -lib_map_path [list {modelsim=F:/FPGA/work_space/AD_DA_tran/AD_DA_tran.cache/compile_simlib/modelsim} {questa=F:/FPGA/work_space/AD_DA_tran/AD_DA_tran.cache/compile_simlib/questa} {riviera=F:/FPGA/work_space/AD_DA_tran/AD_DA_tran.cache/compile_simlib/riviera} {activehdl=F:/FPGA/work_space/AD_DA_tran/AD_DA_tran.cache/compile_simlib/activehdl}] -use_ip_compiled_libs -force -quiet
WARNING: [IP_Flow 19-4067] Ignoring invalid widget type specified checkbox.Providing a default widget
WARNING: [IP_Flow 19-4331] Invalid usage of property - Setting value property on PARAM_VALUE.ALL_PROBE_SAME_MU is not allowed in procedure update_gui_for_PARAM_VALUE.C_ADV_TRIGGER
reset_run synth_1
WARNING: [Vivado 12-1017] Problems encountered:
1. Failed to delete one or more files in run directory F:/FPGA/work_space/AD_DA_tran/AD_DA_tran.runs/synth_1

launch_runs impl_1 -to_step write_bitstream -jobs 12
[Sat Oct 25 23:35:35 2025] Launched synth_1...
Run output will be captured here: F:/FPGA/work_space/AD_DA_tran/AD_DA_tran.runs/synth_1/runme.log
[Sat Oct 25 23:35:36 2025] Launched impl_1...
Run output will be captured here: F:/FPGA/work_space/AD_DA_tran/AD_DA_tran.runs/impl_1/runme.log
open_hw
connect_hw_server
INFO: [Labtools 27-2285] Connecting to hw_server url TCP:localhost:3121
INFO: [Labtools 27-2222] Launching hw_server...
INFO: [Labtools 27-2221] Launch Output:

****** Xilinx hw_server v2018.3
  **** Build date : Dec  7 2018-00:40:27
    ** Copyright 1986-2018 Xilinx, Inc. All Rights Reserved.


open_hw_target
INFO: [Labtoolstcl 44-466] Opening hw_target localhost:3121/xilinx_tcf/Digilent/210357A7D00EA
set_property PROGRAM.FILE {F:/FPGA/work_space/AD_DA_tran/AD_DA_tran.runs/impl_1/FIFO_to_FFT.bit} [get_hw_devices xc7z020_1]
set_property PROBES.FILE {F:/FPGA/work_space/AD_DA_tran/AD_DA_tran.runs/impl_1/FIFO_to_FFT.ltx} [get_hw_devices xc7z020_1]
set_property FULL_PROBES.FILE {F:/FPGA/work_space/AD_DA_tran/AD_DA_tran.runs/impl_1/FIFO_to_FFT.ltx} [get_hw_devices xc7z020_1]
current_hw_device [get_hw_devices xc7z020_1]
refresh_hw_device [lindex [get_hw_devices xc7z020_1] 0]
INFO: [Labtools 27-2302] Device xc7z020 (JTAG device index = 1) is programmed with a design that has 1 ILA core(s).
WARNING: [Labtools 27-1973] Mismatch between the design programmed into the device xc7z020 (JTAG device index = 1) and the probes file(s) F:/FPGA/work_space/AD_DA_tran/AD_DA_tran.runs/impl_1/FIFO_to_FFT.ltx.
 The device core at location uuid_B13C981AC2D554BFB4FBE0EECEA5CFD7, has 8 ILA Input port(s), but the core in the probes file(s) have 7 ILA Input port(s).
Resolution: 
1. Reprogram device with the correct programming file and associated probes file(s) OR
2. Goto device properties and associate the correct probes file(s) with the programming file already programmed in the device.
set_property PROBES.FILE {F:/FPGA/work_space/AD_DA_tran/AD_DA_tran.runs/impl_1/FIFO_to_FFT.ltx} [get_hw_devices xc7z020_1]
set_property FULL_PROBES.FILE {F:/FPGA/work_space/AD_DA_tran/AD_DA_tran.runs/impl_1/FIFO_to_FFT.ltx} [get_hw_devices xc7z020_1]
set_property PROGRAM.FILE {F:/FPGA/work_space/AD_DA_tran/AD_DA_tran.runs/impl_1/FIFO_to_FFT.bit} [get_hw_devices xc7z020_1]
program_hw_devices [get_hw_devices xc7z020_1]
INFO: [Labtools 27-3164] End of startup status: HIGH
refresh_hw_device [lindex [get_hw_devices xc7z020_1] 0]
INFO: [Labtools 27-2302] Device xc7z020 (JTAG device index = 1) is programmed with a design that has 1 ILA core(s).
display_hw_ila_data [ get_hw_ila_data hw_ila_data_1 -of_objects [get_hw_ilas -of_objects [get_hw_devices xc7z020_1] -filter {CELL_NAME=~"u_ila_2"}]]
WARNING: Simulation object power_value was not found in the design.
set_property TRIGGER_COMPARE_VALUE eq12'hXXX [get_hw_probes m_axis_data_tuser -of_objects [get_hw_ilas -of_objects [get_hw_devices xc7z020_1] -filter {CELL_NAME=~"u_ila_2"}]]
set_property CONTROL.CAPTURE_MODE ALWAYS [get_hw_ilas -of_objects [get_hw_devices xc7z020_1] -filter {CELL_NAME=~"u_ila_2"}]
startgroup 
set_property CONTROL.DATA_DEPTH 32768 [get_hw_ilas -of_objects [get_hw_devices xc7z020_1] -filter {CELL_NAME=~"u_ila_2"}]
set_property CONTROL.WINDOW_COUNT 2 [get_hw_ilas -of_objects [get_hw_devices xc7z020_1] -filter {CELL_NAME=~"u_ila_2"}]
endgroup
set_property CONTROL.TRIGGER_MODE ADVANCED_ONLY [get_hw_ilas -of_objects [get_hw_devices xc7z020_1] -filter {CELL_NAME=~"u_ila_2"}]
set_property CONTROL.TSM_FILE F:/FPGA/work_space/AD_DA_tran/AD_DA_tran.srcs/sources_1/new/trig.tsm [get_hw_ilas -of_objects [get_hw_devices xc7z020_1] -filter {CELL_NAME=~"u_ila_2"}]
set_property CONTROL.TSM_FILE {} [get_hw_ilas -of_objects [get_hw_devices xc7z020_1] -filter {CELL_NAME=~"u_ila_2"}]
set_property CONTROL.TRIGGER_MODE BASIC_ONLY [get_hw_ilas -of_objects [get_hw_devices xc7z020_1] -filter {CELL_NAME=~"u_ila_2"}]
set_property CONTROL.CAPTURE_MODE BASIC [get_hw_ilas -of_objects [get_hw_devices xc7z020_1] -filter {CELL_NAME=~"u_ila_2"}]
set_property CONTROL.CAPTURE_MODE ALWAYS [get_hw_ilas -of_objects [get_hw_devices xc7z020_1] -filter {CELL_NAME=~"u_ila_2"}]
set_property TRIGGER_COMPARE_VALUE eq1'b1 [get_hw_probes m_axis_data_tvalid -of_objects [get_hw_ilas -of_objects [get_hw_devices xc7z020_1] -filter {CELL_NAME=~"u_ila_2"}]]
run_hw_ila [get_hw_ilas -of_objects [get_hw_devices xc7z020_1] -filter {CELL_NAME=~"u_ila_2"}]
INFO: [Labtools 27-1964] The ILA core 'hw_ila_1' trigger was armed at 2025-Oct-25 23:41:56
wait_on_hw_ila [get_hw_ilas -of_objects [get_hw_devices xc7z020_1] -filter {CELL_NAME=~"u_ila_2"}]
display_hw_ila_data [upload_hw_ila_data [get_hw_ilas -of_objects [get_hw_devices xc7z020_1] -filter {CELL_NAME=~"u_ila_2"}]]
INFO: [Labtools 27-2214] The ILA core 'hw_ila_1' triggered in the last of '2' windows, at 2025-Oct-25 23:42:04.
INFO: [Labtools 27-3304] ILA Waveform data saved to file F:/FPGA/work_space/AD_DA_tran/AD_DA_tran.hw/backup/hw_ila_data_1.ila. Use Tcl command 'read_hw_ila_data' or Vivado File->Import->Import ILA Data menu item to import the previously saved data.
set_property CONTROL.WINDOW_COUNT 1 [get_hw_ilas -of_objects [get_hw_devices xc7z020_1] -filter {CELL_NAME=~"u_ila_2"}]
save_wave_config {F:/FPGA/work_space/AD_DA_tran/AD_DA_tran.hw/hw_1/wave/hw_ila_data_1/hw_ila_data_1.wcfg}
close_hw
WARNING: [IP_Flow 19-4067] Ignoring invalid widget type specified checkbox.Providing a default widget
WARNING: [IP_Flow 19-4331] Invalid usage of property - Setting value property on PARAM_VALUE.ALL_PROBE_SAME_MU is not allowed in procedure update_gui_for_PARAM_VALUE.C_ADV_TRIGGER
set_property -dict [list CONFIG.C_PROBE5_WIDTH {12} CONFIG.C_PROBE4_WIDTH {1} CONFIG.C_PROBE3_WIDTH {12} CONFIG.C_PROBE2_WIDTH {8} CONFIG.C_PROBE1_WIDTH {8} CONFIG.C_NUM_OF_PROBES {6}] [get_ips ila_2]
generate_target all [get_files  F:/FPGA/work_space/AD_DA_tran/AD_DA_tran.srcs/sources_1/ip/ila_2/ila_2.xci]
INFO: [IP_Flow 19-1686] Generating 'Instantiation Template' target for IP 'ila_2'...
INFO: [IP_Flow 19-1686] Generating 'Synthesis' target for IP 'ila_2'...
WARNING: [IP_Flow 19-4994] Overwriting existing constraint file 'f:/FPGA/work_space/AD_DA_tran/AD_DA_tran.srcs/sources_1/ip/ila_2/ila_2_ooc.xdc'
INFO: [IP_Flow 19-1686] Generating 'Simulation' target for IP 'ila_2'...
INFO: [IP_Flow 19-1686] Generating 'Implementation' target for IP 'ila_2'...
INFO: [IP_Flow 19-1686] Generating 'Change Log' target for IP 'ila_2'...
catch { config_ip_cache -export [get_ips -all ila_2] }
export_ip_user_files -of_objects [get_files F:/FPGA/work_space/AD_DA_tran/AD_DA_tran.srcs/sources_1/ip/ila_2/ila_2.xci] -no_script -sync -force -quiet
reset_run ila_2_synth_1
WARNING: [Vivado 12-1017] Problems encountered:
1. Failed to delete one or more files in run directory F:/FPGA/work_space/AD_DA_tran/AD_DA_tran.runs/ila_2_synth_1

launch_runs -jobs 12 ila_2_synth_1
[Sat Oct 25 23:51:26 2025] Launched ila_2_synth_1...
Run output will be captured here: F:/FPGA/work_space/AD_DA_tran/AD_DA_tran.runs/ila_2_synth_1/runme.log
INFO: [Vivado 12-4357] Exporting simulation files for 'ila_2'... please wait for 'ila_2_synth_1' run to finish...
wait_on_run ila_2_synth_1
[Sat Oct 25 23:51:26 2025] Waiting for ila_2_synth_1 to finish...
[Sat Oct 25 23:51:31 2025] Waiting for ila_2_synth_1 to finish...
[Sat Oct 25 23:51:36 2025] Waiting for ila_2_synth_1 to finish...
[Sat Oct 25 23:51:41 2025] Waiting for ila_2_synth_1 to finish...
[Sat Oct 25 23:51:51 2025] Waiting for ila_2_synth_1 to finish...
[Sat Oct 25 23:52:01 2025] Waiting for ila_2_synth_1 to finish...
[Sat Oct 25 23:52:11 2025] Waiting for ila_2_synth_1 to finish...
[Sat Oct 25 23:52:21 2025] Waiting for ila_2_synth_1 to finish...
[Sat Oct 25 23:52:42 2025] Waiting for ila_2_synth_1 to finish...
[Sat Oct 25 23:53:02 2025] Waiting for ila_2_synth_1 to finish...
[Sat Oct 25 23:53:22 2025] Waiting for ila_2_synth_1 to finish...

*** Running vivado
    with args -log ila_2.vds -m64 -product Vivado -mode batch -messageDb vivado.pb -notrace -source ila_2.tcl


****** Vivado v2018.3 (64-bit)
  **** SW Build 2405991 on Thu Dec  6 23:38:27 MST 2018
  **** IP Build 2404404 on Fri Dec  7 01:43:56 MST 2018
    ** Copyright 1986-2018 Xilinx, Inc. All Rights Reserved.

source ila_2.tcl -notrace
Command: synth_design -top ila_2 -part xc7z020clg400-2 -mode out_of_context
Starting synth_design
Attempting to get a license for feature 'Synthesis' and/or device 'xc7z020'
INFO: [Common 17-349] Got license for feature 'Synthesis' and/or device 'xc7z020'
INFO: Launching helper process for spawning children vivado processes
INFO: Helper process launched with PID 30128 
---------------------------------------------------------------------------------
Starting RTL Elaboration : Time (s): cpu = 00:00:04 ; elapsed = 00:00:05 . Memory (MB): peak = 523.234 ; gain = 128.906
---------------------------------------------------------------------------------
INFO: [Synth 8-6157] synthesizing module 'ila_2' [f:/FPGA/work_space/AD_DA_tran/AD_DA_tran.srcs/sources_1/ip/ila_2/synth/ila_2.v:84]
INFO: [Synth 8-6157] synthesizing module 'CFGLUT5' [F:/FPGA/Vivado18.3/Vivado/2018.3/scripts/rt/data/unisim_comp.v:1005]
INFO: [Synth 8-6155] done synthesizing module 'CFGLUT5' (12#1) [F:/FPGA/Vivado18.3/Vivado/2018.3/scripts/rt/data/unisim_comp.v:1005]
INFO: [Synth 8-6157] synthesizing module 'CARRY4' [F:/FPGA/Vivado18.3/Vivado/2018.3/scripts/rt/data/unisim_comp.v:968]
INFO: [Synth 8-6155] done synthesizing module 'CARRY4' (13#1) [F:/FPGA/Vivado18.3/Vivado/2018.3/scripts/rt/data/unisim_comp.v:968]
INFO: [Synth 8-6157] synthesizing module 'SRLC32E' [F:/FPGA/Vivado18.3/Vivado/2018.3/scripts/rt/data/unisim_comp.v:51849]
INFO: [Synth 8-6155] done synthesizing module 'SRLC32E' (23#1) [F:/FPGA/Vivado18.3/Vivado/2018.3/scripts/rt/data/unisim_comp.v:51849]
INFO: [Synth 8-6157] synthesizing module 'SRL16E' [F:/FPGA/Vivado18.3/Vivado/2018.3/scripts/rt/data/unisim_comp.v:51699]
INFO: [Synth 8-6155] done synthesizing module 'SRL16E' (25#1) [F:/FPGA/Vivado18.3/Vivado/2018.3/scripts/rt/data/unisim_comp.v:51699]
INFO: [Synth 8-6157] synthesizing module 'SRLC16E' [F:/FPGA/Vivado18.3/Vivado/2018.3/scripts/rt/data/unisim_comp.v:51788]
INFO: [Synth 8-6155] done synthesizing module 'SRLC16E' (27#1) [F:/FPGA/Vivado18.3/Vivado/2018.3/scripts/rt/data/unisim_comp.v:51788]
INFO: [Synth 8-6157] synthesizing module 'FDRE' [F:/FPGA/Vivado18.3/Vivado/2018.3/scripts/rt/data/unisim_comp.v:3971]
INFO: [Synth 8-6155] done synthesizing module 'FDRE' (32#1) [F:/FPGA/Vivado18.3/Vivado/2018.3/scripts/rt/data/unisim_comp.v:3971]
WARNING: [Synth 8-350] instance 'inst' of module 'ila_v6_2_8_ila' requires 1033 connections, but only 1027 given [f:/FPGA/work_space/AD_DA_tran/AD_DA_tran.srcs/sources_1/ip/ila_2/synth/ila_2.v:3219]
WARNING: [Synth 8-3848] Net sl_iport0 in module/entity ila_2 does not have driver. [f:/FPGA/work_space/AD_DA_tran/AD_DA_tran.srcs/sources_1/ip/ila_2/synth/ila_2.v:108]
INFO: [Synth 8-6155] done synthesizing module 'ila_2' (52#1) [f:/FPGA/work_space/AD_DA_tran/AD_DA_tran.srcs/sources_1/ip/ila_2/synth/ila_2.v:84]
WARNING: [Synth 8-3331] design blk_mem_gen_mux__parameterized0 has unconnected port MUX_RST[0]
WARNING: [Synth 8-3331] design blk_mem_gen_mux__parameterized0 has unconnected port MEM_LAT_RST
WARNING: [Synth 8-3331] design blk_mem_gen_mux__parameterized0 has unconnected port MUX_REGCE[0]
WARNING: [Synth 8-3331] design blk_mem_gen_mux__parameterized0 has unconnected port WE
WARNING: [Synth 8-3331] design blk_mem_gen_mux__parameterized0 has unconnected port ADDR_IN[15]
WARNING: [Synth 8-3331] design blk_mem_gen_mux__parameterized0 has unconnected port ADDR_IN[14]
WARNING: [Synth 8-3331] design blk_mem_gen_mux__parameterized0 has unconnected port ADDR_IN[13]
WARNING: [Synth 8-3331] design blk_mem_gen_mux__parameterized0 has unconnected port ADDR_IN[12]
WARNING: [Synth 8-3331] design blk_mem_gen_mux__parameterized0 has unconnected port ADDR_IN[11]
WARNING: [Synth 8-3331] design blk_mem_gen_mux__parameterized0 has unconnected port ADDR_IN[10]
WARNING: [Synth 8-3331] design blk_mem_gen_mux__parameterized0 has unconnected port ADDR_IN[9]
WARNING: [Synth 8-3331] design blk_mem_gen_mux__parameterized0 has unconnected port ADDR_IN[8]
WARNING: [Synth 8-3331] design blk_mem_gen_mux__parameterized0 has unconnected port ADDR_IN[7]
WARNING: [Synth 8-3331] design blk_mem_gen_mux__parameterized0 has unconnected port ADDR_IN[6]
WARNING: [Synth 8-3331] design blk_mem_gen_mux__parameterized0 has unconnected port ADDR_IN[5]
WARNING: [Synth 8-3331] design blk_mem_gen_mux__parameterized0 has unconnected port ADDR_IN[4]
WARNING: [Synth 8-3331] design blk_mem_gen_mux__parameterized0 has unconnected port ADDR_IN[3]
WARNING: [Synth 8-3331] design blk_mem_gen_mux__parameterized0 has unconnected port ADDR_IN[2]
WARNING: [Synth 8-3331] design blk_mem_gen_mux__parameterized0 has unconnected port ADDR_IN[1]
WARNING: [Synth 8-3331] design blk_mem_gen_mux__parameterized0 has unconnected port ADDR_IN[0]
WARNING: [Synth 8-3331] design blk_mem_gen_mux__parameterized0 has unconnected port SBITERRIN[687]
WARNING: [Synth 8-3331] design blk_mem_gen_mux__parameterized0 has unconnected port SBITERRIN[686]
WARNING: [Synth 8-3331] design blk_mem_gen_mux__parameterized0 has unconnected port SBITERRIN[685]
WARNING: [Synth 8-3331] design blk_mem_gen_mux__parameterized0 has unconnected port SBITERRIN[684]
WARNING: [Synth 8-3331] design blk_mem_gen_mux__parameterized0 has unconnected port SBITERRIN[683]
WARNING: [Synth 8-3331] design blk_mem_gen_mux__parameterized0 has unconnected port SBITERRIN[682]
WARNING: [Synth 8-3331] design blk_mem_gen_mux__parameterized0 has unconnected port SBITERRIN[681]
WARNING: [Synth 8-3331] design blk_mem_gen_mux__parameterized0 has unconnected port SBITERRIN[680]
WARNING: [Synth 8-3331] design blk_mem_gen_mux__parameterized0 has unconnected port SBITERRIN[679]
WARNING: [Synth 8-3331] design blk_mem_gen_mux__parameterized0 has unconnected port SBITERRIN[678]
WARNING: [Synth 8-3331] design blk_mem_gen_mux__parameterized0 has unconnected port SBITERRIN[677]
WARNING: [Synth 8-3331] design blk_mem_gen_mux__parameterized0 has unconnected port SBITERRIN[676]
WARNING: [Synth 8-3331] design blk_mem_gen_mux__parameterized0 has unconnected port SBITERRIN[675]
WARNING: [Synth 8-3331] design blk_mem_gen_mux__parameterized0 has unconnected port SBITERRIN[674]
WARNING: [Synth 8-3331] design blk_mem_gen_mux__parameterized0 has unconnected port SBITERRIN[673]
WARNING: [Synth 8-3331] design blk_mem_gen_mux__parameterized0 has unconnected port SBITERRIN[672]
WARNING: [Synth 8-3331] design blk_mem_gen_mux__parameterized0 has unconnected port SBITERRIN[671]
WARNING: [Synth 8-3331] design blk_mem_gen_mux__parameterized0 has unconnected port SBITERRIN[670]
WARNING: [Synth 8-3331] design blk_mem_gen_mux__parameterized0 has unconnected port SBITERRIN[669]
WARNING: [Synth 8-3331] design blk_mem_gen_mux__parameterized0 has unconnected port SBITERRIN[668]
WARNING: [Synth 8-3331] design blk_mem_gen_mux__parameterized0 has unconnected port SBITERRIN[667]
WARNING: [Synth 8-3331] design blk_mem_gen_mux__parameterized0 has unconnected port SBITERRIN[666]
WARNING: [Synth 8-3331] design blk_mem_gen_mux__parameterized0 has unconnected port SBITERRIN[665]
WARNING: [Synth 8-3331] design blk_mem_gen_mux__parameterized0 has unconnected port SBITERRIN[664]
WARNING: [Synth 8-3331] design blk_mem_gen_mux__parameterized0 has unconnected port SBITERRIN[663]
WARNING: [Synth 8-3331] design blk_mem_gen_mux__parameterized0 has unconnected port SBITERRIN[662]
WARNING: [Synth 8-3331] design blk_mem_gen_mux__parameterized0 has unconnected port SBITERRIN[661]
WARNING: [Synth 8-3331] design blk_mem_gen_mux__parameterized0 has unconnected port SBITERRIN[660]
WARNING: [Synth 8-3331] design blk_mem_gen_mux__parameterized0 has unconnected port SBITERRIN[659]
WARNING: [Synth 8-3331] design blk_mem_gen_mux__parameterized0 has unconnected port SBITERRIN[658]
WARNING: [Synth 8-3331] design blk_mem_gen_mux__parameterized0 has unconnected port SBITERRIN[657]
WARNING: [Synth 8-3331] design blk_mem_gen_mux__parameterized0 has unconnected port SBITERRIN[656]
WARNING: [Synth 8-3331] design blk_mem_gen_mux__parameterized0 has unconnected port SBITERRIN[655]
WARNING: [Synth 8-3331] design blk_mem_gen_mux__parameterized0 has unconnected port SBITERRIN[654]
WARNING: [Synth 8-3331] design blk_mem_gen_mux__parameterized0 has unconnected port SBITERRIN[653]
WARNING: [Synth 8-3331] design blk_mem_gen_mux__parameterized0 has unconnected port SBITERRIN[652]
WARNING: [Synth 8-3331] design blk_mem_gen_mux__parameterized0 has unconnected port SBITERRIN[651]
WARNING: [Synth 8-3331] design blk_mem_gen_mux__parameterized0 has unconnected port SBITERRIN[650]
WARNING: [Synth 8-3331] design blk_mem_gen_mux__parameterized0 has unconnected port SBITERRIN[649]
WARNING: [Synth 8-3331] design blk_mem_gen_mux__parameterized0 has unconnected port SBITERRIN[648]
WARNING: [Synth 8-3331] design blk_mem_gen_mux__parameterized0 has unconnected port SBITERRIN[647]
WARNING: [Synth 8-3331] design blk_mem_gen_mux__parameterized0 has unconnected port SBITERRIN[646]
WARNING: [Synth 8-3331] design blk_mem_gen_mux__parameterized0 has unconnected port SBITERRIN[645]
WARNING: [Synth 8-3331] design blk_mem_gen_mux__parameterized0 has unconnected port SBITERRIN[644]
WARNING: [Synth 8-3331] design blk_mem_gen_mux__parameterized0 has unconnected port SBITERRIN[643]
WARNING: [Synth 8-3331] design blk_mem_gen_mux__parameterized0 has unconnected port SBITERRIN[642]
WARNING: [Synth 8-3331] design blk_mem_gen_mux__parameterized0 has unconnected port SBITERRIN[641]
WARNING: [Synth 8-3331] design blk_mem_gen_mux__parameterized0 has unconnected port SBITERRIN[640]
WARNING: [Synth 8-3331] design blk_mem_gen_mux__parameterized0 has unconnected port SBITERRIN[639]
WARNING: [Synth 8-3331] design blk_mem_gen_mux__parameterized0 has unconnected port SBITERRIN[638]
WARNING: [Synth 8-3331] design blk_mem_gen_mux__parameterized0 has unconnected port SBITERRIN[637]
WARNING: [Synth 8-3331] design blk_mem_gen_mux__parameterized0 has unconnected port SBITERRIN[636]
WARNING: [Synth 8-3331] design blk_mem_gen_mux__parameterized0 has unconnected port SBITERRIN[635]
WARNING: [Synth 8-3331] design blk_mem_gen_mux__parameterized0 has unconnected port SBITERRIN[634]
WARNING: [Synth 8-3331] design blk_mem_gen_mux__parameterized0 has unconnected port SBITERRIN[633]
WARNING: [Synth 8-3331] design blk_mem_gen_mux__parameterized0 has unconnected port SBITERRIN[632]
WARNING: [Synth 8-3331] design blk_mem_gen_mux__parameterized0 has unconnected port SBITERRIN[631]
WARNING: [Synth 8-3331] design blk_mem_gen_mux__parameterized0 has unconnected port SBITERRIN[630]
WARNING: [Synth 8-3331] design blk_mem_gen_mux__parameterized0 has unconnected port SBITERRIN[629]
WARNING: [Synth 8-3331] design blk_mem_gen_mux__parameterized0 has unconnected port SBITERRIN[628]
WARNING: [Synth 8-3331] design blk_mem_gen_mux__parameterized0 has unconnected port SBITERRIN[627]
WARNING: [Synth 8-3331] design blk_mem_gen_mux__parameterized0 has unconnected port SBITERRIN[626]
WARNING: [Synth 8-3331] design blk_mem_gen_mux__parameterized0 has unconnected port SBITERRIN[625]
WARNING: [Synth 8-3331] design blk_mem_gen_mux__parameterized0 has unconnected port SBITERRIN[624]
WARNING: [Synth 8-3331] design blk_mem_gen_mux__parameterized0 has unconnected port SBITERRIN[623]
WARNING: [Synth 8-3331] design blk_mem_gen_mux__parameterized0 has unconnected port SBITERRIN[622]
WARNING: [Synth 8-3331] design blk_mem_gen_mux__parameterized0 has unconnected port SBITERRIN[621]
WARNING: [Synth 8-3331] design blk_mem_gen_mux__parameterized0 has unconnected port SBITERRIN[620]
WARNING: [Synth 8-3331] design blk_mem_gen_mux__parameterized0 has unconnected port SBITERRIN[619]
WARNING: [Synth 8-3331] design blk_mem_gen_mux__parameterized0 has unconnected port SBITERRIN[618]
WARNING: [Synth 8-3331] design blk_mem_gen_mux__parameterized0 has unconnected port SBITERRIN[617]
WARNING: [Synth 8-3331] design blk_mem_gen_mux__parameterized0 has unconnected port SBITERRIN[616]
WARNING: [Synth 8-3331] design blk_mem_gen_mux__parameterized0 has unconnected port SBITERRIN[615]
WARNING: [Synth 8-3331] design blk_mem_gen_mux__parameterized0 has unconnected port SBITERRIN[614]
WARNING: [Synth 8-3331] design blk_mem_gen_mux__parameterized0 has unconnected port SBITERRIN[613]
WARNING: [Synth 8-3331] design blk_mem_gen_mux__parameterized0 has unconnected port SBITERRIN[612]
WARNING: [Synth 8-3331] design blk_mem_gen_mux__parameterized0 has unconnected port SBITERRIN[611]
WARNING: [Synth 8-3331] design blk_mem_gen_mux__parameterized0 has unconnected port SBITERRIN[610]
WARNING: [Synth 8-3331] design blk_mem_gen_mux__parameterized0 has unconnected port SBITERRIN[609]
WARNING: [Synth 8-3331] design blk_mem_gen_mux__parameterized0 has unconnected port SBITERRIN[608]
INFO: [Common 17-14] Message 'Synth 8-3331' appears 100 times and further instances of the messages will be disabled. Use the Tcl command set_msg_config to change the current settings.
---------------------------------------------------------------------------------
Finished RTL Elaboration : Time (s): cpu = 00:01:23 ; elapsed = 00:01:26 . Memory (MB): peak = 919.660 ; gain = 525.332
---------------------------------------------------------------------------------

Report Check Netlist: 
+------+------------------+-------+---------+-------+------------------+
|      |Item              |Errors |Warnings |Status |Description       |
+------+------------------+-------+---------+-------+------------------+
|1     |multi_driven_nets |      0|        0|Passed |Multi driven nets |
+------+------------------+-------+---------+-------+------------------+
INFO: [Synth 8-3295] tying undriven pin inst:sl_iport0[36] to constant 0 [f:/FPGA/work_space/AD_DA_tran/AD_DA_tran.srcs/sources_1/ip/ila_2/synth/ila_2.v:3219]
INFO: [Synth 8-3295] tying undriven pin inst:sl_iport0[35] to constant 0 [f:/FPGA/work_space/AD_DA_tran/AD_DA_tran.srcs/sources_1/ip/ila_2/synth/ila_2.v:3219]
INFO: [Synth 8-3295] tying undriven pin inst:sl_iport0[34] to constant 0 [f:/FPGA/work_space/AD_DA_tran/AD_DA_tran.srcs/sources_1/ip/ila_2/synth/ila_2.v:3219]
INFO: [Synth 8-3295] tying undriven pin inst:sl_iport0[33] to constant 0 [f:/FPGA/work_space/AD_DA_tran/AD_DA_tran.srcs/sources_1/ip/ila_2/synth/ila_2.v:3219]
INFO: [Synth 8-3295] tying undriven pin inst:sl_iport0[32] to constant 0 [f:/FPGA/work_space/AD_DA_tran/AD_DA_tran.srcs/sources_1/ip/ila_2/synth/ila_2.v:3219]
INFO: [Synth 8-3295] tying undriven pin inst:sl_iport0[31] to constant 0 [f:/FPGA/work_space/AD_DA_tran/AD_DA_tran.srcs/sources_1/ip/ila_2/synth/ila_2.v:3219]
INFO: [Synth 8-3295] tying undriven pin inst:sl_iport0[30] to constant 0 [f:/FPGA/work_space/AD_DA_tran/AD_DA_tran.srcs/sources_1/ip/ila_2/synth/ila_2.v:3219]
INFO: [Synth 8-3295] tying undriven pin inst:sl_iport0[29] to constant 0 [f:/FPGA/work_space/AD_DA_tran/AD_DA_tran.srcs/sources_1/ip/ila_2/synth/ila_2.v:3219]
INFO: [Synth 8-3295] tying undriven pin inst:sl_iport0[28] to constant 0 [f:/FPGA/work_space/AD_DA_tran/AD_DA_tran.srcs/sources_1/ip/ila_2/synth/ila_2.v:3219]
INFO: [Synth 8-3295] tying undriven pin inst:sl_iport0[27] to constant 0 [f:/FPGA/work_space/AD_DA_tran/AD_DA_tran.srcs/sources_1/ip/ila_2/synth/ila_2.v:3219]
INFO: [Synth 8-3295] tying undriven pin inst:sl_iport0[26] to constant 0 [f:/FPGA/work_space/AD_DA_tran/AD_DA_tran.srcs/sources_1/ip/ila_2/synth/ila_2.v:3219]
INFO: [Synth 8-3295] tying undriven pin inst:sl_iport0[25] to constant 0 [f:/FPGA/work_space/AD_DA_tran/AD_DA_tran.srcs/sources_1/ip/ila_2/synth/ila_2.v:3219]
INFO: [Synth 8-3295] tying undriven pin inst:sl_iport0[24] to constant 0 [f:/FPGA/work_space/AD_DA_tran/AD_DA_tran.srcs/sources_1/ip/ila_2/synth/ila_2.v:3219]
INFO: [Synth 8-3295] tying undriven pin inst:sl_iport0[23] to constant 0 [f:/FPGA/work_space/AD_DA_tran/AD_DA_tran.srcs/sources_1/ip/ila_2/synth/ila_2.v:3219]
INFO: [Synth 8-3295] tying undriven pin inst:sl_iport0[22] to constant 0 [f:/FPGA/work_space/AD_DA_tran/AD_DA_tran.srcs/sources_1/ip/ila_2/synth/ila_2.v:3219]
INFO: [Synth 8-3295] tying undriven pin inst:sl_iport0[21] to constant 0 [f:/FPGA/work_space/AD_DA_tran/AD_DA_tran.srcs/sources_1/ip/ila_2/synth/ila_2.v:3219]
INFO: [Synth 8-3295] tying undriven pin inst:sl_iport0[20] to constant 0 [f:/FPGA/work_space/AD_DA_tran/AD_DA_tran.srcs/sources_1/ip/ila_2/synth/ila_2.v:3219]
INFO: [Synth 8-3295] tying undriven pin inst:sl_iport0[19] to constant 0 [f:/FPGA/work_space/AD_DA_tran/AD_DA_tran.srcs/sources_1/ip/ila_2/synth/ila_2.v:3219]
INFO: [Synth 8-3295] tying undriven pin inst:sl_iport0[18] to constant 0 [f:/FPGA/work_space/AD_DA_tran/AD_DA_tran.srcs/sources_1/ip/ila_2/synth/ila_2.v:3219]
INFO: [Synth 8-3295] tying undriven pin inst:sl_iport0[17] to constant 0 [f:/FPGA/work_space/AD_DA_tran/AD_DA_tran.srcs/sources_1/ip/ila_2/synth/ila_2.v:3219]
INFO: [Synth 8-3295] tying undriven pin inst:sl_iport0[16] to constant 0 [f:/FPGA/work_space/AD_DA_tran/AD_DA_tran.srcs/sources_1/ip/ila_2/synth/ila_2.v:3219]
INFO: [Synth 8-3295] tying undriven pin inst:sl_iport0[15] to constant 0 [f:/FPGA/work_space/AD_DA_tran/AD_DA_tran.srcs/sources_1/ip/ila_2/synth/ila_2.v:3219]
INFO: [Synth 8-3295] tying undriven pin inst:sl_iport0[14] to constant 0 [f:/FPGA/work_space/AD_DA_tran/AD_DA_tran.srcs/sources_1/ip/ila_2/synth/ila_2.v:3219]
INFO: [Synth 8-3295] tying undriven pin inst:sl_iport0[13] to constant 0 [f:/FPGA/work_space/AD_DA_tran/AD_DA_tran.srcs/sources_1/ip/ila_2/synth/ila_2.v:3219]
INFO: [Synth 8-3295] tying undriven pin inst:sl_iport0[12] to constant 0 [f:/FPGA/work_space/AD_DA_tran/AD_DA_tran.srcs/sources_1/ip/ila_2/synth/ila_2.v:3219]
INFO: [Synth 8-3295] tying undriven pin inst:sl_iport0[11] to constant 0 [f:/FPGA/work_space/AD_DA_tran/AD_DA_tran.srcs/sources_1/ip/ila_2/synth/ila_2.v:3219]
INFO: [Synth 8-3295] tying undriven pin inst:sl_iport0[10] to constant 0 [f:/FPGA/work_space/AD_DA_tran/AD_DA_tran.srcs/sources_1/ip/ila_2/synth/ila_2.v:3219]
INFO: [Synth 8-3295] tying undriven pin inst:sl_iport0[9] to constant 0 [f:/FPGA/work_space/AD_DA_tran/AD_DA_tran.srcs/sources_1/ip/ila_2/synth/ila_2.v:3219]
INFO: [Synth 8-3295] tying undriven pin inst:sl_iport0[8] to constant 0 [f:/FPGA/work_space/AD_DA_tran/AD_DA_tran.srcs/sources_1/ip/ila_2/synth/ila_2.v:3219]
INFO: [Synth 8-3295] tying undriven pin inst:sl_iport0[7] to constant 0 [f:/FPGA/work_space/AD_DA_tran/AD_DA_tran.srcs/sources_1/ip/ila_2/synth/ila_2.v:3219]
INFO: [Synth 8-3295] tying undriven pin inst:sl_iport0[6] to constant 0 [f:/FPGA/work_space/AD_DA_tran/AD_DA_tran.srcs/sources_1/ip/ila_2/synth/ila_2.v:3219]
INFO: [Synth 8-3295] tying undriven pin inst:sl_iport0[5] to constant 0 [f:/FPGA/work_space/AD_DA_tran/AD_DA_tran.srcs/sources_1/ip/ila_2/synth/ila_2.v:3219]
INFO: [Synth 8-3295] tying undriven pin inst:sl_iport0[4] to constant 0 [f:/FPGA/work_space/AD_DA_tran/AD_DA_tran.srcs/sources_1/ip/ila_2/synth/ila_2.v:3219]
INFO: [Synth 8-3295] tying undriven pin inst:sl_iport0[3] to constant 0 [f:/FPGA/work_space/AD_DA_tran/AD_DA_tran.srcs/sources_1/ip/ila_2/synth/ila_2.v:3219]
INFO: [Synth 8-3295] tying undriven pin inst:sl_iport0[2] to constant 0 [f:/FPGA/work_space/AD_DA_tran/AD_DA_tran.srcs/sources_1/ip/ila_2/synth/ila_2.v:3219]
INFO: [Synth 8-3295] tying undriven pin inst:sl_iport0[1] to constant 0 [f:/FPGA/work_space/AD_DA_tran/AD_DA_tran.srcs/sources_1/ip/ila_2/synth/ila_2.v:3219]
INFO: [Synth 8-3295] tying undriven pin inst:sl_iport0[0] to constant 0 [f:/FPGA/work_space/AD_DA_tran/AD_DA_tran.srcs/sources_1/ip/ila_2/synth/ila_2.v:3219]
INFO: [Synth 8-3295] tying undriven pin inst:trig_in to constant 0 [f:/FPGA/work_space/AD_DA_tran/AD_DA_tran.srcs/sources_1/ip/ila_2/synth/ila_2.v:3219]
INFO: [Synth 8-3295] tying undriven pin inst:trig_out_ack to constant 0 [f:/FPGA/work_space/AD_DA_tran/AD_DA_tran.srcs/sources_1/ip/ila_2/synth/ila_2.v:3219]
---------------------------------------------------------------------------------
Start Handling Custom Attributes
---------------------------------------------------------------------------------
---------------------------------------------------------------------------------
Finished Handling Custom Attributes : Time (s): cpu = 00:01:24 ; elapsed = 00:01:26 . Memory (MB): peak = 919.660 ; gain = 525.332
---------------------------------------------------------------------------------
---------------------------------------------------------------------------------
Finished RTL Optimization Phase 1 : Time (s): cpu = 00:01:24 ; elapsed = 00:01:26 . Memory (MB): peak = 919.660 ; gain = 525.332
---------------------------------------------------------------------------------
INFO: [Netlist 29-17] Analyzing 614 Unisim elements for replacement
INFO: [Netlist 29-28] Unisim Transformation completed in 0 CPU seconds
INFO: [Device 21-403] Loading part xc7z020clg400-2
INFO: [Project 1-570] Preparing netlist for logic optimization

Processing XDC Constraints
Initializing timing engine
Parsing XDC File [f:/FPGA/work_space/AD_DA_tran/AD_DA_tran.srcs/sources_1/ip/ila_2/ila_2_ooc.xdc] for cell 'inst'
Finished Parsing XDC File [f:/FPGA/work_space/AD_DA_tran/AD_DA_tran.srcs/sources_1/ip/ila_2/ila_2_ooc.xdc] for cell 'inst'
Parsing XDC File [f:/FPGA/work_space/AD_DA_tran/AD_DA_tran.srcs/sources_1/ip/ila_2/ila_v6_2/constraints/ila.xdc] for cell 'inst'
Finished Parsing XDC File [f:/FPGA/work_space/AD_DA_tran/AD_DA_tran.srcs/sources_1/ip/ila_2/ila_v6_2/constraints/ila.xdc] for cell 'inst'
Parsing XDC File [F:/FPGA/work_space/AD_DA_tran/AD_DA_tran.runs/ila_2_synth_1/dont_touch.xdc]
Finished Parsing XDC File [F:/FPGA/work_space/AD_DA_tran/AD_DA_tran.runs/ila_2_synth_1/dont_touch.xdc]
Completed Processing XDC Constraints

Netlist sorting complete. Time (s): cpu = 00:00:00 ; elapsed = 00:00:00.003 . Memory (MB): peak = 1064.465 ; gain = 0.000
INFO: [Project 1-111] Unisim Transformation Summary:
  A total of 400 instances were transformed.
  CFGLUT5 => CFGLUT5 (SRLC32E, SRL16E): 352 instances
  CFGLUT5 => SRLC32E: 48 instances

Netlist sorting complete. Time (s): cpu = 00:00:00 ; elapsed = 00:00:00.003 . Memory (MB): peak = 1065.207 ; gain = 0.000
Constraint Validation Runtime : Time (s): cpu = 00:00:00 ; elapsed = 00:00:00.080 . Memory (MB): peak = 1066.336 ; gain = 1.871
---------------------------------------------------------------------------------
Finished Constraint Validation : Time (s): cpu = 00:01:31 ; elapsed = 00:01:35 . Memory (MB): peak = 1066.336 ; gain = 672.008
---------------------------------------------------------------------------------
---------------------------------------------------------------------------------
Start Loading Part and Timing Information
---------------------------------------------------------------------------------
Loading part: xc7z020clg400-2
---------------------------------------------------------------------------------
Finished Loading Part and Timing Information : Time (s): cpu = 00:01:31 ; elapsed = 00:01:35 . Memory (MB): peak = 1066.336 ; gain = 672.008
---------------------------------------------------------------------------------
---------------------------------------------------------------------------------
Start Applying 'set_property' XDC Constraints
---------------------------------------------------------------------------------
Applied set_property DONT_TOUCH = true for inst. (constraint file  F:/FPGA/work_space/AD_DA_tran/AD_DA_tran.runs/ila_2_synth_1/dont_touch.xdc, line 9).
---------------------------------------------------------------------------------
Finished applying 'set_property' XDC Constraints : Time (s): cpu = 00:01:32 ; elapsed = 00:01:35 . Memory (MB): peak = 1066.336 ; gain = 672.008
---------------------------------------------------------------------------------
INFO: [Synth 8-802] inferred FSM for state register 'current_state_reg' in module 'xsdbs_v1_0_2_reg_p2s__parameterized47'
INFO: [Synth 8-5544] ROM "data_out_sel" won't be mapped to Block RAM because address size (4) smaller than threshold (5)
INFO: [Synth 8-5544] ROM "shift_en" won't be mapped to Block RAM because address size (4) smaller than threshold (5)
INFO: [Synth 8-5544] ROM "next_state" won't be mapped to Block RAM because address size (1) smaller than threshold (5)
INFO: [Synth 8-5544] ROM "next_state" won't be mapped to Block RAM because address size (1) smaller than threshold (5)
INFO: [Synth 8-5544] ROM "next_state" won't be mapped to Block RAM because address size (1) smaller than threshold (5)
INFO: [Synth 8-802] inferred FSM for state register 'current_state_reg' in module 'xsdbs_v1_0_2_reg_p2s__parameterized48'
INFO: [Synth 8-5544] ROM "data_out_sel" won't be mapped to Block RAM because address size (4) smaller than threshold (5)
INFO: [Synth 8-5544] ROM "shift_en" won't be mapped to Block RAM because address size (4) smaller than threshold (5)
INFO: [Synth 8-5544] ROM "next_state" won't be mapped to Block RAM because address size (1) smaller than threshold (5)
INFO: [Synth 8-5544] ROM "next_state" won't be mapped to Block RAM because address size (1) smaller than threshold (5)
INFO: [Synth 8-5544] ROM "next_state" won't be mapped to Block RAM because address size (1) smaller than threshold (5)
INFO: [Synth 8-802] inferred FSM for state register 'current_state_reg' in module 'xsdbs_v1_0_2_reg_p2s'
INFO: [Synth 8-5544] ROM "data_out_sel" won't be mapped to Block RAM because address size (4) smaller than threshold (5)
INFO: [Synth 8-5544] ROM "shift_en" won't be mapped to Block RAM because address size (4) smaller than threshold (5)
INFO: [Synth 8-5544] ROM "next_state" won't be mapped to Block RAM because address size (1) smaller than threshold (5)
INFO: [Synth 8-5544] ROM "next_state" won't be mapped to Block RAM because address size (1) smaller than threshold (5)
INFO: [Synth 8-5544] ROM "next_state" won't be mapped to Block RAM because address size (1) smaller than threshold (5)
INFO: [Synth 8-802] inferred FSM for state register 'current_state_reg' in module 'xsdbs_v1_0_2_reg_p2s__parameterized0'
INFO: [Synth 8-5544] ROM "data_out_sel" won't be mapped to Block RAM because address size (4) smaller than threshold (5)
INFO: [Synth 8-5544] ROM "shift_en" won't be mapped to Block RAM because address size (4) smaller than threshold (5)
INFO: [Synth 8-5544] ROM "next_state" won't be mapped to Block RAM because address size (1) smaller than threshold (5)
INFO: [Synth 8-5544] ROM "next_state" won't be mapped to Block RAM because address size (1) smaller than threshold (5)
INFO: [Synth 8-5544] ROM "next_state" won't be mapped to Block RAM because address size (1) smaller than threshold (5)
INFO: [Synth 8-802] inferred FSM for state register 'current_state_reg' in module 'xsdbs_v1_0_2_reg_p2s__parameterized1'
INFO: [Synth 8-5544] ROM "data_out_sel" won't be mapped to Block RAM because address size (4) smaller than threshold (5)
INFO: [Synth 8-5544] ROM "shift_en" won't be mapped to Block RAM because address size (4) smaller than threshold (5)
INFO: [Synth 8-5544] ROM "next_state" won't be mapped to Block RAM because address size (1) smaller than threshold (5)
INFO: [Synth 8-5544] ROM "next_state" won't be mapped to Block RAM because address size (1) smaller than threshold (5)
INFO: [Synth 8-5544] ROM "next_state" won't be mapped to Block RAM because address size (1) smaller than threshold (5)
INFO: [Synth 8-802] inferred FSM for state register 'current_state_reg' in module 'xsdbs_v1_0_2_reg_p2s__parameterized2'
INFO: [Synth 8-5544] ROM "data_out_sel" won't be mapped to Block RAM because address size (4) smaller than threshold (5)
INFO: [Synth 8-5544] ROM "shift_en" won't be mapped to Block RAM because address size (4) smaller than threshold (5)
INFO: [Synth 8-5544] ROM "next_state" won't be mapped to Block RAM because address size (1) smaller than threshold (5)
INFO: [Synth 8-5544] ROM "next_state" won't be mapped to Block RAM because address size (1) smaller than threshold (5)
INFO: [Synth 8-5544] ROM "next_state" won't be mapped to Block RAM because address size (1) smaller than threshold (5)
INFO: [Synth 8-802] inferred FSM for state register 'current_state_reg' in module 'xsdbs_v1_0_2_reg_p2s__parameterized3'
INFO: [Synth 8-5544] ROM "data_out_sel" won't be mapped to Block RAM because address size (4) smaller than threshold (5)
INFO: [Synth 8-5544] ROM "shift_en" won't be mapped to Block RAM because address size (4) smaller than threshold (5)
INFO: [Synth 8-5544] ROM "next_state" won't be mapped to Block RAM because address size (1) smaller than threshold (5)
INFO: [Synth 8-5544] ROM "next_state" won't be mapped to Block RAM because address size (1) smaller than threshold (5)
INFO: [Synth 8-5544] ROM "next_state" won't be mapped to Block RAM because address size (1) smaller than threshold (5)
INFO: [Synth 8-802] inferred FSM for state register 'current_state_reg' in module 'xsdbs_v1_0_2_reg_p2s__parameterized4'
INFO: [Synth 8-5544] ROM "data_out_sel" won't be mapped to Block RAM because address size (4) smaller than threshold (5)
INFO: [Synth 8-5544] ROM "shift_en" won't be mapped to Block RAM because address size (4) smaller than threshold (5)
INFO: [Synth 8-5544] ROM "next_state" won't be mapped to Block RAM because address size (1) smaller than threshold (5)
INFO: [Synth 8-5544] ROM "next_state" won't be mapped to Block RAM because address size (1) smaller than threshold (5)
INFO: [Synth 8-5544] ROM "next_state" won't be mapped to Block RAM because address size (1) smaller than threshold (5)
INFO: [Synth 8-802] inferred FSM for state register 'current_state_reg' in module 'xsdbs_v1_0_2_reg_p2s__parameterized5'
INFO: [Synth 8-5544] ROM "data_out_sel" won't be mapped to Block RAM because address size (4) smaller than threshold (5)
INFO: [Synth 8-5544] ROM "shift_en" won't be mapped to Block RAM because address size (4) smaller than threshold (5)
INFO: [Synth 8-5544] ROM "next_state" won't be mapped to Block RAM because address size (1) smaller than threshold (5)
INFO: [Synth 8-5544] ROM "next_state" won't be mapped to Block RAM because address size (1) smaller than threshold (5)
INFO: [Synth 8-5544] ROM "next_state" won't be mapped to Block RAM because address size (1) smaller than threshold (5)
INFO: [Synth 8-802] inferred FSM for state register 'current_state_reg' in module 'xsdbs_v1_0_2_reg_p2s__parameterized6'
INFO: [Synth 8-5544] ROM "data_out_sel" won't be mapped to Block RAM because address size (4) smaller than threshold (5)
INFO: [Synth 8-5544] ROM "shift_en" won't be mapped to Block RAM because address size (4) smaller than threshold (5)
INFO: [Synth 8-5544] ROM "next_state" won't be mapped to Block RAM because address size (1) smaller than threshold (5)
INFO: [Synth 8-5544] ROM "next_state" won't be mapped to Block RAM because address size (1) smaller than threshold (5)
INFO: [Synth 8-5544] ROM "next_state" won't be mapped to Block RAM because address size (1) smaller than threshold (5)
INFO: [Synth 8-802] inferred FSM for state register 'current_state_reg' in module 'xsdbs_v1_0_2_reg_p2s__parameterized7'
INFO: [Synth 8-5544] ROM "data_out_sel" won't be mapped to Block RAM because address size (4) smaller than threshold (5)
INFO: [Synth 8-5544] ROM "shift_en" won't be mapped to Block RAM because address size (4) smaller than threshold (5)
INFO: [Synth 8-5544] ROM "next_state" won't be mapped to Block RAM because address size (1) smaller than threshold (5)
INFO: [Synth 8-5544] ROM "next_state" won't be mapped to Block RAM because address size (1) smaller than threshold (5)
INFO: [Synth 8-5544] ROM "next_state" won't be mapped to Block RAM because address size (1) smaller than threshold (5)
INFO: [Synth 8-802] inferred FSM for state register 'current_state_reg' in module 'xsdbs_v1_0_2_reg_p2s__parameterized8'
INFO: [Synth 8-5544] ROM "data_out_sel" won't be mapped to Block RAM because address size (4) smaller than threshold (5)
INFO: [Synth 8-5544] ROM "shift_en" won't be mapped to Block RAM because address size (4) smaller than threshold (5)
INFO: [Synth 8-5544] ROM "next_state" won't be mapped to Block RAM because address size (1) smaller than threshold (5)
INFO: [Synth 8-5544] ROM "next_state" won't be mapped to Block RAM because address size (1) smaller than threshold (5)
INFO: [Synth 8-5544] ROM "next_state" won't be mapped to Block RAM because address size (1) smaller than threshold (5)
INFO: [Synth 8-802] inferred FSM for state register 'current_state_reg' in module 'xsdbs_v1_0_2_reg_p2s__parameterized9'
INFO: [Synth 8-5544] ROM "data_out_sel" won't be mapped to Block RAM because address size (4) smaller than threshold (5)
INFO: [Synth 8-5544] ROM "shift_en" won't be mapped to Block RAM because address size (4) smaller than threshold (5)
INFO: [Synth 8-5544] ROM "next_state" won't be mapped to Block RAM because address size (1) smaller than threshold (5)
INFO: [Synth 8-5544] ROM "next_state" won't be mapped to Block RAM because address size (1) smaller than threshold (5)
INFO: [Synth 8-5544] ROM "next_state" won't be mapped to Block RAM because address size (1) smaller than threshold (5)
INFO: [Synth 8-802] inferred FSM for state register 'current_state_reg' in module 'xsdbs_v1_0_2_reg_p2s__parameterized10'
INFO: [Synth 8-5544] ROM "data_out_sel" won't be mapped to Block RAM because address size (4) smaller than threshold (5)
INFO: [Synth 8-5544] ROM "shift_en" won't be mapped to Block RAM because address size (4) smaller than threshold (5)
INFO: [Synth 8-5544] ROM "next_state" won't be mapped to Block RAM because address size (1) smaller than threshold (5)
INFO: [Synth 8-5544] ROM "next_state" won't be mapped to Block RAM because address size (1) smaller than threshold (5)
INFO: [Synth 8-5544] ROM "next_state" won't be mapped to Block RAM because address size (1) smaller than threshold (5)
INFO: [Synth 8-802] inferred FSM for state register 'current_state_reg' in module 'xsdbs_v1_0_2_reg_p2s__parameterized11'
INFO: [Synth 8-5544] ROM "data_out_sel" won't be mapped to Block RAM because address size (4) smaller than threshold (5)
INFO: [Synth 8-5544] ROM "shift_en" won't be mapped to Block RAM because address size (4) smaller than threshold (5)
INFO: [Synth 8-5544] ROM "next_state" won't be mapped to Block RAM because address size (1) smaller than threshold (5)
INFO: [Synth 8-5544] ROM "next_state" won't be mapped to Block RAM because address size (1) smaller than threshold (5)
INFO: [Synth 8-5544] ROM "next_state" won't be mapped to Block RAM because address size (1) smaller than threshold (5)
INFO: [Synth 8-802] inferred FSM for state register 'current_state_reg' in module 'xsdbs_v1_0_2_reg_p2s__parameterized12'
INFO: [Synth 8-5544] ROM "data_out_sel" won't be mapped to Block RAM because address size (4) smaller than threshold (5)
INFO: [Synth 8-5544] ROM "shift_en" won't be mapped to Block RAM because address size (4) smaller than threshold (5)
INFO: [Synth 8-5544] ROM "next_state" won't be mapped to Block RAM because address size (1) smaller than threshold (5)
INFO: [Synth 8-5544] ROM "next_state" won't be mapped to Block RAM because address size (1) smaller than threshold (5)
INFO: [Synth 8-5544] ROM "next_state" won't be mapped to Block RAM because address size (1) smaller than threshold (5)
INFO: [Synth 8-802] inferred FSM for state register 'current_state_reg' in module 'xsdbs_v1_0_2_reg_p2s__parameterized13'
INFO: [Synth 8-5544] ROM "data_out_sel" won't be mapped to Block RAM because address size (4) smaller than threshold (5)
INFO: [Synth 8-5544] ROM "shift_en" won't be mapped to Block RAM because address size (4) smaller than threshold (5)
INFO: [Synth 8-5544] ROM "next_state" won't be mapped to Block RAM because address size (1) smaller than threshold (5)
INFO: [Synth 8-5544] ROM "next_state" won't be mapped to Block RAM because address size (1) smaller than threshold (5)
INFO: [Synth 8-5544] ROM "next_state" won't be mapped to Block RAM because address size (1) smaller than threshold (5)
INFO: [Synth 8-802] inferred FSM for state register 'current_state_reg' in module 'xsdbs_v1_0_2_reg_p2s__parameterized14'
INFO: [Synth 8-5544] ROM "data_out_sel" won't be mapped to Block RAM because address size (4) smaller than threshold (5)
INFO: [Synth 8-5544] ROM "shift_en" won't be mapped to Block RAM because address size (4) smaller than threshold (5)
INFO: [Synth 8-5544] ROM "next_state" won't be mapped to Block RAM because address size (1) smaller than threshold (5)
INFO: [Synth 8-5544] ROM "next_state" won't be mapped to Block RAM because address size (1) smaller than threshold (5)
INFO: [Synth 8-5544] ROM "next_state" won't be mapped to Block RAM because address size (1) smaller than threshold (5)
INFO: [Synth 8-802] inferred FSM for state register 'current_state_reg' in module 'xsdbs_v1_0_2_reg_p2s__parameterized15'
INFO: [Synth 8-5544] ROM "data_out_sel" won't be mapped to Block RAM because address size (4) smaller than threshold (5)
INFO: [Synth 8-5544] ROM "shift_en" won't be mapped to Block RAM because address size (4) smaller than threshold (5)
INFO: [Synth 8-5544] ROM "next_state" won't be mapped to Block RAM because address size (1) smaller than threshold (5)
INFO: [Synth 8-5544] ROM "next_state" won't be mapped to Block RAM because address size (1) smaller than threshold (5)
INFO: [Synth 8-5544] ROM "next_state" won't be mapped to Block RAM because address size (1) smaller than threshold (5)
INFO: [Synth 8-802] inferred FSM for state register 'current_state_reg' in module 'xsdbs_v1_0_2_reg_p2s__parameterized16'
INFO: [Synth 8-5544] ROM "data_out_sel" won't be mapped to Block RAM because address size (4) smaller than threshold (5)
INFO: [Synth 8-5544] ROM "shift_en" won't be mapped to Block RAM because address size (4) smaller than threshold (5)
INFO: [Synth 8-5544] ROM "next_state" won't be mapped to Block RAM because address size (1) smaller than threshold (5)
INFO: [Synth 8-5544] ROM "next_state" won't be mapped to Block RAM because address size (1) smaller than threshold (5)
INFO: [Synth 8-5544] ROM "next_state" won't be mapped to Block RAM because address size (1) smaller than threshold (5)
INFO: [Common 17-14] Message 'Synth 8-5544' appears 100 times and further instances of the messages will be disabled. Use the Tcl command set_msg_config to change the current settings.
INFO: [Synth 8-802] inferred FSM for state register 'current_state_reg' in module 'xsdbs_v1_0_2_reg_p2s__parameterized17'
INFO: [Synth 8-802] inferred FSM for state register 'current_state_reg' in module 'xsdbs_v1_0_2_reg_p2s__parameterized18'
INFO: [Synth 8-802] inferred FSM for state register 'current_state_reg' in module 'xsdbs_v1_0_2_reg_p2s__parameterized19'
INFO: [Synth 8-802] inferred FSM for state register 'current_state_reg' in module 'xsdbs_v1_0_2_reg_p2s__parameterized20'
INFO: [Synth 8-802] inferred FSM for state register 'current_state_reg' in module 'xsdbs_v1_0_2_reg_p2s__parameterized21'
INFO: [Synth 8-802] inferred FSM for state register 'current_state_reg' in module 'xsdbs_v1_0_2_reg_p2s__parameterized22'
INFO: [Synth 8-802] inferred FSM for state register 'current_state_reg' in module 'xsdbs_v1_0_2_reg_p2s__parameterized23'
INFO: [Synth 8-802] inferred FSM for state register 'current_state_reg' in module 'xsdbs_v1_0_2_reg_p2s__parameterized24'
INFO: [Synth 8-802] inferred FSM for state register 'current_state_reg' in module 'xsdbs_v1_0_2_reg_p2s__parameterized25'
INFO: [Synth 8-802] inferred FSM for state register 'current_state_reg' in module 'xsdbs_v1_0_2_reg_p2s__parameterized26'
INFO: [Synth 8-802] inferred FSM for state register 'current_state_reg' in module 'xsdbs_v1_0_2_reg_p2s__parameterized27'
INFO: [Synth 8-802] inferred FSM for state register 'current_state_reg' in module 'xsdbs_v1_0_2_reg_p2s__parameterized28'
INFO: [Synth 8-802] inferred FSM for state register 'current_state_reg' in module 'xsdbs_v1_0_2_reg_p2s__parameterized29'
INFO: [Synth 8-802] inferred FSM for state register 'current_state_reg' in module 'xsdbs_v1_0_2_reg_p2s__parameterized30'
INFO: [Synth 8-802] inferred FSM for state register 'current_state_reg' in module 'xsdbs_v1_0_2_reg_p2s__parameterized31'
INFO: [Synth 8-802] inferred FSM for state register 'current_state_reg' in module 'xsdbs_v1_0_2_reg_p2s__parameterized32'
INFO: [Synth 8-802] inferred FSM for state register 'current_state_reg' in module 'xsdbs_v1_0_2_reg_p2s__parameterized33'
INFO: [Synth 8-802] inferred FSM for state register 'current_state_reg' in module 'xsdbs_v1_0_2_reg_p2s__parameterized34'
INFO: [Synth 8-802] inferred FSM for state register 'current_state_reg' in module 'xsdbs_v1_0_2_reg_p2s__parameterized35'
INFO: [Synth 8-802] inferred FSM for state register 'current_state_reg' in module 'xsdbs_v1_0_2_reg_p2s__parameterized36'
INFO: [Synth 8-802] inferred FSM for state register 'current_state_reg' in module 'xsdbs_v1_0_2_reg_p2s__parameterized37'
INFO: [Synth 8-802] inferred FSM for state register 'current_state_reg' in module 'xsdbs_v1_0_2_reg_p2s__parameterized38'
INFO: [Synth 8-802] inferred FSM for state register 'current_state_reg' in module 'xsdbs_v1_0_2_reg_p2s__parameterized39'
INFO: [Synth 8-802] inferred FSM for state register 'current_state_reg' in module 'xsdbs_v1_0_2_reg_p2s__parameterized40'
INFO: [Synth 8-802] inferred FSM for state register 'current_state_reg' in module 'xsdbs_v1_0_2_reg_p2s__parameterized41'
INFO: [Synth 8-802] inferred FSM for state register 'current_state_reg' in module 'xsdbs_v1_0_2_reg_p2s__parameterized42'
INFO: [Synth 8-802] inferred FSM for state register 'current_state_reg' in module 'xsdbs_v1_0_2_reg_p2s__parameterized43'
INFO: [Synth 8-802] inferred FSM for state register 'current_state_reg' in module 'xsdbs_v1_0_2_reg_p2s__parameterized44'
INFO: [Synth 8-802] inferred FSM for state register 'current_state_reg' in module 'xsdbs_v1_0_2_reg_p2s__parameterized45'
INFO: [Synth 8-802] inferred FSM for state register 'current_state_reg' in module 'xsdbs_v1_0_2_reg_p2s__parameterized46'
INFO: [Synth 8-5546] ROM "drdy_mux_temp" won't be mapped to RAM because it is too sparse
INFO: [Synth 8-5546] ROM "adv_drdy" won't be mapped to RAM because it is too sparse
INFO: [Synth 8-5546] ROM "read_addr" won't be mapped to RAM because it is too sparse
INFO: [Synth 8-5546] ROM "curr_read_block" won't be mapped to RAM because it is too sparse
INFO: [Synth 8-5546] ROM "read_en" won't be mapped to RAM because it is too sparse
---------------------------------------------------------------------------------------------------
                   State |                     New Encoding |                Previous Encoding 
---------------------------------------------------------------------------------------------------
*
                    IDLE |                             0001 |                             0001
                     REG |                             0010 |                             0010
                     P2S |                             0100 |                             0100
                     S2P |                             1000 |                             1000
---------------------------------------------------------------------------------------------------
INFO: [Synth 8-3898] No Re-encoding of one hot register 'current_state_reg' in module 'xsdbs_v1_0_2_reg_p2s__parameterized47'
---------------------------------------------------------------------------------------------------
                   State |                     New Encoding |                Previous Encoding 
---------------------------------------------------------------------------------------------------
*
                    IDLE |                             0001 |                             0001
                     REG |                             0010 |                             0010
                     P2S |                             0100 |                             0100
                     S2P |                             1000 |                             1000
---------------------------------------------------------------------------------------------------
INFO: [Synth 8-3898] No Re-encoding of one hot register 'current_state_reg' in module 'xsdbs_v1_0_2_reg_p2s__parameterized48'
---------------------------------------------------------------------------------------------------
                   State |                     New Encoding |                Previous Encoding 
---------------------------------------------------------------------------------------------------
*
                    IDLE |                             0001 |                             0001
                     REG |                             0010 |                             0010
                     P2S |                             0100 |                             0100
                     S2P |                             1000 |                             1000
---------------------------------------------------------------------------------------------------
INFO: [Synth 8-3898] No Re-encoding of one hot register 'current_state_reg' in module 'xsdbs_v1_0_2_reg_p2s'
---------------------------------------------------------------------------------------------------
                   State |                     New Encoding |                Previous Encoding 
---------------------------------------------------------------------------------------------------
*
                    IDLE |                             0001 |                             0001
                     REG |                             0010 |                             0010
                     P2S |                             0100 |                             0100
                     S2P |                             1000 |                             1000
---------------------------------------------------------------------------------------------------
INFO: [Synth 8-3898] No Re-encoding of one hot register 'current_state_reg' in module 'xsdbs_v1_0_2_reg_p2s__parameterized0'
---------------------------------------------------------------------------------------------------
                   State |                     New Encoding |                Previous Encoding 
---------------------------------------------------------------------------------------------------
*
                    IDLE |                             0001 |                             0001
                     REG |                             0010 |                             0010
                     P2S |                             0100 |                             0100
                     S2P |                             1000 |                             1000
---------------------------------------------------------------------------------------------------
INFO: [Synth 8-3898] No Re-encoding of one hot register 'current_state_reg' in module 'xsdbs_v1_0_2_reg_p2s__parameterized1'
---------------------------------------------------------------------------------------------------
                   State |                     New Encoding |                Previous Encoding 
---------------------------------------------------------------------------------------------------
*
                    IDLE |                             0001 |                             0001
                     REG |                             0010 |                             0010
                     P2S |                             0100 |                             0100
                     S2P |                             1000 |                             1000
---------------------------------------------------------------------------------------------------
INFO: [Synth 8-3898] No Re-encoding of one hot register 'current_state_reg' in module 'xsdbs_v1_0_2_reg_p2s__parameterized2'
---------------------------------------------------------------------------------------------------
                   State |                     New Encoding |                Previous Encoding 
---------------------------------------------------------------------------------------------------
*
                    IDLE |                             0001 |                             0001
                     REG |                             0010 |                             0010
                     P2S |                             0100 |                             0100
                     S2P |                             1000 |                             1000
---------------------------------------------------------------------------------------------------
INFO: [Synth 8-3898] No Re-encoding of one hot register 'current_state_reg' in module 'xsdbs_v1_0_2_reg_p2s__parameterized3'
---------------------------------------------------------------------------------------------------
                   State |                     New Encoding |                Previous Encoding 
---------------------------------------------------------------------------------------------------
*
                    IDLE |                             0001 |                             0001
                     REG |                             0010 |                             0010
                     P2S |                             0100 |                             0100
                     S2P |                             1000 |                             1000
---------------------------------------------------------------------------------------------------
INFO: [Synth 8-3898] No Re-encoding of one hot register 'current_state_reg' in module 'xsdbs_v1_0_2_reg_p2s__parameterized4'
---------------------------------------------------------------------------------------------------
                   State |                     New Encoding |                Previous Encoding 
---------------------------------------------------------------------------------------------------
*
                    IDLE |                             0001 |                             0001
                     REG |                             0010 |                             0010
                     P2S |                             0100 |                             0100
                     S2P |                             1000 |                             1000
---------------------------------------------------------------------------------------------------
INFO: [Synth 8-3898] No Re-encoding of one hot register 'current_state_reg' in module 'xsdbs_v1_0_2_reg_p2s__parameterized5'
---------------------------------------------------------------------------------------------------
                   State |                     New Encoding |                Previous Encoding 
---------------------------------------------------------------------------------------------------
*
                    IDLE |                             0001 |                             0001
                     REG |                             0010 |                             0010
                     P2S |                             0100 |                             0100
                     S2P |                             1000 |                             1000
---------------------------------------------------------------------------------------------------
INFO: [Synth 8-3898] No Re-encoding of one hot register 'current_state_reg' in module 'xsdbs_v1_0_2_reg_p2s__parameterized6'
---------------------------------------------------------------------------------------------------
                   State |                     New Encoding |                Previous Encoding 
---------------------------------------------------------------------------------------------------
*
                    IDLE |                             0001 |                             0001
                     REG |                             0010 |                             0010
                     P2S |                             0100 |                             0100
                     S2P |                             1000 |                             1000
---------------------------------------------------------------------------------------------------
INFO: [Synth 8-3898] No Re-encoding of one hot register 'current_state_reg' in module 'xsdbs_v1_0_2_reg_p2s__parameterized7'
---------------------------------------------------------------------------------------------------
                   State |                     New Encoding |                Previous Encoding 
---------------------------------------------------------------------------------------------------
*
                    IDLE |                             0001 |                             0001
                     REG |                             0010 |                             0010
                     P2S |                             0100 |                             0100
                     S2P |                             1000 |                             1000
---------------------------------------------------------------------------------------------------
INFO: [Synth 8-3898] No Re-encoding of one hot register 'current_state_reg' in module 'xsdbs_v1_0_2_reg_p2s__parameterized8'
---------------------------------------------------------------------------------------------------
                   State |                     New Encoding |                Previous Encoding 
---------------------------------------------------------------------------------------------------
*
                    IDLE |                             0001 |                             0001
                     REG |                             0010 |                             0010
                     P2S |                             0100 |                             0100
                     S2P |                             1000 |                             1000
---------------------------------------------------------------------------------------------------
INFO: [Synth 8-3898] No Re-encoding of one hot register 'current_state_reg' in module 'xsdbs_v1_0_2_reg_p2s__parameterized9'
---------------------------------------------------------------------------------------------------
                   State |                     New Encoding |                Previous Encoding 
---------------------------------------------------------------------------------------------------
*
                    IDLE |                             0001 |                             0001
                     REG |                             0010 |                             0010
                     P2S |                             0100 |                             0100
                     S2P |                             1000 |                             1000
---------------------------------------------------------------------------------------------------
INFO: [Synth 8-3898] No Re-encoding of one hot register 'current_state_reg' in module 'xsdbs_v1_0_2_reg_p2s__parameterized10'
---------------------------------------------------------------------------------------------------
                   State |                     New Encoding |                Previous Encoding 
---------------------------------------------------------------------------------------------------
*
                    IDLE |                             0001 |                             0001
                     REG |                             0010 |                             0010
                     P2S |                             0100 |                             0100
                     S2P |                             1000 |                             1000
---------------------------------------------------------------------------------------------------
INFO: [Synth 8-3898] No Re-encoding of one hot register 'current_state_reg' in module 'xsdbs_v1_0_2_reg_p2s__parameterized11'
---------------------------------------------------------------------------------------------------
                   State |                     New Encoding |                Previous Encoding 
---------------------------------------------------------------------------------------------------
*
                    IDLE |                             0001 |                             0001
                     REG |                             0010 |                             0010
                     P2S |                             0100 |                             0100
                     S2P |                             1000 |                             1000
---------------------------------------------------------------------------------------------------
INFO: [Synth 8-3898] No Re-encoding of one hot register 'current_state_reg' in module 'xsdbs_v1_0_2_reg_p2s__parameterized12'
---------------------------------------------------------------------------------------------------
                   State |                     New Encoding |                Previous Encoding 
---------------------------------------------------------------------------------------------------
*
                    IDLE |                             0001 |                             0001
                     REG |                             0010 |                             0010
                     P2S |                             0100 |                             0100
                     S2P |                             1000 |                             1000
---------------------------------------------------------------------------------------------------
INFO: [Synth 8-3898] No Re-encoding of one hot register 'current_state_reg' in module 'xsdbs_v1_0_2_reg_p2s__parameterized13'
---------------------------------------------------------------------------------------------------
                   State |                     New Encoding |                Previous Encoding 
---------------------------------------------------------------------------------------------------
*
                    IDLE |                             0001 |                             0001
                     REG |                             0010 |                             0010
                     P2S |                             0100 |                             0100
                     S2P |                             1000 |                             1000
---------------------------------------------------------------------------------------------------
INFO: [Synth 8-3898] No Re-encoding of one hot register 'current_state_reg' in module 'xsdbs_v1_0_2_reg_p2s__parameterized14'
---------------------------------------------------------------------------------------------------
                   State |                     New Encoding |                Previous Encoding 
---------------------------------------------------------------------------------------------------
*
                    IDLE |                             0001 |                             0001
                     REG |                             0010 |                             0010
                     P2S |                             0100 |                             0100
                     S2P |                             1000 |                             1000
---------------------------------------------------------------------------------------------------
INFO: [Synth 8-3898] No Re-encoding of one hot register 'current_state_reg' in module 'xsdbs_v1_0_2_reg_p2s__parameterized15'
---------------------------------------------------------------------------------------------------
                   State |                     New Encoding |                Previous Encoding 
---------------------------------------------------------------------------------------------------
*
                    IDLE |                             0001 |                             0001
                     REG |                             0010 |                             0010
                     P2S |                             0100 |                             0100
                     S2P |                             1000 |                             1000
---------------------------------------------------------------------------------------------------
INFO: [Synth 8-3898] No Re-encoding of one hot register 'current_state_reg' in module 'xsdbs_v1_0_2_reg_p2s__parameterized16'
---------------------------------------------------------------------------------------------------
                   State |                     New Encoding |                Previous Encoding 
---------------------------------------------------------------------------------------------------
*
                    IDLE |                             0001 |                             0001
                     REG |                             0010 |                             0010
                     P2S |                             0100 |                             0100
                     S2P |                             1000 |                             1000
---------------------------------------------------------------------------------------------------
INFO: [Synth 8-3898] No Re-encoding of one hot register 'current_state_reg' in module 'xsdbs_v1_0_2_reg_p2s__parameterized17'
---------------------------------------------------------------------------------------------------
                   State |                     New Encoding |                Previous Encoding 
---------------------------------------------------------------------------------------------------
*
                    IDLE |                             0001 |                             0001
                     REG |                             0010 |                             0010
                     P2S |                             0100 |                             0100
                     S2P |                             1000 |                             1000
---------------------------------------------------------------------------------------------------
INFO: [Synth 8-3898] No Re-encoding of one hot register 'current_state_reg' in module 'xsdbs_v1_0_2_reg_p2s__parameterized18'
---------------------------------------------------------------------------------------------------
                   State |                     New Encoding |                Previous Encoding 
---------------------------------------------------------------------------------------------------
*
                    IDLE |                             0001 |                             0001
                     REG |                             0010 |                             0010
                     P2S |                             0100 |                             0100
                     S2P |                             1000 |                             1000
---------------------------------------------------------------------------------------------------
INFO: [Synth 8-3898] No Re-encoding of one hot register 'current_state_reg' in module 'xsdbs_v1_0_2_reg_p2s__parameterized19'
---------------------------------------------------------------------------------------------------
                   State |                     New Encoding |                Previous Encoding 
---------------------------------------------------------------------------------------------------
*
                    IDLE |                             0001 |                             0001
                     REG |                             0010 |                             0010
                     P2S |                             0100 |                             0100
                     S2P |                             1000 |                             1000
---------------------------------------------------------------------------------------------------
INFO: [Synth 8-3898] No Re-encoding of one hot register 'current_state_reg' in module 'xsdbs_v1_0_2_reg_p2s__parameterized20'
---------------------------------------------------------------------------------------------------
                   State |                     New Encoding |                Previous Encoding 
---------------------------------------------------------------------------------------------------
*
                    IDLE |                             0001 |                             0001
                     REG |                             0010 |                             0010
                     P2S |                             0100 |                             0100
                     S2P |                             1000 |                             1000
---------------------------------------------------------------------------------------------------
INFO: [Synth 8-3898] No Re-encoding of one hot register 'current_state_reg' in module 'xsdbs_v1_0_2_reg_p2s__parameterized21'
---------------------------------------------------------------------------------------------------
                   State |                     New Encoding |                Previous Encoding 
---------------------------------------------------------------------------------------------------
*
                    IDLE |                             0001 |                             0001
                     REG |                             0010 |                             0010
                     P2S |                             0100 |                             0100
                     S2P |                             1000 |                             1000
---------------------------------------------------------------------------------------------------
INFO: [Synth 8-3898] No Re-encoding of one hot register 'current_state_reg' in module 'xsdbs_v1_0_2_reg_p2s__parameterized22'
---------------------------------------------------------------------------------------------------
                   State |                     New Encoding |                Previous Encoding 
---------------------------------------------------------------------------------------------------
*
                    IDLE |                             0001 |                             0001
                     REG |                             0010 |                             0010
                     P2S |                             0100 |                             0100
                     S2P |                             1000 |                             1000
---------------------------------------------------------------------------------------------------
INFO: [Synth 8-3898] No Re-encoding of one hot register 'current_state_reg' in module 'xsdbs_v1_0_2_reg_p2s__parameterized23'
---------------------------------------------------------------------------------------------------
                   State |                     New Encoding |                Previous Encoding 
---------------------------------------------------------------------------------------------------
*
                    IDLE |                             0001 |                             0001
                     REG |                             0010 |                             0010
                     P2S |                             0100 |                             0100
                     S2P |                             1000 |                             1000
---------------------------------------------------------------------------------------------------
INFO: [Synth 8-3898] No Re-encoding of one hot register 'current_state_reg' in module 'xsdbs_v1_0_2_reg_p2s__parameterized24'
---------------------------------------------------------------------------------------------------
                   State |                     New Encoding |                Previous Encoding 
---------------------------------------------------------------------------------------------------
*
                    IDLE |                             0001 |                             0001
                     REG |                             0010 |                             0010
                     P2S |                             0100 |                             0100
                     S2P |                             1000 |                             1000
---------------------------------------------------------------------------------------------------
INFO: [Synth 8-3898] No Re-encoding of one hot register 'current_state_reg' in module 'xsdbs_v1_0_2_reg_p2s__parameterized25'
---------------------------------------------------------------------------------------------------
                   State |                     New Encoding |                Previous Encoding 
---------------------------------------------------------------------------------------------------
*
                    IDLE |                             0001 |                             0001
                     REG |                             0010 |                             0010
                     P2S |                             0100 |                             0100
                     S2P |                             1000 |                             1000
---------------------------------------------------------------------------------------------------
INFO: [Synth 8-3898] No Re-encoding of one hot register 'current_state_reg' in module 'xsdbs_v1_0_2_reg_p2s__parameterized26'
---------------------------------------------------------------------------------------------------
                   State |                     New Encoding |                Previous Encoding 
---------------------------------------------------------------------------------------------------
*
                    IDLE |                             0001 |                             0001
                     REG |                             0010 |                             0010
                     P2S |                             0100 |                             0100
                     S2P |                             1000 |                             1000
---------------------------------------------------------------------------------------------------
INFO: [Synth 8-3898] No Re-encoding of one hot register 'current_state_reg' in module 'xsdbs_v1_0_2_reg_p2s__parameterized27'
---------------------------------------------------------------------------------------------------
                   State |                     New Encoding |                Previous Encoding 
---------------------------------------------------------------------------------------------------
*
                    IDLE |                             0001 |                             0001
                     REG |                             0010 |                             0010
                     P2S |                             0100 |                             0100
                     S2P |                             1000 |                             1000
---------------------------------------------------------------------------------------------------
INFO: [Synth 8-3898] No Re-encoding of one hot register 'current_state_reg' in module 'xsdbs_v1_0_2_reg_p2s__parameterized28'
---------------------------------------------------------------------------------------------------
                   State |                     New Encoding |                Previous Encoding 
---------------------------------------------------------------------------------------------------
*
                    IDLE |                             0001 |                             0001
                     REG |                             0010 |                             0010
                     P2S |                             0100 |                             0100
                     S2P |                             1000 |                             1000
---------------------------------------------------------------------------------------------------
INFO: [Synth 8-3898] No Re-encoding of one hot register 'current_state_reg' in module 'xsdbs_v1_0_2_reg_p2s__parameterized29'
---------------------------------------------------------------------------------------------------
                   State |                     New Encoding |                Previous Encoding 
---------------------------------------------------------------------------------------------------
*
                    IDLE |                             0001 |                             0001
                     REG |                             0010 |                             0010
                     P2S |                             0100 |                             0100
                     S2P |                             1000 |                             1000
---------------------------------------------------------------------------------------------------
INFO: [Synth 8-3898] No Re-encoding of one hot register 'current_state_reg' in module 'xsdbs_v1_0_2_reg_p2s__parameterized30'
---------------------------------------------------------------------------------------------------
                   State |                     New Encoding |                Previous Encoding 
---------------------------------------------------------------------------------------------------
*
                    IDLE |                             0001 |                             0001
                     REG |                             0010 |                             0010
                     P2S |                             0100 |                             0100
                     S2P |                             1000 |                             1000
---------------------------------------------------------------------------------------------------
INFO: [Synth 8-3898] No Re-encoding of one hot register 'current_state_reg' in module 'xsdbs_v1_0_2_reg_p2s__parameterized31'
---------------------------------------------------------------------------------------------------
                   State |                     New Encoding |                Previous Encoding 
---------------------------------------------------------------------------------------------------
*
                    IDLE |                             0001 |                             0001
                     REG |                             0010 |                             0010
                     P2S |                             0100 |                             0100
                     S2P |                             1000 |                             1000
---------------------------------------------------------------------------------------------------
INFO: [Synth 8-3898] No Re-encoding of one hot register 'current_state_reg' in module 'xsdbs_v1_0_2_reg_p2s__parameterized32'
---------------------------------------------------------------------------------------------------
                   State |                     New Encoding |                Previous Encoding 
---------------------------------------------------------------------------------------------------
*
                    IDLE |                             0001 |                             0001
                     REG |                             0010 |                             0010
                     P2S |                             0100 |                             0100
                     S2P |                             1000 |                             1000
---------------------------------------------------------------------------------------------------
INFO: [Synth 8-3898] No Re-encoding of one hot register 'current_state_reg' in module 'xsdbs_v1_0_2_reg_p2s__parameterized33'
---------------------------------------------------------------------------------------------------
                   State |                     New Encoding |                Previous Encoding 
---------------------------------------------------------------------------------------------------
*
                    IDLE |                             0001 |                             0001
                     REG |                             0010 |                             0010
                     P2S |                             0100 |                             0100
                     S2P |                             1000 |                             1000
---------------------------------------------------------------------------------------------------
INFO: [Synth 8-3898] No Re-encoding of one hot register 'current_state_reg' in module 'xsdbs_v1_0_2_reg_p2s__parameterized34'
---------------------------------------------------------------------------------------------------
                   State |                     New Encoding |                Previous Encoding 
---------------------------------------------------------------------------------------------------
*
                    IDLE |                             0001 |                             0001
                     REG |                             0010 |                             0010
                     P2S |                             0100 |                             0100
                     S2P |                             1000 |                             1000
---------------------------------------------------------------------------------------------------
INFO: [Synth 8-3898] No Re-encoding of one hot register 'current_state_reg' in module 'xsdbs_v1_0_2_reg_p2s__parameterized35'
---------------------------------------------------------------------------------------------------
                   State |                     New Encoding |                Previous Encoding 
---------------------------------------------------------------------------------------------------
*
                    IDLE |                             0001 |                             0001
                     REG |                             0010 |                             0010
                     P2S |                             0100 |                             0100
                     S2P |                             1000 |                             1000
---------------------------------------------------------------------------------------------------
INFO: [Synth 8-3898] No Re-encoding of one hot register 'current_state_reg' in module 'xsdbs_v1_0_2_reg_p2s__parameterized36'
---------------------------------------------------------------------------------------------------
                   State |                     New Encoding |                Previous Encoding 
---------------------------------------------------------------------------------------------------
*
                    IDLE |                             0001 |                             0001
                     REG |                             0010 |                             0010
                     P2S |                             0100 |                             0100
                     S2P |                             1000 |                             1000
---------------------------------------------------------------------------------------------------
INFO: [Synth 8-3898] No Re-encoding of one hot register 'current_state_reg' in module 'xsdbs_v1_0_2_reg_p2s__parameterized37'
---------------------------------------------------------------------------------------------------
                   State |                     New Encoding |                Previous Encoding 
---------------------------------------------------------------------------------------------------
*
                    IDLE |                             0001 |                             0001
                     REG |                             0010 |                             0010
                     P2S |                             0100 |                             0100
                     S2P |                             1000 |                             1000
---------------------------------------------------------------------------------------------------
INFO: [Synth 8-3898] No Re-encoding of one hot register 'current_state_reg' in module 'xsdbs_v1_0_2_reg_p2s__parameterized38'
---------------------------------------------------------------------------------------------------
                   State |                     New Encoding |                Previous Encoding 
---------------------------------------------------------------------------------------------------
*
                    IDLE |                             0001 |                             0001
                     REG |                             0010 |                             0010
                     P2S |                             0100 |                             0100
                     S2P |                             1000 |                             1000
---------------------------------------------------------------------------------------------------
INFO: [Synth 8-3898] No Re-encoding of one hot register 'current_state_reg' in module 'xsdbs_v1_0_2_reg_p2s__parameterized39'
---------------------------------------------------------------------------------------------------
                   State |                     New Encoding |                Previous Encoding 
---------------------------------------------------------------------------------------------------
*
                    IDLE |                             0001 |                             0001
                     REG |                             0010 |                             0010
                     P2S |                             0100 |                             0100
                     S2P |                             1000 |                             1000
---------------------------------------------------------------------------------------------------
INFO: [Synth 8-3898] No Re-encoding of one hot register 'current_state_reg' in module 'xsdbs_v1_0_2_reg_p2s__parameterized40'
---------------------------------------------------------------------------------------------------
                   State |                     New Encoding |                Previous Encoding 
---------------------------------------------------------------------------------------------------
*
                    IDLE |                             0001 |                             0001
                     REG |                             0010 |                             0010
                     P2S |                             0100 |                             0100
                     S2P |                             1000 |                             1000
---------------------------------------------------------------------------------------------------
INFO: [Synth 8-3898] No Re-encoding of one hot register 'current_state_reg' in module 'xsdbs_v1_0_2_reg_p2s__parameterized41'
---------------------------------------------------------------------------------------------------
                   State |                     New Encoding |                Previous Encoding 
---------------------------------------------------------------------------------------------------
*
                    IDLE |                             0001 |                             0001
                     REG |                             0010 |                             0010
                     P2S |                             0100 |                             0100
                     S2P |                             1000 |                             1000
---------------------------------------------------------------------------------------------------
INFO: [Synth 8-3898] No Re-encoding of one hot register 'current_state_reg' in module 'xsdbs_v1_0_2_reg_p2s__parameterized42'
---------------------------------------------------------------------------------------------------
                   State |                     New Encoding |                Previous Encoding 
---------------------------------------------------------------------------------------------------
*
                    IDLE |                             0001 |                             0001
                     REG |                             0010 |                             0010
                     P2S |                             0100 |                             0100
                     S2P |                             1000 |                             1000
---------------------------------------------------------------------------------------------------
INFO: [Synth 8-3898] No Re-encoding of one hot register 'current_state_reg' in module 'xsdbs_v1_0_2_reg_p2s__parameterized43'
---------------------------------------------------------------------------------------------------
                   State |                     New Encoding |                Previous Encoding 
---------------------------------------------------------------------------------------------------
*
                    IDLE |                             0001 |                             0001
                     REG |                             0010 |                             0010
                     P2S |                             0100 |                             0100
                     S2P |                             1000 |                             1000
---------------------------------------------------------------------------------------------------
INFO: [Synth 8-3898] No Re-encoding of one hot register 'current_state_reg' in module 'xsdbs_v1_0_2_reg_p2s__parameterized44'
---------------------------------------------------------------------------------------------------
                   State |                     New Encoding |                Previous Encoding 
---------------------------------------------------------------------------------------------------
*
                    IDLE |                             0001 |                             0001
                     REG |                             0010 |                             0010
                     P2S |                             0100 |                             0100
                     S2P |                             1000 |                             1000
---------------------------------------------------------------------------------------------------
INFO: [Synth 8-3898] No Re-encoding of one hot register 'current_state_reg' in module 'xsdbs_v1_0_2_reg_p2s__parameterized45'
---------------------------------------------------------------------------------------------------
                   State |                     New Encoding |                Previous Encoding 
---------------------------------------------------------------------------------------------------
*
                    IDLE |                             0001 |                             0001
                     REG |                             0010 |                             0010
                     P2S |                             0100 |                             0100
                     S2P |                             1000 |                             1000
---------------------------------------------------------------------------------------------------
INFO: [Synth 8-3898] No Re-encoding of one hot register 'current_state_reg' in module 'xsdbs_v1_0_2_reg_p2s__parameterized46'
---------------------------------------------------------------------------------
Finished RTL Optimization Phase 2 : Time (s): cpu = 00:01:34 ; elapsed = 00:01:38 . Memory (MB): peak = 1066.336 ; gain = 672.008
---------------------------------------------------------------------------------

Report RTL Partitions: 
+-+--------------+------------+----------+
| |RTL Partition |Replication |Instances |
+-+--------------+------------+----------+
+-+--------------+------------+----------+
---------------------------------------------------------------------------------
Start RTL Component Statistics 
---------------------------------------------------------------------------------
Detailed RTL Component Info : 
+---Adders : 
	   2 Input     32 Bit       Adders := 4     
	   2 Input     16 Bit       Adders := 1     
	   2 Input      9 Bit       Adders := 1     
	   2 Input      7 Bit       Adders := 4     
	   2 Input      6 Bit       Adders := 1     
	   2 Input      4 Bit       Adders := 50    
	   2 Input      2 Bit       Adders := 1     
+---XORs : 
	   2 Input     13 Bit         XORs := 64    
	   2 Input      1 Bit         XORs := 4     
+---Registers : 
	             1024 Bit    Registers := 2     
	              128 Bit    Registers := 1     
	               48 Bit    Registers := 1     
	               42 Bit    Registers := 9     
	               33 Bit    Registers := 2     
	               32 Bit    Registers := 9     
	               24 Bit    Registers := 1     
	               17 Bit    Registers := 2     
	               16 Bit    Registers := 197   
	               12 Bit    Registers := 41    
	                9 Bit    Registers := 1     
	                8 Bit    Registers := 9     
	                7 Bit    Registers := 5     
	                6 Bit    Registers := 2     
	                4 Bit    Registers := 57    
	                2 Bit    Registers := 7     
	                1 Bit    Registers := 345   
+---Muxes : 
	   2 Input     42 Bit        Muxes := 1     
	   2 Input     32 Bit        Muxes := 12    
	   2 Input     16 Bit        Muxes := 64    
	   4 Input     16 Bit        Muxes := 2     
	   3 Input     16 Bit        Muxes := 2     
	   8 Input     16 Bit        Muxes := 1     
	   2 Input     15 Bit        Muxes := 50    
	   3 Input     15 Bit        Muxes := 1     
	   3 Input      7 Bit        Muxes := 1     
	   8 Input      7 Bit        Muxes := 1     
	   2 Input      6 Bit        Muxes := 4     
	   2 Input      5 Bit        Muxes := 2     
	   2 Input      4 Bit        Muxes := 152   
	   5 Input      4 Bit        Muxes := 50    
	   2 Input      3 Bit        Muxes := 50    
	   2 Input      2 Bit        Muxes := 6     
	   8 Input      2 Bit        Muxes := 1     
	   2 Input      1 Bit        Muxes := 344   
	   4 Input      1 Bit        Muxes := 2     
	   3 Input      1 Bit        Muxes := 50    
	   9 Input      1 Bit        Muxes := 1     
	   8 Input      1 Bit        Muxes := 5     
---------------------------------------------------------------------------------
Finished RTL Component Statistics 
---------------------------------------------------------------------------------
---------------------------------------------------------------------------------
Start RTL Hierarchical Component Statistics 
---------------------------------------------------------------------------------
Hierarchical RTL Component report 
Module ila_v6_2_8_generic_counter 
Detailed RTL Component Info : 
+---Adders : 
	   2 Input     32 Bit       Adders := 1     
+---Registers : 
	               32 Bit    Registers := 2     
+---Muxes : 
	   2 Input     32 Bit        Muxes := 3     
	   2 Input      1 Bit        Muxes := 2     
Module ila_v6_2_8_ila_adv_trigger_sequencer 
Detailed RTL Component Info : 
+---Adders : 
	   2 Input      7 Bit       Adders := 2     
+---Registers : 
	               24 Bit    Registers := 1     
	               16 Bit    Registers := 1     
	                7 Bit    Registers := 2     
	                4 Bit    Registers := 1     
	                2 Bit    Registers := 1     
	                1 Bit    Registers := 10    
+---Muxes : 
	   2 Input     16 Bit        Muxes := 1     
	   2 Input      4 Bit        Muxes := 1     
	   2 Input      2 Bit        Muxes := 1     
	   2 Input      1 Bit        Muxes := 9     
	   4 Input      1 Bit        Muxes := 1     
Module ila_v6_2_8_ila_fsm_memory_read 
Detailed RTL Component Info : 
+---Registers : 
	               16 Bit    Registers := 2     
	                8 Bit    Registers := 1     
	                1 Bit    Registers := 2     
+---Muxes : 
	   2 Input     16 Bit        Muxes := 1     
Module xsdbs_v1_0_2_reg_p2s__parameterized47 
Detailed RTL Component Info : 
+---Adders : 
	   2 Input      4 Bit       Adders := 1     
+---XORs : 
	   2 Input     13 Bit         XORs := 1     
+---Registers : 
	               16 Bit    Registers := 2     
	                4 Bit    Registers := 1     
	                1 Bit    Registers := 3     
+---Muxes : 
	   2 Input     16 Bit        Muxes := 1     
	   2 Input     15 Bit        Muxes := 1     
	   5 Input      4 Bit        Muxes := 1     
	   2 Input      4 Bit        Muxes := 3     
	   2 Input      3 Bit        Muxes := 1     
	   2 Input      1 Bit        Muxes := 5     
	   3 Input      1 Bit        Muxes := 1     
Module xsdbs_v1_0_2_reg_stat 
Detailed RTL Component Info : 
+---Registers : 
	               16 Bit    Registers := 1     
Module xsdbs_v1_0_2_reg_stream 
Detailed RTL Component Info : 
+---Muxes : 
	   2 Input      1 Bit        Muxes := 1     
Module xsdbs_v1_0_2_reg_ctl 
Detailed RTL Component Info : 
+---Registers : 
	               16 Bit    Registers := 1     
Module xsdbs_v1_0_2_reg_stream__parameterized0 
Detailed RTL Component Info : 
+---Registers : 
	                1 Bit    Registers := 1     
+---Muxes : 
	   2 Input      1 Bit        Muxes := 1     
Module xsdbs_v1_0_2_xsdbs 
Detailed RTL Component Info : 
+---Registers : 
	              128 Bit    Registers := 1     
	               17 Bit    Registers := 1     
	               16 Bit    Registers := 4     
	                1 Bit    Registers := 4     
+---Muxes : 
	   2 Input     16 Bit        Muxes := 1     
Module xsdbs_v1_0_2_reg__parameterized27 
Detailed RTL Component Info : 
+---XORs : 
	   2 Input     13 Bit         XORs := 1     
Module xsdbs_v1_0_2_reg_ctl__parameterized0 
Detailed RTL Component Info : 
+---Registers : 
	               16 Bit    Registers := 1     
Module xsdbs_v1_0_2_reg__parameterized28 
Detailed RTL Component Info : 
+---XORs : 
	   2 Input     13 Bit         XORs := 1     
Module xsdbs_v1_0_2_reg__parameterized42 
Detailed RTL Component Info : 
+---XORs : 
	   2 Input     13 Bit         XORs := 1     
Module xsdbs_v1_0_2_reg__parameterized43 
Detailed RTL Component Info : 
+---XORs : 
	   2 Input     13 Bit         XORs := 1     
Module xsdbs_v1_0_2_reg__parameterized44 
Detailed RTL Component Info : 
+---XORs : 
	   2 Input     13 Bit         XORs := 1     
Module xsdbs_v1_0_2_reg__parameterized45 
Detailed RTL Component Info : 
+---XORs : 
	   2 Input     13 Bit         XORs := 1     
Module xsdbs_v1_0_2_reg__parameterized46 
Detailed RTL Component Info : 
+---XORs : 
	   2 Input     13 Bit         XORs := 1     
Module xsdbs_v1_0_2_reg_ctl__parameterized1 
Detailed RTL Component Info : 
+---Registers : 
	               16 Bit    Registers := 1     
Module xsdbs_v1_0_2_reg__parameterized47 
Detailed RTL Component Info : 
+---XORs : 
	   2 Input     13 Bit         XORs := 1     
Module xsdbs_v1_0_2_reg_ctl__parameterized2 
Detailed RTL Component Info : 
+---Registers : 
	               16 Bit    Registers := 1     
Module xsdbs_v1_0_2_reg__parameterized48 
Detailed RTL Component Info : 
+---XORs : 
	   2 Input     13 Bit         XORs := 1     
Module xsdbs_v1_0_2_reg__parameterized49 
Detailed RTL Component Info : 
+---XORs : 
	   2 Input     13 Bit         XORs := 1     
Module xsdbs_v1_0_2_reg__parameterized50 
Detailed RTL Component Info : 
+---XORs : 
	   2 Input     13 Bit         XORs := 1     
Module xsdbs_v1_0_2_reg__parameterized51 
Detailed RTL Component Info : 
+---XORs : 
	   2 Input     13 Bit         XORs := 1     
Module xsdbs_v1_0_2_reg__parameterized52 
Detailed RTL Component Info : 
+---XORs : 
	   2 Input     13 Bit         XORs := 1     
Module xsdbs_v1_0_2_reg__parameterized53 
Detailed RTL Component Info : 
+---XORs : 
	   2 Input     13 Bit         XORs := 1     
Module xsdbs_v1_0_2_reg_p2s__parameterized48 
Detailed RTL Component Info : 
+---Adders : 
	   2 Input      4 Bit       Adders := 1     
+---XORs : 
	   2 Input     13 Bit         XORs := 1     
+---Registers : 
	               16 Bit    Registers := 2     
	                4 Bit    Registers := 1     
	                1 Bit    Registers := 3     
+---Muxes : 
	   2 Input     16 Bit        Muxes := 1     
	   2 Input     15 Bit        Muxes := 1     
	   5 Input      4 Bit        Muxes := 1     
	   2 Input      4 Bit        Muxes := 3     
	   2 Input      3 Bit        Muxes := 1     
	   2 Input      1 Bit        Muxes := 5     
	   3 Input      1 Bit        Muxes := 1     
Module xsdbs_v1_0_2_reg_stream__parameterized1 
Detailed RTL Component Info : 
+---Registers : 
	                1 Bit    Registers := 1     
+---Muxes : 
	   2 Input      1 Bit        Muxes := 1     
Module xsdbs_v1_0_2_reg_stream__parameterized2 
Detailed RTL Component Info : 
+---Muxes : 
	   2 Input      1 Bit        Muxes := 1     
Module xsdbs_v1_0_2_reg_p2s 
Detailed RTL Component Info : 
+---Adders : 
	   2 Input      4 Bit       Adders := 1     
+---XORs : 
	   2 Input     13 Bit         XORs := 1     
+---Registers : 
	               16 Bit    Registers := 2     
	                4 Bit    Registers := 1     
	                1 Bit    Registers := 3     
+---Muxes : 
	   2 Input     16 Bit        Muxes := 1     
	   2 Input     15 Bit        Muxes := 1     
	   5 Input      4 Bit        Muxes := 1     
	   2 Input      4 Bit        Muxes := 3     
	   2 Input      3 Bit        Muxes := 1     
	   2 Input      1 Bit        Muxes := 5     
	   3 Input      1 Bit        Muxes := 1     
Module xsdbs_v1_0_2_reg_p2s__parameterized0 
Detailed RTL Component Info : 
+---Adders : 
	   2 Input      4 Bit       Adders := 1     
+---XORs : 
	   2 Input     13 Bit         XORs := 1     
+---Registers : 
	               16 Bit    Registers := 2     
	                4 Bit    Registers := 1     
	                1 Bit    Registers := 3     
+---Muxes : 
	   2 Input     16 Bit        Muxes := 1     
	   2 Input     15 Bit        Muxes := 1     
	   5 Input      4 Bit        Muxes := 1     
	   2 Input      4 Bit        Muxes := 3     
	   2 Input      3 Bit        Muxes := 1     
	   2 Input      1 Bit        Muxes := 5     
	   3 Input      1 Bit        Muxes := 1     
Module xsdbs_v1_0_2_reg_p2s__parameterized1 
Detailed RTL Component Info : 
+---Adders : 
	   2 Input      4 Bit       Adders := 1     
+---XORs : 
	   2 Input     13 Bit         XORs := 1     
+---Registers : 
	               16 Bit    Registers := 2     
	                4 Bit    Registers := 1     
	                1 Bit    Registers := 3     
+---Muxes : 
	   2 Input     16 Bit        Muxes := 1     
	   2 Input     15 Bit        Muxes := 1     
	   5 Input      4 Bit        Muxes := 1     
	   2 Input      4 Bit        Muxes := 3     
	   2 Input      3 Bit        Muxes := 1     
	   2 Input      1 Bit        Muxes := 5     
	   3 Input      1 Bit        Muxes := 1     
Module xsdbs_v1_0_2_reg_p2s__parameterized2 
Detailed RTL Component Info : 
+---Adders : 
	   2 Input      4 Bit       Adders := 1     
+---XORs : 
	   2 Input     13 Bit         XORs := 1     
+---Registers : 
	               16 Bit    Registers := 2     
	                4 Bit    Registers := 1     
	                1 Bit    Registers := 3     
+---Muxes : 
	   2 Input     16 Bit        Muxes := 1     
	   2 Input     15 Bit        Muxes := 1     
	   5 Input      4 Bit        Muxes := 1     
	   2 Input      4 Bit        Muxes := 3     
	   2 Input      3 Bit        Muxes := 1     
	   2 Input      1 Bit        Muxes := 5     
	   3 Input      1 Bit        Muxes := 1     
Module xsdbs_v1_0_2_reg_p2s__parameterized3 
Detailed RTL Component Info : 
+---Adders : 
	   2 Input      4 Bit       Adders := 1     
+---XORs : 
	   2 Input     13 Bit         XORs := 1     
+---Registers : 
	               16 Bit    Registers := 2     
	                4 Bit    Registers := 1     
	                1 Bit    Registers := 3     
+---Muxes : 
	   2 Input     16 Bit        Muxes := 1     
	   2 Input     15 Bit        Muxes := 1     
	   5 Input      4 Bit        Muxes := 1     
	   2 Input      4 Bit        Muxes := 3     
	   2 Input      3 Bit        Muxes := 1     
	   2 Input      1 Bit        Muxes := 5     
	   3 Input      1 Bit        Muxes := 1     
Module xsdbs_v1_0_2_reg_p2s__parameterized4 
Detailed RTL Component Info : 
+---Adders : 
	   2 Input      4 Bit       Adders := 1     
+---XORs : 
	   2 Input     13 Bit         XORs := 1     
+---Registers : 
	               16 Bit    Registers := 2     
	                4 Bit    Registers := 1     
	                1 Bit    Registers := 3     
+---Muxes : 
	   2 Input     16 Bit        Muxes := 1     
	   2 Input     15 Bit        Muxes := 1     
	   5 Input      4 Bit        Muxes := 1     
	   2 Input      4 Bit        Muxes := 3     
	   2 Input      3 Bit        Muxes := 1     
	   2 Input      1 Bit        Muxes := 5     
	   3 Input      1 Bit        Muxes := 1     
Module xsdbs_v1_0_2_reg_p2s__parameterized5 
Detailed RTL Component Info : 
+---Adders : 
	   2 Input      4 Bit       Adders := 1     
+---XORs : 
	   2 Input     13 Bit         XORs := 1     
+---Registers : 
	               16 Bit    Registers := 2     
	                4 Bit    Registers := 1     
	                1 Bit    Registers := 3     
+---Muxes : 
	   2 Input     16 Bit        Muxes := 1     
	   2 Input     15 Bit        Muxes := 1     
	   5 Input      4 Bit        Muxes := 1     
	   2 Input      4 Bit        Muxes := 3     
	   2 Input      3 Bit        Muxes := 1     
	   2 Input      1 Bit        Muxes := 5     
	   3 Input      1 Bit        Muxes := 1     
Module xsdbs_v1_0_2_reg_p2s__parameterized6 
Detailed RTL Component Info : 
+---Adders : 
	   2 Input      4 Bit       Adders := 1     
+---XORs : 
	   2 Input     13 Bit         XORs := 1     
+---Registers : 
	               16 Bit    Registers := 2     
	                4 Bit    Registers := 1     
	                1 Bit    Registers := 3     
+---Muxes : 
	   2 Input     16 Bit        Muxes := 1     
	   2 Input     15 Bit        Muxes := 1     
	   5 Input      4 Bit        Muxes := 1     
	   2 Input      4 Bit        Muxes := 3     
	   2 Input      3 Bit        Muxes := 1     
	   2 Input      1 Bit        Muxes := 5     
	   3 Input      1 Bit        Muxes := 1     
Module xsdbs_v1_0_2_reg_p2s__parameterized7 
Detailed RTL Component Info : 
+---Adders : 
	   2 Input      4 Bit       Adders := 1     
+---XORs : 
	   2 Input     13 Bit         XORs := 1     
+---Registers : 
	               16 Bit    Registers := 2     
	                4 Bit    Registers := 1     
	                1 Bit    Registers := 3     
+---Muxes : 
	   2 Input     16 Bit        Muxes := 1     
	   2 Input     15 Bit        Muxes := 1     
	   5 Input      4 Bit        Muxes := 1     
	   2 Input      4 Bit        Muxes := 3     
	   2 Input      3 Bit        Muxes := 1     
	   2 Input      1 Bit        Muxes := 5     
	   3 Input      1 Bit        Muxes := 1     
Module xsdbs_v1_0_2_reg_p2s__parameterized8 
Detailed RTL Component Info : 
+---Adders : 
	   2 Input      4 Bit       Adders := 1     
+---XORs : 
	   2 Input     13 Bit         XORs := 1     
+---Registers : 
	               16 Bit    Registers := 2     
	                4 Bit    Registers := 1     
	                1 Bit    Registers := 3     
+---Muxes : 
	   2 Input     16 Bit        Muxes := 1     
	   2 Input     15 Bit        Muxes := 1     
	   5 Input      4 Bit        Muxes := 1     
	   2 Input      4 Bit        Muxes := 3     
	   2 Input      3 Bit        Muxes := 1     
	   2 Input      1 Bit        Muxes := 5     
	   3 Input      1 Bit        Muxes := 1     
Module xsdbs_v1_0_2_reg_p2s__parameterized9 
Detailed RTL Component Info : 
+---Adders : 
	   2 Input      4 Bit       Adders := 1     
+---XORs : 
	   2 Input     13 Bit         XORs := 1     
+---Registers : 
	               16 Bit    Registers := 2     
	                4 Bit    Registers := 1     
	                1 Bit    Registers := 3     
+---Muxes : 
	   2 Input     16 Bit        Muxes := 1     
	   2 Input     15 Bit        Muxes := 1     
	   5 Input      4 Bit        Muxes := 1     
	   2 Input      4 Bit        Muxes := 3     
	   2 Input      3 Bit        Muxes := 1     
	   2 Input      1 Bit        Muxes := 5     
	   3 Input      1 Bit        Muxes := 1     
Module xsdbs_v1_0_2_reg_p2s__parameterized10 
Detailed RTL Component Info : 
+---Adders : 
	   2 Input      4 Bit       Adders := 1     
+---XORs : 
	   2 Input     13 Bit         XORs := 1     
+---Registers : 
	               16 Bit    Registers := 2     
	                4 Bit    Registers := 1     
	                1 Bit    Registers := 3     
+---Muxes : 
	   2 Input     16 Bit        Muxes := 1     
	   2 Input     15 Bit        Muxes := 1     
	   5 Input      4 Bit        Muxes := 1     
	   2 Input      4 Bit        Muxes := 3     
	   2 Input      3 Bit        Muxes := 1     
	   2 Input      1 Bit        Muxes := 5     
	   3 Input      1 Bit        Muxes := 1     
Module xsdbs_v1_0_2_reg_p2s__parameterized11 
Detailed RTL Component Info : 
+---Adders : 
	   2 Input      4 Bit       Adders := 1     
+---XORs : 
	   2 Input     13 Bit         XORs := 1     
+---Registers : 
	               16 Bit    Registers := 2     
	                4 Bit    Registers := 1     
	                1 Bit    Registers := 3     
+---Muxes : 
	   2 Input     16 Bit        Muxes := 1     
	   2 Input     15 Bit        Muxes := 1     
	   5 Input      4 Bit        Muxes := 1     
	   2 Input      4 Bit        Muxes := 3     
	   2 Input      3 Bit        Muxes := 1     
	   2 Input      1 Bit        Muxes := 5     
	   3 Input      1 Bit        Muxes := 1     
Module xsdbs_v1_0_2_reg_p2s__parameterized12 
Detailed RTL Component Info : 
+---Adders : 
	   2 Input      4 Bit       Adders := 1     
+---XORs : 
	   2 Input     13 Bit         XORs := 1     
+---Registers : 
	               16 Bit    Registers := 2     
	                4 Bit    Registers := 1     
	                1 Bit    Registers := 3     
+---Muxes : 
	   2 Input     16 Bit        Muxes := 1     
	   2 Input     15 Bit        Muxes := 1     
	   5 Input      4 Bit        Muxes := 1     
	   2 Input      4 Bit        Muxes := 3     
	   2 Input      3 Bit        Muxes := 1     
	   2 Input      1 Bit        Muxes := 5     
	   3 Input      1 Bit        Muxes := 1     
Module xsdbs_v1_0_2_reg_p2s__parameterized13 
Detailed RTL Component Info : 
+---Adders : 
	   2 Input      4 Bit       Adders := 1     
+---XORs : 
	   2 Input     13 Bit         XORs := 1     
+---Registers : 
	               16 Bit    Registers := 2     
	                4 Bit    Registers := 1     
	                1 Bit    Registers := 3     
+---Muxes : 
	   2 Input     16 Bit        Muxes := 1     
	   2 Input     15 Bit        Muxes := 1     
	   5 Input      4 Bit        Muxes := 1     
	   2 Input      4 Bit        Muxes := 3     
	   2 Input      3 Bit        Muxes := 1     
	   2 Input      1 Bit        Muxes := 5     
	   3 Input      1 Bit        Muxes := 1     
Module xsdbs_v1_0_2_reg_p2s__parameterized14 
Detailed RTL Component Info : 
+---Adders : 
	   2 Input      4 Bit       Adders := 1     
+---XORs : 
	   2 Input     13 Bit         XORs := 1     
+---Registers : 
	               16 Bit    Registers := 2     
	                4 Bit    Registers := 1     
	                1 Bit    Registers := 3     
+---Muxes : 
	   2 Input     16 Bit        Muxes := 1     
	   2 Input     15 Bit        Muxes := 1     
	   5 Input      4 Bit        Muxes := 1     
	   2 Input      4 Bit        Muxes := 3     
	   2 Input      3 Bit        Muxes := 1     
	   2 Input      1 Bit        Muxes := 5     
	   3 Input      1 Bit        Muxes := 1     
Module xsdbs_v1_0_2_reg_p2s__parameterized15 
Detailed RTL Component Info : 
+---Adders : 
	   2 Input      4 Bit       Adders := 1     
+---XORs : 
	   2 Input     13 Bit         XORs := 1     
+---Registers : 
	               16 Bit    Registers := 2     
	                4 Bit    Registers := 1     
	                1 Bit    Registers := 3     
+---Muxes : 
	   2 Input     16 Bit        Muxes := 1     
	   2 Input     15 Bit        Muxes := 1     
	   5 Input      4 Bit        Muxes := 1     
	   2 Input      4 Bit        Muxes := 3     
	   2 Input      3 Bit        Muxes := 1     
	   2 Input      1 Bit        Muxes := 5     
	   3 Input      1 Bit        Muxes := 1     
Module xsdbs_v1_0_2_reg_p2s__parameterized16 
Detailed RTL Component Info : 
+---Adders : 
	   2 Input      4 Bit       Adders := 1     
+---XORs : 
	   2 Input     13 Bit         XORs := 1     
+---Registers : 
	               16 Bit    Registers := 2     
	                4 Bit    Registers := 1     
	                1 Bit    Registers := 3     
+---Muxes : 
	   2 Input     16 Bit        Muxes := 1     
	   2 Input     15 Bit        Muxes := 1     
	   5 Input      4 Bit        Muxes := 1     
	   2 Input      4 Bit        Muxes := 3     
	   2 Input      3 Bit        Muxes := 1     
	   2 Input      1 Bit        Muxes := 5     
	   3 Input      1 Bit        Muxes := 1     
Module xsdbs_v1_0_2_reg_p2s__parameterized17 
Detailed RTL Component Info : 
+---Adders : 
	   2 Input      4 Bit       Adders := 1     
+---XORs : 
	   2 Input     13 Bit         XORs := 1     
+---Registers : 
	               16 Bit    Registers := 2     
	                4 Bit    Registers := 1     
	                1 Bit    Registers := 3     
+---Muxes : 
	   2 Input     16 Bit        Muxes := 1     
	   2 Input     15 Bit        Muxes := 1     
	   5 Input      4 Bit        Muxes := 1     
	   2 Input      4 Bit        Muxes := 3     
	   2 Input      3 Bit        Muxes := 1     
	   2 Input      1 Bit        Muxes := 5     
	   3 Input      1 Bit        Muxes := 1     
Module xsdbs_v1_0_2_reg_p2s__parameterized18 
Detailed RTL Component Info : 
+---Adders : 
	   2 Input      4 Bit       Adders := 1     
+---XORs : 
	   2 Input     13 Bit         XORs := 1     
+---Registers : 
	               16 Bit    Registers := 2     
	                4 Bit    Registers := 1     
	                1 Bit    Registers := 3     
+---Muxes : 
	   2 Input     16 Bit        Muxes := 1     
	   2 Input     15 Bit        Muxes := 1     
	   5 Input      4 Bit        Muxes := 1     
	   2 Input      4 Bit        Muxes := 3     
	   2 Input      3 Bit        Muxes := 1     
	   2 Input      1 Bit        Muxes := 5     
	   3 Input      1 Bit        Muxes := 1     
Module xsdbs_v1_0_2_reg_p2s__parameterized19 
Detailed RTL Component Info : 
+---Adders : 
	   2 Input      4 Bit       Adders := 1     
+---XORs : 
	   2 Input     13 Bit         XORs := 1     
+---Registers : 
	               16 Bit    Registers := 2     
	                4 Bit    Registers := 1     
	                1 Bit    Registers := 3     
+---Muxes : 
	   2 Input     16 Bit        Muxes := 1     
	   2 Input     15 Bit        Muxes := 1     
	   5 Input      4 Bit        Muxes := 1     
	   2 Input      4 Bit        Muxes := 3     
	   2 Input      3 Bit        Muxes := 1     
	   2 Input      1 Bit        Muxes := 5     
	   3 Input      1 Bit        Muxes := 1     
Module xsdbs_v1_0_2_reg_p2s__parameterized20 
Detailed RTL Component Info : 
+---Adders : 
	   2 Input      4 Bit       Adders := 1     
+---XORs : 
	   2 Input     13 Bit         XORs := 1     
+---Registers : 
	               16 Bit    Registers := 2     
	                4 Bit    Registers := 1     
	                1 Bit    Registers := 3     
+---Muxes : 
	   2 Input     16 Bit        Muxes := 1     
	   2 Input     15 Bit        Muxes := 1     
	   5 Input      4 Bit        Muxes := 1     
	   2 Input      4 Bit        Muxes := 3     
	   2 Input      3 Bit        Muxes := 1     
	   2 Input      1 Bit        Muxes := 5     
	   3 Input      1 Bit        Muxes := 1     
Module xsdbs_v1_0_2_reg_p2s__parameterized21 
Detailed RTL Component Info : 
+---Adders : 
	   2 Input      4 Bit       Adders := 1     
+---XORs : 
	   2 Input     13 Bit         XORs := 1     
+---Registers : 
	               16 Bit    Registers := 2     
	                4 Bit    Registers := 1     
	                1 Bit    Registers := 3     
+---Muxes : 
	   2 Input     16 Bit        Muxes := 1     
	   2 Input     15 Bit        Muxes := 1     
	   5 Input      4 Bit        Muxes := 1     
	   2 Input      4 Bit        Muxes := 3     
	   2 Input      3 Bit        Muxes := 1     
	   2 Input      1 Bit        Muxes := 5     
	   3 Input      1 Bit        Muxes := 1     
Module xsdbs_v1_0_2_reg_p2s__parameterized22 
Detailed RTL Component Info : 
+---Adders : 
	   2 Input      4 Bit       Adders := 1     
+---XORs : 
	   2 Input     13 Bit         XORs := 1     
+---Registers : 
	               16 Bit    Registers := 2     
	                4 Bit    Registers := 1     
	                1 Bit    Registers := 3     
+---Muxes : 
	   2 Input     16 Bit        Muxes := 1     
	   2 Input     15 Bit        Muxes := 1     
	   5 Input      4 Bit        Muxes := 1     
	   2 Input      4 Bit        Muxes := 3     
	   2 Input      3 Bit        Muxes := 1     
	   2 Input      1 Bit        Muxes := 5     
	   3 Input      1 Bit        Muxes := 1     
Module xsdbs_v1_0_2_reg_p2s__parameterized23 
Detailed RTL Component Info : 
+---Adders : 
	   2 Input      4 Bit       Adders := 1     
+---XORs : 
	   2 Input     13 Bit         XORs := 1     
+---Registers : 
	               16 Bit    Registers := 2     
	                4 Bit    Registers := 1     
	                1 Bit    Registers := 3     
+---Muxes : 
	   2 Input     16 Bit        Muxes := 1     
	   2 Input     15 Bit        Muxes := 1     
	   5 Input      4 Bit        Muxes := 1     
	   2 Input      4 Bit        Muxes := 3     
	   2 Input      3 Bit        Muxes := 1     
	   2 Input      1 Bit        Muxes := 5     
	   3 Input      1 Bit        Muxes := 1     
Module xsdbs_v1_0_2_reg_p2s__parameterized24 
Detailed RTL Component Info : 
+---Adders : 
	   2 Input      4 Bit       Adders := 1     
+---XORs : 
	   2 Input     13 Bit         XORs := 1     
+---Registers : 
	               16 Bit    Registers := 2     
	                4 Bit    Registers := 1     
	                1 Bit    Registers := 3     
+---Muxes : 
	   2 Input     16 Bit        Muxes := 1     
	   2 Input     15 Bit        Muxes := 1     
	   5 Input      4 Bit        Muxes := 1     
	   2 Input      4 Bit        Muxes := 3     
	   2 Input      3 Bit        Muxes := 1     
	   2 Input      1 Bit        Muxes := 5     
	   3 Input      1 Bit        Muxes := 1     
Module xsdbs_v1_0_2_reg_p2s__parameterized25 
Detailed RTL Component Info : 
+---Adders : 
	   2 Input      4 Bit       Adders := 1     
+---XORs : 
	   2 Input     13 Bit         XORs := 1     
+---Registers : 
	               16 Bit    Registers := 2     
	                4 Bit    Registers := 1     
	                1 Bit    Registers := 3     
+---Muxes : 
	   2 Input     16 Bit        Muxes := 1     
	   2 Input     15 Bit        Muxes := 1     
	   5 Input      4 Bit        Muxes := 1     
	   2 Input      4 Bit        Muxes := 3     
	   2 Input      3 Bit        Muxes := 1     
	   2 Input      1 Bit        Muxes := 5     
	   3 Input      1 Bit        Muxes := 1     
Module xsdbs_v1_0_2_reg_p2s__parameterized26 
Detailed RTL Component Info : 
+---Adders : 
	   2 Input      4 Bit       Adders := 1     
+---XORs : 
	   2 Input     13 Bit         XORs := 1     
+---Registers : 
	               16 Bit    Registers := 2     
	                4 Bit    Registers := 1     
	                1 Bit    Registers := 3     
+---Muxes : 
	   2 Input     16 Bit        Muxes := 1     
	   2 Input     15 Bit        Muxes := 1     
	   5 Input      4 Bit        Muxes := 1     
	   2 Input      4 Bit        Muxes := 3     
	   2 Input      3 Bit        Muxes := 1     
	   2 Input      1 Bit        Muxes := 5     
	   3 Input      1 Bit        Muxes := 1     
Module xsdbs_v1_0_2_reg_p2s__parameterized27 
Detailed RTL Component Info : 
+---Adders : 
	   2 Input      4 Bit       Adders := 1     
+---XORs : 
	   2 Input     13 Bit         XORs := 1     
+---Registers : 
	               16 Bit    Registers := 2     
	                4 Bit    Registers := 1     
	                1 Bit    Registers := 3     
+---Muxes : 
	   2 Input     16 Bit        Muxes := 1     
	   2 Input     15 Bit        Muxes := 1     
	   5 Input      4 Bit        Muxes := 1     
	   2 Input      4 Bit        Muxes := 3     
	   2 Input      3 Bit        Muxes := 1     
	   2 Input      1 Bit        Muxes := 5     
	   3 Input      1 Bit        Muxes := 1     
Module xsdbs_v1_0_2_reg_p2s__parameterized28 
Detailed RTL Component Info : 
+---Adders : 
	   2 Input      4 Bit       Adders := 1     
+---XORs : 
	   2 Input     13 Bit         XORs := 1     
+---Registers : 
	               16 Bit    Registers := 2     
	                4 Bit    Registers := 1     
	                1 Bit    Registers := 3     
+---Muxes : 
	   2 Input     16 Bit        Muxes := 1     
	   2 Input     15 Bit        Muxes := 1     
	   5 Input      4 Bit        Muxes := 1     
	   2 Input      4 Bit        Muxes := 3     
	   2 Input      3 Bit        Muxes := 1     
	   2 Input      1 Bit        Muxes := 5     
	   3 Input      1 Bit        Muxes := 1     
Module xsdbs_v1_0_2_reg_p2s__parameterized29 
Detailed RTL Component Info : 
+---Adders : 
	   2 Input      4 Bit       Adders := 1     
+---XORs : 
	   2 Input     13 Bit         XORs := 1     
+---Registers : 
	               16 Bit    Registers := 2     
	                4 Bit    Registers := 1     
	                1 Bit    Registers := 3     
+---Muxes : 
	   2 Input     16 Bit        Muxes := 1     
	   2 Input     15 Bit        Muxes := 1     
	   5 Input      4 Bit        Muxes := 1     
	   2 Input      4 Bit        Muxes := 3     
	   2 Input      3 Bit        Muxes := 1     
	   2 Input      1 Bit        Muxes := 5     
	   3 Input      1 Bit        Muxes := 1     
Module xsdbs_v1_0_2_reg_p2s__parameterized30 
Detailed RTL Component Info : 
+---Adders : 
	   2 Input      4 Bit       Adders := 1     
+---XORs : 
	   2 Input     13 Bit         XORs := 1     
+---Registers : 
	               16 Bit    Registers := 2     
	                4 Bit    Registers := 1     
	                1 Bit    Registers := 3     
+---Muxes : 
	   2 Input     16 Bit        Muxes := 1     
	   2 Input     15 Bit        Muxes := 1     
	   5 Input      4 Bit        Muxes := 1     
	   2 Input      4 Bit        Muxes := 3     
	   2 Input      3 Bit        Muxes := 1     
	   2 Input      1 Bit        Muxes := 5     
	   3 Input      1 Bit        Muxes := 1     
Module xsdbs_v1_0_2_reg_p2s__parameterized31 
Detailed RTL Component Info : 
+---Adders : 
	   2 Input      4 Bit       Adders := 1     
+---XORs : 
	   2 Input     13 Bit         XORs := 1     
+---Registers : 
	               16 Bit    Registers := 2     
	                4 Bit    Registers := 1     
	                1 Bit    Registers := 3     
+---Muxes : 
	   2 Input     16 Bit        Muxes := 1     
	   2 Input     15 Bit        Muxes := 1     
	   5 Input      4 Bit        Muxes := 1     
	   2 Input      4 Bit        Muxes := 3     
	   2 Input      3 Bit        Muxes := 1     
	   2 Input      1 Bit        Muxes := 5     
	   3 Input      1 Bit        Muxes := 1     
Module xsdbs_v1_0_2_reg_p2s__parameterized32 
Detailed RTL Component Info : 
+---Adders : 
	   2 Input      4 Bit       Adders := 1     
+---XORs : 
	   2 Input     13 Bit         XORs := 1     
+---Registers : 
	               16 Bit    Registers := 2     
	                4 Bit    Registers := 1     
	                1 Bit    Registers := 3     
+---Muxes : 
	   2 Input     16 Bit        Muxes := 1     
	   2 Input     15 Bit        Muxes := 1     
	   5 Input      4 Bit        Muxes := 1     
	   2 Input      4 Bit        Muxes := 3     
	   2 Input      3 Bit        Muxes := 1     
	   2 Input      1 Bit        Muxes := 5     
	   3 Input      1 Bit        Muxes := 1     
Module xsdbs_v1_0_2_reg_p2s__parameterized33 
Detailed RTL Component Info : 
+---Adders : 
	   2 Input      4 Bit       Adders := 1     
+---XORs : 
	   2 Input     13 Bit         XORs := 1     
+---Registers : 
	               16 Bit    Registers := 2     
	                4 Bit    Registers := 1     
	                1 Bit    Registers := 3     
+---Muxes : 
	   2 Input     16 Bit        Muxes := 1     
	   2 Input     15 Bit        Muxes := 1     
	   5 Input      4 Bit        Muxes := 1     
	   2 Input      4 Bit        Muxes := 3     
	   2 Input      3 Bit        Muxes := 1     
	   2 Input      1 Bit        Muxes := 5     
	   3 Input      1 Bit        Muxes := 1     
Module xsdbs_v1_0_2_reg_p2s__parameterized34 
Detailed RTL Component Info : 
+---Adders : 
	   2 Input      4 Bit       Adders := 1     
+---XORs : 
	   2 Input     13 Bit         XORs := 1     
+---Registers : 
	               16 Bit    Registers := 2     
	                4 Bit    Registers := 1     
	                1 Bit    Registers := 3     
+---Muxes : 
	   2 Input     16 Bit        Muxes := 1     
	   2 Input     15 Bit        Muxes := 1     
	   5 Input      4 Bit        Muxes := 1     
	   2 Input      4 Bit        Muxes := 3     
	   2 Input      3 Bit        Muxes := 1     
	   2 Input      1 Bit        Muxes := 5     
	   3 Input      1 Bit        Muxes := 1     
Module xsdbs_v1_0_2_reg_p2s__parameterized35 
Detailed RTL Component Info : 
+---Adders : 
	   2 Input      4 Bit       Adders := 1     
+---XORs : 
	   2 Input     13 Bit         XORs := 1     
+---Registers : 
	               16 Bit    Registers := 2     
	                4 Bit    Registers := 1     
	                1 Bit    Registers := 3     
+---Muxes : 
	   2 Input     16 Bit        Muxes := 1     
	   2 Input     15 Bit        Muxes := 1     
	   5 Input      4 Bit        Muxes := 1     
	   2 Input      4 Bit        Muxes := 3     
	   2 Input      3 Bit        Muxes := 1     
	   2 Input      1 Bit        Muxes := 5     
	   3 Input      1 Bit        Muxes := 1     
Module xsdbs_v1_0_2_reg_p2s__parameterized36 
Detailed RTL Component Info : 
+---Adders : 
	   2 Input      4 Bit       Adders := 1     
+---XORs : 
	   2 Input     13 Bit         XORs := 1     
+---Registers : 
	               16 Bit    Registers := 2     
	                4 Bit    Registers := 1     
	                1 Bit    Registers := 3     
+---Muxes : 
	   2 Input     16 Bit        Muxes := 1     
	   2 Input     15 Bit        Muxes := 1     
	   5 Input      4 Bit        Muxes := 1     
	   2 Input      4 Bit        Muxes := 3     
	   2 Input      3 Bit        Muxes := 1     
	   2 Input      1 Bit        Muxes := 5     
	   3 Input      1 Bit        Muxes := 1     
Module xsdbs_v1_0_2_reg_p2s__parameterized37 
Detailed RTL Component Info : 
+---Adders : 
	   2 Input      4 Bit       Adders := 1     
+---XORs : 
	   2 Input     13 Bit         XORs := 1     
+---Registers : 
	               16 Bit    Registers := 2     
	                4 Bit    Registers := 1     
	                1 Bit    Registers := 3     
+---Muxes : 
	   2 Input     16 Bit        Muxes := 1     
	   2 Input     15 Bit        Muxes := 1     
	   5 Input      4 Bit        Muxes := 1     
	   2 Input      4 Bit        Muxes := 3     
	   2 Input      3 Bit        Muxes := 1     
	   2 Input      1 Bit        Muxes := 5     
	   3 Input      1 Bit        Muxes := 1     
Module xsdbs_v1_0_2_reg_p2s__parameterized38 
Detailed RTL Component Info : 
+---Adders : 
	   2 Input      4 Bit       Adders := 1     
+---XORs : 
	   2 Input     13 Bit         XORs := 1     
+---Registers : 
	               16 Bit    Registers := 2     
	                4 Bit    Registers := 1     
	                1 Bit    Registers := 3     
+---Muxes : 
	   2 Input     16 Bit        Muxes := 1     
	   2 Input     15 Bit        Muxes := 1     
	   5 Input      4 Bit        Muxes := 1     
	   2 Input      4 Bit        Muxes := 3     
	   2 Input      3 Bit        Muxes := 1     
	   2 Input      1 Bit        Muxes := 5     
	   3 Input      1 Bit        Muxes := 1     
Module xsdbs_v1_0_2_reg_p2s__parameterized39 
Detailed RTL Component Info : 
+---Adders : 
	   2 Input      4 Bit       Adders := 1     
+---XORs : 
	   2 Input     13 Bit         XORs := 1     
+---Registers : 
	               16 Bit    Registers := 2     
	                4 Bit    Registers := 1     
	                1 Bit    Registers := 3     
+---Muxes : 
	   2 Input     16 Bit        Muxes := 1     
	   2 Input     15 Bit        Muxes := 1     
	   5 Input      4 Bit        Muxes := 1     
	   2 Input      4 Bit        Muxes := 3     
	   2 Input      3 Bit        Muxes := 1     
	   2 Input      1 Bit        Muxes := 5     
	   3 Input      1 Bit        Muxes := 1     
Module xsdbs_v1_0_2_reg_p2s__parameterized40 
Detailed RTL Component Info : 
+---Adders : 
	   2 Input      4 Bit       Adders := 1     
+---XORs : 
	   2 Input     13 Bit         XORs := 1     
+---Registers : 
	               16 Bit    Registers := 2     
	                4 Bit    Registers := 1     
	                1 Bit    Registers := 3     
+---Muxes : 
	   2 Input     16 Bit        Muxes := 1     
	   2 Input     15 Bit        Muxes := 1     
	   5 Input      4 Bit        Muxes := 1     
	   2 Input      4 Bit        Muxes := 3     
	   2 Input      3 Bit        Muxes := 1     
	   2 Input      1 Bit        Muxes := 5     
	   3 Input      1 Bit        Muxes := 1     
Module xsdbs_v1_0_2_reg_p2s__parameterized41 
Detailed RTL Component Info : 
+---Adders : 
	   2 Input      4 Bit       Adders := 1     
+---XORs : 
	   2 Input     13 Bit         XORs := 1     
+---Registers : 
	               16 Bit    Registers := 2     
	                4 Bit    Registers := 1     
	                1 Bit    Registers := 3     
+---Muxes : 
	   2 Input     16 Bit        Muxes := 1     
	   2 Input     15 Bit        Muxes := 1     
	   5 Input      4 Bit        Muxes := 1     
	   2 Input      4 Bit        Muxes := 3     
	   2 Input      3 Bit        Muxes := 1     
	   2 Input      1 Bit        Muxes := 5     
	   3 Input      1 Bit        Muxes := 1     
Module xsdbs_v1_0_2_reg_p2s__parameterized42 
Detailed RTL Component Info : 
+---Adders : 
	   2 Input      4 Bit       Adders := 1     
+---XORs : 
	   2 Input     13 Bit         XORs := 1     
+---Registers : 
	               16 Bit    Registers := 2     
	                4 Bit    Registers := 1     
	                1 Bit    Registers := 3     
+---Muxes : 
	   2 Input     16 Bit        Muxes := 1     
	   2 Input     15 Bit        Muxes := 1     
	   5 Input      4 Bit        Muxes := 1     
	   2 Input      4 Bit        Muxes := 3     
	   2 Input      3 Bit        Muxes := 1     
	   2 Input      1 Bit        Muxes := 5     
	   3 Input      1 Bit        Muxes := 1     
Module xsdbs_v1_0_2_reg_p2s__parameterized43 
Detailed RTL Component Info : 
+---Adders : 
	   2 Input      4 Bit       Adders := 1     
+---XORs : 
	   2 Input     13 Bit         XORs := 1     
+---Registers : 
	               16 Bit    Registers := 2     
	                4 Bit    Registers := 1     
	                1 Bit    Registers := 3     
+---Muxes : 
	   2 Input     16 Bit        Muxes := 1     
	   2 Input     15 Bit        Muxes := 1     
	   5 Input      4 Bit        Muxes := 1     
	   2 Input      4 Bit        Muxes := 3     
	   2 Input      3 Bit        Muxes := 1     
	   2 Input      1 Bit        Muxes := 5     
	   3 Input      1 Bit        Muxes := 1     
Module xsdbs_v1_0_2_reg_p2s__parameterized44 
Detailed RTL Component Info : 
+---Adders : 
	   2 Input      4 Bit       Adders := 1     
+---XORs : 
	   2 Input     13 Bit         XORs := 1     
+---Registers : 
	               16 Bit    Registers := 2     
	                4 Bit    Registers := 1     
	                1 Bit    Registers := 3     
+---Muxes : 
	   2 Input     16 Bit        Muxes := 1     
	   2 Input     15 Bit        Muxes := 1     
	   5 Input      4 Bit        Muxes := 1     
	   2 Input      4 Bit        Muxes := 3     
	   2 Input      3 Bit        Muxes := 1     
	   2 Input      1 Bit        Muxes := 5     
	   3 Input      1 Bit        Muxes := 1     
Module xsdbs_v1_0_2_reg_p2s__parameterized45 
Detailed RTL Component Info : 
+---Adders : 
	   2 Input      4 Bit       Adders := 1     
+---XORs : 
	   2 Input     13 Bit         XORs := 1     
+---Registers : 
	               16 Bit    Registers := 2     
	                4 Bit    Registers := 1     
	                1 Bit    Registers := 3     
+---Muxes : 
	   2 Input     16 Bit        Muxes := 1     
	   2 Input     15 Bit        Muxes := 1     
	   5 Input      4 Bit        Muxes := 1     
	   2 Input      4 Bit        Muxes := 3     
	   2 Input      3 Bit        Muxes := 1     
	   2 Input      1 Bit        Muxes := 5     
	   3 Input      1 Bit        Muxes := 1     
Module xsdbs_v1_0_2_reg_p2s__parameterized46 
Detailed RTL Component Info : 
+---Adders : 
	   2 Input      4 Bit       Adders := 1     
+---XORs : 
	   2 Input     13 Bit         XORs := 1     
+---Registers : 
	               16 Bit    Registers := 2     
	                4 Bit    Registers := 1     
	                1 Bit    Registers := 3     
+---Muxes : 
	   2 Input     16 Bit        Muxes := 1     
	   2 Input     15 Bit        Muxes := 1     
	   5 Input      4 Bit        Muxes := 1     
	   2 Input      4 Bit        Muxes := 3     
	   2 Input      3 Bit        Muxes := 1     
	   2 Input      1 Bit        Muxes := 5     
	   3 Input      1 Bit        Muxes := 1     
Module ila_v6_2_8_ila_register 
Detailed RTL Component Info : 
+---Adders : 
	   2 Input      9 Bit       Adders := 1     
	   2 Input      7 Bit       Adders := 2     
	   2 Input      6 Bit       Adders := 1     
+---Registers : 
	             1024 Bit    Registers := 2     
	               17 Bit    Registers := 1     
	               16 Bit    Registers := 12    
	                9 Bit    Registers := 1     
	                7 Bit    Registers := 2     
	                6 Bit    Registers := 1     
	                1 Bit    Registers := 31    
+---Muxes : 
	   2 Input     16 Bit        Muxes := 10    
	   4 Input     16 Bit        Muxes := 2     
	   3 Input     16 Bit        Muxes := 1     
	   3 Input     15 Bit        Muxes := 1     
	   2 Input      6 Bit        Muxes := 4     
	   2 Input      5 Bit        Muxes := 2     
	   2 Input      1 Bit        Muxes := 13    
	   9 Input      1 Bit        Muxes := 1     
Module ltlib_v1_0_0_all_typeA_slice__parameterized0 
Detailed RTL Component Info : 
+---Registers : 
	                1 Bit    Registers := 1     
Module ltlib_v1_0_0_allx_typeA 
Detailed RTL Component Info : 
+---Registers : 
	               12 Bit    Registers := 1     
Module ltlib_v1_0_0_match 
Detailed RTL Component Info : 
+---Registers : 
	                1 Bit    Registers := 1     
Module ltlib_v1_0_0_allx_typeA__parameterized0 
Detailed RTL Component Info : 
+---Registers : 
	                1 Bit    Registers := 2     
Module ltlib_v1_0_0_match__parameterized0 
Detailed RTL Component Info : 
+---Registers : 
	                1 Bit    Registers := 1     
Module ltlib_v1_0_0_allx_typeA__parameterized1 
Detailed RTL Component Info : 
+---Registers : 
	                8 Bit    Registers := 2     
Module ltlib_v1_0_0_match__parameterized1 
Detailed RTL Component Info : 
+---Registers : 
	                1 Bit    Registers := 1     
Module ltlib_v1_0_0_allx_typeA__parameterized2 
Detailed RTL Component Info : 
+---Registers : 
	               12 Bit    Registers := 2     
Module ltlib_v1_0_0_match__parameterized2 
Detailed RTL Component Info : 
+---Registers : 
	                1 Bit    Registers := 1     
Module ila_v6_2_8_ila_trigger 
Detailed RTL Component Info : 
+---Registers : 
	               32 Bit    Registers := 1     
	                1 Bit    Registers := 2     
Module ltlib_v1_0_0_async_edge_xfer 
Detailed RTL Component Info : 
+---XORs : 
	   2 Input      1 Bit         XORs := 1     
+---Registers : 
	                1 Bit    Registers := 5     
Module ltlib_v1_0_0_rising_edge_detection 
Detailed RTL Component Info : 
+---Registers : 
	                2 Bit    Registers := 1     
	                1 Bit    Registers := 1     
+---Muxes : 
	   2 Input      2 Bit        Muxes := 2     
Module ila_v6_2_8_ila_reset_ctrl 
Detailed RTL Component Info : 
+---Registers : 
	                6 Bit    Registers := 1     
	                1 Bit    Registers := 2     
Module ltlib_v1_0_0_cfglut7 
Detailed RTL Component Info : 
+---Registers : 
	                1 Bit    Registers := 1     
+---Muxes : 
	   2 Input      1 Bit        Muxes := 3     
Module ltlib_v1_0_0_cfglut6 
Detailed RTL Component Info : 
+---Muxes : 
	   2 Input      1 Bit        Muxes := 1     
Module ltlib_v1_0_0_allx_typeA_nodelay 
Detailed RTL Component Info : 
+---Registers : 
	               16 Bit    Registers := 1     
Module ila_v6_2_8_ila_cap_addrgen 
Detailed RTL Component Info : 
+---Registers : 
	               33 Bit    Registers := 2     
	               16 Bit    Registers := 4     
	                1 Bit    Registers := 2     
+---Muxes : 
	   2 Input      1 Bit        Muxes := 16    
Module ltlib_v1_0_0_cfglut6__parameterized0 
Detailed RTL Component Info : 
+---Registers : 
	                1 Bit    Registers := 1     
+---Muxes : 
	   2 Input      1 Bit        Muxes := 1     
Module ila_v6_2_8_ila_cap_ctrl_legacy 
Detailed RTL Component Info : 
+---Registers : 
	                1 Bit    Registers := 3     
+---Muxes : 
	   2 Input      1 Bit        Muxes := 1     
	   4 Input      1 Bit        Muxes := 1     
Module bindec 
Detailed RTL Component Info : 
+---Muxes : 
	   2 Input      1 Bit        Muxes := 16    
Module blk_mem_gen_mux 
Detailed RTL Component Info : 
+---Registers : 
	               16 Bit    Registers := 1     
	                4 Bit    Registers := 2     
+---Muxes : 
	   2 Input      1 Bit        Muxes := 1     
Module blk_mem_gen_mux__parameterized0 
Detailed RTL Component Info : 
+---Registers : 
	               16 Bit    Registers := 1     
	                4 Bit    Registers := 2     
+---Muxes : 
	   2 Input      1 Bit        Muxes := 1     
Module ltlib_v1_0_0_generic_mux 
Detailed RTL Component Info : 
+---Muxes : 
	   3 Input     16 Bit        Muxes := 1     
Module ltlib_v1_0_0_generic_memrd 
Detailed RTL Component Info : 
+---Adders : 
	   2 Input     16 Bit       Adders := 1     
	   2 Input      2 Bit       Adders := 1     
+---Registers : 
	               48 Bit    Registers := 1     
	               16 Bit    Registers := 1     
	                7 Bit    Registers := 1     
	                4 Bit    Registers := 2     
	                2 Bit    Registers := 1     
	                1 Bit    Registers := 3     
+---Muxes : 
	   8 Input     16 Bit        Muxes := 1     
	   3 Input      7 Bit        Muxes := 1     
	   8 Input      7 Bit        Muxes := 1     
	   2 Input      4 Bit        Muxes := 1     
	   2 Input      2 Bit        Muxes := 1     
	   8 Input      2 Bit        Muxes := 1     
	   8 Input      1 Bit        Muxes := 5     
Module ila_v6_2_8_ila_core 
Detailed RTL Component Info : 
+---Registers : 
	               42 Bit    Registers := 9     
	               16 Bit    Registers := 2     
	                2 Bit    Registers := 3     
	                1 Bit    Registers := 5     
+---Muxes : 
	   2 Input     42 Bit        Muxes := 1     
	   2 Input     16 Bit        Muxes := 1     
Module ila_v6_2_8_ila 
Detailed RTL Component Info : 
+---Registers : 
	                1 Bit    Registers := 6     
---------------------------------------------------------------------------------
Finished RTL Hierarchical Component Statistics
---------------------------------------------------------------------------------
---------------------------------------------------------------------------------
Start Part Resource Summary
---------------------------------------------------------------------------------
Part Resources:
DSPs: 220 (col length:60)
BRAMs: 280 (col length: RAMB18 60 RAMB36 30)
---------------------------------------------------------------------------------
Finished Part Resource Summary
---------------------------------------------------------------------------------
---------------------------------------------------------------------------------
Start Cross Boundary and Area Optimization
---------------------------------------------------------------------------------
Warning: Parallel synthesis criteria is not met 
INFO: [Synth 8-5546] ROM "drdy_mux_temp" won't be mapped to RAM because it is too sparse
INFO: [Synth 8-5546] ROM "curr_read_block" won't be mapped to RAM because it is too sparse
INFO: [Synth 8-5546] ROM "read_en" won't be mapped to RAM because it is too sparse
INFO: [Synth 8-5546] ROM "read_addr" won't be mapped to RAM because it is too sparse
INFO: [Synth 8-3333] propagating constant 0 across sequential element (inst/\ila_core_inst/u_ila_regs /\shift_reg1_reg[1008] )
INFO: [Synth 8-3333] propagating constant 0 across sequential element (inst/\ila_core_inst/u_ila_regs /\shift_reg0_reg[1008] )
INFO: [Synth 8-3333] propagating constant 0 across sequential element (inst/\ila_core_inst/u_ila_regs /\shift_reg1_reg[1009] )
INFO: [Synth 8-3333] propagating constant 0 across sequential element (inst/\ila_core_inst/u_ila_regs /\shift_reg0_reg[1009] )
INFO: [Synth 8-3333] propagating constant 0 across sequential element (inst/\ila_core_inst/u_ila_regs /\shift_reg1_reg[1010] )
INFO: [Synth 8-3333] propagating constant 0 across sequential element (inst/\ila_core_inst/u_ila_regs /\shift_reg0_reg[1010] )
INFO: [Synth 8-3333] propagating constant 0 across sequential element (inst/\ila_core_inst/u_ila_regs /\shift_reg1_reg[1011] )
INFO: [Synth 8-3333] propagating constant 0 across sequential element (inst/\ila_core_inst/u_ila_regs /\shift_reg0_reg[1011] )
INFO: [Synth 8-3333] propagating constant 0 across sequential element (inst/\ila_core_inst/u_ila_regs /\shift_reg1_reg[1012] )
INFO: [Synth 8-3333] propagating constant 0 across sequential element (inst/\ila_core_inst/u_ila_regs /\shift_reg0_reg[1012] )
INFO: [Synth 8-3333] propagating constant 0 across sequential element (inst/\ila_core_inst/u_ila_regs /\shift_reg1_reg[1013] )
INFO: [Synth 8-3333] propagating constant 0 across sequential element (inst/\ila_core_inst/u_ila_regs /\shift_reg0_reg[1013] )
INFO: [Synth 8-3333] propagating constant 0 across sequential element (inst/\ila_core_inst/u_ila_regs /\shift_reg1_reg[1014] )
INFO: [Synth 8-3333] propagating constant 0 across sequential element (inst/\ila_core_inst/u_ila_regs /\shift_reg0_reg[1014] )
INFO: [Synth 8-3333] propagating constant 0 across sequential element (inst/\ila_core_inst/u_ila_regs /\shift_reg1_reg[1015] )
INFO: [Synth 8-3333] propagating constant 0 across sequential element (inst/\ila_core_inst/u_ila_regs /\shift_reg0_reg[1015] )
INFO: [Synth 8-3333] propagating constant 0 across sequential element (inst/\ila_core_inst/u_ila_regs /\shift_reg1_reg[1016] )
INFO: [Synth 8-3333] propagating constant 0 across sequential element (inst/\ila_core_inst/u_ila_regs /\shift_reg0_reg[1016] )
INFO: [Synth 8-3333] propagating constant 0 across sequential element (inst/\ila_core_inst/u_ila_regs /\shift_reg1_reg[1017] )
INFO: [Synth 8-3333] propagating constant 0 across sequential element (inst/\ila_core_inst/u_ila_regs /\shift_reg0_reg[1017] )
INFO: [Synth 8-3333] propagating constant 0 across sequential element (inst/\ila_core_inst/u_ila_regs /\shift_reg1_reg[1018] )
INFO: [Synth 8-3333] propagating constant 0 across sequential element (inst/\ila_core_inst/u_ila_regs /\shift_reg0_reg[1018] )
INFO: [Synth 8-3333] propagating constant 0 across sequential element (inst/\ila_core_inst/u_ila_regs /\shift_reg1_reg[1019] )
INFO: [Synth 8-3333] propagating constant 0 across sequential element (inst/\ila_core_inst/u_ila_regs /\shift_reg0_reg[1019] )
INFO: [Synth 8-3333] propagating constant 0 across sequential element (inst/\ila_core_inst/u_ila_regs /\shift_reg1_reg[1020] )
INFO: [Synth 8-3333] propagating constant 0 across sequential element (inst/\ila_core_inst/u_ila_regs /\shift_reg0_reg[1020] )
INFO: [Synth 8-3333] propagating constant 0 across sequential element (inst/\ila_core_inst/u_ila_regs /\shift_reg1_reg[1021] )
INFO: [Synth 8-3333] propagating constant 0 across sequential element (inst/\ila_core_inst/u_ila_regs /\shift_reg0_reg[1021] )
INFO: [Synth 8-3333] propagating constant 0 across sequential element (inst/\ila_core_inst/u_ila_regs /\shift_reg1_reg[1022] )
INFO: [Synth 8-3333] propagating constant 0 across sequential element (inst/\ila_core_inst/u_ila_regs /\shift_reg0_reg[1022] )
INFO: [Synth 8-3333] propagating constant 0 across sequential element (inst/\ila_core_inst/u_ila_regs /\shift_reg1_reg[1023] )
INFO: [Synth 8-3333] propagating constant 0 across sequential element (inst/\ila_core_inst/u_ila_regs /\shift_reg0_reg[1023] )
INFO: [Synth 8-3886] merging instance 'inst/ila_core_inst/u_ila_regs/slaveRegDo_ff8_reg[0]' (FDRE) to 'inst/ila_core_inst/u_ila_regs/slaveRegDo_ff8_reg[5]'
INFO: [Synth 8-3333] propagating constant 1 across sequential element (inst/\ila_core_inst/u_ila_regs /\slaveRegDo_ff7_reg[0] )
INFO: [Synth 8-3886] merging instance 'inst/ila_core_inst/u_ila_regs/CNT_WIDTH_STATUS[0].cnt_width_reg/I_EN_STAT_EQ1.U_STAT/xsdb_reg_reg[0]' (FDE) to 'inst/ila_core_inst/u_ila_regs/CNT_WIDTH_STATUS[0].cnt_width_reg/I_EN_STAT_EQ1.U_STAT/xsdb_reg_reg[4]'
INFO: [Synth 8-3886] merging instance 'inst/ila_core_inst/u_ila_regs/reg_887/I_EN_STAT_EQ1.U_STAT/xsdb_reg_reg[0]' (FDE) to 'inst/ila_core_inst/u_ila_regs/CNT_WIDTH_STATUS[0].cnt_width_reg/I_EN_STAT_EQ1.U_STAT/xsdb_reg_reg[1]'
INFO: [Synth 8-3886] merging instance 'inst/ila_core_inst/u_ila_regs/N_DDR_MODE_MU1.MU_STATUS[8].mu_tpid_reg/I_EN_STAT_EQ1.U_STAT/xsdb_reg_reg[0]' (FDE) to 'inst/ila_core_inst/u_ila_regs/CNT_WIDTH_STATUS[0].cnt_width_reg/I_EN_STAT_EQ1.U_STAT/xsdb_reg_reg[1]'
INFO: [Synth 8-3886] merging instance 'inst/ila_core_inst/u_ila_regs/N_DDR_MODE_MU1.MU_STATUS[10].mu_tpid_reg/I_EN_STAT_EQ1.U_STAT/xsdb_reg_reg[0]' (FDE) to 'inst/ila_core_inst/u_ila_regs/CNT_WIDTH_STATUS[0].cnt_width_reg/I_EN_STAT_EQ1.U_STAT/xsdb_reg_reg[4]'
INFO: [Synth 8-3886] merging instance 'inst/ila_core_inst/u_ila_regs/N_DDR_MODE_MU1.MU_STATUS[6].mu_tpid_reg/I_EN_STAT_EQ1.U_STAT/xsdb_reg_reg[0]' (FDE) to 'inst/ila_core_inst/u_ila_regs/CNT_WIDTH_STATUS[0].cnt_width_reg/I_EN_STAT_EQ1.U_STAT/xsdb_reg_reg[4]'
INFO: [Synth 8-3886] merging instance 'inst/ila_core_inst/u_ila_regs/N_DDR_MODE_MU1.MU_STATUS[4].mu_tpid_reg/I_EN_STAT_EQ1.U_STAT/xsdb_reg_reg[0]' (FDE) to 'inst/ila_core_inst/u_ila_regs/CNT_WIDTH_STATUS[0].cnt_width_reg/I_EN_STAT_EQ1.U_STAT/xsdb_reg_reg[1]'
INFO: [Synth 8-3886] merging instance 'inst/ila_core_inst/u_ila_regs/N_DDR_MODE.PROBE_STATUS[1].probe_width_reg/I_EN_STAT_EQ1.U_STAT/xsdb_reg_reg[0]' (FDE) to 'inst/ila_core_inst/u_ila_regs/CNT_WIDTH_STATUS[0].cnt_width_reg/I_EN_STAT_EQ1.U_STAT/xsdb_reg_reg[1]'
INFO: [Synth 8-3886] merging instance 'inst/ila_core_inst/u_ila_regs/reg_14/I_EN_STAT_EQ1.U_STAT/xsdb_reg_reg[0]' (FDE) to 'inst/ila_core_inst/u_ila_regs/CNT_WIDTH_STATUS[0].cnt_width_reg/I_EN_STAT_EQ1.U_STAT/xsdb_reg_reg[1]'
INFO: [Synth 8-3886] merging instance 'inst/ila_core_inst/u_ila_regs/reg_13/I_EN_STAT_EQ1.U_STAT/xsdb_reg_reg[0]' (FDE) to 'inst/ila_core_inst/u_ila_regs/CNT_WIDTH_STATUS[0].cnt_width_reg/I_EN_STAT_EQ1.U_STAT/xsdb_reg_reg[1]'
INFO: [Synth 8-3886] merging instance 'inst/ila_core_inst/u_ila_regs/reg_12/I_EN_STAT_EQ1.U_STAT/xsdb_reg_reg[0]' (FDE) to 'inst/ila_core_inst/u_ila_regs/CNT_WIDTH_STATUS[0].cnt_width_reg/I_EN_STAT_EQ1.U_STAT/xsdb_reg_reg[1]'
INFO: [Synth 8-3886] merging instance 'inst/ila_core_inst/u_ila_regs/reg_11/I_EN_STAT_EQ1.U_STAT/xsdb_reg_reg[0]' (FDE) to 'inst/ila_core_inst/u_ila_regs/CNT_WIDTH_STATUS[0].cnt_width_reg/I_EN_STAT_EQ1.U_STAT/xsdb_reg_reg[1]'
INFO: [Synth 8-3886] merging instance 'inst/ila_core_inst/u_ila_regs/reg_10/I_EN_STAT_EQ1.U_STAT/xsdb_reg_reg[0]' (FDE) to 'inst/ila_core_inst/u_ila_regs/CNT_WIDTH_STATUS[0].cnt_width_reg/I_EN_STAT_EQ1.U_STAT/xsdb_reg_reg[1]'
INFO: [Synth 8-3886] merging instance 'inst/ila_core_inst/u_ila_regs/reg_f/I_EN_STAT_EQ1.U_STAT/xsdb_reg_reg[0]' (FDE) to 'inst/ila_core_inst/u_ila_regs/CNT_WIDTH_STATUS[0].cnt_width_reg/I_EN_STAT_EQ1.U_STAT/xsdb_reg_reg[1]'
INFO: [Synth 8-3886] merging instance 'inst/ila_core_inst/u_ila_regs/reg_e/I_EN_STAT_EQ1.U_STAT/xsdb_reg_reg[0]' (FDE) to 'inst/ila_core_inst/u_ila_regs/CNT_WIDTH_STATUS[0].cnt_width_reg/I_EN_STAT_EQ1.U_STAT/xsdb_reg_reg[1]'
INFO: [Synth 8-3886] merging instance 'inst/ila_core_inst/u_ila_regs/reg_d/I_EN_STAT_EQ1.U_STAT/xsdb_reg_reg[0]' (FDE) to 'inst/ila_core_inst/u_ila_regs/CNT_WIDTH_STATUS[0].cnt_width_reg/I_EN_STAT_EQ1.U_STAT/xsdb_reg_reg[1]'
INFO: [Synth 8-3886] merging instance 'inst/ila_core_inst/u_ila_regs/reg_c/I_EN_STAT_EQ1.U_STAT/xsdb_reg_reg[0]' (FDE) to 'inst/ila_core_inst/u_ila_regs/CNT_WIDTH_STATUS[0].cnt_width_reg/I_EN_STAT_EQ1.U_STAT/xsdb_reg_reg[1]'
INFO: [Synth 8-3886] merging instance 'inst/ila_core_inst/u_ila_regs/reg_b/I_EN_STAT_EQ1.U_STAT/xsdb_reg_reg[0]' (FDE) to 'inst/ila_core_inst/u_ila_regs/CNT_WIDTH_STATUS[0].cnt_width_reg/I_EN_STAT_EQ1.U_STAT/xsdb_reg_reg[1]'
INFO: [Synth 8-3886] merging instance 'inst/ila_core_inst/u_ila_regs/reg_a/I_EN_STAT_EQ1.U_STAT/xsdb_reg_reg[0]' (FDE) to 'inst/ila_core_inst/u_ila_regs/CNT_WIDTH_STATUS[0].cnt_width_reg/I_EN_STAT_EQ1.U_STAT/xsdb_reg_reg[1]'
INFO: [Synth 8-3886] merging instance 'inst/ila_core_inst/u_ila_regs/reg_4/I_EN_STAT_EQ1.U_STAT/xsdb_reg_reg[0]' (FDE) to 'inst/ila_core_inst/u_ila_regs/CNT_WIDTH_STATUS[0].cnt_width_reg/I_EN_STAT_EQ1.U_STAT/xsdb_reg_reg[1]'
INFO: [Synth 8-3886] merging instance 'inst/ila_core_inst/u_ila_regs/reg_3/I_EN_STAT_EQ1.U_STAT/xsdb_reg_reg[0]' (FDE) to 'inst/ila_core_inst/u_ila_regs/CNT_WIDTH_STATUS[0].cnt_width_reg/I_EN_STAT_EQ1.U_STAT/xsdb_reg_reg[1]'
INFO: [Synth 8-3886] merging instance 'inst/ila_core_inst/u_ila_regs/reg_2/I_EN_STAT_EQ1.U_STAT/xsdb_reg_reg[0]' (FDE) to 'inst/ila_core_inst/u_ila_regs/CNT_WIDTH_STATUS[0].cnt_width_reg/I_EN_STAT_EQ1.U_STAT/xsdb_reg_reg[4]'
INFO: [Synth 8-3886] merging instance 'inst/ila_core_inst/u_ila_regs/reg_1/I_EN_STAT_EQ1.U_STAT/xsdb_reg_reg[0]' (FDE) to 'inst/ila_core_inst/u_ila_regs/CNT_WIDTH_STATUS[0].cnt_width_reg/I_EN_STAT_EQ1.U_STAT/xsdb_reg_reg[1]'
INFO: [Synth 8-3886] merging instance 'inst/ila_core_inst/u_ila_regs/reg_0/I_EN_STAT_EQ1.U_STAT/xsdb_reg_reg[0]' (FDE) to 'inst/ila_core_inst/u_ila_regs/CNT_WIDTH_STATUS[0].cnt_width_reg/I_EN_STAT_EQ1.U_STAT/xsdb_reg_reg[1]'
INFO: [Synth 8-3886] merging instance 'inst/ila_core_inst/u_ila_regs/slaveRegDo_ff8_reg[1]' (FDRE) to 'inst/ila_core_inst/u_ila_regs/slaveRegDo_ff8_reg[4]'
INFO: [Synth 8-3333] propagating constant 0 across sequential element (inst/\ila_core_inst/u_ila_regs /\slaveRegDo_ff7_reg[1] )
INFO: [Synth 8-3886] merging instance 'inst/ila_core_inst/u_ila_regs/CNT_WIDTH_STATUS[0].cnt_width_reg/I_EN_STAT_EQ1.U_STAT/xsdb_reg_reg[1]' (FDE) to 'inst/ila_core_inst/u_ila_regs/CNT_WIDTH_STATUS[0].cnt_width_reg/I_EN_STAT_EQ1.U_STAT/xsdb_reg_reg[2]'
INFO: [Synth 8-3886] merging instance 'inst/ila_core_inst/u_ila_regs/reg_887/I_EN_STAT_EQ1.U_STAT/xsdb_reg_reg[1]' (FDE) to 'inst/ila_core_inst/u_ila_regs/CNT_WIDTH_STATUS[0].cnt_width_reg/I_EN_STAT_EQ1.U_STAT/xsdb_reg_reg[2]'
INFO: [Synth 8-3886] merging instance 'inst/ila_core_inst/u_ila_regs/N_DDR_MODE_MU1.MU_STATUS[8].mu_tpid_reg/I_EN_STAT_EQ1.U_STAT/xsdb_reg_reg[1]' (FDE) to 'inst/ila_core_inst/u_ila_regs/CNT_WIDTH_STATUS[0].cnt_width_reg/I_EN_STAT_EQ1.U_STAT/xsdb_reg_reg[2]'
INFO: [Synth 8-3886] merging instance 'inst/ila_core_inst/u_ila_regs/N_DDR_MODE_MU1.MU_STATUS[10].mu_tpid_reg/I_EN_STAT_EQ1.U_STAT/xsdb_reg_reg[1]' (FDE) to 'inst/ila_core_inst/u_ila_regs/CNT_WIDTH_STATUS[0].cnt_width_reg/I_EN_STAT_EQ1.U_STAT/xsdb_reg_reg[2]'
INFO: [Synth 8-3886] merging instance 'inst/ila_core_inst/u_ila_regs/N_DDR_MODE_MU1.MU_STATUS[6].mu_tpid_reg/I_EN_STAT_EQ1.U_STAT/xsdb_reg_reg[1]' (FDE) to 'inst/ila_core_inst/u_ila_regs/CNT_WIDTH_STATUS[0].cnt_width_reg/I_EN_STAT_EQ1.U_STAT/xsdb_reg_reg[4]'
INFO: [Synth 8-3886] merging instance 'inst/ila_core_inst/u_ila_regs/N_DDR_MODE_MU1.MU_STATUS[4].mu_tpid_reg/I_EN_STAT_EQ1.U_STAT/xsdb_reg_reg[1]' (FDE) to 'inst/ila_core_inst/u_ila_regs/CNT_WIDTH_STATUS[0].cnt_width_reg/I_EN_STAT_EQ1.U_STAT/xsdb_reg_reg[4]'
INFO: [Synth 8-3886] merging instance 'inst/ila_core_inst/u_ila_regs/N_DDR_MODE.PROBE_STATUS[1].probe_width_reg/I_EN_STAT_EQ1.U_STAT/xsdb_reg_reg[1]' (FDE) to 'inst/ila_core_inst/u_ila_regs/CNT_WIDTH_STATUS[0].cnt_width_reg/I_EN_STAT_EQ1.U_STAT/xsdb_reg_reg[2]'
INFO: [Synth 8-3886] merging instance 'inst/ila_core_inst/u_ila_regs/reg_14/I_EN_STAT_EQ1.U_STAT/xsdb_reg_reg[1]' (FDE) to 'inst/ila_core_inst/u_ila_regs/CNT_WIDTH_STATUS[0].cnt_width_reg/I_EN_STAT_EQ1.U_STAT/xsdb_reg_reg[2]'
INFO: [Synth 8-3886] merging instance 'inst/ila_core_inst/u_ila_regs/reg_13/I_EN_STAT_EQ1.U_STAT/xsdb_reg_reg[1]' (FDE) to 'inst/ila_core_inst/u_ila_regs/CNT_WIDTH_STATUS[0].cnt_width_reg/I_EN_STAT_EQ1.U_STAT/xsdb_reg_reg[2]'
INFO: [Synth 8-3886] merging instance 'inst/ila_core_inst/u_ila_regs/reg_12/I_EN_STAT_EQ1.U_STAT/xsdb_reg_reg[1]' (FDE) to 'inst/ila_core_inst/u_ila_regs/CNT_WIDTH_STATUS[0].cnt_width_reg/I_EN_STAT_EQ1.U_STAT/xsdb_reg_reg[2]'
INFO: [Synth 8-3886] merging instance 'inst/ila_core_inst/u_ila_regs/reg_11/I_EN_STAT_EQ1.U_STAT/xsdb_reg_reg[1]' (FDE) to 'inst/ila_core_inst/u_ila_regs/CNT_WIDTH_STATUS[0].cnt_width_reg/I_EN_STAT_EQ1.U_STAT/xsdb_reg_reg[2]'
INFO: [Synth 8-3886] merging instance 'inst/ila_core_inst/u_ila_regs/reg_10/I_EN_STAT_EQ1.U_STAT/xsdb_reg_reg[1]' (FDE) to 'inst/ila_core_inst/u_ila_regs/CNT_WIDTH_STATUS[0].cnt_width_reg/I_EN_STAT_EQ1.U_STAT/xsdb_reg_reg[2]'
INFO: [Synth 8-3886] merging instance 'inst/ila_core_inst/u_ila_regs/reg_f/I_EN_STAT_EQ1.U_STAT/xsdb_reg_reg[1]' (FDE) to 'inst/ila_core_inst/u_ila_regs/CNT_WIDTH_STATUS[0].cnt_width_reg/I_EN_STAT_EQ1.U_STAT/xsdb_reg_reg[2]'
INFO: [Synth 8-3886] merging instance 'inst/ila_core_inst/u_ila_regs/reg_e/I_EN_STAT_EQ1.U_STAT/xsdb_reg_reg[1]' (FDE) to 'inst/ila_core_inst/u_ila_regs/CNT_WIDTH_STATUS[0].cnt_width_reg/I_EN_STAT_EQ1.U_STAT/xsdb_reg_reg[2]'
INFO: [Synth 8-3886] merging instance 'inst/ila_core_inst/u_ila_regs/reg_d/I_EN_STAT_EQ1.U_STAT/xsdb_reg_reg[1]' (FDE) to 'inst/ila_core_inst/u_ila_regs/CNT_WIDTH_STATUS[0].cnt_width_reg/I_EN_STAT_EQ1.U_STAT/xsdb_reg_reg[2]'
INFO: [Synth 8-3886] merging instance 'inst/ila_core_inst/u_ila_regs/reg_c/I_EN_STAT_EQ1.U_STAT/xsdb_reg_reg[1]' (FDE) to 'inst/ila_core_inst/u_ila_regs/CNT_WIDTH_STATUS[0].cnt_width_reg/I_EN_STAT_EQ1.U_STAT/xsdb_reg_reg[2]'
INFO: [Synth 8-3886] merging instance 'inst/ila_core_inst/u_ila_regs/reg_b/I_EN_STAT_EQ1.U_STAT/xsdb_reg_reg[1]' (FDE) to 'inst/ila_core_inst/u_ila_regs/CNT_WIDTH_STATUS[0].cnt_width_reg/I_EN_STAT_EQ1.U_STAT/xsdb_reg_reg[2]'
INFO: [Synth 8-3886] merging instance 'inst/ila_core_inst/u_ila_regs/reg_a/I_EN_STAT_EQ1.U_STAT/xsdb_reg_reg[1]' (FDE) to 'inst/ila_core_inst/u_ila_regs/CNT_WIDTH_STATUS[0].cnt_width_reg/I_EN_STAT_EQ1.U_STAT/xsdb_reg_reg[2]'
INFO: [Synth 8-3886] merging instance 'inst/ila_core_inst/u_ila_regs/reg_4/I_EN_STAT_EQ1.U_STAT/xsdb_reg_reg[1]' (FDE) to 'inst/ila_core_inst/u_ila_regs/CNT_WIDTH_STATUS[0].cnt_width_reg/I_EN_STAT_EQ1.U_STAT/xsdb_reg_reg[2]'
INFO: [Synth 8-3886] merging instance 'inst/ila_core_inst/u_ila_regs/reg_3/I_EN_STAT_EQ1.U_STAT/xsdb_reg_reg[1]' (FDE) to 'inst/ila_core_inst/u_ila_regs/CNT_WIDTH_STATUS[0].cnt_width_reg/I_EN_STAT_EQ1.U_STAT/xsdb_reg_reg[2]'
INFO: [Synth 8-3886] merging instance 'inst/ila_core_inst/u_ila_regs/reg_2/I_EN_STAT_EQ1.U_STAT/xsdb_reg_reg[1]' (FDE) to 'inst/ila_core_inst/u_ila_regs/CNT_WIDTH_STATUS[0].cnt_width_reg/I_EN_STAT_EQ1.U_STAT/xsdb_reg_reg[2]'
INFO: [Synth 8-3886] merging instance 'inst/ila_core_inst/u_ila_regs/reg_1/I_EN_STAT_EQ1.U_STAT/xsdb_reg_reg[1]' (FDE) to 'inst/ila_core_inst/u_ila_regs/CNT_WIDTH_STATUS[0].cnt_width_reg/I_EN_STAT_EQ1.U_STAT/xsdb_reg_reg[2]'
INFO: [Synth 8-3886] merging instance 'inst/ila_core_inst/u_ila_regs/reg_0/I_EN_STAT_EQ1.U_STAT/xsdb_reg_reg[1]' (FDE) to 'inst/ila_core_inst/u_ila_regs/CNT_WIDTH_STATUS[0].cnt_width_reg/I_EN_STAT_EQ1.U_STAT/xsdb_reg_reg[4]'
INFO: [Synth 8-3886] merging instance 'inst/ila_core_inst/u_ila_regs/slaveRegDo_ff8_reg[2]' (FDRE) to 'inst/ila_core_inst/u_ila_regs/slaveRegDo_ff8_reg[4]'
INFO: [Synth 8-3333] propagating constant 0 across sequential element (inst/\ila_core_inst/u_ila_regs /\slaveRegDo_ff7_reg[2] )
INFO: [Synth 8-3886] merging instance 'inst/ila_core_inst/u_ila_regs/CNT_WIDTH_STATUS[0].cnt_width_reg/I_EN_STAT_EQ1.U_STAT/xsdb_reg_reg[2]' (FDE) to 'inst/ila_core_inst/u_ila_regs/CNT_WIDTH_STATUS[0].cnt_width_reg/I_EN_STAT_EQ1.U_STAT/xsdb_reg_reg[3]'
INFO: [Synth 8-3886] merging instance 'inst/ila_core_inst/u_ila_regs/reg_88d/I_EN_STAT_EQ1.U_STAT/xsdb_reg_reg[2]' (FDE) to 'inst/ila_core_inst/u_ila_regs/CNT_WIDTH_STATUS[0].cnt_width_reg/I_EN_STAT_EQ1.U_STAT/xsdb_reg_reg[4]'
INFO: [Synth 8-3886] merging instance 'inst/ila_core_inst/u_ila_regs/reg_887/I_EN_STAT_EQ1.U_STAT/xsdb_reg_reg[2]' (FDE) to 'inst/ila_core_inst/u_ila_regs/CNT_WIDTH_STATUS[0].cnt_width_reg/I_EN_STAT_EQ1.U_STAT/xsdb_reg_reg[4]'
INFO: [Synth 8-3886] merging instance 'inst/ila_core_inst/u_ila_regs/N_DDR_MODE_MU1.MU_STATUS[8].mu_tpid_reg/I_EN_STAT_EQ1.U_STAT/xsdb_reg_reg[2]' (FDE) to 'inst/ila_core_inst/u_ila_regs/CNT_WIDTH_STATUS[0].cnt_width_reg/I_EN_STAT_EQ1.U_STAT/xsdb_reg_reg[4]'
INFO: [Synth 8-3886] merging instance 'inst/ila_core_inst/u_ila_regs/N_DDR_MODE_MU1.MU_STATUS[10].mu_tpid_reg/I_EN_STAT_EQ1.U_STAT/xsdb_reg_reg[2]' (FDE) to 'inst/ila_core_inst/u_ila_regs/CNT_WIDTH_STATUS[0].cnt_width_reg/I_EN_STAT_EQ1.U_STAT/xsdb_reg_reg[4]'
INFO: [Synth 8-3886] merging instance 'inst/ila_core_inst/u_ila_regs/N_DDR_MODE_MU1.MU_STATUS[6].mu_tpid_reg/I_EN_STAT_EQ1.U_STAT/xsdb_reg_reg[2]' (FDE) to 'inst/ila_core_inst/u_ila_regs/CNT_WIDTH_STATUS[0].cnt_width_reg/I_EN_STAT_EQ1.U_STAT/xsdb_reg_reg[3]'
INFO: [Synth 8-3886] merging instance 'inst/ila_core_inst/u_ila_regs/N_DDR_MODE_MU1.MU_STATUS[4].mu_tpid_reg/I_EN_STAT_EQ1.U_STAT/xsdb_reg_reg[2]' (FDE) to 'inst/ila_core_inst/u_ila_regs/CNT_WIDTH_STATUS[0].cnt_width_reg/I_EN_STAT_EQ1.U_STAT/xsdb_reg_reg[3]'
INFO: [Synth 8-3886] merging instance 'inst/ila_core_inst/u_ila_regs/N_DDR_MODE.PROBE_STATUS[1].probe_width_reg/I_EN_STAT_EQ1.U_STAT/xsdb_reg_reg[2]' (FDE) to 'inst/ila_core_inst/u_ila_regs/CNT_WIDTH_STATUS[0].cnt_width_reg/I_EN_STAT_EQ1.U_STAT/xsdb_reg_reg[3]'
INFO: [Synth 8-3886] merging instance 'inst/ila_core_inst/u_ila_regs/reg_14/I_EN_STAT_EQ1.U_STAT/xsdb_reg_reg[2]' (FDE) to 'inst/ila_core_inst/u_ila_regs/CNT_WIDTH_STATUS[0].cnt_width_reg/I_EN_STAT_EQ1.U_STAT/xsdb_reg_reg[3]'
INFO: [Synth 8-3886] merging instance 'inst/ila_core_inst/u_ila_regs/reg_13/I_EN_STAT_EQ1.U_STAT/xsdb_reg_reg[2]' (FDE) to 'inst/ila_core_inst/u_ila_regs/CNT_WIDTH_STATUS[0].cnt_width_reg/I_EN_STAT_EQ1.U_STAT/xsdb_reg_reg[3]'
INFO: [Synth 8-3886] merging instance 'inst/ila_core_inst/u_ila_regs/reg_12/I_EN_STAT_EQ1.U_STAT/xsdb_reg_reg[2]' (FDE) to 'inst/ila_core_inst/u_ila_regs/CNT_WIDTH_STATUS[0].cnt_width_reg/I_EN_STAT_EQ1.U_STAT/xsdb_reg_reg[3]'
INFO: [Synth 8-3886] merging instance 'inst/ila_core_inst/u_ila_regs/reg_11/I_EN_STAT_EQ1.U_STAT/xsdb_reg_reg[2]' (FDE) to 'inst/ila_core_inst/u_ila_regs/CNT_WIDTH_STATUS[0].cnt_width_reg/I_EN_STAT_EQ1.U_STAT/xsdb_reg_reg[3]'
INFO: [Synth 8-3886] merging instance 'inst/ila_core_inst/u_ila_regs/reg_10/I_EN_STAT_EQ1.U_STAT/xsdb_reg_reg[2]' (FDE) to 'inst/ila_core_inst/u_ila_regs/CNT_WIDTH_STATUS[0].cnt_width_reg/I_EN_STAT_EQ1.U_STAT/xsdb_reg_reg[3]'
INFO: [Synth 8-3886] merging instance 'inst/ila_core_inst/u_ila_regs/reg_f/I_EN_STAT_EQ1.U_STAT/xsdb_reg_reg[2]' (FDE) to 'inst/ila_core_inst/u_ila_regs/CNT_WIDTH_STATUS[0].cnt_width_reg/I_EN_STAT_EQ1.U_STAT/xsdb_reg_reg[3]'
INFO: [Synth 8-3886] merging instance 'inst/ila_core_inst/u_ila_regs/reg_e/I_EN_STAT_EQ1.U_STAT/xsdb_reg_reg[2]' (FDE) to 'inst/ila_core_inst/u_ila_regs/CNT_WIDTH_STATUS[0].cnt_width_reg/I_EN_STAT_EQ1.U_STAT/xsdb_reg_reg[3]'
INFO: [Synth 8-3886] merging instance 'inst/ila_core_inst/u_ila_regs/reg_d/I_EN_STAT_EQ1.U_STAT/xsdb_reg_reg[2]' (FDE) to 'inst/ila_core_inst/u_ila_regs/CNT_WIDTH_STATUS[0].cnt_width_reg/I_EN_STAT_EQ1.U_STAT/xsdb_reg_reg[3]'
INFO: [Synth 8-3886] merging instance 'inst/ila_core_inst/u_ila_regs/reg_c/I_EN_STAT_EQ1.U_STAT/xsdb_reg_reg[2]' (FDE) to 'inst/ila_core_inst/u_ila_regs/CNT_WIDTH_STATUS[0].cnt_width_reg/I_EN_STAT_EQ1.U_STAT/xsdb_reg_reg[3]'
INFO: [Synth 8-3886] merging instance 'inst/ila_core_inst/u_ila_regs/reg_b/I_EN_STAT_EQ1.U_STAT/xsdb_reg_reg[2]' (FDE) to 'inst/ila_core_inst/u_ila_regs/CNT_WIDTH_STATUS[0].cnt_width_reg/I_EN_STAT_EQ1.U_STAT/xsdb_reg_reg[3]'
INFO: [Synth 8-3886] merging instance 'inst/ila_core_inst/u_ila_regs/reg_a/I_EN_STAT_EQ1.U_STAT/xsdb_reg_reg[2]' (FDE) to 'inst/ila_core_inst/u_ila_regs/CNT_WIDTH_STATUS[0].cnt_width_reg/I_EN_STAT_EQ1.U_STAT/xsdb_reg_reg[3]'
INFO: [Synth 8-3886] merging instance 'inst/ila_core_inst/u_ila_regs/reg_4/I_EN_STAT_EQ1.U_STAT/xsdb_reg_reg[2]' (FDE) to 'inst/ila_core_inst/u_ila_regs/CNT_WIDTH_STATUS[0].cnt_width_reg/I_EN_STAT_EQ1.U_STAT/xsdb_reg_reg[3]'
INFO: [Synth 8-3886] merging instance 'inst/ila_core_inst/u_ila_regs/reg_3/I_EN_STAT_EQ1.U_STAT/xsdb_reg_reg[2]' (FDE) to 'inst/ila_core_inst/u_ila_regs/CNT_WIDTH_STATUS[0].cnt_width_reg/I_EN_STAT_EQ1.U_STAT/xsdb_reg_reg[4]'
INFO: [Synth 8-3886] merging instance 'inst/ila_core_inst/u_ila_regs/reg_2/I_EN_STAT_EQ1.U_STAT/xsdb_reg_reg[2]' (FDE) to 'inst/ila_core_inst/u_ila_regs/CNT_WIDTH_STATUS[0].cnt_width_reg/I_EN_STAT_EQ1.U_STAT/xsdb_reg_reg[3]'
INFO: [Synth 8-3886] merging instance 'inst/ila_core_inst/u_ila_regs/reg_1/I_EN_STAT_EQ1.U_STAT/xsdb_reg_reg[2]' (FDE) to 'inst/ila_core_inst/u_ila_regs/CNT_WIDTH_STATUS[0].cnt_width_reg/I_EN_STAT_EQ1.U_STAT/xsdb_reg_reg[3]'
INFO: [Synth 8-3886] merging instance 'inst/ila_core_inst/u_ila_regs/reg_0/I_EN_STAT_EQ1.U_STAT/xsdb_reg_reg[2]' (FDE) to 'inst/ila_core_inst/u_ila_regs/CNT_WIDTH_STATUS[0].cnt_width_reg/I_EN_STAT_EQ1.U_STAT/xsdb_reg_reg[3]'
INFO: [Synth 8-3886] merging instance 'inst/ila_core_inst/u_ila_regs/slaveRegDo_ff8_reg[3]' (FDRE) to 'inst/ila_core_inst/u_ila_regs/slaveRegDo_ff8_reg[4]'
INFO: [Synth 8-3333] propagating constant 0 across sequential element (inst/\ila_core_inst/u_ila_regs /\slaveRegDo_ff7_reg[3] )
INFO: [Synth 8-3886] merging instance 'inst/ila_core_inst/u_ila_regs/CNT_WIDTH_STATUS[0].cnt_width_reg/I_EN_STAT_EQ1.U_STAT/xsdb_reg_reg[3]' (FDE) to 'inst/ila_core_inst/u_ila_regs/CNT_WIDTH_STATUS[0].cnt_width_reg/I_EN_STAT_EQ1.U_STAT/xsdb_reg_reg[5]'
INFO: [Synth 8-3886] merging instance 'inst/ila_core_inst/u_ila_regs/reg_88d/I_EN_STAT_EQ1.U_STAT/xsdb_reg_reg[3]' (FDE) to 'inst/ila_core_inst/u_ila_regs/CNT_WIDTH_STATUS[0].cnt_width_reg/I_EN_STAT_EQ1.U_STAT/xsdb_reg_reg[5]'
INFO: [Synth 8-3886] merging instance 'inst/ila_core_inst/u_ila_regs/N_DDR_MODE_MU1.MU_STATUS[8].mu_tpid_reg/I_EN_STAT_EQ1.U_STAT/xsdb_reg_reg[3]' (FDE) to 'inst/ila_core_inst/u_ila_regs/CNT_WIDTH_STATUS[0].cnt_width_reg/I_EN_STAT_EQ1.U_STAT/xsdb_reg_reg[5]'
INFO: [Synth 8-3886] merging instance 'inst/ila_core_inst/u_ila_regs/N_DDR_MODE_MU1.MU_STATUS[10].mu_tpid_reg/I_EN_STAT_EQ1.U_STAT/xsdb_reg_reg[3]' (FDE) to 'inst/ila_core_inst/u_ila_regs/CNT_WIDTH_STATUS[0].cnt_width_reg/I_EN_STAT_EQ1.U_STAT/xsdb_reg_reg[5]'
INFO: [Synth 8-3886] merging instance 'inst/ila_core_inst/u_ila_regs/N_DDR_MODE_MU1.MU_STATUS[6].mu_tpid_reg/I_EN_STAT_EQ1.U_STAT/xsdb_reg_reg[3]' (FDE) to 'inst/ila_core_inst/u_ila_regs/CNT_WIDTH_STATUS[0].cnt_width_reg/I_EN_STAT_EQ1.U_STAT/xsdb_reg_reg[5]'
INFO: [Synth 8-3886] merging instance 'inst/ila_core_inst/u_ila_regs/N_DDR_MODE_MU1.MU_STATUS[4].mu_tpid_reg/I_EN_STAT_EQ1.U_STAT/xsdb_reg_reg[3]' (FDE) to 'inst/ila_core_inst/u_ila_regs/CNT_WIDTH_STATUS[0].cnt_width_reg/I_EN_STAT_EQ1.U_STAT/xsdb_reg_reg[5]'
INFO: [Synth 8-3886] merging instance 'inst/ila_core_inst/u_ila_regs/N_DDR_MODE.PROBE_STATUS[1].probe_width_reg/I_EN_STAT_EQ1.U_STAT/xsdb_reg_reg[3]' (FDE) to 'inst/ila_core_inst/u_ila_regs/CNT_WIDTH_STATUS[0].cnt_width_reg/I_EN_STAT_EQ1.U_STAT/xsdb_reg_reg[4]'
INFO: [Synth 8-3886] merging instance 'inst/ila_core_inst/u_ila_regs/reg_14/I_EN_STAT_EQ1.U_STAT/xsdb_reg_reg[3]' (FDE) to 'inst/ila_core_inst/u_ila_regs/CNT_WIDTH_STATUS[0].cnt_width_reg/I_EN_STAT_EQ1.U_STAT/xsdb_reg_reg[5]'
INFO: [Synth 8-3886] merging instance 'inst/ila_core_inst/u_ila_regs/reg_13/I_EN_STAT_EQ1.U_STAT/xsdb_reg_reg[3]' (FDE) to 'inst/ila_core_inst/u_ila_regs/CNT_WIDTH_STATUS[0].cnt_width_reg/I_EN_STAT_EQ1.U_STAT/xsdb_reg_reg[5]'
INFO: [Synth 8-3886] merging instance 'inst/ila_core_inst/u_ila_regs/reg_12/I_EN_STAT_EQ1.U_STAT/xsdb_reg_reg[3]' (FDE) to 'inst/ila_core_inst/u_ila_regs/CNT_WIDTH_STATUS[0].cnt_width_reg/I_EN_STAT_EQ1.U_STAT/xsdb_reg_reg[5]'
INFO: [Synth 8-3886] merging instance 'inst/ila_core_inst/u_ila_regs/reg_11/I_EN_STAT_EQ1.U_STAT/xsdb_reg_reg[3]' (FDE) to 'inst/ila_core_inst/u_ila_regs/CNT_WIDTH_STATUS[0].cnt_width_reg/I_EN_STAT_EQ1.U_STAT/xsdb_reg_reg[5]'
INFO: [Synth 8-3886] merging instance 'inst/ila_core_inst/u_ila_regs/reg_10/I_EN_STAT_EQ1.U_STAT/xsdb_reg_reg[3]' (FDE) to 'inst/ila_core_inst/u_ila_regs/CNT_WIDTH_STATUS[0].cnt_width_reg/I_EN_STAT_EQ1.U_STAT/xsdb_reg_reg[5]'
INFO: [Synth 8-3886] merging instance 'inst/ila_core_inst/u_ila_regs/reg_f/I_EN_STAT_EQ1.U_STAT/xsdb_reg_reg[3]' (FDE) to 'inst/ila_core_inst/u_ila_regs/CNT_WIDTH_STATUS[0].cnt_width_reg/I_EN_STAT_EQ1.U_STAT/xsdb_reg_reg[5]'
INFO: [Synth 8-3886] merging instance 'inst/ila_core_inst/u_ila_regs/reg_e/I_EN_STAT_EQ1.U_STAT/xsdb_reg_reg[3]' (FDE) to 'inst/ila_core_inst/u_ila_regs/CNT_WIDTH_STATUS[0].cnt_width_reg/I_EN_STAT_EQ1.U_STAT/xsdb_reg_reg[5]'
INFO: [Synth 8-3886] merging instance 'inst/ila_core_inst/u_ila_regs/reg_d/I_EN_STAT_EQ1.U_STAT/xsdb_reg_reg[3]' (FDE) to 'inst/ila_core_inst/u_ila_regs/CNT_WIDTH_STATUS[0].cnt_width_reg/I_EN_STAT_EQ1.U_STAT/xsdb_reg_reg[5]'
INFO: [Synth 8-3886] merging instance 'inst/ila_core_inst/u_ila_regs/reg_c/I_EN_STAT_EQ1.U_STAT/xsdb_reg_reg[3]' (FDE) to 'inst/ila_core_inst/u_ila_regs/CNT_WIDTH_STATUS[0].cnt_width_reg/I_EN_STAT_EQ1.U_STAT/xsdb_reg_reg[5]'
INFO: [Synth 8-3886] merging instance 'inst/ila_core_inst/u_ila_regs/reg_b/I_EN_STAT_EQ1.U_STAT/xsdb_reg_reg[3]' (FDE) to 'inst/ila_core_inst/u_ila_regs/CNT_WIDTH_STATUS[0].cnt_width_reg/I_EN_STAT_EQ1.U_STAT/xsdb_reg_reg[5]'
INFO: [Synth 8-3886] merging instance 'inst/ila_core_inst/u_ila_regs/reg_a/I_EN_STAT_EQ1.U_STAT/xsdb_reg_reg[3]' (FDE) to 'inst/ila_core_inst/u_ila_regs/CNT_WIDTH_STATUS[0].cnt_width_reg/I_EN_STAT_EQ1.U_STAT/xsdb_reg_reg[5]'
INFO: [Synth 8-3886] merging instance 'inst/ila_core_inst/u_ila_regs/reg_4/I_EN_STAT_EQ1.U_STAT/xsdb_reg_reg[3]' (FDE) to 'inst/ila_core_inst/u_ila_regs/CNT_WIDTH_STATUS[0].cnt_width_reg/I_EN_STAT_EQ1.U_STAT/xsdb_reg_reg[5]'
INFO: [Synth 8-3886] merging instance 'inst/ila_core_inst/u_ila_regs/reg_3/I_EN_STAT_EQ1.U_STAT/xsdb_reg_reg[3]' (FDE) to 'inst/ila_core_inst/u_ila_regs/CNT_WIDTH_STATUS[0].cnt_width_reg/I_EN_STAT_EQ1.U_STAT/xsdb_reg_reg[4]'
INFO: [Synth 8-3886] merging instance 'inst/ila_core_inst/u_ila_regs/reg_2/I_EN_STAT_EQ1.U_STAT/xsdb_reg_reg[3]' (FDE) to 'inst/ila_core_inst/u_ila_regs/CNT_WIDTH_STATUS[0].cnt_width_reg/I_EN_STAT_EQ1.U_STAT/xsdb_reg_reg[5]'
INFO: [Synth 8-3886] merging instance 'inst/ila_core_inst/u_ila_regs/reg_1/I_EN_STAT_EQ1.U_STAT/xsdb_reg_reg[3]' (FDE) to 'inst/ila_core_inst/u_ila_regs/CNT_WIDTH_STATUS[0].cnt_width_reg/I_EN_STAT_EQ1.U_STAT/xsdb_reg_reg[5]'
INFO: [Synth 8-3886] merging instance 'inst/ila_core_inst/u_ila_regs/reg_0/I_EN_STAT_EQ1.U_STAT/xsdb_reg_reg[3]' (FDE) to 'inst/ila_core_inst/u_ila_regs/CNT_WIDTH_STATUS[0].cnt_width_reg/I_EN_STAT_EQ1.U_STAT/xsdb_reg_reg[4]'
INFO: [Synth 8-3333] propagating constant 0 across sequential element (inst/\ila_core_inst/u_ila_regs /\slaveRegDo_ff7_reg[4] )
INFO: [Synth 8-3886] merging instance 'inst/ila_core_inst/u_ila_regs/CNT_WIDTH_STATUS[0].cnt_width_reg/I_EN_STAT_EQ1.U_STAT/xsdb_reg_reg[4]' (FDE) to 'inst/ila_core_inst/u_ila_regs/reg_4/I_EN_STAT_EQ1.U_STAT/xsdb_reg_reg[5]'
INFO: [Synth 8-3886] merging instance 'inst/ila_core_inst/u_ila_regs/reg_88d/I_EN_STAT_EQ1.U_STAT/xsdb_reg_reg[4]' (FDE) to 'inst/ila_core_inst/u_ila_regs/CNT_WIDTH_STATUS[0].cnt_width_reg/I_EN_STAT_EQ1.U_STAT/xsdb_reg_reg[5]'
INFO: [Synth 8-3886] merging instance 'inst/ila_core_inst/u_ila_regs/reg_887/I_EN_STAT_EQ1.U_STAT/xsdb_reg_reg[4]' (FDE) to 'inst/ila_core_inst/u_ila_regs/CNT_WIDTH_STATUS[0].cnt_width_reg/I_EN_STAT_EQ1.U_STAT/xsdb_reg_reg[5]'
INFO: [Common 17-14] Message 'Synth 8-3886' appears 100 times and further instances of the messages will be disabled. Use the Tcl command set_msg_config to change the current settings.
INFO: [Synth 8-3333] propagating constant 0 across sequential element (inst/\ila_core_inst/u_ila_regs /\slaveRegDo_ff7_reg[5] )
INFO: [Synth 8-3333] propagating constant 1 across sequential element (inst/\ila_core_inst/u_ila_regs /\reg_0/I_EN_STAT_EQ1.U_STAT/xsdb_reg_reg[5] )
INFO: [Synth 8-3333] propagating constant 0 across sequential element (inst/\ila_core_inst/u_ila_regs /\slaveRegDo_ff7_reg[6] )
INFO: [Synth 8-3333] propagating constant 0 across sequential element (inst/\ila_core_inst/u_ila_regs /\slaveRegDo_ff7_reg[7] )
INFO: [Synth 8-3333] propagating constant 0 across sequential element (inst/\ila_core_inst/u_ila_regs /\slaveRegDo_ff7_reg[8] )
INFO: [Synth 8-3333] propagating constant 0 across sequential element (inst/\ila_core_inst/u_ila_regs /\slaveRegDo_ff7_reg[9] )
INFO: [Synth 8-3333] propagating constant 0 across sequential element (inst/\ila_core_inst/u_ila_regs /\slaveRegDo_ff7_reg[10] )
INFO: [Synth 8-3333] propagating constant 0 across sequential element (inst/\ila_core_inst/u_ila_regs /\slaveRegDo_ff7_reg[11] )
INFO: [Synth 8-3333] propagating constant 0 across sequential element (inst/\ila_core_inst/u_ila_regs /\slaveRegDo_ff7_reg[12] )
INFO: [Synth 8-3333] propagating constant 0 across sequential element (inst/\ila_core_inst/u_ila_regs /\slaveRegDo_ff7_reg[13] )
INFO: [Synth 8-3333] propagating constant 0 across sequential element (inst/\ila_core_inst/u_ila_regs /\slaveRegDo_ff8_reg[14] )
INFO: [Synth 8-3333] propagating constant 0 across sequential element (inst/\ila_core_inst/u_ila_regs /\slaveRegDo_ff7_reg[14] )
INFO: [Synth 8-3333] propagating constant 0 across sequential element (inst/\ila_core_inst/u_ila_regs /\slaveRegDo_ff7_reg[15] )
INFO: [Synth 8-3333] propagating constant 0 across sequential element (inst/\ila_core_inst/u_ila_regs /\reg_0/I_EN_STAT_EQ1.U_STAT/xsdb_reg_reg[15] )
INFO: [Synth 8-3333] propagating constant 0 across sequential element (inst/\ila_core_inst/u_ila_regs /\slaveRegDo_mux_1_reg[4] )
INFO: [Synth 8-3333] propagating constant 0 across sequential element (inst/\ila_core_inst/u_ila_regs /\slaveRegDo_mux_1_reg[5] )
INFO: [Synth 8-3333] propagating constant 0 across sequential element (inst/\ila_core_inst/u_ila_regs /\slaveRegDo_mux_1_reg[6] )
INFO: [Synth 8-3333] propagating constant 0 across sequential element (inst/\ila_core_inst/u_ila_regs /\slaveRegDo_mux_1_reg[7] )
INFO: [Synth 8-3333] propagating constant 0 across sequential element (inst/\ila_core_inst/u_ila_regs /\slaveRegDo_mux_1_reg[8] )
INFO: [Synth 8-3333] propagating constant 0 across sequential element (inst/\ila_core_inst/u_ila_regs /\slaveRegDo_mux_1_reg[9] )
INFO: [Synth 8-3333] propagating constant 0 across sequential element (inst/\ila_core_inst/u_ila_regs /\slaveRegDo_mux_1_reg[10] )
INFO: [Synth 8-3333] propagating constant 0 across sequential element (inst/\ila_core_inst/u_ila_regs /\slaveRegDo_mux_1_reg[11] )
INFO: [Synth 8-3333] propagating constant 0 across sequential element (inst/\ila_core_inst/u_ila_regs /\slaveRegDo_mux_1_reg[12] )
INFO: [Synth 8-3333] propagating constant 0 across sequential element (inst/\ila_core_inst/u_ila_regs /\slaveRegDo_mux_1_reg[13] )
INFO: [Synth 8-3333] propagating constant 0 across sequential element (inst/\ila_core_inst/u_ila_regs /\slaveRegDo_mux_1_reg[14] )
INFO: [Synth 8-3333] propagating constant 0 across sequential element (inst/\ila_core_inst/u_ila_regs /\slaveRegDo_mux_1_reg[15] )
---------------------------------------------------------------------------------
Finished Cross Boundary and Area Optimization : Time (s): cpu = 00:01:43 ; elapsed = 00:01:47 . Memory (MB): peak = 1066.336 ; gain = 672.008
---------------------------------------------------------------------------------
---------------------------------------------------------------------------------
Start ROM, RAM, DSP and Shift Register Reporting
---------------------------------------------------------------------------------

Distributed RAM: Preliminary Mapping  Report (see note below)
+------------+----------------------------------------------------+----------------+----------------------+---------------+
|Module Name | RTL Object                                         | Inference      | Size (Depth x Width) | Primitives    | 
+------------+----------------------------------------------------+----------------+----------------------+---------------+
|inst        | ila_core_inst/ADV_TRIG.u_adv_trig/fsm_mem_data_reg | User Attribute | 128 x 24             | RAM64M x 32   | 
+------------+----------------------------------------------------+----------------+----------------------+---------------+

Note: The table above is a preliminary report that shows the Distributed RAMs at the current stage of the synthesis flow. Some Distributed RAMs may be reimplemented as non Distributed RAM primitives later in the synthesis flow. Multiple instantiated RAMs are reported only once.
---------------------------------------------------------------------------------
Finished ROM, RAM, DSP and Shift Register Reporting
---------------------------------------------------------------------------------

Report RTL Partitions: 
+-+--------------+------------+----------+
| |RTL Partition |Replication |Instances |
+-+--------------+------------+----------+
+-+--------------+------------+----------+
---------------------------------------------------------------------------------
Start Applying XDC Timing Constraints
---------------------------------------------------------------------------------
---------------------------------------------------------------------------------
Finished Applying XDC Timing Constraints : Time (s): cpu = 00:01:49 ; elapsed = 00:01:53 . Memory (MB): peak = 1066.336 ; gain = 672.008
---------------------------------------------------------------------------------
---------------------------------------------------------------------------------
Start Timing Optimization
---------------------------------------------------------------------------------
---------------------------------------------------------------------------------
Finished Timing Optimization : Time (s): cpu = 00:01:49 ; elapsed = 00:01:53 . Memory (MB): peak = 1066.336 ; gain = 672.008
---------------------------------------------------------------------------------
---------------------------------------------------------------------------------
Start ROM, RAM, DSP and Shift Register Reporting
---------------------------------------------------------------------------------

Distributed RAM: Final Mapping  Report
+------------+----------------------------------------------------+----------------+----------------------+---------------+
|Module Name | RTL Object                                         | Inference      | Size (Depth x Width) | Primitives    | 
+------------+----------------------------------------------------+----------------+----------------------+---------------+
|inst        | ila_core_inst/ADV_TRIG.u_adv_trig/fsm_mem_data_reg | User Attribute | 128 x 24             | RAM64M x 32   | 
+------------+----------------------------------------------------+----------------+----------------------+---------------+

---------------------------------------------------------------------------------
Finished ROM, RAM, DSP and Shift Register Reporting
---------------------------------------------------------------------------------

Report RTL Partitions: 
+-+--------------+------------+----------+
| |RTL Partition |Replication |Instances |
+-+--------------+------------+----------+
+-+--------------+------------+----------+
---------------------------------------------------------------------------------
Start Technology Mapping
---------------------------------------------------------------------------------
---------------------------------------------------------------------------------
Finished Technology Mapping : Time (s): cpu = 00:01:51 ; elapsed = 00:01:55 . Memory (MB): peak = 1068.367 ; gain = 674.039
---------------------------------------------------------------------------------

Report RTL Partitions: 
+-+--------------+------------+----------+
| |RTL Partition |Replication |Instances |
+-+--------------+------------+----------+
+-+--------------+------------+----------+
---------------------------------------------------------------------------------
Start IO Insertion
---------------------------------------------------------------------------------
---------------------------------------------------------------------------------
Start Flattening Before IO Insertion
---------------------------------------------------------------------------------
---------------------------------------------------------------------------------
Finished Flattening Before IO Insertion
---------------------------------------------------------------------------------
---------------------------------------------------------------------------------
Start Final Netlist Cleanup
---------------------------------------------------------------------------------
INFO: [Synth 8-6064] Net \ila_core_inst/trace_read_en  is driving 92 big block pins (URAM, BRAM and DSP loads). Created 10 replicas of its driver. 
---------------------------------------------------------------------------------
Finished Final Netlist Cleanup
---------------------------------------------------------------------------------
INFO: [Synth 8-3295] tying undriven pin dummy_inferred:in0 to constant 0
INFO: [Synth 8-3295] tying undriven pin inst:sl_iport0[36] to constant 0
INFO: [Synth 8-3295] tying undriven pin inst:sl_iport0[35] to constant 0
INFO: [Synth 8-3295] tying undriven pin inst:sl_iport0[34] to constant 0
INFO: [Synth 8-3295] tying undriven pin inst:sl_iport0[33] to constant 0
INFO: [Synth 8-3295] tying undriven pin inst:sl_iport0[32] to constant 0
INFO: [Synth 8-3295] tying undriven pin inst:sl_iport0[31] to constant 0
INFO: [Synth 8-3295] tying undriven pin inst:sl_iport0[30] to constant 0
INFO: [Synth 8-3295] tying undriven pin inst:sl_iport0[29] to constant 0
INFO: [Synth 8-3295] tying undriven pin inst:sl_iport0[28] to constant 0
INFO: [Synth 8-3295] tying undriven pin inst:sl_iport0[27] to constant 0
INFO: [Synth 8-3295] tying undriven pin inst:sl_iport0[26] to constant 0
INFO: [Synth 8-3295] tying undriven pin inst:sl_iport0[25] to constant 0
INFO: [Synth 8-3295] tying undriven pin inst:sl_iport0[24] to constant 0
INFO: [Synth 8-3295] tying undriven pin inst:sl_iport0[23] to constant 0
INFO: [Synth 8-3295] tying undriven pin inst:sl_iport0[22] to constant 0
INFO: [Synth 8-3295] tying undriven pin inst:sl_iport0[21] to constant 0
INFO: [Synth 8-3295] tying undriven pin inst:sl_iport0[20] to constant 0
INFO: [Synth 8-3295] tying undriven pin inst:sl_iport0[19] to constant 0
INFO: [Synth 8-3295] tying undriven pin inst:sl_iport0[18] to constant 0
INFO: [Synth 8-3295] tying undriven pin inst:sl_iport0[17] to constant 0
INFO: [Synth 8-3295] tying undriven pin inst:sl_iport0[16] to constant 0
INFO: [Synth 8-3295] tying undriven pin inst:sl_iport0[15] to constant 0
INFO: [Synth 8-3295] tying undriven pin inst:sl_iport0[14] to constant 0
INFO: [Synth 8-3295] tying undriven pin inst:sl_iport0[13] to constant 0
INFO: [Synth 8-3295] tying undriven pin inst:sl_iport0[12] to constant 0
INFO: [Synth 8-3295] tying undriven pin inst:sl_iport0[11] to constant 0
INFO: [Synth 8-3295] tying undriven pin inst:sl_iport0[10] to constant 0
INFO: [Synth 8-3295] tying undriven pin inst:sl_iport0[9] to constant 0
INFO: [Synth 8-3295] tying undriven pin inst:sl_iport0[8] to constant 0
INFO: [Synth 8-3295] tying undriven pin inst:sl_iport0[7] to constant 0
INFO: [Synth 8-3295] tying undriven pin inst:sl_iport0[6] to constant 0
INFO: [Synth 8-3295] tying undriven pin inst:sl_iport0[5] to constant 0
INFO: [Synth 8-3295] tying undriven pin inst:sl_iport0[4] to constant 0
INFO: [Synth 8-3295] tying undriven pin inst:sl_iport0[3] to constant 0
INFO: [Synth 8-3295] tying undriven pin inst:sl_iport0[2] to constant 0
INFO: [Synth 8-3295] tying undriven pin inst:sl_iport0[1] to constant 0
INFO: [Synth 8-3295] tying undriven pin inst:sl_iport0[0] to constant 0
INFO: [Synth 8-3295] tying undriven pin inst:trig_in to constant 0
INFO: [Synth 8-3295] tying undriven pin inst:trig_out_ack to constant 0
---------------------------------------------------------------------------------
Finished IO Insertion : Time (s): cpu = 00:01:51 ; elapsed = 00:01:56 . Memory (MB): peak = 1068.367 ; gain = 674.039
---------------------------------------------------------------------------------

Report Check Netlist: 
+------+------------------+-------+---------+-------+------------------+
|      |Item              |Errors |Warnings |Status |Description       |
+------+------------------+-------+---------+-------+------------------+
|1     |multi_driven_nets |      0|        0|Passed |Multi driven nets |
+------+------------------+-------+---------+-------+------------------+
---------------------------------------------------------------------------------
Start Renaming Generated Instances
---------------------------------------------------------------------------------
---------------------------------------------------------------------------------
Finished Renaming Generated Instances : Time (s): cpu = 00:01:51 ; elapsed = 00:01:56 . Memory (MB): peak = 1068.367 ; gain = 674.039
---------------------------------------------------------------------------------

Report RTL Partitions: 
+-+--------------+------------+----------+
| |RTL Partition |Replication |Instances |
+-+--------------+------------+----------+
+-+--------------+------------+----------+
---------------------------------------------------------------------------------
Start Rebuilding User Hierarchy
---------------------------------------------------------------------------------
---------------------------------------------------------------------------------
Finished Rebuilding User Hierarchy : Time (s): cpu = 00:01:52 ; elapsed = 00:01:56 . Memory (MB): peak = 1068.367 ; gain = 674.039
---------------------------------------------------------------------------------
---------------------------------------------------------------------------------
Start Renaming Generated Ports
---------------------------------------------------------------------------------
---------------------------------------------------------------------------------
Finished Renaming Generated Ports : Time (s): cpu = 00:01:52 ; elapsed = 00:01:56 . Memory (MB): peak = 1068.367 ; gain = 674.039
---------------------------------------------------------------------------------
---------------------------------------------------------------------------------
Start Handling Custom Attributes
---------------------------------------------------------------------------------
---------------------------------------------------------------------------------
Finished Handling Custom Attributes : Time (s): cpu = 00:01:52 ; elapsed = 00:01:56 . Memory (MB): peak = 1068.367 ; gain = 674.039
---------------------------------------------------------------------------------
---------------------------------------------------------------------------------
Start Renaming Generated Nets
---------------------------------------------------------------------------------
---------------------------------------------------------------------------------
Finished Renaming Generated Nets : Time (s): cpu = 00:01:52 ; elapsed = 00:01:56 . Memory (MB): peak = 1068.367 ; gain = 674.039
---------------------------------------------------------------------------------
---------------------------------------------------------------------------------
Start ROM, RAM, DSP and Shift Register Reporting
---------------------------------------------------------------------------------

Static Shift Register Report:
+---------------------------+----------------------------------------------------------------------------------+--------+-------+--------------+--------------------+-------------------+--------+---------+
|Module Name                | RTL Name                                                                         | Length | Width | Reset Signal | Pull out first Reg | Pull out last Reg | SRL16E | SRLC32E | 
+---------------------------+----------------------------------------------------------------------------------+--------+-------+--------------+--------------------+-------------------+--------+---------+
|ila_v6_2_8_generic_counter | counter_load_i_reg[16]                                                           | 16     | 4     | NO           | NO                 | YES               | 4      | 0       | 
|ila_v6_2_8_ila             | ila_core_inst/u_ila_regs/adv_rb_drdy4_reg                                        | 3      | 1     | NO           | NO                 | YES               | 1      | 0       | 
|ila_v6_2_8_ila             | ila_core_inst/xsdb_memory_read_inst/multiple_read_latency.read_enable_out_reg[3] | 4      | 1     | NO           | NO                 | YES               | 1      | 0       | 
|ila_v6_2_8_ila             | ila_core_inst/xsdb_memory_read_inst/multiple_enable_latency.enable_out_reg[3]    | 4      | 1     | NO           | NO                 | YES               | 1      | 0       | 
|ila_v6_2_8_ila             | ila_core_inst/shifted_data_in_reg[8][41]                                         | 9      | 42    | NO           | NO                 | YES               | 42     | 0       | 
+---------------------------+----------------------------------------------------------------------------------+--------+-------+--------------+--------------------+-------------------+--------+---------+

---------------------------------------------------------------------------------
Finished ROM, RAM, DSP and Shift Register Reporting
---------------------------------------------------------------------------------
---------------------------------------------------------------------------------
Start Writing Synthesis Report
---------------------------------------------------------------------------------

Report BlackBoxes: 
+-+--------------+----------+
| |BlackBox name |Instances |
+-+--------------+----------+
+-+--------------+----------+

Report Cell Usage: 
+------+-----------+------+
|      |Cell       |Count |
+------+-----------+------+
|1     |CARRY4     |   164|
|2     |CFGLUT5    |   400|
|3     |LUT1       |    82|
|4     |LUT2       |   105|
|5     |LUT3       |   301|
|6     |LUT4       |   511|
|7     |LUT5       |   260|
|8     |LUT6       |  1546|
|9     |MUXF7      |   163|
|10    |MUXF8      |    38|
|11    |RAM64M     |    32|
|12    |RAMB36E1   |    64|
|13    |RAMB36E1_1 |     7|
|14    |RAMB36E1_2 |     7|
|15    |SRL16E     |    50|
|16    |SRLC16E    |     2|
|17    |SRLC32E    |    17|
|18    |FDRE       |  3825|
|19    |FDSE       |     9|
+------+-----------+------+

Report Instance Areas: 
+------+------------------------------------------------------------------------+-------------------------------------------------+------+
|      |Instance                                                                |Module                                           |Cells |
+------+------------------------------------------------------------------------+-------------------------------------------------+------+
|1     |top                                                                     |                                                 |  7583|
|2     |  inst                                                                  |ila_v6_2_8_ila                                   |  7583|
|3     |    ila_core_inst                                                       |ila_v6_2_8_ila_core                              |  7576|
|4     |      \ADV_TRIG_MEM_READ.u_fsm_memory_read_inst                         |ila_v6_2_8_ila_fsm_memory_read                   |    52|
|5     |      \ADV_TRIG.u_adv_trig                                              |ila_v6_2_8_ila_adv_trigger_sequencer             |   185|
|6     |      \COUNTER.u_count                                                  |ila_v6_2_8_ila_counter                           |   232|
|7     |        \G_COUNTER[0].U_COUNTER                                         |ila_v6_2_8_generic_counter__1                    |    58|
|8     |        \G_COUNTER[1].U_COUNTER                                         |ila_v6_2_8_generic_counter__2                    |    58|
|9     |        \G_COUNTER[2].U_COUNTER                                         |ila_v6_2_8_generic_counter__3                    |    58|
|10    |        \G_COUNTER[3].U_COUNTER                                         |ila_v6_2_8_generic_counter                       |    58|
|11    |      ila_trace_memory_inst                                             |ila_v6_2_8_ila_trace_memory                      |   351|
|12    |        \SUBCORE_RAM_BLK_MEM_1.trace_block_memory                       |blk_mem_gen_v8_3_6                               |   351|
|13    |          inst_blk_mem_gen                                              |blk_mem_gen_v8_3_6_synth                         |   351|
|14    |            \gnbram.gnativebmg.native_blk_mem_gen                       |blk_mem_gen_top                                  |   351|
|15    |              \valid.cstr                                               |blk_mem_gen_generic_cstr                         |   351|
|16    |                \bindec_a.bindec_inst_a                                 |bindec                                           |    13|
|17    |                \has_mux_b.B                                            |blk_mem_gen_mux__parameterized0                  |   260|
|18    |                \ramloop[0].ram.r                                       |blk_mem_gen_prim_width                           |     1|
|19    |                  \prim_noinit.ram                                      |blk_mem_gen_prim_wrapper                         |     1|
|20    |                \ramloop[10].ram.r                                      |blk_mem_gen_prim_width__parameterized9           |     1|
|21    |                  \prim_noinit.ram                                      |blk_mem_gen_prim_wrapper__parameterized9         |     1|
|22    |                \ramloop[11].ram.r                                      |blk_mem_gen_prim_width__parameterized10          |     1|
|23    |                  \prim_noinit.ram                                      |blk_mem_gen_prim_wrapper__parameterized10        |     1|
|24    |                \ramloop[12].ram.r                                      |blk_mem_gen_prim_width__parameterized11          |     1|
|25    |                  \prim_noinit.ram                                      |blk_mem_gen_prim_wrapper__parameterized11        |     1|
|26    |                \ramloop[13].ram.r                                      |blk_mem_gen_prim_width__parameterized12          |     1|
|27    |                  \prim_noinit.ram                                      |blk_mem_gen_prim_wrapper__parameterized12        |     1|
|28    |                \ramloop[14].ram.r                                      |blk_mem_gen_prim_width__parameterized13          |     1|
|29    |                  \prim_noinit.ram                                      |blk_mem_gen_prim_wrapper__parameterized13        |     1|
|30    |                \ramloop[15].ram.r                                      |blk_mem_gen_prim_width__parameterized14          |     1|
|31    |                  \prim_noinit.ram                                      |blk_mem_gen_prim_wrapper__parameterized14        |     1|
|32    |                \ramloop[16].ram.r                                      |blk_mem_gen_prim_width__parameterized15          |     1|
|33    |                  \prim_noinit.ram                                      |blk_mem_gen_prim_wrapper__parameterized15        |     1|
|34    |                \ramloop[17].ram.r                                      |blk_mem_gen_prim_width__parameterized16          |     1|
|35    |                  \prim_noinit.ram                                      |blk_mem_gen_prim_wrapper__parameterized16        |     1|
|36    |                \ramloop[18].ram.r                                      |blk_mem_gen_prim_width__parameterized17          |     1|
|37    |                  \prim_noinit.ram                                      |blk_mem_gen_prim_wrapper__parameterized17        |     1|
|38    |                \ramloop[19].ram.r                                      |blk_mem_gen_prim_width__parameterized18          |     1|
|39    |                  \prim_noinit.ram                                      |blk_mem_gen_prim_wrapper__parameterized18        |     1|
|40    |                \ramloop[1].ram.r                                       |blk_mem_gen_prim_width__parameterized0           |     1|
|41    |                  \prim_noinit.ram                                      |blk_mem_gen_prim_wrapper__parameterized0         |     1|
|42    |                \ramloop[20].ram.r                                      |blk_mem_gen_prim_width__parameterized19          |     1|
|43    |                  \prim_noinit.ram                                      |blk_mem_gen_prim_wrapper__parameterized19        |     1|
|44    |                \ramloop[21].ram.r                                      |blk_mem_gen_prim_width__parameterized20          |     1|
|45    |                  \prim_noinit.ram                                      |blk_mem_gen_prim_wrapper__parameterized20        |     1|
|46    |                \ramloop[22].ram.r                                      |blk_mem_gen_prim_width__parameterized21          |     1|
|47    |                  \prim_noinit.ram                                      |blk_mem_gen_prim_wrapper__parameterized21        |     1|
|48    |                \ramloop[23].ram.r                                      |blk_mem_gen_prim_width__parameterized22          |     1|
|49    |                  \prim_noinit.ram                                      |blk_mem_gen_prim_wrapper__parameterized22        |     1|
|50    |                \ramloop[24].ram.r                                      |blk_mem_gen_prim_width__parameterized23          |     1|
|51    |                  \prim_noinit.ram                                      |blk_mem_gen_prim_wrapper__parameterized23        |     1|
|52    |                \ramloop[25].ram.r                                      |blk_mem_gen_prim_width__parameterized24          |     1|
|53    |                  \prim_noinit.ram                                      |blk_mem_gen_prim_wrapper__parameterized24        |     1|
|54    |                \ramloop[26].ram.r                                      |blk_mem_gen_prim_width__parameterized25          |     1|
|55    |                  \prim_noinit.ram                                      |blk_mem_gen_prim_wrapper__parameterized25        |     1|
|56    |                \ramloop[27].ram.r                                      |blk_mem_gen_prim_width__parameterized26          |     1|
|57    |                  \prim_noinit.ram                                      |blk_mem_gen_prim_wrapper__parameterized26        |     1|
|58    |                \ramloop[28].ram.r                                      |blk_mem_gen_prim_width__parameterized27          |     1|
|59    |                  \prim_noinit.ram                                      |blk_mem_gen_prim_wrapper__parameterized27        |     1|
|60    |                \ramloop[29].ram.r                                      |blk_mem_gen_prim_width__parameterized28          |     1|
|61    |                  \prim_noinit.ram                                      |blk_mem_gen_prim_wrapper__parameterized28        |     1|
|62    |                \ramloop[2].ram.r                                       |blk_mem_gen_prim_width__parameterized1           |     1|
|63    |                  \prim_noinit.ram                                      |blk_mem_gen_prim_wrapper__parameterized1         |     1|
|64    |                \ramloop[30].ram.r                                      |blk_mem_gen_prim_width__parameterized29          |     1|
|65    |                  \prim_noinit.ram                                      |blk_mem_gen_prim_wrapper__parameterized29        |     1|
|66    |                \ramloop[31].ram.r                                      |blk_mem_gen_prim_width__parameterized30          |     1|
|67    |                  \prim_noinit.ram                                      |blk_mem_gen_prim_wrapper__parameterized30        |     1|
|68    |                \ramloop[32].ram.r                                      |blk_mem_gen_prim_width__parameterized31          |     1|
|69    |                  \prim_noinit.ram                                      |blk_mem_gen_prim_wrapper__parameterized31        |     1|
|70    |                \ramloop[33].ram.r                                      |blk_mem_gen_prim_width__parameterized32          |     1|
|71    |                  \prim_noinit.ram                                      |blk_mem_gen_prim_wrapper__parameterized32        |     1|
|72    |                \ramloop[34].ram.r                                      |blk_mem_gen_prim_width__parameterized33          |     1|
|73    |                  \prim_noinit.ram                                      |blk_mem_gen_prim_wrapper__parameterized33        |     1|
|74    |                \ramloop[35].ram.r                                      |blk_mem_gen_prim_width__parameterized34          |     1|
|75    |                  \prim_noinit.ram                                      |blk_mem_gen_prim_wrapper__parameterized34        |     1|
|76    |                \ramloop[36].ram.r                                      |blk_mem_gen_prim_width__parameterized35          |     1|
|77    |                  \prim_noinit.ram                                      |blk_mem_gen_prim_wrapper__parameterized35        |     1|
|78    |                \ramloop[37].ram.r                                      |blk_mem_gen_prim_width__parameterized36          |     1|
|79    |                  \prim_noinit.ram                                      |blk_mem_gen_prim_wrapper__parameterized36        |     1|
|80    |                \ramloop[38].ram.r                                      |blk_mem_gen_prim_width__parameterized37          |     1|
|81    |                  \prim_noinit.ram                                      |blk_mem_gen_prim_wrapper__parameterized37        |     1|
|82    |                \ramloop[39].ram.r                                      |blk_mem_gen_prim_width__parameterized38          |     1|
|83    |                  \prim_noinit.ram                                      |blk_mem_gen_prim_wrapper__parameterized38        |     1|
|84    |                \ramloop[3].ram.r                                       |blk_mem_gen_prim_width__parameterized2           |     1|
|85    |                  \prim_noinit.ram                                      |blk_mem_gen_prim_wrapper__parameterized2         |     1|
|86    |                \ramloop[40].ram.r                                      |blk_mem_gen_prim_width__parameterized39          |     1|
|87    |                  \prim_noinit.ram                                      |blk_mem_gen_prim_wrapper__parameterized39        |     1|
|88    |                \ramloop[41].ram.r                                      |blk_mem_gen_prim_width__parameterized40          |     1|
|89    |                  \prim_noinit.ram                                      |blk_mem_gen_prim_wrapper__parameterized40        |     1|
|90    |                \ramloop[42].ram.r                                      |blk_mem_gen_prim_width__parameterized41          |     1|
|91    |                  \prim_noinit.ram                                      |blk_mem_gen_prim_wrapper__parameterized41        |     1|
|92    |                \ramloop[43].ram.r                                      |blk_mem_gen_prim_width__parameterized42          |     1|
|93    |                  \prim_noinit.ram                                      |blk_mem_gen_prim_wrapper__parameterized42        |     1|
|94    |                \ramloop[44].ram.r                                      |blk_mem_gen_prim_width__parameterized43          |     1|
|95    |                  \prim_noinit.ram                                      |blk_mem_gen_prim_wrapper__parameterized43        |     1|
|96    |                \ramloop[45].ram.r                                      |blk_mem_gen_prim_width__parameterized44          |     1|
|97    |                  \prim_noinit.ram                                      |blk_mem_gen_prim_wrapper__parameterized44        |     1|
|98    |                \ramloop[46].ram.r                                      |blk_mem_gen_prim_width__parameterized45          |     1|
|99    |                  \prim_noinit.ram                                      |blk_mem_gen_prim_wrapper__parameterized45        |     1|
|100   |                \ramloop[47].ram.r                                      |blk_mem_gen_prim_width__parameterized46          |     1|
|101   |                  \prim_noinit.ram                                      |blk_mem_gen_prim_wrapper__parameterized46        |     1|
|102   |                \ramloop[48].ram.r                                      |blk_mem_gen_prim_width__parameterized47          |     1|
|103   |                  \prim_noinit.ram                                      |blk_mem_gen_prim_wrapper__parameterized47        |     1|
|104   |                \ramloop[49].ram.r                                      |blk_mem_gen_prim_width__parameterized48          |     1|
|105   |                  \prim_noinit.ram                                      |blk_mem_gen_prim_wrapper__parameterized48        |     1|
|106   |                \ramloop[4].ram.r                                       |blk_mem_gen_prim_width__parameterized3           |     1|
|107   |                  \prim_noinit.ram                                      |blk_mem_gen_prim_wrapper__parameterized3         |     1|
|108   |                \ramloop[50].ram.r                                      |blk_mem_gen_prim_width__parameterized49          |     1|
|109   |                  \prim_noinit.ram                                      |blk_mem_gen_prim_wrapper__parameterized49        |     1|
|110   |                \ramloop[51].ram.r                                      |blk_mem_gen_prim_width__parameterized50          |     1|
|111   |                  \prim_noinit.ram                                      |blk_mem_gen_prim_wrapper__parameterized50        |     1|
|112   |                \ramloop[52].ram.r                                      |blk_mem_gen_prim_width__parameterized51          |     1|
|113   |                  \prim_noinit.ram                                      |blk_mem_gen_prim_wrapper__parameterized51        |     1|
|114   |                \ramloop[53].ram.r                                      |blk_mem_gen_prim_width__parameterized52          |     1|
|115   |                  \prim_noinit.ram                                      |blk_mem_gen_prim_wrapper__parameterized52        |     1|
|116   |                \ramloop[54].ram.r                                      |blk_mem_gen_prim_width__parameterized53          |     1|
|117   |                  \prim_noinit.ram                                      |blk_mem_gen_prim_wrapper__parameterized53        |     1|
|118   |                \ramloop[55].ram.r                                      |blk_mem_gen_prim_width__parameterized54          |     1|
|119   |                  \prim_noinit.ram                                      |blk_mem_gen_prim_wrapper__parameterized54        |     1|
|120   |                \ramloop[56].ram.r                                      |blk_mem_gen_prim_width__parameterized55          |     1|
|121   |                  \prim_noinit.ram                                      |blk_mem_gen_prim_wrapper__parameterized55        |     1|
|122   |                \ramloop[57].ram.r                                      |blk_mem_gen_prim_width__parameterized56          |     1|
|123   |                  \prim_noinit.ram                                      |blk_mem_gen_prim_wrapper__parameterized56        |     1|
|124   |                \ramloop[58].ram.r                                      |blk_mem_gen_prim_width__parameterized57          |     1|
|125   |                  \prim_noinit.ram                                      |blk_mem_gen_prim_wrapper__parameterized57        |     1|
|126   |                \ramloop[59].ram.r                                      |blk_mem_gen_prim_width__parameterized58          |     1|
|127   |                  \prim_noinit.ram                                      |blk_mem_gen_prim_wrapper__parameterized58        |     1|
|128   |                \ramloop[5].ram.r                                       |blk_mem_gen_prim_width__parameterized4           |     1|
|129   |                  \prim_noinit.ram                                      |blk_mem_gen_prim_wrapper__parameterized4         |     1|
|130   |                \ramloop[60].ram.r                                      |blk_mem_gen_prim_width__parameterized59          |     1|
|131   |                  \prim_noinit.ram                                      |blk_mem_gen_prim_wrapper__parameterized59        |     1|
|132   |                \ramloop[61].ram.r                                      |blk_mem_gen_prim_width__parameterized60          |     1|
|133   |                  \prim_noinit.ram                                      |blk_mem_gen_prim_wrapper__parameterized60        |     1|
|134   |                \ramloop[62].ram.r                                      |blk_mem_gen_prim_width__parameterized61          |     1|
|135   |                  \prim_noinit.ram                                      |blk_mem_gen_prim_wrapper__parameterized61        |     1|
|136   |                \ramloop[63].ram.r                                      |blk_mem_gen_prim_width__parameterized62          |     1|
|137   |                  \prim_noinit.ram                                      |blk_mem_gen_prim_wrapper__parameterized62        |     1|
|138   |                \ramloop[64].ram.r                                      |blk_mem_gen_prim_width__parameterized63          |     2|
|139   |                  \prim_noinit.ram                                      |blk_mem_gen_prim_wrapper__parameterized63        |     2|
|140   |                \ramloop[65].ram.r                                      |blk_mem_gen_prim_width__parameterized64          |     2|
|141   |                  \prim_noinit.ram                                      |blk_mem_gen_prim_wrapper__parameterized64        |     2|
|142   |                \ramloop[66].ram.r                                      |blk_mem_gen_prim_width__parameterized65          |     2|
|143   |                  \prim_noinit.ram                                      |blk_mem_gen_prim_wrapper__parameterized65        |     2|
|144   |                \ramloop[67].ram.r                                      |blk_mem_gen_prim_width__parameterized66          |     2|
|145   |                  \prim_noinit.ram                                      |blk_mem_gen_prim_wrapper__parameterized66        |     2|
|146   |                \ramloop[68].ram.r                                      |blk_mem_gen_prim_width__parameterized67          |     2|
|147   |                  \prim_noinit.ram                                      |blk_mem_gen_prim_wrapper__parameterized67        |     2|
|148   |                \ramloop[69].ram.r                                      |blk_mem_gen_prim_width__parameterized68          |     2|
|149   |                  \prim_noinit.ram                                      |blk_mem_gen_prim_wrapper__parameterized68        |     2|
|150   |                \ramloop[6].ram.r                                       |blk_mem_gen_prim_width__parameterized5           |     1|
|151   |                  \prim_noinit.ram                                      |blk_mem_gen_prim_wrapper__parameterized5         |     1|
|152   |                \ramloop[70].ram.r                                      |blk_mem_gen_prim_width__parameterized69          |     2|
|153   |                  \prim_noinit.ram                                      |blk_mem_gen_prim_wrapper__parameterized69        |     2|
|154   |                \ramloop[7].ram.r                                       |blk_mem_gen_prim_width__parameterized6           |     1|
|155   |                  \prim_noinit.ram                                      |blk_mem_gen_prim_wrapper__parameterized6         |     1|
|156   |                \ramloop[8].ram.r                                       |blk_mem_gen_prim_width__parameterized7           |     1|
|157   |                  \prim_noinit.ram                                      |blk_mem_gen_prim_wrapper__parameterized7         |     1|
|158   |                \ramloop[9].ram.r                                       |blk_mem_gen_prim_width__parameterized8           |     1|
|159   |                  \prim_noinit.ram                                      |blk_mem_gen_prim_wrapper__parameterized8         |     1|
|160   |      u_ila_cap_ctrl                                                    |ila_v6_2_8_ila_cap_ctrl_legacy                   |   320|
|161   |        U_CDONE                                                         |ltlib_v1_0_0_cfglut6__parameterized0             |     5|
|162   |        U_NS0                                                           |ltlib_v1_0_0_cfglut7                             |     8|
|163   |        U_NS1                                                           |ltlib_v1_0_0_cfglut7_229                         |    10|
|164   |        u_cap_addrgen                                                   |ila_v6_2_8_ila_cap_addrgen                       |   292|
|165   |          U_CMPRESET                                                    |ltlib_v1_0_0_cfglut6                             |     3|
|166   |          u_cap_sample_counter                                          |ila_v6_2_8_ila_cap_sample_counter                |    71|
|167   |            U_SCE                                                       |ltlib_v1_0_0_cfglut4_236                         |     1|
|168   |            U_SCMPCE                                                    |ltlib_v1_0_0_cfglut5_237                         |     1|
|169   |            U_SCRST                                                     |ltlib_v1_0_0_cfglut6_238                         |     3|
|170   |            u_scnt_cmp                                                  |ltlib_v1_0_0_match_nodelay_239                   |    28|
|171   |              \allx_typeA_match_detection.ltlib_v1_0_0_allx_typeA_inst  |ltlib_v1_0_0_allx_typeA_nodelay_240              |    28|
|172   |                DUT                                                     |ltlib_v1_0_0_all_typeA__parameterized1_241       |    12|
|173   |                  \I_WHOLE_SLICE.G_SLICE_IDX[0].U_ALL_SRL_SLICE         |ltlib_v1_0_0_all_typeA_slice__parameterized1_242 |     5|
|174   |                  \I_WHOLE_SLICE.G_SLICE_IDX[1].U_ALL_SRL_SLICE         |ltlib_v1_0_0_all_typeA_slice__parameterized2_243 |     5|
|175   |          u_cap_window_counter                                          |ila_v6_2_8_ila_cap_window_counter                |    66|
|176   |            U_WCE                                                       |ltlib_v1_0_0_cfglut4                             |     1|
|177   |            U_WHCMPCE                                                   |ltlib_v1_0_0_cfglut5                             |     1|
|178   |            U_WLCMPCE                                                   |ltlib_v1_0_0_cfglut5_230                         |     1|
|179   |            u_wcnt_hcmp                                                 |ltlib_v1_0_0_match_nodelay                       |    12|
|180   |              \allx_typeA_match_detection.ltlib_v1_0_0_allx_typeA_inst  |ltlib_v1_0_0_allx_typeA_nodelay_232              |    12|
|181   |                DUT                                                     |ltlib_v1_0_0_all_typeA__parameterized1_233       |    12|
|182   |                  \I_WHOLE_SLICE.G_SLICE_IDX[0].U_ALL_SRL_SLICE         |ltlib_v1_0_0_all_typeA_slice__parameterized1_234 |     5|
|183   |                  \I_WHOLE_SLICE.G_SLICE_IDX[1].U_ALL_SRL_SLICE         |ltlib_v1_0_0_all_typeA_slice__parameterized2_235 |     5|
|184   |            u_wcnt_lcmp                                                 |ltlib_v1_0_0_match_nodelay_231                   |    28|
|185   |              \allx_typeA_match_detection.ltlib_v1_0_0_allx_typeA_inst  |ltlib_v1_0_0_allx_typeA_nodelay                  |    28|
|186   |                DUT                                                     |ltlib_v1_0_0_all_typeA__parameterized1           |    12|
|187   |                  \I_WHOLE_SLICE.G_SLICE_IDX[0].U_ALL_SRL_SLICE         |ltlib_v1_0_0_all_typeA_slice__parameterized1     |     5|
|188   |                  \I_WHOLE_SLICE.G_SLICE_IDX[1].U_ALL_SRL_SLICE         |ltlib_v1_0_0_all_typeA_slice__parameterized2     |     5|
|189   |      u_ila_regs                                                        |ila_v6_2_8_ila_register                          |  5231|
|190   |        U_XSDB_SLAVE                                                    |xsdbs_v1_0_2_xsdbs                               |   302|
|191   |        reg_890                                                         |xsdbs_v1_0_2_reg__parameterized60                |    16|
|192   |          \I_EN_STAT_EQ1.U_STAT                                         |xsdbs_v1_0_2_reg_stat_228                        |    16|
|193   |        \ADV_TRIG_STREAM.reg_stream_ffc                                 |xsdbs_v1_0_2_reg_stream__parameterized0          |    25|
|194   |          \I_EN_CTL_EQ1.U_CTL                                           |xsdbs_v1_0_2_reg_ctl_227                         |    21|
|195   |        \ADV_TRIG_STREAM_READBACK.reg_stream_ffb                        |xsdbs_v1_0_2_reg_stream                          |    30|
|196   |          \I_EN_STAT_EQ1.U_STAT                                         |xsdbs_v1_0_2_reg_stat_226                        |    30|
|197   |        \CNT.CNT_SRL[0].cnt_srl_reg                                     |xsdbs_v1_0_2_reg_p2s__parameterized43            |    74|
|198   |        \CNT.CNT_SRL[1].cnt_srl_reg                                     |xsdbs_v1_0_2_reg_p2s__parameterized44            |    74|
|199   |        \CNT.CNT_SRL[2].cnt_srl_reg                                     |xsdbs_v1_0_2_reg_p2s__parameterized45            |   106|
|200   |        \CNT.CNT_SRL[3].cnt_srl_reg                                     |xsdbs_v1_0_2_reg_p2s__parameterized46            |    75|
|201   |        \MU_SRL[0].mu_srl_reg                                           |xsdbs_v1_0_2_reg_p2s                             |    74|
|202   |        \MU_SRL[10].mu_srl_reg                                          |xsdbs_v1_0_2_reg_p2s__parameterized9             |    74|
|203   |        \MU_SRL[11].mu_srl_reg                                          |xsdbs_v1_0_2_reg_p2s__parameterized10            |   106|
|204   |        \MU_SRL[1].mu_srl_reg                                           |xsdbs_v1_0_2_reg_p2s__parameterized0             |    74|
|205   |        \MU_SRL[2].mu_srl_reg                                           |xsdbs_v1_0_2_reg_p2s__parameterized1             |    74|
|206   |        \MU_SRL[3].mu_srl_reg                                           |xsdbs_v1_0_2_reg_p2s__parameterized2             |    90|
|207   |        \MU_SRL[4].mu_srl_reg                                           |xsdbs_v1_0_2_reg_p2s__parameterized3             |    74|
|208   |        \MU_SRL[5].mu_srl_reg                                           |xsdbs_v1_0_2_reg_p2s__parameterized4             |    74|
|209   |        \MU_SRL[6].mu_srl_reg                                           |xsdbs_v1_0_2_reg_p2s__parameterized5             |    74|
|210   |        \MU_SRL[7].mu_srl_reg                                           |xsdbs_v1_0_2_reg_p2s__parameterized6             |    90|
|211   |        \MU_SRL[8].mu_srl_reg                                           |xsdbs_v1_0_2_reg_p2s__parameterized7             |    74|
|212   |        \MU_SRL[9].mu_srl_reg                                           |xsdbs_v1_0_2_reg_p2s__parameterized8             |    74|
|213   |        \STRG_QUAL.qual_strg_srl_reg                                    |xsdbs_v1_0_2_reg_p2s__parameterized47            |    74|
|214   |        \TC_SRL[0].tc_srl_reg                                           |xsdbs_v1_0_2_reg_p2s__parameterized11            |    74|
|215   |        \TC_SRL[10].tc_srl_reg                                          |xsdbs_v1_0_2_reg_p2s__parameterized21            |    74|
|216   |        \TC_SRL[11].tc_srl_reg                                          |xsdbs_v1_0_2_reg_p2s__parameterized22            |   106|
|217   |        \TC_SRL[12].tc_srl_reg                                          |xsdbs_v1_0_2_reg_p2s__parameterized23            |    74|
|218   |        \TC_SRL[13].tc_srl_reg                                          |xsdbs_v1_0_2_reg_p2s__parameterized24            |    74|
|219   |        \TC_SRL[14].tc_srl_reg                                          |xsdbs_v1_0_2_reg_p2s__parameterized25            |    74|
|220   |        \TC_SRL[15].tc_srl_reg                                          |xsdbs_v1_0_2_reg_p2s__parameterized26            |    90|
|221   |        \TC_SRL[16].tc_srl_reg                                          |xsdbs_v1_0_2_reg_p2s__parameterized27            |    74|
|222   |        \TC_SRL[17].tc_srl_reg                                          |xsdbs_v1_0_2_reg_p2s__parameterized28            |    74|
|223   |        \TC_SRL[18].tc_srl_reg                                          |xsdbs_v1_0_2_reg_p2s__parameterized29            |    74|
|224   |        \TC_SRL[19].tc_srl_reg                                          |xsdbs_v1_0_2_reg_p2s__parameterized30            |   106|
|225   |        \TC_SRL[1].tc_srl_reg                                           |xsdbs_v1_0_2_reg_p2s__parameterized12            |    74|
|226   |        \TC_SRL[20].tc_srl_reg                                          |xsdbs_v1_0_2_reg_p2s__parameterized31            |    74|
|227   |        \TC_SRL[21].tc_srl_reg                                          |xsdbs_v1_0_2_reg_p2s__parameterized32            |    74|
|228   |        \TC_SRL[22].tc_srl_reg                                          |xsdbs_v1_0_2_reg_p2s__parameterized33            |    74|
|229   |        \TC_SRL[23].tc_srl_reg                                          |xsdbs_v1_0_2_reg_p2s__parameterized34            |    90|
|230   |        \TC_SRL[24].tc_srl_reg                                          |xsdbs_v1_0_2_reg_p2s__parameterized35            |    74|
|231   |        \TC_SRL[25].tc_srl_reg                                          |xsdbs_v1_0_2_reg_p2s__parameterized36            |    74|
|232   |        \TC_SRL[26].tc_srl_reg                                          |xsdbs_v1_0_2_reg_p2s__parameterized37            |    74|
|233   |        \TC_SRL[27].tc_srl_reg                                          |xsdbs_v1_0_2_reg_p2s__parameterized38            |   122|
|234   |        \TC_SRL[28].tc_srl_reg                                          |xsdbs_v1_0_2_reg_p2s__parameterized39            |    74|
|235   |        \TC_SRL[29].tc_srl_reg                                          |xsdbs_v1_0_2_reg_p2s__parameterized40            |    74|
|236   |        \TC_SRL[2].tc_srl_reg                                           |xsdbs_v1_0_2_reg_p2s__parameterized13            |    74|
|237   |        \TC_SRL[30].tc_srl_reg                                          |xsdbs_v1_0_2_reg_p2s__parameterized41            |    74|
|238   |        \TC_SRL[31].tc_srl_reg                                          |xsdbs_v1_0_2_reg_p2s__parameterized42            |    90|
|239   |        \TC_SRL[3].tc_srl_reg                                           |xsdbs_v1_0_2_reg_p2s__parameterized14            |   106|
|240   |        \TC_SRL[4].tc_srl_reg                                           |xsdbs_v1_0_2_reg_p2s__parameterized15            |    74|
|241   |        \TC_SRL[5].tc_srl_reg                                           |xsdbs_v1_0_2_reg_p2s__parameterized16            |    74|
|242   |        \TC_SRL[6].tc_srl_reg                                           |xsdbs_v1_0_2_reg_p2s__parameterized17            |    74|
|243   |        \TC_SRL[7].tc_srl_reg                                           |xsdbs_v1_0_2_reg_p2s__parameterized18            |    90|
|244   |        \TC_SRL[8].tc_srl_reg                                           |xsdbs_v1_0_2_reg_p2s__parameterized19            |    74|
|245   |        \TC_SRL[9].tc_srl_reg                                           |xsdbs_v1_0_2_reg_p2s__parameterized20            |    74|
|246   |        reg_15                                                          |xsdbs_v1_0_2_reg__parameterized42                |    37|
|247   |          \I_EN_CTL_EQ1.U_CTL                                           |xsdbs_v1_0_2_reg_ctl_225                         |    37|
|248   |        reg_16                                                          |xsdbs_v1_0_2_reg__parameterized43                |    17|
|249   |          \I_EN_CTL_EQ1.U_CTL                                           |xsdbs_v1_0_2_reg_ctl_224                         |    17|
|250   |        reg_17                                                          |xsdbs_v1_0_2_reg__parameterized44                |    25|
|251   |          \I_EN_CTL_EQ1.U_CTL                                           |xsdbs_v1_0_2_reg_ctl_223                         |    25|
|252   |        reg_18                                                          |xsdbs_v1_0_2_reg__parameterized45                |    34|
|253   |          \I_EN_CTL_EQ1.U_CTL                                           |xsdbs_v1_0_2_reg_ctl_222                         |    34|
|254   |        reg_19                                                          |xsdbs_v1_0_2_reg__parameterized46                |    17|
|255   |          \I_EN_CTL_EQ1.U_CTL                                           |xsdbs_v1_0_2_reg_ctl_221                         |    17|
|256   |        reg_1a                                                          |xsdbs_v1_0_2_reg__parameterized47                |    28|
|257   |          \I_EN_CTL_EQ1.U_CTL                                           |xsdbs_v1_0_2_reg_ctl__parameterized1             |    28|
|258   |        reg_6                                                           |xsdbs_v1_0_2_reg__parameterized27                |    24|
|259   |          \I_EN_CTL_EQ1.U_CTL                                           |xsdbs_v1_0_2_reg_ctl_220                         |    24|
|260   |        reg_7                                                           |xsdbs_v1_0_2_reg__parameterized28                |    38|
|261   |          \I_EN_CTL_EQ1.U_CTL                                           |xsdbs_v1_0_2_reg_ctl__parameterized0             |    38|
|262   |        reg_8                                                           |xsdbs_v1_0_2_reg__parameterized29                |     5|
|263   |          \I_EN_STAT_EQ1.U_STAT                                         |xsdbs_v1_0_2_reg_stat_219                        |     5|
|264   |        reg_80                                                          |xsdbs_v1_0_2_reg__parameterized48                |    17|
|265   |          \I_EN_CTL_EQ1.U_CTL                                           |xsdbs_v1_0_2_reg_ctl__parameterized2_218         |    17|
|266   |        reg_81                                                          |xsdbs_v1_0_2_reg__parameterized49                |    17|
|267   |          \I_EN_CTL_EQ1.U_CTL                                           |xsdbs_v1_0_2_reg_ctl_217                         |    17|
|268   |        reg_82                                                          |xsdbs_v1_0_2_reg__parameterized50                |    17|
|269   |          \I_EN_CTL_EQ1.U_CTL                                           |xsdbs_v1_0_2_reg_ctl__parameterized2             |    17|
|270   |        reg_83                                                          |xsdbs_v1_0_2_reg__parameterized51                |    62|
|271   |          \I_EN_CTL_EQ1.U_CTL                                           |xsdbs_v1_0_2_reg_ctl_216                         |    62|
|272   |        reg_84                                                          |xsdbs_v1_0_2_reg__parameterized52                |    22|
|273   |          \I_EN_CTL_EQ1.U_CTL                                           |xsdbs_v1_0_2_reg_ctl_215                         |    22|
|274   |        reg_85                                                          |xsdbs_v1_0_2_reg__parameterized53                |    17|
|275   |          \I_EN_CTL_EQ1.U_CTL                                           |xsdbs_v1_0_2_reg_ctl_214                         |    17|
|276   |        reg_887                                                         |xsdbs_v1_0_2_reg__parameterized55                |     4|
|277   |          \I_EN_STAT_EQ1.U_STAT                                         |xsdbs_v1_0_2_reg_stat_213                        |     4|
|278   |        reg_88d                                                         |xsdbs_v1_0_2_reg__parameterized57                |     2|
|279   |          \I_EN_STAT_EQ1.U_STAT                                         |xsdbs_v1_0_2_reg_stat_212                        |     2|
|280   |        reg_88f                                                         |xsdbs_v1_0_2_reg__parameterized59                |    35|
|281   |          \I_EN_STAT_EQ1.U_STAT                                         |xsdbs_v1_0_2_reg_stat_211                        |    35|
|282   |        reg_892                                                         |xsdbs_v1_0_2_reg__parameterized58                |     7|
|283   |          \I_EN_STAT_EQ1.U_STAT                                         |xsdbs_v1_0_2_reg_stat_210                        |     7|
|284   |        reg_9                                                           |xsdbs_v1_0_2_reg__parameterized30                |    22|
|285   |          \I_EN_STAT_EQ1.U_STAT                                         |xsdbs_v1_0_2_reg_stat_209                        |    22|
|286   |        reg_srl_fff                                                     |xsdbs_v1_0_2_reg_p2s__parameterized48            |    94|
|287   |        reg_stream_ffd                                                  |xsdbs_v1_0_2_reg_stream__parameterized1          |    18|
|288   |          \I_EN_CTL_EQ1.U_CTL                                           |xsdbs_v1_0_2_reg_ctl                             |    18|
|289   |        reg_stream_ffe                                                  |xsdbs_v1_0_2_reg_stream__parameterized2          |    16|
|290   |          \I_EN_STAT_EQ1.U_STAT                                         |xsdbs_v1_0_2_reg_stat                            |    16|
|291   |      u_ila_reset_ctrl                                                  |ila_v6_2_8_ila_reset_ctrl                        |    47|
|292   |        arm_detection_inst                                              |ltlib_v1_0_0_rising_edge_detection               |     5|
|293   |        \asyncrounous_transfer.arm_in_transfer_inst                     |ltlib_v1_0_0_async_edge_xfer                     |     7|
|294   |        \asyncrounous_transfer.arm_out_transfer_inst                    |ltlib_v1_0_0_async_edge_xfer_205                 |     7|
|295   |        \asyncrounous_transfer.halt_in_transfer_inst                    |ltlib_v1_0_0_async_edge_xfer_206                 |     7|
|296   |        \asyncrounous_transfer.halt_out_transfer_inst                   |ltlib_v1_0_0_async_edge_xfer_207                 |     6|
|297   |        halt_detection_inst                                             |ltlib_v1_0_0_rising_edge_detection_208           |     6|
|298   |      u_trig                                                            |ila_v6_2_8_ila_trigger                           |   734|
|299   |        \N_DDR_TC.N_DDR_TC_INST[0].U_TC                                 |ltlib_v1_0_0_match                               |    14|
|300   |          \allx_typeA_match_detection.ltlib_v1_0_0_allx_typeA_inst      |ltlib_v1_0_0_allx_typeA_201                      |    13|
|301   |            DUT                                                         |ltlib_v1_0_0_all_typeA_202                       |    13|
|302   |              \I_WHOLE_SLICE.G_SLICE_IDX[0].U_ALL_SRL_SLICE             |ltlib_v1_0_0_all_typeA_slice_203                 |     5|
|303   |              \I_WHOLE_SLICE.G_SLICE_IDX[1].U_ALL_SRL_SLICE             |ltlib_v1_0_0_all_typeA_slice__parameterized0_204 |     6|
|304   |        \N_DDR_TC.N_DDR_TC_INST[10].U_TC                                |ltlib_v1_0_0_match_0                             |    14|
|305   |          \allx_typeA_match_detection.ltlib_v1_0_0_allx_typeA_inst      |ltlib_v1_0_0_allx_typeA_197                      |    13|
|306   |            DUT                                                         |ltlib_v1_0_0_all_typeA_198                       |    13|
|307   |              \I_WHOLE_SLICE.G_SLICE_IDX[0].U_ALL_SRL_SLICE             |ltlib_v1_0_0_all_typeA_slice_199                 |     5|
|308   |              \I_WHOLE_SLICE.G_SLICE_IDX[1].U_ALL_SRL_SLICE             |ltlib_v1_0_0_all_typeA_slice__parameterized0_200 |     6|
|309   |        \N_DDR_TC.N_DDR_TC_INST[11].U_TC                                |ltlib_v1_0_0_match_1                             |    14|
|310   |          \allx_typeA_match_detection.ltlib_v1_0_0_allx_typeA_inst      |ltlib_v1_0_0_allx_typeA_193                      |    13|
|311   |            DUT                                                         |ltlib_v1_0_0_all_typeA_194                       |    13|
|312   |              \I_WHOLE_SLICE.G_SLICE_IDX[0].U_ALL_SRL_SLICE             |ltlib_v1_0_0_all_typeA_slice_195                 |     5|
|313   |              \I_WHOLE_SLICE.G_SLICE_IDX[1].U_ALL_SRL_SLICE             |ltlib_v1_0_0_all_typeA_slice__parameterized0_196 |     6|
|314   |        \N_DDR_TC.N_DDR_TC_INST[12].U_TC                                |ltlib_v1_0_0_match_2                             |    14|
|315   |          \allx_typeA_match_detection.ltlib_v1_0_0_allx_typeA_inst      |ltlib_v1_0_0_allx_typeA_189                      |    13|
|316   |            DUT                                                         |ltlib_v1_0_0_all_typeA_190                       |    13|
|317   |              \I_WHOLE_SLICE.G_SLICE_IDX[0].U_ALL_SRL_SLICE             |ltlib_v1_0_0_all_typeA_slice_191                 |     5|
|318   |              \I_WHOLE_SLICE.G_SLICE_IDX[1].U_ALL_SRL_SLICE             |ltlib_v1_0_0_all_typeA_slice__parameterized0_192 |     6|
|319   |        \N_DDR_TC.N_DDR_TC_INST[13].U_TC                                |ltlib_v1_0_0_match_3                             |    14|
|320   |          \allx_typeA_match_detection.ltlib_v1_0_0_allx_typeA_inst      |ltlib_v1_0_0_allx_typeA_185                      |    13|
|321   |            DUT                                                         |ltlib_v1_0_0_all_typeA_186                       |    13|
|322   |              \I_WHOLE_SLICE.G_SLICE_IDX[0].U_ALL_SRL_SLICE             |ltlib_v1_0_0_all_typeA_slice_187                 |     5|
|323   |              \I_WHOLE_SLICE.G_SLICE_IDX[1].U_ALL_SRL_SLICE             |ltlib_v1_0_0_all_typeA_slice__parameterized0_188 |     6|
|324   |        \N_DDR_TC.N_DDR_TC_INST[14].U_TC                                |ltlib_v1_0_0_match_4                             |    14|
|325   |          \allx_typeA_match_detection.ltlib_v1_0_0_allx_typeA_inst      |ltlib_v1_0_0_allx_typeA_181                      |    13|
|326   |            DUT                                                         |ltlib_v1_0_0_all_typeA_182                       |    13|
|327   |              \I_WHOLE_SLICE.G_SLICE_IDX[0].U_ALL_SRL_SLICE             |ltlib_v1_0_0_all_typeA_slice_183                 |     5|
|328   |              \I_WHOLE_SLICE.G_SLICE_IDX[1].U_ALL_SRL_SLICE             |ltlib_v1_0_0_all_typeA_slice__parameterized0_184 |     6|
|329   |        \N_DDR_TC.N_DDR_TC_INST[15].U_TC                                |ltlib_v1_0_0_match_5                             |    14|
|330   |          \allx_typeA_match_detection.ltlib_v1_0_0_allx_typeA_inst      |ltlib_v1_0_0_allx_typeA_177                      |    13|
|331   |            DUT                                                         |ltlib_v1_0_0_all_typeA_178                       |    13|
|332   |              \I_WHOLE_SLICE.G_SLICE_IDX[0].U_ALL_SRL_SLICE             |ltlib_v1_0_0_all_typeA_slice_179                 |     5|
|333   |              \I_WHOLE_SLICE.G_SLICE_IDX[1].U_ALL_SRL_SLICE             |ltlib_v1_0_0_all_typeA_slice__parameterized0_180 |     6|
|334   |        \N_DDR_TC.N_DDR_TC_INST[16].U_TC                                |ltlib_v1_0_0_match_6                             |    14|
|335   |          \allx_typeA_match_detection.ltlib_v1_0_0_allx_typeA_inst      |ltlib_v1_0_0_allx_typeA_173                      |    13|
|336   |            DUT                                                         |ltlib_v1_0_0_all_typeA_174                       |    13|
|337   |              \I_WHOLE_SLICE.G_SLICE_IDX[0].U_ALL_SRL_SLICE             |ltlib_v1_0_0_all_typeA_slice_175                 |     5|
|338   |              \I_WHOLE_SLICE.G_SLICE_IDX[1].U_ALL_SRL_SLICE             |ltlib_v1_0_0_all_typeA_slice__parameterized0_176 |     6|
|339   |        \N_DDR_TC.N_DDR_TC_INST[17].U_TC                                |ltlib_v1_0_0_match_7                             |    14|
|340   |          \allx_typeA_match_detection.ltlib_v1_0_0_allx_typeA_inst      |ltlib_v1_0_0_allx_typeA_169                      |    13|
|341   |            DUT                                                         |ltlib_v1_0_0_all_typeA_170                       |    13|
|342   |              \I_WHOLE_SLICE.G_SLICE_IDX[0].U_ALL_SRL_SLICE             |ltlib_v1_0_0_all_typeA_slice_171                 |     5|
|343   |              \I_WHOLE_SLICE.G_SLICE_IDX[1].U_ALL_SRL_SLICE             |ltlib_v1_0_0_all_typeA_slice__parameterized0_172 |     6|
|344   |        \N_DDR_TC.N_DDR_TC_INST[18].U_TC                                |ltlib_v1_0_0_match_8                             |    14|
|345   |          \allx_typeA_match_detection.ltlib_v1_0_0_allx_typeA_inst      |ltlib_v1_0_0_allx_typeA_165                      |    13|
|346   |            DUT                                                         |ltlib_v1_0_0_all_typeA_166                       |    13|
|347   |              \I_WHOLE_SLICE.G_SLICE_IDX[0].U_ALL_SRL_SLICE             |ltlib_v1_0_0_all_typeA_slice_167                 |     5|
|348   |              \I_WHOLE_SLICE.G_SLICE_IDX[1].U_ALL_SRL_SLICE             |ltlib_v1_0_0_all_typeA_slice__parameterized0_168 |     6|
|349   |        \N_DDR_TC.N_DDR_TC_INST[19].U_TC                                |ltlib_v1_0_0_match_9                             |    14|
|350   |          \allx_typeA_match_detection.ltlib_v1_0_0_allx_typeA_inst      |ltlib_v1_0_0_allx_typeA_161                      |    13|
|351   |            DUT                                                         |ltlib_v1_0_0_all_typeA_162                       |    13|
|352   |              \I_WHOLE_SLICE.G_SLICE_IDX[0].U_ALL_SRL_SLICE             |ltlib_v1_0_0_all_typeA_slice_163                 |     5|
|353   |              \I_WHOLE_SLICE.G_SLICE_IDX[1].U_ALL_SRL_SLICE             |ltlib_v1_0_0_all_typeA_slice__parameterized0_164 |     6|
|354   |        \N_DDR_TC.N_DDR_TC_INST[1].U_TC                                 |ltlib_v1_0_0_match_10                            |    14|
|355   |          \allx_typeA_match_detection.ltlib_v1_0_0_allx_typeA_inst      |ltlib_v1_0_0_allx_typeA_157                      |    13|
|356   |            DUT                                                         |ltlib_v1_0_0_all_typeA_158                       |    13|
|357   |              \I_WHOLE_SLICE.G_SLICE_IDX[0].U_ALL_SRL_SLICE             |ltlib_v1_0_0_all_typeA_slice_159                 |     5|
|358   |              \I_WHOLE_SLICE.G_SLICE_IDX[1].U_ALL_SRL_SLICE             |ltlib_v1_0_0_all_typeA_slice__parameterized0_160 |     6|
|359   |        \N_DDR_TC.N_DDR_TC_INST[20].U_TC                                |ltlib_v1_0_0_match_11                            |    14|
|360   |          \allx_typeA_match_detection.ltlib_v1_0_0_allx_typeA_inst      |ltlib_v1_0_0_allx_typeA_153                      |    13|
|361   |            DUT                                                         |ltlib_v1_0_0_all_typeA_154                       |    13|
|362   |              \I_WHOLE_SLICE.G_SLICE_IDX[0].U_ALL_SRL_SLICE             |ltlib_v1_0_0_all_typeA_slice_155                 |     5|
|363   |              \I_WHOLE_SLICE.G_SLICE_IDX[1].U_ALL_SRL_SLICE             |ltlib_v1_0_0_all_typeA_slice__parameterized0_156 |     6|
|364   |        \N_DDR_TC.N_DDR_TC_INST[21].U_TC                                |ltlib_v1_0_0_match_12                            |    14|
|365   |          \allx_typeA_match_detection.ltlib_v1_0_0_allx_typeA_inst      |ltlib_v1_0_0_allx_typeA_149                      |    13|
|366   |            DUT                                                         |ltlib_v1_0_0_all_typeA_150                       |    13|
|367   |              \I_WHOLE_SLICE.G_SLICE_IDX[0].U_ALL_SRL_SLICE             |ltlib_v1_0_0_all_typeA_slice_151                 |     5|
|368   |              \I_WHOLE_SLICE.G_SLICE_IDX[1].U_ALL_SRL_SLICE             |ltlib_v1_0_0_all_typeA_slice__parameterized0_152 |     6|
|369   |        \N_DDR_TC.N_DDR_TC_INST[22].U_TC                                |ltlib_v1_0_0_match_13                            |    14|
|370   |          \allx_typeA_match_detection.ltlib_v1_0_0_allx_typeA_inst      |ltlib_v1_0_0_allx_typeA_145                      |    13|
|371   |            DUT                                                         |ltlib_v1_0_0_all_typeA_146                       |    13|
|372   |              \I_WHOLE_SLICE.G_SLICE_IDX[0].U_ALL_SRL_SLICE             |ltlib_v1_0_0_all_typeA_slice_147                 |     5|
|373   |              \I_WHOLE_SLICE.G_SLICE_IDX[1].U_ALL_SRL_SLICE             |ltlib_v1_0_0_all_typeA_slice__parameterized0_148 |     6|
|374   |        \N_DDR_TC.N_DDR_TC_INST[23].U_TC                                |ltlib_v1_0_0_match_14                            |    14|
|375   |          \allx_typeA_match_detection.ltlib_v1_0_0_allx_typeA_inst      |ltlib_v1_0_0_allx_typeA_141                      |    13|
|376   |            DUT                                                         |ltlib_v1_0_0_all_typeA_142                       |    13|
|377   |              \I_WHOLE_SLICE.G_SLICE_IDX[0].U_ALL_SRL_SLICE             |ltlib_v1_0_0_all_typeA_slice_143                 |     5|
|378   |              \I_WHOLE_SLICE.G_SLICE_IDX[1].U_ALL_SRL_SLICE             |ltlib_v1_0_0_all_typeA_slice__parameterized0_144 |     6|
|379   |        \N_DDR_TC.N_DDR_TC_INST[24].U_TC                                |ltlib_v1_0_0_match_15                            |    14|
|380   |          \allx_typeA_match_detection.ltlib_v1_0_0_allx_typeA_inst      |ltlib_v1_0_0_allx_typeA_137                      |    13|
|381   |            DUT                                                         |ltlib_v1_0_0_all_typeA_138                       |    13|
|382   |              \I_WHOLE_SLICE.G_SLICE_IDX[0].U_ALL_SRL_SLICE             |ltlib_v1_0_0_all_typeA_slice_139                 |     5|
|383   |              \I_WHOLE_SLICE.G_SLICE_IDX[1].U_ALL_SRL_SLICE             |ltlib_v1_0_0_all_typeA_slice__parameterized0_140 |     6|
|384   |        \N_DDR_TC.N_DDR_TC_INST[25].U_TC                                |ltlib_v1_0_0_match_16                            |    14|
|385   |          \allx_typeA_match_detection.ltlib_v1_0_0_allx_typeA_inst      |ltlib_v1_0_0_allx_typeA_133                      |    13|
|386   |            DUT                                                         |ltlib_v1_0_0_all_typeA_134                       |    13|
|387   |              \I_WHOLE_SLICE.G_SLICE_IDX[0].U_ALL_SRL_SLICE             |ltlib_v1_0_0_all_typeA_slice_135                 |     5|
|388   |              \I_WHOLE_SLICE.G_SLICE_IDX[1].U_ALL_SRL_SLICE             |ltlib_v1_0_0_all_typeA_slice__parameterized0_136 |     6|
|389   |        \N_DDR_TC.N_DDR_TC_INST[26].U_TC                                |ltlib_v1_0_0_match_17                            |    14|
|390   |          \allx_typeA_match_detection.ltlib_v1_0_0_allx_typeA_inst      |ltlib_v1_0_0_allx_typeA_129                      |    13|
|391   |            DUT                                                         |ltlib_v1_0_0_all_typeA_130                       |    13|
|392   |              \I_WHOLE_SLICE.G_SLICE_IDX[0].U_ALL_SRL_SLICE             |ltlib_v1_0_0_all_typeA_slice_131                 |     5|
|393   |              \I_WHOLE_SLICE.G_SLICE_IDX[1].U_ALL_SRL_SLICE             |ltlib_v1_0_0_all_typeA_slice__parameterized0_132 |     6|
|394   |        \N_DDR_TC.N_DDR_TC_INST[27].U_TC                                |ltlib_v1_0_0_match_18                            |    14|
|395   |          \allx_typeA_match_detection.ltlib_v1_0_0_allx_typeA_inst      |ltlib_v1_0_0_allx_typeA_125                      |    13|
|396   |            DUT                                                         |ltlib_v1_0_0_all_typeA_126                       |    13|
|397   |              \I_WHOLE_SLICE.G_SLICE_IDX[0].U_ALL_SRL_SLICE             |ltlib_v1_0_0_all_typeA_slice_127                 |     5|
|398   |              \I_WHOLE_SLICE.G_SLICE_IDX[1].U_ALL_SRL_SLICE             |ltlib_v1_0_0_all_typeA_slice__parameterized0_128 |     6|
|399   |        \N_DDR_TC.N_DDR_TC_INST[28].U_TC                                |ltlib_v1_0_0_match_19                            |    14|
|400   |          \allx_typeA_match_detection.ltlib_v1_0_0_allx_typeA_inst      |ltlib_v1_0_0_allx_typeA_121                      |    13|
|401   |            DUT                                                         |ltlib_v1_0_0_all_typeA_122                       |    13|
|402   |              \I_WHOLE_SLICE.G_SLICE_IDX[0].U_ALL_SRL_SLICE             |ltlib_v1_0_0_all_typeA_slice_123                 |     5|
|403   |              \I_WHOLE_SLICE.G_SLICE_IDX[1].U_ALL_SRL_SLICE             |ltlib_v1_0_0_all_typeA_slice__parameterized0_124 |     6|
|404   |        \N_DDR_TC.N_DDR_TC_INST[29].U_TC                                |ltlib_v1_0_0_match_20                            |    14|
|405   |          \allx_typeA_match_detection.ltlib_v1_0_0_allx_typeA_inst      |ltlib_v1_0_0_allx_typeA_117                      |    13|
|406   |            DUT                                                         |ltlib_v1_0_0_all_typeA_118                       |    13|
|407   |              \I_WHOLE_SLICE.G_SLICE_IDX[0].U_ALL_SRL_SLICE             |ltlib_v1_0_0_all_typeA_slice_119                 |     5|
|408   |              \I_WHOLE_SLICE.G_SLICE_IDX[1].U_ALL_SRL_SLICE             |ltlib_v1_0_0_all_typeA_slice__parameterized0_120 |     6|
|409   |        \N_DDR_TC.N_DDR_TC_INST[2].U_TC                                 |ltlib_v1_0_0_match_21                            |    14|
|410   |          \allx_typeA_match_detection.ltlib_v1_0_0_allx_typeA_inst      |ltlib_v1_0_0_allx_typeA_113                      |    13|
|411   |            DUT                                                         |ltlib_v1_0_0_all_typeA_114                       |    13|
|412   |              \I_WHOLE_SLICE.G_SLICE_IDX[0].U_ALL_SRL_SLICE             |ltlib_v1_0_0_all_typeA_slice_115                 |     5|
|413   |              \I_WHOLE_SLICE.G_SLICE_IDX[1].U_ALL_SRL_SLICE             |ltlib_v1_0_0_all_typeA_slice__parameterized0_116 |     6|
|414   |        \N_DDR_TC.N_DDR_TC_INST[30].U_TC                                |ltlib_v1_0_0_match_22                            |    14|
|415   |          \allx_typeA_match_detection.ltlib_v1_0_0_allx_typeA_inst      |ltlib_v1_0_0_allx_typeA_109                      |    13|
|416   |            DUT                                                         |ltlib_v1_0_0_all_typeA_110                       |    13|
|417   |              \I_WHOLE_SLICE.G_SLICE_IDX[0].U_ALL_SRL_SLICE             |ltlib_v1_0_0_all_typeA_slice_111                 |     5|
|418   |              \I_WHOLE_SLICE.G_SLICE_IDX[1].U_ALL_SRL_SLICE             |ltlib_v1_0_0_all_typeA_slice__parameterized0_112 |     6|
|419   |        \N_DDR_TC.N_DDR_TC_INST[31].U_TC                                |ltlib_v1_0_0_match_23                            |    14|
|420   |          \allx_typeA_match_detection.ltlib_v1_0_0_allx_typeA_inst      |ltlib_v1_0_0_allx_typeA_105                      |    13|
|421   |            DUT                                                         |ltlib_v1_0_0_all_typeA_106                       |    13|
|422   |              \I_WHOLE_SLICE.G_SLICE_IDX[0].U_ALL_SRL_SLICE             |ltlib_v1_0_0_all_typeA_slice_107                 |     5|
|423   |              \I_WHOLE_SLICE.G_SLICE_IDX[1].U_ALL_SRL_SLICE             |ltlib_v1_0_0_all_typeA_slice__parameterized0_108 |     6|
|424   |        \N_DDR_TC.N_DDR_TC_INST[3].U_TC                                 |ltlib_v1_0_0_match_24                            |    14|
|425   |          \allx_typeA_match_detection.ltlib_v1_0_0_allx_typeA_inst      |ltlib_v1_0_0_allx_typeA_101                      |    13|
|426   |            DUT                                                         |ltlib_v1_0_0_all_typeA_102                       |    13|
|427   |              \I_WHOLE_SLICE.G_SLICE_IDX[0].U_ALL_SRL_SLICE             |ltlib_v1_0_0_all_typeA_slice_103                 |     5|
|428   |              \I_WHOLE_SLICE.G_SLICE_IDX[1].U_ALL_SRL_SLICE             |ltlib_v1_0_0_all_typeA_slice__parameterized0_104 |     6|
|429   |        \N_DDR_TC.N_DDR_TC_INST[4].U_TC                                 |ltlib_v1_0_0_match_25                            |    14|
|430   |          \allx_typeA_match_detection.ltlib_v1_0_0_allx_typeA_inst      |ltlib_v1_0_0_allx_typeA_97                       |    13|
|431   |            DUT                                                         |ltlib_v1_0_0_all_typeA_98                        |    13|
|432   |              \I_WHOLE_SLICE.G_SLICE_IDX[0].U_ALL_SRL_SLICE             |ltlib_v1_0_0_all_typeA_slice_99                  |     5|
|433   |              \I_WHOLE_SLICE.G_SLICE_IDX[1].U_ALL_SRL_SLICE             |ltlib_v1_0_0_all_typeA_slice__parameterized0_100 |     6|
|434   |        \N_DDR_TC.N_DDR_TC_INST[5].U_TC                                 |ltlib_v1_0_0_match_26                            |    14|
|435   |          \allx_typeA_match_detection.ltlib_v1_0_0_allx_typeA_inst      |ltlib_v1_0_0_allx_typeA_93                       |    13|
|436   |            DUT                                                         |ltlib_v1_0_0_all_typeA_94                        |    13|
|437   |              \I_WHOLE_SLICE.G_SLICE_IDX[0].U_ALL_SRL_SLICE             |ltlib_v1_0_0_all_typeA_slice_95                  |     5|
|438   |              \I_WHOLE_SLICE.G_SLICE_IDX[1].U_ALL_SRL_SLICE             |ltlib_v1_0_0_all_typeA_slice__parameterized0_96  |     6|
|439   |        \N_DDR_TC.N_DDR_TC_INST[6].U_TC                                 |ltlib_v1_0_0_match_27                            |    14|
|440   |          \allx_typeA_match_detection.ltlib_v1_0_0_allx_typeA_inst      |ltlib_v1_0_0_allx_typeA_89                       |    13|
|441   |            DUT                                                         |ltlib_v1_0_0_all_typeA_90                        |    13|
|442   |              \I_WHOLE_SLICE.G_SLICE_IDX[0].U_ALL_SRL_SLICE             |ltlib_v1_0_0_all_typeA_slice_91                  |     5|
|443   |              \I_WHOLE_SLICE.G_SLICE_IDX[1].U_ALL_SRL_SLICE             |ltlib_v1_0_0_all_typeA_slice__parameterized0_92  |     6|
|444   |        \N_DDR_TC.N_DDR_TC_INST[7].U_TC                                 |ltlib_v1_0_0_match_28                            |    14|
|445   |          \allx_typeA_match_detection.ltlib_v1_0_0_allx_typeA_inst      |ltlib_v1_0_0_allx_typeA_85                       |    13|
|446   |            DUT                                                         |ltlib_v1_0_0_all_typeA_86                        |    13|
|447   |              \I_WHOLE_SLICE.G_SLICE_IDX[0].U_ALL_SRL_SLICE             |ltlib_v1_0_0_all_typeA_slice_87                  |     5|
|448   |              \I_WHOLE_SLICE.G_SLICE_IDX[1].U_ALL_SRL_SLICE             |ltlib_v1_0_0_all_typeA_slice__parameterized0_88  |     6|
|449   |        \N_DDR_TC.N_DDR_TC_INST[8].U_TC                                 |ltlib_v1_0_0_match_29                            |    14|
|450   |          \allx_typeA_match_detection.ltlib_v1_0_0_allx_typeA_inst      |ltlib_v1_0_0_allx_typeA_81                       |    13|
|451   |            DUT                                                         |ltlib_v1_0_0_all_typeA_82                        |    13|
|452   |              \I_WHOLE_SLICE.G_SLICE_IDX[0].U_ALL_SRL_SLICE             |ltlib_v1_0_0_all_typeA_slice_83                  |     5|
|453   |              \I_WHOLE_SLICE.G_SLICE_IDX[1].U_ALL_SRL_SLICE             |ltlib_v1_0_0_all_typeA_slice__parameterized0_84  |     6|
|454   |        \N_DDR_TC.N_DDR_TC_INST[9].U_TC                                 |ltlib_v1_0_0_match_30                            |    14|
|455   |          \allx_typeA_match_detection.ltlib_v1_0_0_allx_typeA_inst      |ltlib_v1_0_0_allx_typeA_77                       |    13|
|456   |            DUT                                                         |ltlib_v1_0_0_all_typeA_78                        |    13|
|457   |              \I_WHOLE_SLICE.G_SLICE_IDX[0].U_ALL_SRL_SLICE             |ltlib_v1_0_0_all_typeA_slice_79                  |     5|
|458   |              \I_WHOLE_SLICE.G_SLICE_IDX[1].U_ALL_SRL_SLICE             |ltlib_v1_0_0_all_typeA_slice__parameterized0_80  |     6|
|459   |        \STRG_QUAL.U_STRG_QUAL                                          |ltlib_v1_0_0_match_31                            |    26|
|460   |          \allx_typeA_match_detection.ltlib_v1_0_0_allx_typeA_inst      |ltlib_v1_0_0_allx_typeA                          |    25|
|461   |            DUT                                                         |ltlib_v1_0_0_all_typeA_74                        |    13|
|462   |              \I_WHOLE_SLICE.G_SLICE_IDX[0].U_ALL_SRL_SLICE             |ltlib_v1_0_0_all_typeA_slice_75                  |     5|
|463   |              \I_WHOLE_SLICE.G_SLICE_IDX[1].U_ALL_SRL_SLICE             |ltlib_v1_0_0_all_typeA_slice__parameterized0_76  |     6|
|464   |        U_TM                                                            |ila_v6_2_8_ila_trig_match                        |   212|
|465   |          \N_DDR_MODE.G_NMU[0].U_M                                      |ltlib_v1_0_0_match__parameterized0               |    11|
|466   |            \allx_typeA_match_detection.ltlib_v1_0_0_allx_typeA_inst    |ltlib_v1_0_0_allx_typeA__parameterized0_71       |    10|
|467   |              DUT                                                       |ltlib_v1_0_0_all_typeA__parameterized0_72        |     8|
|468   |                \I_WHOLE_SLICE.G_SLICE_IDX[0].U_ALL_SRL_SLICE           |ltlib_v1_0_0_all_typeA_slice__parameterized0_73  |     6|
|469   |          \N_DDR_MODE.G_NMU[10].U_M                                     |ltlib_v1_0_0_match__parameterized2               |    38|
|470   |            \allx_typeA_match_detection.ltlib_v1_0_0_allx_typeA_inst    |ltlib_v1_0_0_allx_typeA__parameterized2_67       |    37|
|471   |              DUT                                                       |ltlib_v1_0_0_all_typeA_68                        |    13|
|472   |                \I_WHOLE_SLICE.G_SLICE_IDX[0].U_ALL_SRL_SLICE           |ltlib_v1_0_0_all_typeA_slice_69                  |     5|
|473   |                \I_WHOLE_SLICE.G_SLICE_IDX[1].U_ALL_SRL_SLICE           |ltlib_v1_0_0_all_typeA_slice__parameterized0_70  |     6|
|474   |          \N_DDR_MODE.G_NMU[11].U_M                                     |ltlib_v1_0_0_match__parameterized2_32            |    14|
|475   |            \allx_typeA_match_detection.ltlib_v1_0_0_allx_typeA_inst    |ltlib_v1_0_0_allx_typeA__parameterized2_63       |    13|
|476   |              DUT                                                       |ltlib_v1_0_0_all_typeA_64                        |    13|
|477   |                \I_WHOLE_SLICE.G_SLICE_IDX[0].U_ALL_SRL_SLICE           |ltlib_v1_0_0_all_typeA_slice_65                  |     5|
|478   |                \I_WHOLE_SLICE.G_SLICE_IDX[1].U_ALL_SRL_SLICE           |ltlib_v1_0_0_all_typeA_slice__parameterized0_66  |     6|
|479   |          \N_DDR_MODE.G_NMU[1].U_M                                      |ltlib_v1_0_0_match__parameterized0_33            |     9|
|480   |            \allx_typeA_match_detection.ltlib_v1_0_0_allx_typeA_inst    |ltlib_v1_0_0_allx_typeA__parameterized0_60       |     8|
|481   |              DUT                                                       |ltlib_v1_0_0_all_typeA__parameterized0_61        |     8|
|482   |                \I_WHOLE_SLICE.G_SLICE_IDX[0].U_ALL_SRL_SLICE           |ltlib_v1_0_0_all_typeA_slice__parameterized0_62  |     6|
|483   |          \N_DDR_MODE.G_NMU[2].U_M                                      |ltlib_v1_0_0_match__parameterized1               |    25|
|484   |            \allx_typeA_match_detection.ltlib_v1_0_0_allx_typeA_inst    |ltlib_v1_0_0_allx_typeA__parameterized1_57       |    24|
|485   |              DUT                                                       |ltlib_v1_0_0_all_typeA__parameterized0_58        |     8|
|486   |                \I_WHOLE_SLICE.G_SLICE_IDX[0].U_ALL_SRL_SLICE           |ltlib_v1_0_0_all_typeA_slice__parameterized0_59  |     6|
|487   |          \N_DDR_MODE.G_NMU[3].U_M                                      |ltlib_v1_0_0_match__parameterized1_34            |     9|
|488   |            \allx_typeA_match_detection.ltlib_v1_0_0_allx_typeA_inst    |ltlib_v1_0_0_allx_typeA__parameterized1_54       |     8|
|489   |              DUT                                                       |ltlib_v1_0_0_all_typeA__parameterized0_55        |     8|
|490   |                \I_WHOLE_SLICE.G_SLICE_IDX[0].U_ALL_SRL_SLICE           |ltlib_v1_0_0_all_typeA_slice__parameterized0_56  |     6|
|491   |          \N_DDR_MODE.G_NMU[4].U_M                                      |ltlib_v1_0_0_match__parameterized1_35            |    25|
|492   |            \allx_typeA_match_detection.ltlib_v1_0_0_allx_typeA_inst    |ltlib_v1_0_0_allx_typeA__parameterized1_51       |    24|
|493   |              DUT                                                       |ltlib_v1_0_0_all_typeA__parameterized0_52        |     8|
|494   |                \I_WHOLE_SLICE.G_SLICE_IDX[0].U_ALL_SRL_SLICE           |ltlib_v1_0_0_all_typeA_slice__parameterized0_53  |     6|
|495   |          \N_DDR_MODE.G_NMU[5].U_M                                      |ltlib_v1_0_0_match__parameterized1_36            |     9|
|496   |            \allx_typeA_match_detection.ltlib_v1_0_0_allx_typeA_inst    |ltlib_v1_0_0_allx_typeA__parameterized1          |     8|
|497   |              DUT                                                       |ltlib_v1_0_0_all_typeA__parameterized0_49        |     8|
|498   |                \I_WHOLE_SLICE.G_SLICE_IDX[0].U_ALL_SRL_SLICE           |ltlib_v1_0_0_all_typeA_slice__parameterized0_50  |     6|
|499   |          \N_DDR_MODE.G_NMU[6].U_M                                      |ltlib_v1_0_0_match__parameterized2_37            |    38|
|500   |            \allx_typeA_match_detection.ltlib_v1_0_0_allx_typeA_inst    |ltlib_v1_0_0_allx_typeA__parameterized2_45       |    37|
|501   |              DUT                                                       |ltlib_v1_0_0_all_typeA_46                        |    13|
|502   |                \I_WHOLE_SLICE.G_SLICE_IDX[0].U_ALL_SRL_SLICE           |ltlib_v1_0_0_all_typeA_slice_47                  |     5|
|503   |                \I_WHOLE_SLICE.G_SLICE_IDX[1].U_ALL_SRL_SLICE           |ltlib_v1_0_0_all_typeA_slice__parameterized0_48  |     6|
|504   |          \N_DDR_MODE.G_NMU[7].U_M                                      |ltlib_v1_0_0_match__parameterized2_38            |    14|
|505   |            \allx_typeA_match_detection.ltlib_v1_0_0_allx_typeA_inst    |ltlib_v1_0_0_allx_typeA__parameterized2          |    13|
|506   |              DUT                                                       |ltlib_v1_0_0_all_typeA                           |    13|
|507   |                \I_WHOLE_SLICE.G_SLICE_IDX[0].U_ALL_SRL_SLICE           |ltlib_v1_0_0_all_typeA_slice                     |     5|
|508   |                \I_WHOLE_SLICE.G_SLICE_IDX[1].U_ALL_SRL_SLICE           |ltlib_v1_0_0_all_typeA_slice__parameterized0_44  |     6|
|509   |          \N_DDR_MODE.G_NMU[8].U_M                                      |ltlib_v1_0_0_match__parameterized0_39            |    11|
|510   |            \allx_typeA_match_detection.ltlib_v1_0_0_allx_typeA_inst    |ltlib_v1_0_0_allx_typeA__parameterized0_41       |    10|
|511   |              DUT                                                       |ltlib_v1_0_0_all_typeA__parameterized0_42        |     8|
|512   |                \I_WHOLE_SLICE.G_SLICE_IDX[0].U_ALL_SRL_SLICE           |ltlib_v1_0_0_all_typeA_slice__parameterized0_43  |     6|
|513   |          \N_DDR_MODE.G_NMU[9].U_M                                      |ltlib_v1_0_0_match__parameterized0_40            |     9|
|514   |            \allx_typeA_match_detection.ltlib_v1_0_0_allx_typeA_inst    |ltlib_v1_0_0_allx_typeA__parameterized0          |     8|
|515   |              DUT                                                       |ltlib_v1_0_0_all_typeA__parameterized0           |     8|
|516   |                \I_WHOLE_SLICE.G_SLICE_IDX[0].U_ALL_SRL_SLICE           |ltlib_v1_0_0_all_typeA_slice__parameterized0     |     6|
|517   |      xsdb_memory_read_inst                                             |ltlib_v1_0_0_generic_memrd                       |   252|
+------+------------------------------------------------------------------------+-------------------------------------------------+------+
---------------------------------------------------------------------------------
Finished Writing Synthesis Report : Time (s): cpu = 00:01:52 ; elapsed = 00:01:56 . Memory (MB): peak = 1068.367 ; gain = 674.039
---------------------------------------------------------------------------------
Synthesis finished with 0 errors, 0 critical warnings and 1149 warnings.
Synthesis Optimization Runtime : Time (s): cpu = 00:00:22 ; elapsed = 00:01:49 . Memory (MB): peak = 1068.367 ; gain = 527.363
Synthesis Optimization Complete : Time (s): cpu = 00:01:52 ; elapsed = 00:01:56 . Memory (MB): peak = 1068.367 ; gain = 674.039
INFO: [Project 1-571] Translating synthesized netlist
INFO: [Netlist 29-17] Analyzing 875 Unisim elements for replacement
INFO: [Netlist 29-28] Unisim Transformation completed in 0 CPU seconds
INFO: [Project 1-570] Preparing netlist for logic optimization
INFO: [Opt 31-138] Pushed 0 inverter(s) to 0 load pin(s).
Netlist sorting complete. Time (s): cpu = 00:00:00 ; elapsed = 00:00:00.002 . Memory (MB): peak = 1068.367 ; gain = 0.000
INFO: [Project 1-111] Unisim Transformation Summary:
  A total of 432 instances were transformed.
  CFGLUT5 => CFGLUT5 (SRLC32E, SRL16E): 352 instances
  CFGLUT5 => SRLC32E: 48 instances
  RAM64M => RAM64M (RAMD64E, RAMD64E, RAMD64E, RAMD64E): 32 instances

INFO: [Common 17-83] Releasing license: Synthesis
482 Infos, 102 Warnings, 0 Critical Warnings and 0 Errors encountered.
synth_design completed successfully
synth_design: Time (s): cpu = 00:01:55 ; elapsed = 00:02:00 . Memory (MB): peak = 1068.367 ; gain = 675.742
INFO: [Common 17-600] The following parameters have non-default value.
tcl.collectionResultDisplayLimit
Netlist sorting complete. Time (s): cpu = 00:00:00 ; elapsed = 00:00:00.003 . Memory (MB): peak = 1068.367 ; gain = 0.000
WARNING: [Constraints 18-5210] No constraints selected for write.
Resolution: This message can indicate that there are no constraints for the design, or it can indicate that the used_in flags are set such that the constraints are ignored. This later case is used when running synth_design to not write synthesis constraints to the resulting checkpoint. Instead, project constraints are read when the synthesized design is opened.
INFO: [Common 17-1381] The checkpoint 'F:/FPGA/work_space/AD_DA_tran/AD_DA_tran.runs/ila_2_synth_1/ila_2.dcp' has been generated.
INFO: [Coretcl 2-1648] Added synthesis output to IP cache for IP ila_2, cache-ID = c28387bcc9f4f99a
INFO: [Coretcl 2-1174] Renamed 516 cell refs.
Netlist sorting complete. Time (s): cpu = 00:00:00 ; elapsed = 00:00:00.003 . Memory (MB): peak = 1068.367 ; gain = 0.000
WARNING: [Constraints 18-5210] No constraints selected for write.
Resolution: This message can indicate that there are no constraints for the design, or it can indicate that the used_in flags are set such that the constraints are ignored. This later case is used when running synth_design to not write synthesis constraints to the resulting checkpoint. Instead, project constraints are read when the synthesized design is opened.
INFO: [Common 17-1381] The checkpoint 'F:/FPGA/work_space/AD_DA_tran/AD_DA_tran.runs/ila_2_synth_1/ila_2.dcp' has been generated.
INFO: [runtcl-4] Executing : report_utilization -file ila_2_utilization_synth.rpt -pb ila_2_utilization_synth.pb
INFO: [Common 17-206] Exiting Vivado at Sat Oct 25 23:53:36 2025...
[Sat Oct 25 23:53:37 2025] ila_2_synth_1 finished
wait_on_run: Time (s): cpu = 00:00:05 ; elapsed = 00:02:11 . Memory (MB): peak = 2334.492 ; gain = 0.000
export_simulation -of_objects [get_files F:/FPGA/work_space/AD_DA_tran/AD_DA_tran.srcs/sources_1/ip/ila_2/ila_2.xci] -directory F:/FPGA/work_space/AD_DA_tran/AD_DA_tran.ip_user_files/sim_scripts -ip_user_files_dir F:/FPGA/work_space/AD_DA_tran/AD_DA_tran.ip_user_files -ipstatic_source_dir F:/FPGA/work_space/AD_DA_tran/AD_DA_tran.ip_user_files/ipstatic -lib_map_path [list {modelsim=F:/FPGA/work_space/AD_DA_tran/AD_DA_tran.cache/compile_simlib/modelsim} {questa=F:/FPGA/work_space/AD_DA_tran/AD_DA_tran.cache/compile_simlib/questa} {riviera=F:/FPGA/work_space/AD_DA_tran/AD_DA_tran.cache/compile_simlib/riviera} {activehdl=F:/FPGA/work_space/AD_DA_tran/AD_DA_tran.cache/compile_simlib/activehdl}] -use_ip_compiled_libs -force -quiet
reset_run synth_1
WARNING: [Vivado 12-1017] Problems encountered:
1. Failed to delete one or more files in run directory F:/FPGA/work_space/AD_DA_tran/AD_DA_tran.runs/synth_1

launch_runs impl_1 -to_step write_bitstream -jobs 12
[Sat Oct 25 23:54:31 2025] Launched synth_1...
Run output will be captured here: F:/FPGA/work_space/AD_DA_tran/AD_DA_tran.runs/synth_1/runme.log
[Sat Oct 25 23:54:31 2025] Launched impl_1...
Run output will be captured here: F:/FPGA/work_space/AD_DA_tran/AD_DA_tran.runs/impl_1/runme.log
open_hw
connect_hw_server
INFO: [Labtools 27-2285] Connecting to hw_server url TCP:localhost:3121
INFO: [Labtools 27-2222] Launching hw_server...
INFO: [Labtools 27-2221] Launch Output:

****** Xilinx hw_server v2018.3
  **** Build date : Dec  7 2018-00:40:27
    ** Copyright 1986-2018 Xilinx, Inc. All Rights Reserved.


open_hw_target
INFO: [Labtoolstcl 44-466] Opening hw_target localhost:3121/xilinx_tcf/Digilent/210357A7D00EA
set_property PROGRAM.FILE {F:/FPGA/work_space/AD_DA_tran/AD_DA_tran.runs/impl_1/FIFO_to_FFT.bit} [get_hw_devices xc7z020_1]
set_property PROBES.FILE {F:/FPGA/work_space/AD_DA_tran/AD_DA_tran.runs/impl_1/FIFO_to_FFT.ltx} [get_hw_devices xc7z020_1]
set_property FULL_PROBES.FILE {F:/FPGA/work_space/AD_DA_tran/AD_DA_tran.runs/impl_1/FIFO_to_FFT.ltx} [get_hw_devices xc7z020_1]
current_hw_device [get_hw_devices xc7z020_1]
refresh_hw_device [lindex [get_hw_devices xc7z020_1] 0]
INFO: [Labtools 27-2302] Device xc7z020 (JTAG device index = 1) is programmed with a design that has 1 ILA core(s).
WARNING: [Labtools 27-1973] Mismatch between the design programmed into the device xc7z020 (JTAG device index = 1) and the probes file(s) F:/FPGA/work_space/AD_DA_tran/AD_DA_tran.runs/impl_1/FIFO_to_FFT.ltx.
 The device core at location uuid_B13C981AC2D554BFB4FBE0EECEA5CFD7, has 7 ILA Input port(s), but the core in the probes file(s) have 6 ILA Input port(s).
Resolution: 
1. Reprogram device with the correct programming file and associated probes file(s) OR
2. Goto device properties and associate the correct probes file(s) with the programming file already programmed in the device.
set_property PROBES.FILE {F:/FPGA/work_space/AD_DA_tran/AD_DA_tran.runs/impl_1/FIFO_to_FFT.ltx} [get_hw_devices xc7z020_1]
set_property FULL_PROBES.FILE {F:/FPGA/work_space/AD_DA_tran/AD_DA_tran.runs/impl_1/FIFO_to_FFT.ltx} [get_hw_devices xc7z020_1]
set_property PROGRAM.FILE {F:/FPGA/work_space/AD_DA_tran/AD_DA_tran.runs/impl_1/FIFO_to_FFT.bit} [get_hw_devices xc7z020_1]
program_hw_devices [get_hw_devices xc7z020_1]
INFO: [Labtools 27-3164] End of startup status: HIGH
refresh_hw_device [lindex [get_hw_devices xc7z020_1] 0]
INFO: [Labtools 27-2302] Device xc7z020 (JTAG device index = 1) is programmed with a design that has 1 ILA core(s).
display_hw_ila_data [ get_hw_ila_data hw_ila_data_1 -of_objects [get_hw_ilas -of_objects [get_hw_devices xc7z020_1] -filter {CELL_NAME=~"u_ila_2"}]]
WARNING: Simulation object m_axis_data_tdata was not found in the design.
WARNING: Simulation object tlast_missing was not found in the design.
WARNING: Simulation object fft_start was not found in the design.
add_wave -into {hw_ila_data_1.wcfg} -radix hex { {imag_data} }
add_wave -into {hw_ila_data_1.wcfg} -radix hex { {real_data} }
run_hw_ila [get_hw_ilas -of_objects [get_hw_devices xc7z020_1] -filter {CELL_NAME=~"u_ila_2"}]
INFO: [Labtools 27-1964] The ILA core 'hw_ila_1' trigger was armed at 2025-Oct-25 23:57:33
wait_on_hw_ila [get_hw_ilas -of_objects [get_hw_devices xc7z020_1] -filter {CELL_NAME=~"u_ila_2"}]
display_hw_ila_data [upload_hw_ila_data [get_hw_ilas -of_objects [get_hw_devices xc7z020_1] -filter {CELL_NAME=~"u_ila_2"}]]
INFO: [Labtools 27-1966] The ILA core 'hw_ila_1' triggered at 2025-Oct-25 23:57:40
INFO: [Labtools 27-3304] ILA Waveform data saved to file F:/FPGA/work_space/AD_DA_tran/AD_DA_tran.hw/backup/hw_ila_data_1.ila. Use Tcl command 'read_hw_ila_data' or Vivado File->Import->Import ILA Data menu item to import the previously saved data.
set_property PROBES.FILE {F:/FPGA/work_space/AD_DA_tran/AD_DA_tran.runs/impl_1/FIFO_to_FFT.ltx} [get_hw_devices xc7z020_1]
set_property FULL_PROBES.FILE {F:/FPGA/work_space/AD_DA_tran/AD_DA_tran.runs/impl_1/FIFO_to_FFT.ltx} [get_hw_devices xc7z020_1]
set_property PROGRAM.FILE {F:/FPGA/work_space/AD_DA_tran/AD_DA_tran.runs/impl_1/FIFO_to_FFT.bit} [get_hw_devices xc7z020_1]
program_hw_devices [get_hw_devices xc7z020_1]
INFO: [Labtools 27-3164] End of startup status: HIGH
refresh_hw_device [lindex [get_hw_devices xc7z020_1] 0]
INFO: [Labtools 27-2302] Device xc7z020 (JTAG device index = 1) is programmed with a design that has 1 ILA core(s).
run_hw_ila [get_hw_ilas -of_objects [get_hw_devices xc7z020_1] -filter {CELL_NAME=~"u_ila_2"}]
INFO: [Labtools 27-1964] The ILA core 'hw_ila_1' trigger was armed at 2025-Oct-25 23:59:02
wait_on_hw_ila [get_hw_ilas -of_objects [get_hw_devices xc7z020_1] -filter {CELL_NAME=~"u_ila_2"}]
display_hw_ila_data [upload_hw_ila_data [get_hw_ilas -of_objects [get_hw_devices xc7z020_1] -filter {CELL_NAME=~"u_ila_2"}]]
INFO: [Labtools 27-1966] The ILA core 'hw_ila_1' triggered at 2025-Oct-25 23:59:04
INFO: [Labtools 27-3304] ILA Waveform data saved to file F:/FPGA/work_space/AD_DA_tran/AD_DA_tran.hw/backup/hw_ila_data_1.ila. Use Tcl command 'read_hw_ila_data' or Vivado File->Import->Import ILA Data menu item to import the previously saved data.
run_hw_ila [get_hw_ilas -of_objects [get_hw_devices xc7z020_1] -filter {CELL_NAME=~"u_ila_2"}]
INFO: [Labtools 27-1964] The ILA core 'hw_ila_1' trigger was armed at 2025-Oct-26 00:00:13
wait_on_hw_ila [get_hw_ilas -of_objects [get_hw_devices xc7z020_1] -filter {CELL_NAME=~"u_ila_2"}]
display_hw_ila_data [upload_hw_ila_data [get_hw_ilas -of_objects [get_hw_devices xc7z020_1] -filter {CELL_NAME=~"u_ila_2"}]]
INFO: [Labtools 27-1966] The ILA core 'hw_ila_1' triggered at 2025-Oct-26 00:00:17
INFO: [Labtools 27-3304] ILA Waveform data saved to file F:/FPGA/work_space/AD_DA_tran/AD_DA_tran.hw/backup/hw_ila_data_1.ila. Use Tcl command 'read_hw_ila_data' or Vivado File->Import->Import ILA Data menu item to import the previously saved data.
save_wave_config {F:/FPGA/work_space/AD_DA_tran/AD_DA_tran.hw/hw_1/wave/hw_ila_data_1/hw_ila_data_1.wcfg}
exit
INFO: [Common 17-206] Exiting Vivado at Sun Oct 26 00:01:02 2025...
