Copyright 1986-2018 Xilinx, Inc. All Rights Reserved.
--------------------------------------------------------------------------------------------------------------------------------------------------------------------------------------------
| Tool Version : Vivado v.2018.3 (win64) Build 2405991 Thu Dec  6 23:38:27 MST 2018
| Date         : Tue Jan 13 08:49:41 2026
| Host         : Peaceinlife running 64-bit major release  (build 9200)
| Command      : report_timing_summary -max_paths 10 -file FFT_OUT_timing_summary_routed.rpt -pb FFT_OUT_timing_summary_routed.pb -rpx FFT_OUT_timing_summary_routed.rpx -warn_on_violation
| Design       : FFT_OUT
| Device       : 7z020-clg400
| Speed File   : -2  PRODUCTION 1.11 2014-09-11
--------------------------------------------------------------------------------------------------------------------------------------------------------------------------------------------

Timing Summary Report

------------------------------------------------------------------------------------------------
| Timer Settings
| --------------
------------------------------------------------------------------------------------------------

  Enable Multi Corner Analysis               :  Yes
  Enable Pessimism Removal                   :  Yes
  Pessimism Removal Resolution               :  Nearest Common Node
  Enable Input Delay Default Clock           :  No
  Enable Preset / Clear Arcs                 :  No
  Disable Flight Delays                      :  No
  Ignore I/O Paths                           :  No
  Timing Early Launch at Borrowing Latches   :  false

  Corner  Analyze    Analyze    
  Name    Max Paths  Min Paths  
  ------  ---------  ---------  
  Slow    Yes        Yes        
  Fast    Yes        Yes        



check_timing report

Table of Contents
-----------------
1. checking no_clock
2. checking constant_clock
3. checking pulse_width_clock
4. checking unconstrained_internal_endpoints
5. checking no_input_delay
6. checking no_output_delay
7. checking multiple_clock
8. checking generated_clocks
9. checking loops
10. checking partial_input_delay
11. checking partial_output_delay
12. checking latch_loops

1. checking no_clock
--------------------
 There are 101 register/latch pins with no clock driven by root clock pin: u_FIFO_to_FFT/u_ad_fifo/u_ad_da_t/u_clock_div/clk_out_reg_reg/Q (HIGH)

 There are 1720 register/latch pins with no clock driven by root clock pin: u_FIFO_to_FFT/u_ad_fifo/u_ad_da_t/u_clock_div/pulse_out_reg_reg/Q (HIGH)


2. checking constant_clock
--------------------------
 There are 0 register/latch pins with constant_clock.


3. checking pulse_width_clock
-----------------------------
 There are 0 register/latch pins which need pulse_width check


4. checking unconstrained_internal_endpoints
--------------------------------------------
 There are 4833 pins that are not constrained for maximum delay. (HIGH)

 There are 0 pins that are not constrained for maximum delay due to constant clock.


5. checking no_input_delay
--------------------------
 There are 10 input ports with no input delay specified. (HIGH)

 There are 0 input ports with no input delay but user has a false path constraint.


6. checking no_output_delay
---------------------------
 There are 14 ports with no output delay specified. (HIGH)

 There are 0 ports with no output delay but user has a false path constraint

 There are 0 ports with no output delay but with a timing clock defined on it or propagating through it


7. checking multiple_clock
--------------------------
 There are 0 register/latch pins with multiple clocks.


8. checking generated_clocks
----------------------------
 There are 0 generated clocks that are not connected to a clock source.


9. checking loops
-----------------
 There are 0 combinational loops in the design.


10. checking partial_input_delay
--------------------------------
 There are 0 input ports with partial input delay specified.


11. checking partial_output_delay
---------------------------------
 There are 0 ports with partial output delay specified.


12. checking latch_loops
------------------------
 There are 0 combinational latch loops in the design through latch input



------------------------------------------------------------------------------------------------
| Design Timing Summary
| ---------------------
------------------------------------------------------------------------------------------------

    WNS(ns)      TNS(ns)  TNS Failing Endpoints  TNS Total Endpoints      WHS(ns)      THS(ns)  THS Failing Endpoints  THS Total Endpoints     WPWS(ns)     TPWS(ns)  TPWS Failing Endpoints  TPWS Total Endpoints  
    -------      -------  ---------------------  -------------------      -------      -------  ---------------------  -------------------     --------     --------  ----------------------  --------------------  
      2.514        0.000                      0                 8803        0.050        0.000                      0                 8787        7.000        0.000                       0                  3487  


All user specified timing constraints are met.


------------------------------------------------------------------------------------------------
| Clock Summary
| -------------
------------------------------------------------------------------------------------------------

Clock                                                                                       Waveform(ns)       Period(ns)      Frequency(MHz)
-----                                                                                       ------------       ----------      --------------
dbg_hub/inst/BSCANID.u_xsdbm_id/SWITCH_N_EXT_BSCAN.bscan_inst/SERIES7_BSCAN.bscan_inst/TCK  {0.000 16.500}     33.000          30.303          
sys_clk                                                                                     {0.000 10.000}     20.000          50.000          
  clk_out1_pll_ip                                                                           {0.000 10.417}     20.833          48.000          
  clkfbout_pll_ip                                                                           {0.000 10.000}     20.000          50.000          


------------------------------------------------------------------------------------------------
| Intra Clock Table
| -----------------
------------------------------------------------------------------------------------------------

Clock                                                                                           WNS(ns)      TNS(ns)  TNS Failing Endpoints  TNS Total Endpoints      WHS(ns)      THS(ns)  THS Failing Endpoints  THS Total Endpoints     WPWS(ns)     TPWS(ns)  TPWS Failing Endpoints  TPWS Total Endpoints  
-----                                                                                           -------      -------  ---------------------  -------------------      -------      -------  ---------------------  -------------------     --------     --------  ----------------------  --------------------  
dbg_hub/inst/BSCANID.u_xsdbm_id/SWITCH_N_EXT_BSCAN.bscan_inst/SERIES7_BSCAN.bscan_inst/TCK       27.551        0.000                      0                  928        0.090        0.000                      0                  928       15.370        0.000                       0                   483  
sys_clk                                                                                           2.514        0.000                      0                 7656        0.050        0.000                      0                 7656        7.000        0.000                       0                  2987  
  clk_out1_pll_ip                                                                                17.129        0.000                      0                   12        0.241        0.000                      0                   12        9.917        0.000                       0                    14  
  clkfbout_pll_ip                                                                                                                                                                                                                            18.408        0.000                       0                     3  


------------------------------------------------------------------------------------------------
| Inter Clock Table
| -----------------
------------------------------------------------------------------------------------------------

From Clock                                                                                  To Clock                                                                                        WNS(ns)      TNS(ns)  TNS Failing Endpoints  TNS Total Endpoints      WHS(ns)      THS(ns)  THS Failing Endpoints  THS Total Endpoints  
----------                                                                                  --------                                                                                        -------      -------  ---------------------  -------------------      -------      -------  ---------------------  -------------------  
sys_clk                                                                                     dbg_hub/inst/BSCANID.u_xsdbm_id/SWITCH_N_EXT_BSCAN.bscan_inst/SERIES7_BSCAN.bscan_inst/TCK       18.923        0.000                      0                    8                                                                        
dbg_hub/inst/BSCANID.u_xsdbm_id/SWITCH_N_EXT_BSCAN.bscan_inst/SERIES7_BSCAN.bscan_inst/TCK  sys_clk                                                                                          31.947        0.000                      0                    8                                                                        


------------------------------------------------------------------------------------------------
| Other Path Groups Table
| -----------------------
------------------------------------------------------------------------------------------------

Path Group                                                                                  From Clock                                                                                  To Clock                                                                                        WNS(ns)      TNS(ns)  TNS Failing Endpoints  TNS Total Endpoints      WHS(ns)      THS(ns)  THS Failing Endpoints  THS Total Endpoints  
----------                                                                                  ----------                                                                                  --------                                                                                        -------      -------  ---------------------  -------------------      -------      -------  ---------------------  -------------------  
**async_default**                                                                           dbg_hub/inst/BSCANID.u_xsdbm_id/SWITCH_N_EXT_BSCAN.bscan_inst/SERIES7_BSCAN.bscan_inst/TCK  dbg_hub/inst/BSCANID.u_xsdbm_id/SWITCH_N_EXT_BSCAN.bscan_inst/SERIES7_BSCAN.bscan_inst/TCK       29.571        0.000                      0                  100        0.377        0.000                      0                  100  
**async_default**                                                                           sys_clk                                                                                     sys_clk                                                                                          17.795        0.000                      0                   91        0.368        0.000                      0                   91  


------------------------------------------------------------------------------------------------
| Timing Details
| --------------
------------------------------------------------------------------------------------------------


---------------------------------------------------------------------------------------------------
From Clock:  dbg_hub/inst/BSCANID.u_xsdbm_id/SWITCH_N_EXT_BSCAN.bscan_inst/SERIES7_BSCAN.bscan_inst/TCK
  To Clock:  dbg_hub/inst/BSCANID.u_xsdbm_id/SWITCH_N_EXT_BSCAN.bscan_inst/SERIES7_BSCAN.bscan_inst/TCK

Setup :            0  Failing Endpoints,  Worst Slack       27.551ns,  Total Violation        0.000ns
Hold  :            0  Failing Endpoints,  Worst Slack        0.090ns,  Total Violation        0.000ns
PW    :            0  Failing Endpoints,  Worst Slack       15.370ns,  Total Violation        0.000ns
---------------------------------------------------------------------------------------------------


Max Delay Paths
--------------------------------------------------------------------------------------
Slack (MET) :             27.551ns  (required time - arrival time)
  Source:                 dbg_hub/inst/BSCANID.u_xsdbm_id/SWITCH_N_EXT_BSCAN.bscan_switch/state_reg[2]/C
                            (rising edge-triggered cell FDRE clocked by dbg_hub/inst/BSCANID.u_xsdbm_id/SWITCH_N_EXT_BSCAN.bscan_inst/SERIES7_BSCAN.bscan_inst/TCK  {rise@0.000ns fall@16.500ns period=33.000ns})
  Destination:            dbg_hub/inst/BSCANID.u_xsdbm_id/SWITCH_N_EXT_BSCAN.bscan_switch/portno_temp_reg[1]/D
                            (rising edge-triggered cell FDRE clocked by dbg_hub/inst/BSCANID.u_xsdbm_id/SWITCH_N_EXT_BSCAN.bscan_inst/SERIES7_BSCAN.bscan_inst/TCK  {rise@0.000ns fall@16.500ns period=33.000ns})
  Path Group:             dbg_hub/inst/BSCANID.u_xsdbm_id/SWITCH_N_EXT_BSCAN.bscan_inst/SERIES7_BSCAN.bscan_inst/TCK
  Path Type:              Setup (Max at Slow Process Corner)
  Requirement:            33.000ns  (dbg_hub/inst/BSCANID.u_xsdbm_id/SWITCH_N_EXT_BSCAN.bscan_inst/SERIES7_BSCAN.bscan_inst/TCK rise@33.000ns - dbg_hub/inst/BSCANID.u_xsdbm_id/SWITCH_N_EXT_BSCAN.bscan_inst/SERIES7_BSCAN.bscan_inst/TCK rise@0.000ns)
  Data Path Delay:        5.387ns  (logic 1.458ns (27.064%)  route 3.929ns (72.936%))
  Logic Levels:           6  (CARRY4=2 LUT3=1 LUT4=1 LUT5=1 LUT6=1)
  Clock Path Skew:        -0.056ns (DCD - SCD + CPR)
    Destination Clock Delay (DCD):    3.027ns = ( 36.027 - 33.000 ) 
    Source Clock Delay      (SCD):    3.450ns
    Clock Pessimism Removal (CPR):    0.368ns
  Clock Uncertainty:      0.035ns  ((TSJ^2 + TIJ^2)^1/2 + DJ) / 2 + PE
    Total System Jitter     (TSJ):    0.071ns
    Total Input Jitter      (TIJ):    0.000ns
    Discrete Jitter          (DJ):    0.000ns
    Phase Error              (PE):    0.000ns

    Location             Delay type                Incr(ns)  Path(ns)    Netlist Resource(s)
  -------------------------------------------------------------------    -------------------
                         (clock dbg_hub/inst/BSCANID.u_xsdbm_id/SWITCH_N_EXT_BSCAN.bscan_inst/SERIES7_BSCAN.bscan_inst/TCK rise edge)
                                                      0.000     0.000 r  
    BSCAN_X0Y0           BSCANE2                      0.000     0.000 r  dbg_hub/inst/BSCANID.u_xsdbm_id/SWITCH_N_EXT_BSCAN.bscan_inst/SERIES7_BSCAN.bscan_inst/TCK
                         net (fo=1, routed)           1.937     1.937    dbg_hub/inst/BSCANID.u_xsdbm_id/tck_bs
    BUFGCTRL_X0Y1        BUFG (Prop_bufg_I_O)         0.085     2.022 r  dbg_hub/inst/BSCANID.u_xsdbm_id/SWITCH_N_EXT_BSCAN.u_bufg_icon_tck/O
                         net (fo=482, routed)         1.428     3.450    dbg_hub/inst/BSCANID.u_xsdbm_id/SWITCH_N_EXT_BSCAN.bscan_switch/s_bscan_tck
    SLICE_X63Y76         FDRE                                         r  dbg_hub/inst/BSCANID.u_xsdbm_id/SWITCH_N_EXT_BSCAN.bscan_switch/state_reg[2]/C
  -------------------------------------------------------------------    -------------------
    SLICE_X63Y76         FDRE (Prop_fdre_C_Q)         0.348     3.798 f  dbg_hub/inst/BSCANID.u_xsdbm_id/SWITCH_N_EXT_BSCAN.bscan_switch/state_reg[2]/Q
                         net (fo=50, routed)          1.334     5.133    dbg_hub/inst/BSCANID.u_xsdbm_id/SWITCH_N_EXT_BSCAN.bscan_switch/state[2]
    SLICE_X58Y73         LUT4 (Prop_lut4_I2_O)        0.240     5.373 r  dbg_hub/inst/BSCANID.u_xsdbm_id/SWITCH_N_EXT_BSCAN.bscan_switch/curid_inferred_i_20/O
                         net (fo=2, routed)           0.794     6.166    dbg_hub/inst/BSCANID.u_xsdbm_id/SWITCH_N_EXT_BSCAN.bscan_switch/curid[12]
    SLICE_X60Y73         LUT6 (Prop_lut6_I4_O)        0.105     6.271 r  dbg_hub/inst/BSCANID.u_xsdbm_id/SWITCH_N_EXT_BSCAN.bscan_switch/state_temp[0]_i_11/O
                         net (fo=1, routed)           0.000     6.271    dbg_hub/inst/BSCANID.u_xsdbm_id/SWITCH_N_EXT_BSCAN.bscan_switch/state_temp[0]_i_11_n_0
    SLICE_X60Y73         CARRY4 (Prop_carry4_S[1]_CO[3])
                                                      0.457     6.728 r  dbg_hub/inst/BSCANID.u_xsdbm_id/SWITCH_N_EXT_BSCAN.bscan_switch/state_temp_reg[0]_i_4/CO[3]
                         net (fo=1, routed)           0.000     6.728    dbg_hub/inst/BSCANID.u_xsdbm_id/SWITCH_N_EXT_BSCAN.bscan_switch/state_temp_reg[0]_i_4_n_0
    SLICE_X60Y74         CARRY4 (Prop_carry4_CI_CO[3])
                                                      0.098     6.826 f  dbg_hub/inst/BSCANID.u_xsdbm_id/SWITCH_N_EXT_BSCAN.bscan_switch/state_temp_reg[0]_i_3/CO[3]
                         net (fo=4, routed)           1.109     7.936    dbg_hub/inst/BSCANID.u_xsdbm_id/SWITCH_N_EXT_BSCAN.bscan_switch/state_temp_reg[0]_i_3_n_0
    SLICE_X64Y76         LUT5 (Prop_lut5_I1_O)        0.105     8.041 r  dbg_hub/inst/BSCANID.u_xsdbm_id/SWITCH_N_EXT_BSCAN.bscan_switch/portno_temp[5]_i_2/O
                         net (fo=7, routed)           0.692     8.733    dbg_hub/inst/BSCANID.u_xsdbm_id/SWITCH_N_EXT_BSCAN.bscan_switch/portno_temp[5]_i_2_n_0
    SLICE_X64Y75         LUT3 (Prop_lut3_I1_O)        0.105     8.838 r  dbg_hub/inst/BSCANID.u_xsdbm_id/SWITCH_N_EXT_BSCAN.bscan_switch/portno_temp[1]_i_1/O
                         net (fo=1, routed)           0.000     8.838    dbg_hub/inst/BSCANID.u_xsdbm_id/SWITCH_N_EXT_BSCAN.bscan_switch/portno_temp[1]_i_1_n_0
    SLICE_X64Y75         FDRE                                         r  dbg_hub/inst/BSCANID.u_xsdbm_id/SWITCH_N_EXT_BSCAN.bscan_switch/portno_temp_reg[1]/D
  -------------------------------------------------------------------    -------------------

                         (clock dbg_hub/inst/BSCANID.u_xsdbm_id/SWITCH_N_EXT_BSCAN.bscan_inst/SERIES7_BSCAN.bscan_inst/TCK rise edge)
                                                     33.000    33.000 r  
    BSCAN_X0Y0           BSCANE2                      0.000    33.000 r  dbg_hub/inst/BSCANID.u_xsdbm_id/SWITCH_N_EXT_BSCAN.bscan_inst/SERIES7_BSCAN.bscan_inst/TCK
                         net (fo=1, routed)           1.673    34.673    dbg_hub/inst/BSCANID.u_xsdbm_id/tck_bs
    BUFGCTRL_X0Y1        BUFG (Prop_bufg_I_O)         0.077    34.750 r  dbg_hub/inst/BSCANID.u_xsdbm_id/SWITCH_N_EXT_BSCAN.u_bufg_icon_tck/O
                         net (fo=482, routed)         1.276    36.027    dbg_hub/inst/BSCANID.u_xsdbm_id/SWITCH_N_EXT_BSCAN.bscan_switch/s_bscan_tck
    SLICE_X64Y75         FDRE                                         r  dbg_hub/inst/BSCANID.u_xsdbm_id/SWITCH_N_EXT_BSCAN.bscan_switch/portno_temp_reg[1]/C
                         clock pessimism              0.368    36.394    
                         clock uncertainty           -0.035    36.359    
    SLICE_X64Y75         FDRE (Setup_fdre_C_D)        0.030    36.389    dbg_hub/inst/BSCANID.u_xsdbm_id/SWITCH_N_EXT_BSCAN.bscan_switch/portno_temp_reg[1]
  -------------------------------------------------------------------
                         required time                         36.389    
                         arrival time                          -8.838    
  -------------------------------------------------------------------
                         slack                                 27.551    

Slack (MET) :             27.621ns  (required time - arrival time)
  Source:                 dbg_hub/inst/BSCANID.u_xsdbm_id/SWITCH_N_EXT_BSCAN.bscan_switch/state_reg[2]/C
                            (rising edge-triggered cell FDRE clocked by dbg_hub/inst/BSCANID.u_xsdbm_id/SWITCH_N_EXT_BSCAN.bscan_inst/SERIES7_BSCAN.bscan_inst/TCK  {rise@0.000ns fall@16.500ns period=33.000ns})
  Destination:            dbg_hub/inst/BSCANID.u_xsdbm_id/SWITCH_N_EXT_BSCAN.bscan_switch/state_temp_reg[2]/D
                            (rising edge-triggered cell FDRE clocked by dbg_hub/inst/BSCANID.u_xsdbm_id/SWITCH_N_EXT_BSCAN.bscan_inst/SERIES7_BSCAN.bscan_inst/TCK  {rise@0.000ns fall@16.500ns period=33.000ns})
  Path Group:             dbg_hub/inst/BSCANID.u_xsdbm_id/SWITCH_N_EXT_BSCAN.bscan_inst/SERIES7_BSCAN.bscan_inst/TCK
  Path Type:              Setup (Max at Slow Process Corner)
  Requirement:            33.000ns  (dbg_hub/inst/BSCANID.u_xsdbm_id/SWITCH_N_EXT_BSCAN.bscan_inst/SERIES7_BSCAN.bscan_inst/TCK rise@33.000ns - dbg_hub/inst/BSCANID.u_xsdbm_id/SWITCH_N_EXT_BSCAN.bscan_inst/SERIES7_BSCAN.bscan_inst/TCK rise@0.000ns)
  Data Path Delay:        5.376ns  (logic 1.458ns (27.122%)  route 3.918ns (72.878%))
  Logic Levels:           6  (CARRY4=2 LUT4=1 LUT5=1 LUT6=2)
  Clock Path Skew:        0.000ns (DCD - SCD + CPR)
    Destination Clock Delay (DCD):    3.025ns = ( 36.025 - 33.000 ) 
    Source Clock Delay      (SCD):    3.450ns
    Clock Pessimism Removal (CPR):    0.426ns
  Clock Uncertainty:      0.035ns  ((TSJ^2 + TIJ^2)^1/2 + DJ) / 2 + PE
    Total System Jitter     (TSJ):    0.071ns
    Total Input Jitter      (TIJ):    0.000ns
    Discrete Jitter          (DJ):    0.000ns
    Phase Error              (PE):    0.000ns

    Location             Delay type                Incr(ns)  Path(ns)    Netlist Resource(s)
  -------------------------------------------------------------------    -------------------
                         (clock dbg_hub/inst/BSCANID.u_xsdbm_id/SWITCH_N_EXT_BSCAN.bscan_inst/SERIES7_BSCAN.bscan_inst/TCK rise edge)
                                                      0.000     0.000 r  
    BSCAN_X0Y0           BSCANE2                      0.000     0.000 r  dbg_hub/inst/BSCANID.u_xsdbm_id/SWITCH_N_EXT_BSCAN.bscan_inst/SERIES7_BSCAN.bscan_inst/TCK
                         net (fo=1, routed)           1.937     1.937    dbg_hub/inst/BSCANID.u_xsdbm_id/tck_bs
    BUFGCTRL_X0Y1        BUFG (Prop_bufg_I_O)         0.085     2.022 r  dbg_hub/inst/BSCANID.u_xsdbm_id/SWITCH_N_EXT_BSCAN.u_bufg_icon_tck/O
                         net (fo=482, routed)         1.428     3.450    dbg_hub/inst/BSCANID.u_xsdbm_id/SWITCH_N_EXT_BSCAN.bscan_switch/s_bscan_tck
    SLICE_X63Y76         FDRE                                         r  dbg_hub/inst/BSCANID.u_xsdbm_id/SWITCH_N_EXT_BSCAN.bscan_switch/state_reg[2]/C
  -------------------------------------------------------------------    -------------------
    SLICE_X63Y76         FDRE (Prop_fdre_C_Q)         0.348     3.798 f  dbg_hub/inst/BSCANID.u_xsdbm_id/SWITCH_N_EXT_BSCAN.bscan_switch/state_reg[2]/Q
                         net (fo=50, routed)          1.334     5.133    dbg_hub/inst/BSCANID.u_xsdbm_id/SWITCH_N_EXT_BSCAN.bscan_switch/state[2]
    SLICE_X58Y73         LUT4 (Prop_lut4_I2_O)        0.240     5.373 r  dbg_hub/inst/BSCANID.u_xsdbm_id/SWITCH_N_EXT_BSCAN.bscan_switch/curid_inferred_i_20/O
                         net (fo=2, routed)           0.794     6.166    dbg_hub/inst/BSCANID.u_xsdbm_id/SWITCH_N_EXT_BSCAN.bscan_switch/curid[12]
    SLICE_X60Y73         LUT6 (Prop_lut6_I4_O)        0.105     6.271 r  dbg_hub/inst/BSCANID.u_xsdbm_id/SWITCH_N_EXT_BSCAN.bscan_switch/state_temp[0]_i_11/O
                         net (fo=1, routed)           0.000     6.271    dbg_hub/inst/BSCANID.u_xsdbm_id/SWITCH_N_EXT_BSCAN.bscan_switch/state_temp[0]_i_11_n_0
    SLICE_X60Y73         CARRY4 (Prop_carry4_S[1]_CO[3])
                                                      0.457     6.728 r  dbg_hub/inst/BSCANID.u_xsdbm_id/SWITCH_N_EXT_BSCAN.bscan_switch/state_temp_reg[0]_i_4/CO[3]
                         net (fo=1, routed)           0.000     6.728    dbg_hub/inst/BSCANID.u_xsdbm_id/SWITCH_N_EXT_BSCAN.bscan_switch/state_temp_reg[0]_i_4_n_0
    SLICE_X60Y74         CARRY4 (Prop_carry4_CI_CO[3])
                                                      0.098     6.826 f  dbg_hub/inst/BSCANID.u_xsdbm_id/SWITCH_N_EXT_BSCAN.bscan_switch/state_temp_reg[0]_i_3/CO[3]
                         net (fo=4, routed)           1.109     7.936    dbg_hub/inst/BSCANID.u_xsdbm_id/SWITCH_N_EXT_BSCAN.bscan_switch/state_temp_reg[0]_i_3_n_0
    SLICE_X64Y76         LUT5 (Prop_lut5_I1_O)        0.105     8.041 r  dbg_hub/inst/BSCANID.u_xsdbm_id/SWITCH_N_EXT_BSCAN.bscan_switch/portno_temp[5]_i_2/O
                         net (fo=7, routed)           0.681     8.721    dbg_hub/inst/BSCANID.u_xsdbm_id/SWITCH_N_EXT_BSCAN.bscan_switch/portno_temp[5]_i_2_n_0
    SLICE_X63Y76         LUT6 (Prop_lut6_I2_O)        0.105     8.826 r  dbg_hub/inst/BSCANID.u_xsdbm_id/SWITCH_N_EXT_BSCAN.bscan_switch/state_temp[2]_i_1/O
                         net (fo=1, routed)           0.000     8.826    dbg_hub/inst/BSCANID.u_xsdbm_id/SWITCH_N_EXT_BSCAN.bscan_switch/state_temp[2]_i_1_n_0
    SLICE_X63Y76         FDRE                                         r  dbg_hub/inst/BSCANID.u_xsdbm_id/SWITCH_N_EXT_BSCAN.bscan_switch/state_temp_reg[2]/D
  -------------------------------------------------------------------    -------------------

                         (clock dbg_hub/inst/BSCANID.u_xsdbm_id/SWITCH_N_EXT_BSCAN.bscan_inst/SERIES7_BSCAN.bscan_inst/TCK rise edge)
                                                     33.000    33.000 r  
    BSCAN_X0Y0           BSCANE2                      0.000    33.000 r  dbg_hub/inst/BSCANID.u_xsdbm_id/SWITCH_N_EXT_BSCAN.bscan_inst/SERIES7_BSCAN.bscan_inst/TCK
                         net (fo=1, routed)           1.673    34.673    dbg_hub/inst/BSCANID.u_xsdbm_id/tck_bs
    BUFGCTRL_X0Y1        BUFG (Prop_bufg_I_O)         0.077    34.750 r  dbg_hub/inst/BSCANID.u_xsdbm_id/SWITCH_N_EXT_BSCAN.u_bufg_icon_tck/O
                         net (fo=482, routed)         1.274    36.025    dbg_hub/inst/BSCANID.u_xsdbm_id/SWITCH_N_EXT_BSCAN.bscan_switch/s_bscan_tck
    SLICE_X63Y76         FDRE                                         r  dbg_hub/inst/BSCANID.u_xsdbm_id/SWITCH_N_EXT_BSCAN.bscan_switch/state_temp_reg[2]/C
                         clock pessimism              0.426    36.450    
                         clock uncertainty           -0.035    36.415    
    SLICE_X63Y76         FDRE (Setup_fdre_C_D)        0.032    36.447    dbg_hub/inst/BSCANID.u_xsdbm_id/SWITCH_N_EXT_BSCAN.bscan_switch/state_temp_reg[2]
  -------------------------------------------------------------------
                         required time                         36.447    
                         arrival time                          -8.826    
  -------------------------------------------------------------------
                         slack                                 27.621    

Slack (MET) :             27.645ns  (required time - arrival time)
  Source:                 dbg_hub/inst/BSCANID.u_xsdbm_id/SWITCH_N_EXT_BSCAN.bscan_switch/state_reg[2]/C
                            (rising edge-triggered cell FDRE clocked by dbg_hub/inst/BSCANID.u_xsdbm_id/SWITCH_N_EXT_BSCAN.bscan_inst/SERIES7_BSCAN.bscan_inst/TCK  {rise@0.000ns fall@16.500ns period=33.000ns})
  Destination:            dbg_hub/inst/BSCANID.u_xsdbm_id/SWITCH_N_EXT_BSCAN.bscan_switch/portno_temp_reg[2]/D
                            (rising edge-triggered cell FDRE clocked by dbg_hub/inst/BSCANID.u_xsdbm_id/SWITCH_N_EXT_BSCAN.bscan_inst/SERIES7_BSCAN.bscan_inst/TCK  {rise@0.000ns fall@16.500ns period=33.000ns})
  Path Group:             dbg_hub/inst/BSCANID.u_xsdbm_id/SWITCH_N_EXT_BSCAN.bscan_inst/SERIES7_BSCAN.bscan_inst/TCK
  Path Type:              Setup (Max at Slow Process Corner)
  Requirement:            33.000ns  (dbg_hub/inst/BSCANID.u_xsdbm_id/SWITCH_N_EXT_BSCAN.bscan_inst/SERIES7_BSCAN.bscan_inst/TCK rise@33.000ns - dbg_hub/inst/BSCANID.u_xsdbm_id/SWITCH_N_EXT_BSCAN.bscan_inst/SERIES7_BSCAN.bscan_inst/TCK rise@0.000ns)
  Data Path Delay:        5.325ns  (logic 1.458ns (27.382%)  route 3.867ns (72.618%))
  Logic Levels:           6  (CARRY4=2 LUT3=1 LUT4=1 LUT5=1 LUT6=1)
  Clock Path Skew:        -0.025ns (DCD - SCD + CPR)
    Destination Clock Delay (DCD):    3.024ns = ( 36.024 - 33.000 ) 
    Source Clock Delay      (SCD):    3.450ns
    Clock Pessimism Removal (CPR):    0.402ns
  Clock Uncertainty:      0.035ns  ((TSJ^2 + TIJ^2)^1/2 + DJ) / 2 + PE
    Total System Jitter     (TSJ):    0.071ns
    Total Input Jitter      (TIJ):    0.000ns
    Discrete Jitter          (DJ):    0.000ns
    Phase Error              (PE):    0.000ns

    Location             Delay type                Incr(ns)  Path(ns)    Netlist Resource(s)
  -------------------------------------------------------------------    -------------------
                         (clock dbg_hub/inst/BSCANID.u_xsdbm_id/SWITCH_N_EXT_BSCAN.bscan_inst/SERIES7_BSCAN.bscan_inst/TCK rise edge)
                                                      0.000     0.000 r  
    BSCAN_X0Y0           BSCANE2                      0.000     0.000 r  dbg_hub/inst/BSCANID.u_xsdbm_id/SWITCH_N_EXT_BSCAN.bscan_inst/SERIES7_BSCAN.bscan_inst/TCK
                         net (fo=1, routed)           1.937     1.937    dbg_hub/inst/BSCANID.u_xsdbm_id/tck_bs
    BUFGCTRL_X0Y1        BUFG (Prop_bufg_I_O)         0.085     2.022 r  dbg_hub/inst/BSCANID.u_xsdbm_id/SWITCH_N_EXT_BSCAN.u_bufg_icon_tck/O
                         net (fo=482, routed)         1.428     3.450    dbg_hub/inst/BSCANID.u_xsdbm_id/SWITCH_N_EXT_BSCAN.bscan_switch/s_bscan_tck
    SLICE_X63Y76         FDRE                                         r  dbg_hub/inst/BSCANID.u_xsdbm_id/SWITCH_N_EXT_BSCAN.bscan_switch/state_reg[2]/C
  -------------------------------------------------------------------    -------------------
    SLICE_X63Y76         FDRE (Prop_fdre_C_Q)         0.348     3.798 f  dbg_hub/inst/BSCANID.u_xsdbm_id/SWITCH_N_EXT_BSCAN.bscan_switch/state_reg[2]/Q
                         net (fo=50, routed)          1.334     5.133    dbg_hub/inst/BSCANID.u_xsdbm_id/SWITCH_N_EXT_BSCAN.bscan_switch/state[2]
    SLICE_X58Y73         LUT4 (Prop_lut4_I2_O)        0.240     5.373 r  dbg_hub/inst/BSCANID.u_xsdbm_id/SWITCH_N_EXT_BSCAN.bscan_switch/curid_inferred_i_20/O
                         net (fo=2, routed)           0.794     6.166    dbg_hub/inst/BSCANID.u_xsdbm_id/SWITCH_N_EXT_BSCAN.bscan_switch/curid[12]
    SLICE_X60Y73         LUT6 (Prop_lut6_I4_O)        0.105     6.271 r  dbg_hub/inst/BSCANID.u_xsdbm_id/SWITCH_N_EXT_BSCAN.bscan_switch/state_temp[0]_i_11/O
                         net (fo=1, routed)           0.000     6.271    dbg_hub/inst/BSCANID.u_xsdbm_id/SWITCH_N_EXT_BSCAN.bscan_switch/state_temp[0]_i_11_n_0
    SLICE_X60Y73         CARRY4 (Prop_carry4_S[1]_CO[3])
                                                      0.457     6.728 r  dbg_hub/inst/BSCANID.u_xsdbm_id/SWITCH_N_EXT_BSCAN.bscan_switch/state_temp_reg[0]_i_4/CO[3]
                         net (fo=1, routed)           0.000     6.728    dbg_hub/inst/BSCANID.u_xsdbm_id/SWITCH_N_EXT_BSCAN.bscan_switch/state_temp_reg[0]_i_4_n_0
    SLICE_X60Y74         CARRY4 (Prop_carry4_CI_CO[3])
                                                      0.098     6.826 f  dbg_hub/inst/BSCANID.u_xsdbm_id/SWITCH_N_EXT_BSCAN.bscan_switch/state_temp_reg[0]_i_3/CO[3]
                         net (fo=4, routed)           1.109     7.936    dbg_hub/inst/BSCANID.u_xsdbm_id/SWITCH_N_EXT_BSCAN.bscan_switch/state_temp_reg[0]_i_3_n_0
    SLICE_X64Y76         LUT5 (Prop_lut5_I1_O)        0.105     8.041 r  dbg_hub/inst/BSCANID.u_xsdbm_id/SWITCH_N_EXT_BSCAN.bscan_switch/portno_temp[5]_i_2/O
                         net (fo=7, routed)           0.630     8.670    dbg_hub/inst/BSCANID.u_xsdbm_id/SWITCH_N_EXT_BSCAN.bscan_switch/portno_temp[5]_i_2_n_0
    SLICE_X63Y75         LUT3 (Prop_lut3_I1_O)        0.105     8.775 r  dbg_hub/inst/BSCANID.u_xsdbm_id/SWITCH_N_EXT_BSCAN.bscan_switch/portno_temp[2]_i_1/O
                         net (fo=1, routed)           0.000     8.775    dbg_hub/inst/BSCANID.u_xsdbm_id/SWITCH_N_EXT_BSCAN.bscan_switch/portno_temp[2]_i_1_n_0
    SLICE_X63Y75         FDRE                                         r  dbg_hub/inst/BSCANID.u_xsdbm_id/SWITCH_N_EXT_BSCAN.bscan_switch/portno_temp_reg[2]/D
  -------------------------------------------------------------------    -------------------

                         (clock dbg_hub/inst/BSCANID.u_xsdbm_id/SWITCH_N_EXT_BSCAN.bscan_inst/SERIES7_BSCAN.bscan_inst/TCK rise edge)
                                                     33.000    33.000 r  
    BSCAN_X0Y0           BSCANE2                      0.000    33.000 r  dbg_hub/inst/BSCANID.u_xsdbm_id/SWITCH_N_EXT_BSCAN.bscan_inst/SERIES7_BSCAN.bscan_inst/TCK
                         net (fo=1, routed)           1.673    34.673    dbg_hub/inst/BSCANID.u_xsdbm_id/tck_bs
    BUFGCTRL_X0Y1        BUFG (Prop_bufg_I_O)         0.077    34.750 r  dbg_hub/inst/BSCANID.u_xsdbm_id/SWITCH_N_EXT_BSCAN.u_bufg_icon_tck/O
                         net (fo=482, routed)         1.273    36.024    dbg_hub/inst/BSCANID.u_xsdbm_id/SWITCH_N_EXT_BSCAN.bscan_switch/s_bscan_tck
    SLICE_X63Y75         FDRE                                         r  dbg_hub/inst/BSCANID.u_xsdbm_id/SWITCH_N_EXT_BSCAN.bscan_switch/portno_temp_reg[2]/C
                         clock pessimism              0.402    36.425    
                         clock uncertainty           -0.035    36.390    
    SLICE_X63Y75         FDRE (Setup_fdre_C_D)        0.030    36.420    dbg_hub/inst/BSCANID.u_xsdbm_id/SWITCH_N_EXT_BSCAN.bscan_switch/portno_temp_reg[2]
  -------------------------------------------------------------------
                         required time                         36.420    
                         arrival time                          -8.775    
  -------------------------------------------------------------------
                         slack                                 27.645    

Slack (MET) :             27.747ns  (required time - arrival time)
  Source:                 dbg_hub/inst/BSCANID.u_xsdbm_id/SWITCH_N_EXT_BSCAN.bscan_switch/state_reg[2]/C
                            (rising edge-triggered cell FDRE clocked by dbg_hub/inst/BSCANID.u_xsdbm_id/SWITCH_N_EXT_BSCAN.bscan_inst/SERIES7_BSCAN.bscan_inst/TCK  {rise@0.000ns fall@16.500ns period=33.000ns})
  Destination:            dbg_hub/inst/BSCANID.u_xsdbm_id/SWITCH_N_EXT_BSCAN.bscan_switch/portno_temp_reg[4]/D
                            (rising edge-triggered cell FDRE clocked by dbg_hub/inst/BSCANID.u_xsdbm_id/SWITCH_N_EXT_BSCAN.bscan_inst/SERIES7_BSCAN.bscan_inst/TCK  {rise@0.000ns fall@16.500ns period=33.000ns})
  Path Group:             dbg_hub/inst/BSCANID.u_xsdbm_id/SWITCH_N_EXT_BSCAN.bscan_inst/SERIES7_BSCAN.bscan_inst/TCK
  Path Type:              Setup (Max at Slow Process Corner)
  Requirement:            33.000ns  (dbg_hub/inst/BSCANID.u_xsdbm_id/SWITCH_N_EXT_BSCAN.bscan_inst/SERIES7_BSCAN.bscan_inst/TCK rise@33.000ns - dbg_hub/inst/BSCANID.u_xsdbm_id/SWITCH_N_EXT_BSCAN.bscan_inst/SERIES7_BSCAN.bscan_inst/TCK rise@0.000ns)
  Data Path Delay:        5.193ns  (logic 1.458ns (28.074%)  route 3.735ns (71.926%))
  Logic Levels:           6  (CARRY4=2 LUT3=1 LUT4=1 LUT5=1 LUT6=1)
  Clock Path Skew:        -0.056ns (DCD - SCD + CPR)
    Destination Clock Delay (DCD):    3.027ns = ( 36.027 - 33.000 ) 
    Source Clock Delay      (SCD):    3.450ns
    Clock Pessimism Removal (CPR):    0.368ns
  Clock Uncertainty:      0.035ns  ((TSJ^2 + TIJ^2)^1/2 + DJ) / 2 + PE
    Total System Jitter     (TSJ):    0.071ns
    Total Input Jitter      (TIJ):    0.000ns
    Discrete Jitter          (DJ):    0.000ns
    Phase Error              (PE):    0.000ns

    Location             Delay type                Incr(ns)  Path(ns)    Netlist Resource(s)
  -------------------------------------------------------------------    -------------------
                         (clock dbg_hub/inst/BSCANID.u_xsdbm_id/SWITCH_N_EXT_BSCAN.bscan_inst/SERIES7_BSCAN.bscan_inst/TCK rise edge)
                                                      0.000     0.000 r  
    BSCAN_X0Y0           BSCANE2                      0.000     0.000 r  dbg_hub/inst/BSCANID.u_xsdbm_id/SWITCH_N_EXT_BSCAN.bscan_inst/SERIES7_BSCAN.bscan_inst/TCK
                         net (fo=1, routed)           1.937     1.937    dbg_hub/inst/BSCANID.u_xsdbm_id/tck_bs
    BUFGCTRL_X0Y1        BUFG (Prop_bufg_I_O)         0.085     2.022 r  dbg_hub/inst/BSCANID.u_xsdbm_id/SWITCH_N_EXT_BSCAN.u_bufg_icon_tck/O
                         net (fo=482, routed)         1.428     3.450    dbg_hub/inst/BSCANID.u_xsdbm_id/SWITCH_N_EXT_BSCAN.bscan_switch/s_bscan_tck
    SLICE_X63Y76         FDRE                                         r  dbg_hub/inst/BSCANID.u_xsdbm_id/SWITCH_N_EXT_BSCAN.bscan_switch/state_reg[2]/C
  -------------------------------------------------------------------    -------------------
    SLICE_X63Y76         FDRE (Prop_fdre_C_Q)         0.348     3.798 f  dbg_hub/inst/BSCANID.u_xsdbm_id/SWITCH_N_EXT_BSCAN.bscan_switch/state_reg[2]/Q
                         net (fo=50, routed)          1.334     5.133    dbg_hub/inst/BSCANID.u_xsdbm_id/SWITCH_N_EXT_BSCAN.bscan_switch/state[2]
    SLICE_X58Y73         LUT4 (Prop_lut4_I2_O)        0.240     5.373 r  dbg_hub/inst/BSCANID.u_xsdbm_id/SWITCH_N_EXT_BSCAN.bscan_switch/curid_inferred_i_20/O
                         net (fo=2, routed)           0.794     6.166    dbg_hub/inst/BSCANID.u_xsdbm_id/SWITCH_N_EXT_BSCAN.bscan_switch/curid[12]
    SLICE_X60Y73         LUT6 (Prop_lut6_I4_O)        0.105     6.271 r  dbg_hub/inst/BSCANID.u_xsdbm_id/SWITCH_N_EXT_BSCAN.bscan_switch/state_temp[0]_i_11/O
                         net (fo=1, routed)           0.000     6.271    dbg_hub/inst/BSCANID.u_xsdbm_id/SWITCH_N_EXT_BSCAN.bscan_switch/state_temp[0]_i_11_n_0
    SLICE_X60Y73         CARRY4 (Prop_carry4_S[1]_CO[3])
                                                      0.457     6.728 r  dbg_hub/inst/BSCANID.u_xsdbm_id/SWITCH_N_EXT_BSCAN.bscan_switch/state_temp_reg[0]_i_4/CO[3]
                         net (fo=1, routed)           0.000     6.728    dbg_hub/inst/BSCANID.u_xsdbm_id/SWITCH_N_EXT_BSCAN.bscan_switch/state_temp_reg[0]_i_4_n_0
    SLICE_X60Y74         CARRY4 (Prop_carry4_CI_CO[3])
                                                      0.098     6.826 f  dbg_hub/inst/BSCANID.u_xsdbm_id/SWITCH_N_EXT_BSCAN.bscan_switch/state_temp_reg[0]_i_3/CO[3]
                         net (fo=4, routed)           1.109     7.936    dbg_hub/inst/BSCANID.u_xsdbm_id/SWITCH_N_EXT_BSCAN.bscan_switch/state_temp_reg[0]_i_3_n_0
    SLICE_X64Y76         LUT5 (Prop_lut5_I1_O)        0.105     8.041 r  dbg_hub/inst/BSCANID.u_xsdbm_id/SWITCH_N_EXT_BSCAN.bscan_switch/portno_temp[5]_i_2/O
                         net (fo=7, routed)           0.498     8.539    dbg_hub/inst/BSCANID.u_xsdbm_id/SWITCH_N_EXT_BSCAN.bscan_switch/portno_temp[5]_i_2_n_0
    SLICE_X64Y75         LUT3 (Prop_lut3_I1_O)        0.105     8.644 r  dbg_hub/inst/BSCANID.u_xsdbm_id/SWITCH_N_EXT_BSCAN.bscan_switch/portno_temp[4]_i_1/O
                         net (fo=1, routed)           0.000     8.644    dbg_hub/inst/BSCANID.u_xsdbm_id/SWITCH_N_EXT_BSCAN.bscan_switch/portno_temp[4]_i_1_n_0
    SLICE_X64Y75         FDRE                                         r  dbg_hub/inst/BSCANID.u_xsdbm_id/SWITCH_N_EXT_BSCAN.bscan_switch/portno_temp_reg[4]/D
  -------------------------------------------------------------------    -------------------

                         (clock dbg_hub/inst/BSCANID.u_xsdbm_id/SWITCH_N_EXT_BSCAN.bscan_inst/SERIES7_BSCAN.bscan_inst/TCK rise edge)
                                                     33.000    33.000 r  
    BSCAN_X0Y0           BSCANE2                      0.000    33.000 r  dbg_hub/inst/BSCANID.u_xsdbm_id/SWITCH_N_EXT_BSCAN.bscan_inst/SERIES7_BSCAN.bscan_inst/TCK
                         net (fo=1, routed)           1.673    34.673    dbg_hub/inst/BSCANID.u_xsdbm_id/tck_bs
    BUFGCTRL_X0Y1        BUFG (Prop_bufg_I_O)         0.077    34.750 r  dbg_hub/inst/BSCANID.u_xsdbm_id/SWITCH_N_EXT_BSCAN.u_bufg_icon_tck/O
                         net (fo=482, routed)         1.276    36.027    dbg_hub/inst/BSCANID.u_xsdbm_id/SWITCH_N_EXT_BSCAN.bscan_switch/s_bscan_tck
    SLICE_X64Y75         FDRE                                         r  dbg_hub/inst/BSCANID.u_xsdbm_id/SWITCH_N_EXT_BSCAN.bscan_switch/portno_temp_reg[4]/C
                         clock pessimism              0.368    36.394    
                         clock uncertainty           -0.035    36.359    
    SLICE_X64Y75         FDRE (Setup_fdre_C_D)        0.032    36.391    dbg_hub/inst/BSCANID.u_xsdbm_id/SWITCH_N_EXT_BSCAN.bscan_switch/portno_temp_reg[4]
  -------------------------------------------------------------------
                         required time                         36.391    
                         arrival time                          -8.644    
  -------------------------------------------------------------------
                         slack                                 27.747    

Slack (MET) :             27.784ns  (required time - arrival time)
  Source:                 dbg_hub/inst/BSCANID.u_xsdbm_id/SWITCH_N_EXT_BSCAN.bscan_switch/state_reg[2]/C
                            (rising edge-triggered cell FDRE clocked by dbg_hub/inst/BSCANID.u_xsdbm_id/SWITCH_N_EXT_BSCAN.bscan_inst/SERIES7_BSCAN.bscan_inst/TCK  {rise@0.000ns fall@16.500ns period=33.000ns})
  Destination:            dbg_hub/inst/BSCANID.u_xsdbm_id/SWITCH_N_EXT_BSCAN.bscan_switch/portno_temp_reg[3]/D
                            (rising edge-triggered cell FDRE clocked by dbg_hub/inst/BSCANID.u_xsdbm_id/SWITCH_N_EXT_BSCAN.bscan_inst/SERIES7_BSCAN.bscan_inst/TCK  {rise@0.000ns fall@16.500ns period=33.000ns})
  Path Group:             dbg_hub/inst/BSCANID.u_xsdbm_id/SWITCH_N_EXT_BSCAN.bscan_inst/SERIES7_BSCAN.bscan_inst/TCK
  Path Type:              Setup (Max at Slow Process Corner)
  Requirement:            33.000ns  (dbg_hub/inst/BSCANID.u_xsdbm_id/SWITCH_N_EXT_BSCAN.bscan_inst/SERIES7_BSCAN.bscan_inst/TCK rise@33.000ns - dbg_hub/inst/BSCANID.u_xsdbm_id/SWITCH_N_EXT_BSCAN.bscan_inst/SERIES7_BSCAN.bscan_inst/TCK rise@0.000ns)
  Data Path Delay:        5.188ns  (logic 1.458ns (28.105%)  route 3.730ns (71.895%))
  Logic Levels:           6  (CARRY4=2 LUT3=1 LUT4=1 LUT5=1 LUT6=1)
  Clock Path Skew:        -0.025ns (DCD - SCD + CPR)
    Destination Clock Delay (DCD):    3.024ns = ( 36.024 - 33.000 ) 
    Source Clock Delay      (SCD):    3.450ns
    Clock Pessimism Removal (CPR):    0.402ns
  Clock Uncertainty:      0.035ns  ((TSJ^2 + TIJ^2)^1/2 + DJ) / 2 + PE
    Total System Jitter     (TSJ):    0.071ns
    Total Input Jitter      (TIJ):    0.000ns
    Discrete Jitter          (DJ):    0.000ns
    Phase Error              (PE):    0.000ns

    Location             Delay type                Incr(ns)  Path(ns)    Netlist Resource(s)
  -------------------------------------------------------------------    -------------------
                         (clock dbg_hub/inst/BSCANID.u_xsdbm_id/SWITCH_N_EXT_BSCAN.bscan_inst/SERIES7_BSCAN.bscan_inst/TCK rise edge)
                                                      0.000     0.000 r  
    BSCAN_X0Y0           BSCANE2                      0.000     0.000 r  dbg_hub/inst/BSCANID.u_xsdbm_id/SWITCH_N_EXT_BSCAN.bscan_inst/SERIES7_BSCAN.bscan_inst/TCK
                         net (fo=1, routed)           1.937     1.937    dbg_hub/inst/BSCANID.u_xsdbm_id/tck_bs
    BUFGCTRL_X0Y1        BUFG (Prop_bufg_I_O)         0.085     2.022 r  dbg_hub/inst/BSCANID.u_xsdbm_id/SWITCH_N_EXT_BSCAN.u_bufg_icon_tck/O
                         net (fo=482, routed)         1.428     3.450    dbg_hub/inst/BSCANID.u_xsdbm_id/SWITCH_N_EXT_BSCAN.bscan_switch/s_bscan_tck
    SLICE_X63Y76         FDRE                                         r  dbg_hub/inst/BSCANID.u_xsdbm_id/SWITCH_N_EXT_BSCAN.bscan_switch/state_reg[2]/C
  -------------------------------------------------------------------    -------------------
    SLICE_X63Y76         FDRE (Prop_fdre_C_Q)         0.348     3.798 f  dbg_hub/inst/BSCANID.u_xsdbm_id/SWITCH_N_EXT_BSCAN.bscan_switch/state_reg[2]/Q
                         net (fo=50, routed)          1.334     5.133    dbg_hub/inst/BSCANID.u_xsdbm_id/SWITCH_N_EXT_BSCAN.bscan_switch/state[2]
    SLICE_X58Y73         LUT4 (Prop_lut4_I2_O)        0.240     5.373 r  dbg_hub/inst/BSCANID.u_xsdbm_id/SWITCH_N_EXT_BSCAN.bscan_switch/curid_inferred_i_20/O
                         net (fo=2, routed)           0.794     6.166    dbg_hub/inst/BSCANID.u_xsdbm_id/SWITCH_N_EXT_BSCAN.bscan_switch/curid[12]
    SLICE_X60Y73         LUT6 (Prop_lut6_I4_O)        0.105     6.271 r  dbg_hub/inst/BSCANID.u_xsdbm_id/SWITCH_N_EXT_BSCAN.bscan_switch/state_temp[0]_i_11/O
                         net (fo=1, routed)           0.000     6.271    dbg_hub/inst/BSCANID.u_xsdbm_id/SWITCH_N_EXT_BSCAN.bscan_switch/state_temp[0]_i_11_n_0
    SLICE_X60Y73         CARRY4 (Prop_carry4_S[1]_CO[3])
                                                      0.457     6.728 r  dbg_hub/inst/BSCANID.u_xsdbm_id/SWITCH_N_EXT_BSCAN.bscan_switch/state_temp_reg[0]_i_4/CO[3]
                         net (fo=1, routed)           0.000     6.728    dbg_hub/inst/BSCANID.u_xsdbm_id/SWITCH_N_EXT_BSCAN.bscan_switch/state_temp_reg[0]_i_4_n_0
    SLICE_X60Y74         CARRY4 (Prop_carry4_CI_CO[3])
                                                      0.098     6.826 f  dbg_hub/inst/BSCANID.u_xsdbm_id/SWITCH_N_EXT_BSCAN.bscan_switch/state_temp_reg[0]_i_3/CO[3]
                         net (fo=4, routed)           1.109     7.936    dbg_hub/inst/BSCANID.u_xsdbm_id/SWITCH_N_EXT_BSCAN.bscan_switch/state_temp_reg[0]_i_3_n_0
    SLICE_X64Y76         LUT5 (Prop_lut5_I1_O)        0.105     8.041 r  dbg_hub/inst/BSCANID.u_xsdbm_id/SWITCH_N_EXT_BSCAN.bscan_switch/portno_temp[5]_i_2/O
                         net (fo=7, routed)           0.493     8.533    dbg_hub/inst/BSCANID.u_xsdbm_id/SWITCH_N_EXT_BSCAN.bscan_switch/portno_temp[5]_i_2_n_0
    SLICE_X63Y75         LUT3 (Prop_lut3_I1_O)        0.105     8.638 r  dbg_hub/inst/BSCANID.u_xsdbm_id/SWITCH_N_EXT_BSCAN.bscan_switch/portno_temp[3]_i_1/O
                         net (fo=1, routed)           0.000     8.638    dbg_hub/inst/BSCANID.u_xsdbm_id/SWITCH_N_EXT_BSCAN.bscan_switch/portno_temp[3]_i_1_n_0
    SLICE_X63Y75         FDRE                                         r  dbg_hub/inst/BSCANID.u_xsdbm_id/SWITCH_N_EXT_BSCAN.bscan_switch/portno_temp_reg[3]/D
  -------------------------------------------------------------------    -------------------

                         (clock dbg_hub/inst/BSCANID.u_xsdbm_id/SWITCH_N_EXT_BSCAN.bscan_inst/SERIES7_BSCAN.bscan_inst/TCK rise edge)
                                                     33.000    33.000 r  
    BSCAN_X0Y0           BSCANE2                      0.000    33.000 r  dbg_hub/inst/BSCANID.u_xsdbm_id/SWITCH_N_EXT_BSCAN.bscan_inst/SERIES7_BSCAN.bscan_inst/TCK
                         net (fo=1, routed)           1.673    34.673    dbg_hub/inst/BSCANID.u_xsdbm_id/tck_bs
    BUFGCTRL_X0Y1        BUFG (Prop_bufg_I_O)         0.077    34.750 r  dbg_hub/inst/BSCANID.u_xsdbm_id/SWITCH_N_EXT_BSCAN.u_bufg_icon_tck/O
                         net (fo=482, routed)         1.273    36.024    dbg_hub/inst/BSCANID.u_xsdbm_id/SWITCH_N_EXT_BSCAN.bscan_switch/s_bscan_tck
    SLICE_X63Y75         FDRE                                         r  dbg_hub/inst/BSCANID.u_xsdbm_id/SWITCH_N_EXT_BSCAN.bscan_switch/portno_temp_reg[3]/C
                         clock pessimism              0.402    36.425    
                         clock uncertainty           -0.035    36.390    
    SLICE_X63Y75         FDRE (Setup_fdre_C_D)        0.032    36.422    dbg_hub/inst/BSCANID.u_xsdbm_id/SWITCH_N_EXT_BSCAN.bscan_switch/portno_temp_reg[3]
  -------------------------------------------------------------------
                         required time                         36.422    
                         arrival time                          -8.638    
  -------------------------------------------------------------------
                         slack                                 27.784    

Slack (MET) :             27.970ns  (required time - arrival time)
  Source:                 dbg_hub/inst/BSCANID.u_xsdbm_id/SWITCH_N_EXT_BSCAN.bscan_switch/state_reg[2]/C
                            (rising edge-triggered cell FDRE clocked by dbg_hub/inst/BSCANID.u_xsdbm_id/SWITCH_N_EXT_BSCAN.bscan_inst/SERIES7_BSCAN.bscan_inst/TCK  {rise@0.000ns fall@16.500ns period=33.000ns})
  Destination:            dbg_hub/inst/BSCANID.u_xsdbm_id/SWITCH_N_EXT_BSCAN.bscan_switch/portno_temp_reg[0]/D
                            (rising edge-triggered cell FDRE clocked by dbg_hub/inst/BSCANID.u_xsdbm_id/SWITCH_N_EXT_BSCAN.bscan_inst/SERIES7_BSCAN.bscan_inst/TCK  {rise@0.000ns fall@16.500ns period=33.000ns})
  Path Group:             dbg_hub/inst/BSCANID.u_xsdbm_id/SWITCH_N_EXT_BSCAN.bscan_inst/SERIES7_BSCAN.bscan_inst/TCK
  Path Type:              Setup (Max at Slow Process Corner)
  Requirement:            33.000ns  (dbg_hub/inst/BSCANID.u_xsdbm_id/SWITCH_N_EXT_BSCAN.bscan_inst/SERIES7_BSCAN.bscan_inst/TCK rise@33.000ns - dbg_hub/inst/BSCANID.u_xsdbm_id/SWITCH_N_EXT_BSCAN.bscan_inst/SERIES7_BSCAN.bscan_inst/TCK rise@0.000ns)
  Data Path Delay:        4.972ns  (logic 1.458ns (29.326%)  route 3.514ns (70.674%))
  Logic Levels:           6  (CARRY4=2 LUT3=1 LUT4=1 LUT5=1 LUT6=1)
  Clock Path Skew:        -0.056ns (DCD - SCD + CPR)
    Destination Clock Delay (DCD):    3.027ns = ( 36.027 - 33.000 ) 
    Source Clock Delay      (SCD):    3.450ns
    Clock Pessimism Removal (CPR):    0.368ns
  Clock Uncertainty:      0.035ns  ((TSJ^2 + TIJ^2)^1/2 + DJ) / 2 + PE
    Total System Jitter     (TSJ):    0.071ns
    Total Input Jitter      (TIJ):    0.000ns
    Discrete Jitter          (DJ):    0.000ns
    Phase Error              (PE):    0.000ns

    Location             Delay type                Incr(ns)  Path(ns)    Netlist Resource(s)
  -------------------------------------------------------------------    -------------------
                         (clock dbg_hub/inst/BSCANID.u_xsdbm_id/SWITCH_N_EXT_BSCAN.bscan_inst/SERIES7_BSCAN.bscan_inst/TCK rise edge)
                                                      0.000     0.000 r  
    BSCAN_X0Y0           BSCANE2                      0.000     0.000 r  dbg_hub/inst/BSCANID.u_xsdbm_id/SWITCH_N_EXT_BSCAN.bscan_inst/SERIES7_BSCAN.bscan_inst/TCK
                         net (fo=1, routed)           1.937     1.937    dbg_hub/inst/BSCANID.u_xsdbm_id/tck_bs
    BUFGCTRL_X0Y1        BUFG (Prop_bufg_I_O)         0.085     2.022 r  dbg_hub/inst/BSCANID.u_xsdbm_id/SWITCH_N_EXT_BSCAN.u_bufg_icon_tck/O
                         net (fo=482, routed)         1.428     3.450    dbg_hub/inst/BSCANID.u_xsdbm_id/SWITCH_N_EXT_BSCAN.bscan_switch/s_bscan_tck
    SLICE_X63Y76         FDRE                                         r  dbg_hub/inst/BSCANID.u_xsdbm_id/SWITCH_N_EXT_BSCAN.bscan_switch/state_reg[2]/C
  -------------------------------------------------------------------    -------------------
    SLICE_X63Y76         FDRE (Prop_fdre_C_Q)         0.348     3.798 f  dbg_hub/inst/BSCANID.u_xsdbm_id/SWITCH_N_EXT_BSCAN.bscan_switch/state_reg[2]/Q
                         net (fo=50, routed)          1.334     5.133    dbg_hub/inst/BSCANID.u_xsdbm_id/SWITCH_N_EXT_BSCAN.bscan_switch/state[2]
    SLICE_X58Y73         LUT4 (Prop_lut4_I2_O)        0.240     5.373 r  dbg_hub/inst/BSCANID.u_xsdbm_id/SWITCH_N_EXT_BSCAN.bscan_switch/curid_inferred_i_20/O
                         net (fo=2, routed)           0.794     6.166    dbg_hub/inst/BSCANID.u_xsdbm_id/SWITCH_N_EXT_BSCAN.bscan_switch/curid[12]
    SLICE_X60Y73         LUT6 (Prop_lut6_I4_O)        0.105     6.271 r  dbg_hub/inst/BSCANID.u_xsdbm_id/SWITCH_N_EXT_BSCAN.bscan_switch/state_temp[0]_i_11/O
                         net (fo=1, routed)           0.000     6.271    dbg_hub/inst/BSCANID.u_xsdbm_id/SWITCH_N_EXT_BSCAN.bscan_switch/state_temp[0]_i_11_n_0
    SLICE_X60Y73         CARRY4 (Prop_carry4_S[1]_CO[3])
                                                      0.457     6.728 r  dbg_hub/inst/BSCANID.u_xsdbm_id/SWITCH_N_EXT_BSCAN.bscan_switch/state_temp_reg[0]_i_4/CO[3]
                         net (fo=1, routed)           0.000     6.728    dbg_hub/inst/BSCANID.u_xsdbm_id/SWITCH_N_EXT_BSCAN.bscan_switch/state_temp_reg[0]_i_4_n_0
    SLICE_X60Y74         CARRY4 (Prop_carry4_CI_CO[3])
                                                      0.098     6.826 f  dbg_hub/inst/BSCANID.u_xsdbm_id/SWITCH_N_EXT_BSCAN.bscan_switch/state_temp_reg[0]_i_3/CO[3]
                         net (fo=4, routed)           1.109     7.936    dbg_hub/inst/BSCANID.u_xsdbm_id/SWITCH_N_EXT_BSCAN.bscan_switch/state_temp_reg[0]_i_3_n_0
    SLICE_X64Y76         LUT5 (Prop_lut5_I1_O)        0.105     8.041 r  dbg_hub/inst/BSCANID.u_xsdbm_id/SWITCH_N_EXT_BSCAN.bscan_switch/portno_temp[5]_i_2/O
                         net (fo=7, routed)           0.277     8.317    dbg_hub/inst/BSCANID.u_xsdbm_id/SWITCH_N_EXT_BSCAN.bscan_switch/portno_temp[5]_i_2_n_0
    SLICE_X64Y75         LUT3 (Prop_lut3_I1_O)        0.105     8.422 r  dbg_hub/inst/BSCANID.u_xsdbm_id/SWITCH_N_EXT_BSCAN.bscan_switch/portno_temp[0]_i_1/O
                         net (fo=1, routed)           0.000     8.422    dbg_hub/inst/BSCANID.u_xsdbm_id/SWITCH_N_EXT_BSCAN.bscan_switch/portno_temp[0]_i_1_n_0
    SLICE_X64Y75         FDRE                                         r  dbg_hub/inst/BSCANID.u_xsdbm_id/SWITCH_N_EXT_BSCAN.bscan_switch/portno_temp_reg[0]/D
  -------------------------------------------------------------------    -------------------

                         (clock dbg_hub/inst/BSCANID.u_xsdbm_id/SWITCH_N_EXT_BSCAN.bscan_inst/SERIES7_BSCAN.bscan_inst/TCK rise edge)
                                                     33.000    33.000 r  
    BSCAN_X0Y0           BSCANE2                      0.000    33.000 r  dbg_hub/inst/BSCANID.u_xsdbm_id/SWITCH_N_EXT_BSCAN.bscan_inst/SERIES7_BSCAN.bscan_inst/TCK
                         net (fo=1, routed)           1.673    34.673    dbg_hub/inst/BSCANID.u_xsdbm_id/tck_bs
    BUFGCTRL_X0Y1        BUFG (Prop_bufg_I_O)         0.077    34.750 r  dbg_hub/inst/BSCANID.u_xsdbm_id/SWITCH_N_EXT_BSCAN.u_bufg_icon_tck/O
                         net (fo=482, routed)         1.276    36.027    dbg_hub/inst/BSCANID.u_xsdbm_id/SWITCH_N_EXT_BSCAN.bscan_switch/s_bscan_tck
    SLICE_X64Y75         FDRE                                         r  dbg_hub/inst/BSCANID.u_xsdbm_id/SWITCH_N_EXT_BSCAN.bscan_switch/portno_temp_reg[0]/C
                         clock pessimism              0.368    36.394    
                         clock uncertainty           -0.035    36.359    
    SLICE_X64Y75         FDRE (Setup_fdre_C_D)        0.033    36.392    dbg_hub/inst/BSCANID.u_xsdbm_id/SWITCH_N_EXT_BSCAN.bscan_switch/portno_temp_reg[0]
  -------------------------------------------------------------------
                         required time                         36.392    
                         arrival time                          -8.422    
  -------------------------------------------------------------------
                         slack                                 27.970    

Slack (MET) :             27.974ns  (required time - arrival time)
  Source:                 dbg_hub/inst/BSCANID.u_xsdbm_id/SWITCH_N_EXT_BSCAN.bscan_switch/state_reg[2]/C
                            (rising edge-triggered cell FDRE clocked by dbg_hub/inst/BSCANID.u_xsdbm_id/SWITCH_N_EXT_BSCAN.bscan_inst/SERIES7_BSCAN.bscan_inst/TCK  {rise@0.000ns fall@16.500ns period=33.000ns})
  Destination:            dbg_hub/inst/BSCANID.u_xsdbm_id/SWITCH_N_EXT_BSCAN.bscan_switch/portno_temp_reg[5]/D
                            (rising edge-triggered cell FDRE clocked by dbg_hub/inst/BSCANID.u_xsdbm_id/SWITCH_N_EXT_BSCAN.bscan_inst/SERIES7_BSCAN.bscan_inst/TCK  {rise@0.000ns fall@16.500ns period=33.000ns})
  Path Group:             dbg_hub/inst/BSCANID.u_xsdbm_id/SWITCH_N_EXT_BSCAN.bscan_inst/SERIES7_BSCAN.bscan_inst/TCK
  Path Type:              Setup (Max at Slow Process Corner)
  Requirement:            33.000ns  (dbg_hub/inst/BSCANID.u_xsdbm_id/SWITCH_N_EXT_BSCAN.bscan_inst/SERIES7_BSCAN.bscan_inst/TCK rise@33.000ns - dbg_hub/inst/BSCANID.u_xsdbm_id/SWITCH_N_EXT_BSCAN.bscan_inst/SERIES7_BSCAN.bscan_inst/TCK rise@0.000ns)
  Data Path Delay:        4.967ns  (logic 1.458ns (29.353%)  route 3.509ns (70.647%))
  Logic Levels:           6  (CARRY4=2 LUT3=1 LUT4=1 LUT5=1 LUT6=1)
  Clock Path Skew:        -0.056ns (DCD - SCD + CPR)
    Destination Clock Delay (DCD):    3.027ns = ( 36.027 - 33.000 ) 
    Source Clock Delay      (SCD):    3.450ns
    Clock Pessimism Removal (CPR):    0.368ns
  Clock Uncertainty:      0.035ns  ((TSJ^2 + TIJ^2)^1/2 + DJ) / 2 + PE
    Total System Jitter     (TSJ):    0.071ns
    Total Input Jitter      (TIJ):    0.000ns
    Discrete Jitter          (DJ):    0.000ns
    Phase Error              (PE):    0.000ns

    Location             Delay type                Incr(ns)  Path(ns)    Netlist Resource(s)
  -------------------------------------------------------------------    -------------------
                         (clock dbg_hub/inst/BSCANID.u_xsdbm_id/SWITCH_N_EXT_BSCAN.bscan_inst/SERIES7_BSCAN.bscan_inst/TCK rise edge)
                                                      0.000     0.000 r  
    BSCAN_X0Y0           BSCANE2                      0.000     0.000 r  dbg_hub/inst/BSCANID.u_xsdbm_id/SWITCH_N_EXT_BSCAN.bscan_inst/SERIES7_BSCAN.bscan_inst/TCK
                         net (fo=1, routed)           1.937     1.937    dbg_hub/inst/BSCANID.u_xsdbm_id/tck_bs
    BUFGCTRL_X0Y1        BUFG (Prop_bufg_I_O)         0.085     2.022 r  dbg_hub/inst/BSCANID.u_xsdbm_id/SWITCH_N_EXT_BSCAN.u_bufg_icon_tck/O
                         net (fo=482, routed)         1.428     3.450    dbg_hub/inst/BSCANID.u_xsdbm_id/SWITCH_N_EXT_BSCAN.bscan_switch/s_bscan_tck
    SLICE_X63Y76         FDRE                                         r  dbg_hub/inst/BSCANID.u_xsdbm_id/SWITCH_N_EXT_BSCAN.bscan_switch/state_reg[2]/C
  -------------------------------------------------------------------    -------------------
    SLICE_X63Y76         FDRE (Prop_fdre_C_Q)         0.348     3.798 f  dbg_hub/inst/BSCANID.u_xsdbm_id/SWITCH_N_EXT_BSCAN.bscan_switch/state_reg[2]/Q
                         net (fo=50, routed)          1.334     5.133    dbg_hub/inst/BSCANID.u_xsdbm_id/SWITCH_N_EXT_BSCAN.bscan_switch/state[2]
    SLICE_X58Y73         LUT4 (Prop_lut4_I2_O)        0.240     5.373 r  dbg_hub/inst/BSCANID.u_xsdbm_id/SWITCH_N_EXT_BSCAN.bscan_switch/curid_inferred_i_20/O
                         net (fo=2, routed)           0.794     6.166    dbg_hub/inst/BSCANID.u_xsdbm_id/SWITCH_N_EXT_BSCAN.bscan_switch/curid[12]
    SLICE_X60Y73         LUT6 (Prop_lut6_I4_O)        0.105     6.271 r  dbg_hub/inst/BSCANID.u_xsdbm_id/SWITCH_N_EXT_BSCAN.bscan_switch/state_temp[0]_i_11/O
                         net (fo=1, routed)           0.000     6.271    dbg_hub/inst/BSCANID.u_xsdbm_id/SWITCH_N_EXT_BSCAN.bscan_switch/state_temp[0]_i_11_n_0
    SLICE_X60Y73         CARRY4 (Prop_carry4_S[1]_CO[3])
                                                      0.457     6.728 r  dbg_hub/inst/BSCANID.u_xsdbm_id/SWITCH_N_EXT_BSCAN.bscan_switch/state_temp_reg[0]_i_4/CO[3]
                         net (fo=1, routed)           0.000     6.728    dbg_hub/inst/BSCANID.u_xsdbm_id/SWITCH_N_EXT_BSCAN.bscan_switch/state_temp_reg[0]_i_4_n_0
    SLICE_X60Y74         CARRY4 (Prop_carry4_CI_CO[3])
                                                      0.098     6.826 f  dbg_hub/inst/BSCANID.u_xsdbm_id/SWITCH_N_EXT_BSCAN.bscan_switch/state_temp_reg[0]_i_3/CO[3]
                         net (fo=4, routed)           1.109     7.936    dbg_hub/inst/BSCANID.u_xsdbm_id/SWITCH_N_EXT_BSCAN.bscan_switch/state_temp_reg[0]_i_3_n_0
    SLICE_X64Y76         LUT5 (Prop_lut5_I1_O)        0.105     8.041 r  dbg_hub/inst/BSCANID.u_xsdbm_id/SWITCH_N_EXT_BSCAN.bscan_switch/portno_temp[5]_i_2/O
                         net (fo=7, routed)           0.272     8.313    dbg_hub/inst/BSCANID.u_xsdbm_id/SWITCH_N_EXT_BSCAN.bscan_switch/portno_temp[5]_i_2_n_0
    SLICE_X64Y75         LUT3 (Prop_lut3_I1_O)        0.105     8.418 r  dbg_hub/inst/BSCANID.u_xsdbm_id/SWITCH_N_EXT_BSCAN.bscan_switch/portno_temp[5]_i_1/O
                         net (fo=1, routed)           0.000     8.418    dbg_hub/inst/BSCANID.u_xsdbm_id/SWITCH_N_EXT_BSCAN.bscan_switch/portno_temp[5]_i_1_n_0
    SLICE_X64Y75         FDRE                                         r  dbg_hub/inst/BSCANID.u_xsdbm_id/SWITCH_N_EXT_BSCAN.bscan_switch/portno_temp_reg[5]/D
  -------------------------------------------------------------------    -------------------

                         (clock dbg_hub/inst/BSCANID.u_xsdbm_id/SWITCH_N_EXT_BSCAN.bscan_inst/SERIES7_BSCAN.bscan_inst/TCK rise edge)
                                                     33.000    33.000 r  
    BSCAN_X0Y0           BSCANE2                      0.000    33.000 r  dbg_hub/inst/BSCANID.u_xsdbm_id/SWITCH_N_EXT_BSCAN.bscan_inst/SERIES7_BSCAN.bscan_inst/TCK
                         net (fo=1, routed)           1.673    34.673    dbg_hub/inst/BSCANID.u_xsdbm_id/tck_bs
    BUFGCTRL_X0Y1        BUFG (Prop_bufg_I_O)         0.077    34.750 r  dbg_hub/inst/BSCANID.u_xsdbm_id/SWITCH_N_EXT_BSCAN.u_bufg_icon_tck/O
                         net (fo=482, routed)         1.276    36.027    dbg_hub/inst/BSCANID.u_xsdbm_id/SWITCH_N_EXT_BSCAN.bscan_switch/s_bscan_tck
    SLICE_X64Y75         FDRE                                         r  dbg_hub/inst/BSCANID.u_xsdbm_id/SWITCH_N_EXT_BSCAN.bscan_switch/portno_temp_reg[5]/C
                         clock pessimism              0.368    36.394    
                         clock uncertainty           -0.035    36.359    
    SLICE_X64Y75         FDRE (Setup_fdre_C_D)        0.032    36.391    dbg_hub/inst/BSCANID.u_xsdbm_id/SWITCH_N_EXT_BSCAN.bscan_switch/portno_temp_reg[5]
  -------------------------------------------------------------------
                         required time                         36.391    
                         arrival time                          -8.418    
  -------------------------------------------------------------------
                         slack                                 27.974    

Slack (MET) :             28.203ns  (required time - arrival time)
  Source:                 dbg_hub/inst/BSCANID.u_xsdbm_id/SWITCH_N_EXT_BSCAN.bscan_switch/state_reg[2]/C
                            (rising edge-triggered cell FDRE clocked by dbg_hub/inst/BSCANID.u_xsdbm_id/SWITCH_N_EXT_BSCAN.bscan_inst/SERIES7_BSCAN.bscan_inst/TCK  {rise@0.000ns fall@16.500ns period=33.000ns})
  Destination:            dbg_hub/inst/BSCANID.u_xsdbm_id/SWITCH_N_EXT_BSCAN.bscan_switch/state_temp_reg[1]/D
                            (rising edge-triggered cell FDRE clocked by dbg_hub/inst/BSCANID.u_xsdbm_id/SWITCH_N_EXT_BSCAN.bscan_inst/SERIES7_BSCAN.bscan_inst/TCK  {rise@0.000ns fall@16.500ns period=33.000ns})
  Path Group:             dbg_hub/inst/BSCANID.u_xsdbm_id/SWITCH_N_EXT_BSCAN.bscan_inst/SERIES7_BSCAN.bscan_inst/TCK
  Path Type:              Setup (Max at Slow Process Corner)
  Requirement:            33.000ns  (dbg_hub/inst/BSCANID.u_xsdbm_id/SWITCH_N_EXT_BSCAN.bscan_inst/SERIES7_BSCAN.bscan_inst/TCK rise@33.000ns - dbg_hub/inst/BSCANID.u_xsdbm_id/SWITCH_N_EXT_BSCAN.bscan_inst/SERIES7_BSCAN.bscan_inst/TCK rise@0.000ns)
  Data Path Delay:        4.794ns  (logic 1.458ns (30.416%)  route 3.336ns (69.584%))
  Logic Levels:           6  (CARRY4=2 LUT4=1 LUT6=3)
  Clock Path Skew:        0.000ns (DCD - SCD + CPR)
    Destination Clock Delay (DCD):    3.025ns = ( 36.025 - 33.000 ) 
    Source Clock Delay      (SCD):    3.450ns
    Clock Pessimism Removal (CPR):    0.426ns
  Clock Uncertainty:      0.035ns  ((TSJ^2 + TIJ^2)^1/2 + DJ) / 2 + PE
    Total System Jitter     (TSJ):    0.071ns
    Total Input Jitter      (TIJ):    0.000ns
    Discrete Jitter          (DJ):    0.000ns
    Phase Error              (PE):    0.000ns

    Location             Delay type                Incr(ns)  Path(ns)    Netlist Resource(s)
  -------------------------------------------------------------------    -------------------
                         (clock dbg_hub/inst/BSCANID.u_xsdbm_id/SWITCH_N_EXT_BSCAN.bscan_inst/SERIES7_BSCAN.bscan_inst/TCK rise edge)
                                                      0.000     0.000 r  
    BSCAN_X0Y0           BSCANE2                      0.000     0.000 r  dbg_hub/inst/BSCANID.u_xsdbm_id/SWITCH_N_EXT_BSCAN.bscan_inst/SERIES7_BSCAN.bscan_inst/TCK
                         net (fo=1, routed)           1.937     1.937    dbg_hub/inst/BSCANID.u_xsdbm_id/tck_bs
    BUFGCTRL_X0Y1        BUFG (Prop_bufg_I_O)         0.085     2.022 r  dbg_hub/inst/BSCANID.u_xsdbm_id/SWITCH_N_EXT_BSCAN.u_bufg_icon_tck/O
                         net (fo=482, routed)         1.428     3.450    dbg_hub/inst/BSCANID.u_xsdbm_id/SWITCH_N_EXT_BSCAN.bscan_switch/s_bscan_tck
    SLICE_X63Y76         FDRE                                         r  dbg_hub/inst/BSCANID.u_xsdbm_id/SWITCH_N_EXT_BSCAN.bscan_switch/state_reg[2]/C
  -------------------------------------------------------------------    -------------------
    SLICE_X63Y76         FDRE (Prop_fdre_C_Q)         0.348     3.798 f  dbg_hub/inst/BSCANID.u_xsdbm_id/SWITCH_N_EXT_BSCAN.bscan_switch/state_reg[2]/Q
                         net (fo=50, routed)          1.334     5.133    dbg_hub/inst/BSCANID.u_xsdbm_id/SWITCH_N_EXT_BSCAN.bscan_switch/state[2]
    SLICE_X58Y73         LUT4 (Prop_lut4_I2_O)        0.240     5.373 r  dbg_hub/inst/BSCANID.u_xsdbm_id/SWITCH_N_EXT_BSCAN.bscan_switch/curid_inferred_i_20/O
                         net (fo=2, routed)           0.794     6.166    dbg_hub/inst/BSCANID.u_xsdbm_id/SWITCH_N_EXT_BSCAN.bscan_switch/curid[12]
    SLICE_X60Y73         LUT6 (Prop_lut6_I4_O)        0.105     6.271 r  dbg_hub/inst/BSCANID.u_xsdbm_id/SWITCH_N_EXT_BSCAN.bscan_switch/state_temp[0]_i_11/O
                         net (fo=1, routed)           0.000     6.271    dbg_hub/inst/BSCANID.u_xsdbm_id/SWITCH_N_EXT_BSCAN.bscan_switch/state_temp[0]_i_11_n_0
    SLICE_X60Y73         CARRY4 (Prop_carry4_S[1]_CO[3])
                                                      0.457     6.728 r  dbg_hub/inst/BSCANID.u_xsdbm_id/SWITCH_N_EXT_BSCAN.bscan_switch/state_temp_reg[0]_i_4/CO[3]
                         net (fo=1, routed)           0.000     6.728    dbg_hub/inst/BSCANID.u_xsdbm_id/SWITCH_N_EXT_BSCAN.bscan_switch/state_temp_reg[0]_i_4_n_0
    SLICE_X60Y74         CARRY4 (Prop_carry4_CI_CO[3])
                                                      0.098     6.826 f  dbg_hub/inst/BSCANID.u_xsdbm_id/SWITCH_N_EXT_BSCAN.bscan_switch/state_temp_reg[0]_i_3/CO[3]
                         net (fo=4, routed)           0.661     7.488    dbg_hub/inst/BSCANID.u_xsdbm_id/SWITCH_N_EXT_BSCAN.bscan_switch/state_temp_reg[0]_i_3_n_0
    SLICE_X63Y76         LUT6 (Prop_lut6_I5_O)        0.105     7.593 f  dbg_hub/inst/BSCANID.u_xsdbm_id/SWITCH_N_EXT_BSCAN.bscan_switch/state_temp[1]_i_2/O
                         net (fo=1, routed)           0.546     8.139    dbg_hub/inst/BSCANID.u_xsdbm_id/SWITCH_N_EXT_BSCAN.bscan_switch/state_temp[1]_i_2_n_0
    SLICE_X63Y76         LUT6 (Prop_lut6_I5_O)        0.105     8.244 r  dbg_hub/inst/BSCANID.u_xsdbm_id/SWITCH_N_EXT_BSCAN.bscan_switch/state_temp[1]_i_1/O
                         net (fo=1, routed)           0.000     8.244    dbg_hub/inst/BSCANID.u_xsdbm_id/SWITCH_N_EXT_BSCAN.bscan_switch/state_temp[1]_i_1_n_0
    SLICE_X63Y76         FDRE                                         r  dbg_hub/inst/BSCANID.u_xsdbm_id/SWITCH_N_EXT_BSCAN.bscan_switch/state_temp_reg[1]/D
  -------------------------------------------------------------------    -------------------

                         (clock dbg_hub/inst/BSCANID.u_xsdbm_id/SWITCH_N_EXT_BSCAN.bscan_inst/SERIES7_BSCAN.bscan_inst/TCK rise edge)
                                                     33.000    33.000 r  
    BSCAN_X0Y0           BSCANE2                      0.000    33.000 r  dbg_hub/inst/BSCANID.u_xsdbm_id/SWITCH_N_EXT_BSCAN.bscan_inst/SERIES7_BSCAN.bscan_inst/TCK
                         net (fo=1, routed)           1.673    34.673    dbg_hub/inst/BSCANID.u_xsdbm_id/tck_bs
    BUFGCTRL_X0Y1        BUFG (Prop_bufg_I_O)         0.077    34.750 r  dbg_hub/inst/BSCANID.u_xsdbm_id/SWITCH_N_EXT_BSCAN.u_bufg_icon_tck/O
                         net (fo=482, routed)         1.274    36.025    dbg_hub/inst/BSCANID.u_xsdbm_id/SWITCH_N_EXT_BSCAN.bscan_switch/s_bscan_tck
    SLICE_X63Y76         FDRE                                         r  dbg_hub/inst/BSCANID.u_xsdbm_id/SWITCH_N_EXT_BSCAN.bscan_switch/state_temp_reg[1]/C
                         clock pessimism              0.426    36.450    
                         clock uncertainty           -0.035    36.415    
    SLICE_X63Y76         FDRE (Setup_fdre_C_D)        0.032    36.447    dbg_hub/inst/BSCANID.u_xsdbm_id/SWITCH_N_EXT_BSCAN.bscan_switch/state_temp_reg[1]
  -------------------------------------------------------------------
                         required time                         36.447    
                         arrival time                          -8.244    
  -------------------------------------------------------------------
                         slack                                 28.203    

Slack (MET) :             28.428ns  (required time - arrival time)
  Source:                 dbg_hub/inst/BSCANID.u_xsdbm_id/SWITCH_N_EXT_BSCAN.bscan_switch/state_reg[2]/C
                            (rising edge-triggered cell FDRE clocked by dbg_hub/inst/BSCANID.u_xsdbm_id/SWITCH_N_EXT_BSCAN.bscan_inst/SERIES7_BSCAN.bscan_inst/TCK  {rise@0.000ns fall@16.500ns period=33.000ns})
  Destination:            dbg_hub/inst/BSCANID.u_xsdbm_id/SWITCH_N_EXT_BSCAN.bscan_switch/state_temp_reg[0]/D
                            (rising edge-triggered cell FDRE clocked by dbg_hub/inst/BSCANID.u_xsdbm_id/SWITCH_N_EXT_BSCAN.bscan_inst/SERIES7_BSCAN.bscan_inst/TCK  {rise@0.000ns fall@16.500ns period=33.000ns})
  Path Group:             dbg_hub/inst/BSCANID.u_xsdbm_id/SWITCH_N_EXT_BSCAN.bscan_inst/SERIES7_BSCAN.bscan_inst/TCK
  Path Type:              Setup (Max at Slow Process Corner)
  Requirement:            33.000ns  (dbg_hub/inst/BSCANID.u_xsdbm_id/SWITCH_N_EXT_BSCAN.bscan_inst/SERIES7_BSCAN.bscan_inst/TCK rise@33.000ns - dbg_hub/inst/BSCANID.u_xsdbm_id/SWITCH_N_EXT_BSCAN.bscan_inst/SERIES7_BSCAN.bscan_inst/TCK rise@0.000ns)
  Data Path Delay:        4.566ns  (logic 1.353ns (29.630%)  route 3.213ns (70.370%))
  Logic Levels:           5  (CARRY4=2 LUT4=1 LUT6=2)
  Clock Path Skew:        0.000ns (DCD - SCD + CPR)
    Destination Clock Delay (DCD):    3.025ns = ( 36.025 - 33.000 ) 
    Source Clock Delay      (SCD):    3.450ns
    Clock Pessimism Removal (CPR):    0.426ns
  Clock Uncertainty:      0.035ns  ((TSJ^2 + TIJ^2)^1/2 + DJ) / 2 + PE
    Total System Jitter     (TSJ):    0.071ns
    Total Input Jitter      (TIJ):    0.000ns
    Discrete Jitter          (DJ):    0.000ns
    Phase Error              (PE):    0.000ns

    Location             Delay type                Incr(ns)  Path(ns)    Netlist Resource(s)
  -------------------------------------------------------------------    -------------------
                         (clock dbg_hub/inst/BSCANID.u_xsdbm_id/SWITCH_N_EXT_BSCAN.bscan_inst/SERIES7_BSCAN.bscan_inst/TCK rise edge)
                                                      0.000     0.000 r  
    BSCAN_X0Y0           BSCANE2                      0.000     0.000 r  dbg_hub/inst/BSCANID.u_xsdbm_id/SWITCH_N_EXT_BSCAN.bscan_inst/SERIES7_BSCAN.bscan_inst/TCK
                         net (fo=1, routed)           1.937     1.937    dbg_hub/inst/BSCANID.u_xsdbm_id/tck_bs
    BUFGCTRL_X0Y1        BUFG (Prop_bufg_I_O)         0.085     2.022 r  dbg_hub/inst/BSCANID.u_xsdbm_id/SWITCH_N_EXT_BSCAN.u_bufg_icon_tck/O
                         net (fo=482, routed)         1.428     3.450    dbg_hub/inst/BSCANID.u_xsdbm_id/SWITCH_N_EXT_BSCAN.bscan_switch/s_bscan_tck
    SLICE_X63Y76         FDRE                                         r  dbg_hub/inst/BSCANID.u_xsdbm_id/SWITCH_N_EXT_BSCAN.bscan_switch/state_reg[2]/C
  -------------------------------------------------------------------    -------------------
    SLICE_X63Y76         FDRE (Prop_fdre_C_Q)         0.348     3.798 f  dbg_hub/inst/BSCANID.u_xsdbm_id/SWITCH_N_EXT_BSCAN.bscan_switch/state_reg[2]/Q
                         net (fo=50, routed)          1.334     5.133    dbg_hub/inst/BSCANID.u_xsdbm_id/SWITCH_N_EXT_BSCAN.bscan_switch/state[2]
    SLICE_X58Y73         LUT4 (Prop_lut4_I2_O)        0.240     5.373 r  dbg_hub/inst/BSCANID.u_xsdbm_id/SWITCH_N_EXT_BSCAN.bscan_switch/curid_inferred_i_20/O
                         net (fo=2, routed)           0.794     6.166    dbg_hub/inst/BSCANID.u_xsdbm_id/SWITCH_N_EXT_BSCAN.bscan_switch/curid[12]
    SLICE_X60Y73         LUT6 (Prop_lut6_I4_O)        0.105     6.271 r  dbg_hub/inst/BSCANID.u_xsdbm_id/SWITCH_N_EXT_BSCAN.bscan_switch/state_temp[0]_i_11/O
                         net (fo=1, routed)           0.000     6.271    dbg_hub/inst/BSCANID.u_xsdbm_id/SWITCH_N_EXT_BSCAN.bscan_switch/state_temp[0]_i_11_n_0
    SLICE_X60Y73         CARRY4 (Prop_carry4_S[1]_CO[3])
                                                      0.457     6.728 r  dbg_hub/inst/BSCANID.u_xsdbm_id/SWITCH_N_EXT_BSCAN.bscan_switch/state_temp_reg[0]_i_4/CO[3]
                         net (fo=1, routed)           0.000     6.728    dbg_hub/inst/BSCANID.u_xsdbm_id/SWITCH_N_EXT_BSCAN.bscan_switch/state_temp_reg[0]_i_4_n_0
    SLICE_X60Y74         CARRY4 (Prop_carry4_CI_CO[3])
                                                      0.098     6.826 f  dbg_hub/inst/BSCANID.u_xsdbm_id/SWITCH_N_EXT_BSCAN.bscan_switch/state_temp_reg[0]_i_3/CO[3]
                         net (fo=4, routed)           1.085     7.912    dbg_hub/inst/BSCANID.u_xsdbm_id/SWITCH_N_EXT_BSCAN.bscan_switch/state_temp_reg[0]_i_3_n_0
    SLICE_X63Y76         LUT6 (Prop_lut6_I2_O)        0.105     8.017 r  dbg_hub/inst/BSCANID.u_xsdbm_id/SWITCH_N_EXT_BSCAN.bscan_switch/state_temp[0]_i_1/O
                         net (fo=1, routed)           0.000     8.017    dbg_hub/inst/BSCANID.u_xsdbm_id/SWITCH_N_EXT_BSCAN.bscan_switch/state_temp[0]_i_1_n_0
    SLICE_X63Y76         FDRE                                         r  dbg_hub/inst/BSCANID.u_xsdbm_id/SWITCH_N_EXT_BSCAN.bscan_switch/state_temp_reg[0]/D
  -------------------------------------------------------------------    -------------------

                         (clock dbg_hub/inst/BSCANID.u_xsdbm_id/SWITCH_N_EXT_BSCAN.bscan_inst/SERIES7_BSCAN.bscan_inst/TCK rise edge)
                                                     33.000    33.000 r  
    BSCAN_X0Y0           BSCANE2                      0.000    33.000 r  dbg_hub/inst/BSCANID.u_xsdbm_id/SWITCH_N_EXT_BSCAN.bscan_inst/SERIES7_BSCAN.bscan_inst/TCK
                         net (fo=1, routed)           1.673    34.673    dbg_hub/inst/BSCANID.u_xsdbm_id/tck_bs
    BUFGCTRL_X0Y1        BUFG (Prop_bufg_I_O)         0.077    34.750 r  dbg_hub/inst/BSCANID.u_xsdbm_id/SWITCH_N_EXT_BSCAN.u_bufg_icon_tck/O
                         net (fo=482, routed)         1.274    36.025    dbg_hub/inst/BSCANID.u_xsdbm_id/SWITCH_N_EXT_BSCAN.bscan_switch/s_bscan_tck
    SLICE_X63Y76         FDRE                                         r  dbg_hub/inst/BSCANID.u_xsdbm_id/SWITCH_N_EXT_BSCAN.bscan_switch/state_temp_reg[0]/C
                         clock pessimism              0.426    36.450    
                         clock uncertainty           -0.035    36.415    
    SLICE_X63Y76         FDRE (Setup_fdre_C_D)        0.030    36.445    dbg_hub/inst/BSCANID.u_xsdbm_id/SWITCH_N_EXT_BSCAN.bscan_switch/state_temp_reg[0]
  -------------------------------------------------------------------
                         required time                         36.445    
                         arrival time                          -8.017    
  -------------------------------------------------------------------
                         slack                                 28.428    

Slack (MET) :             28.635ns  (required time - arrival time)
  Source:                 dbg_hub/inst/BSCANID.u_xsdbm_id/SWITCH_N_EXT_BSCAN.bscan_switch/state_reg[0]/C
                            (rising edge-triggered cell FDRE clocked by dbg_hub/inst/BSCANID.u_xsdbm_id/SWITCH_N_EXT_BSCAN.bscan_inst/SERIES7_BSCAN.bscan_inst/TCK  {rise@0.000ns fall@16.500ns period=33.000ns})
  Destination:            dbg_hub/inst/BSCANID.u_xsdbm_id/SWITCH_N_EXT_BSCAN.bscan_switch/temp_curid_reg[31]/D
                            (rising edge-triggered cell FDRE clocked by dbg_hub/inst/BSCANID.u_xsdbm_id/SWITCH_N_EXT_BSCAN.bscan_inst/SERIES7_BSCAN.bscan_inst/TCK  {rise@0.000ns fall@16.500ns period=33.000ns})
  Path Group:             dbg_hub/inst/BSCANID.u_xsdbm_id/SWITCH_N_EXT_BSCAN.bscan_inst/SERIES7_BSCAN.bscan_inst/TCK
  Path Type:              Setup (Max at Slow Process Corner)
  Requirement:            33.000ns  (dbg_hub/inst/BSCANID.u_xsdbm_id/SWITCH_N_EXT_BSCAN.bscan_inst/SERIES7_BSCAN.bscan_inst/TCK rise@33.000ns - dbg_hub/inst/BSCANID.u_xsdbm_id/SWITCH_N_EXT_BSCAN.bscan_inst/SERIES7_BSCAN.bscan_inst/TCK rise@0.000ns)
  Data Path Delay:        4.253ns  (logic 0.695ns (16.343%)  route 3.558ns (83.657%))
  Logic Levels:           2  (LUT3=1 LUT5=1)
  Clock Path Skew:        -0.060ns (DCD - SCD + CPR)
    Destination Clock Delay (DCD):    3.023ns = ( 36.023 - 33.000 ) 
    Source Clock Delay      (SCD):    3.450ns
    Clock Pessimism Removal (CPR):    0.368ns
  Clock Uncertainty:      0.035ns  ((TSJ^2 + TIJ^2)^1/2 + DJ) / 2 + PE
    Total System Jitter     (TSJ):    0.071ns
    Total Input Jitter      (TIJ):    0.000ns
    Discrete Jitter          (DJ):    0.000ns
    Phase Error              (PE):    0.000ns

    Location             Delay type                Incr(ns)  Path(ns)    Netlist Resource(s)
  -------------------------------------------------------------------    -------------------
                         (clock dbg_hub/inst/BSCANID.u_xsdbm_id/SWITCH_N_EXT_BSCAN.bscan_inst/SERIES7_BSCAN.bscan_inst/TCK rise edge)
                                                      0.000     0.000 r  
    BSCAN_X0Y0           BSCANE2                      0.000     0.000 r  dbg_hub/inst/BSCANID.u_xsdbm_id/SWITCH_N_EXT_BSCAN.bscan_inst/SERIES7_BSCAN.bscan_inst/TCK
                         net (fo=1, routed)           1.937     1.937    dbg_hub/inst/BSCANID.u_xsdbm_id/tck_bs
    BUFGCTRL_X0Y1        BUFG (Prop_bufg_I_O)         0.085     2.022 r  dbg_hub/inst/BSCANID.u_xsdbm_id/SWITCH_N_EXT_BSCAN.u_bufg_icon_tck/O
                         net (fo=482, routed)         1.428     3.450    dbg_hub/inst/BSCANID.u_xsdbm_id/SWITCH_N_EXT_BSCAN.bscan_switch/s_bscan_tck
    SLICE_X63Y76         FDRE                                         r  dbg_hub/inst/BSCANID.u_xsdbm_id/SWITCH_N_EXT_BSCAN.bscan_switch/state_reg[0]/C
  -------------------------------------------------------------------    -------------------
    SLICE_X63Y76         FDRE (Prop_fdre_C_Q)         0.348     3.798 r  dbg_hub/inst/BSCANID.u_xsdbm_id/SWITCH_N_EXT_BSCAN.bscan_switch/state_reg[0]/Q
                         net (fo=50, routed)          2.132     5.931    dbg_hub/inst/BSCANID.u_xsdbm_id/SWITCH_N_EXT_BSCAN.bscan_switch/state[0]
    SLICE_X65Y74         LUT5 (Prop_lut5_I2_O)        0.242     6.173 r  dbg_hub/inst/BSCANID.u_xsdbm_id/SWITCH_N_EXT_BSCAN.bscan_switch/m_bscan_bscanid_en_INST_0/O
                         net (fo=35, routed)          0.895     7.068    dbg_hub/inst/BSCANID.u_xsdbm_id/bscanid_en_int
    SLICE_X64Y73         LUT3 (Prop_lut3_I1_O)        0.105     7.173 r  dbg_hub/inst/BSCANID.u_xsdbm_id/SWITCH_N_EXT_BSCAN.bscan_switch_i_1/O
                         net (fo=2, routed)           0.530     7.703    dbg_hub/inst/BSCANID.u_xsdbm_id/SWITCH_N_EXT_BSCAN.bscan_switch/m_bscan_tdo[0]
    SLICE_X58Y74         FDRE                                         r  dbg_hub/inst/BSCANID.u_xsdbm_id/SWITCH_N_EXT_BSCAN.bscan_switch/temp_curid_reg[31]/D
  -------------------------------------------------------------------    -------------------

                         (clock dbg_hub/inst/BSCANID.u_xsdbm_id/SWITCH_N_EXT_BSCAN.bscan_inst/SERIES7_BSCAN.bscan_inst/TCK rise edge)
                                                     33.000    33.000 r  
    BSCAN_X0Y0           BSCANE2                      0.000    33.000 r  dbg_hub/inst/BSCANID.u_xsdbm_id/SWITCH_N_EXT_BSCAN.bscan_inst/SERIES7_BSCAN.bscan_inst/TCK
                         net (fo=1, routed)           1.673    34.673    dbg_hub/inst/BSCANID.u_xsdbm_id/tck_bs
    BUFGCTRL_X0Y1        BUFG (Prop_bufg_I_O)         0.077    34.750 r  dbg_hub/inst/BSCANID.u_xsdbm_id/SWITCH_N_EXT_BSCAN.u_bufg_icon_tck/O
                         net (fo=482, routed)         1.272    36.023    dbg_hub/inst/BSCANID.u_xsdbm_id/SWITCH_N_EXT_BSCAN.bscan_switch/s_bscan_tck
    SLICE_X58Y74         FDRE                                         r  dbg_hub/inst/BSCANID.u_xsdbm_id/SWITCH_N_EXT_BSCAN.bscan_switch/temp_curid_reg[31]/C
                         clock pessimism              0.368    36.390    
                         clock uncertainty           -0.035    36.355    
    SLICE_X58Y74         FDRE (Setup_fdre_C_D)       -0.017    36.338    dbg_hub/inst/BSCANID.u_xsdbm_id/SWITCH_N_EXT_BSCAN.bscan_switch/temp_curid_reg[31]
  -------------------------------------------------------------------
                         required time                         36.338    
                         arrival time                          -7.703    
  -------------------------------------------------------------------
                         slack                                 28.635    





Min Delay Paths
--------------------------------------------------------------------------------------
Slack (MET) :             0.090ns  (arrival time - required time)
  Source:                 dbg_hub/inst/BSCANID.u_xsdbm_id/CORE_XSDB.UUT_MASTER/U_ICON_INTERFACE/U_CMD6_WR/shift_reg_in_reg[3]/C
                            (rising edge-triggered cell FDCE clocked by dbg_hub/inst/BSCANID.u_xsdbm_id/SWITCH_N_EXT_BSCAN.bscan_inst/SERIES7_BSCAN.bscan_inst/TCK  {rise@0.000ns fall@16.500ns period=33.000ns})
  Destination:            dbg_hub/inst/BSCANID.u_xsdbm_id/CORE_XSDB.UUT_MASTER/U_ICON_INTERFACE/U_CMD6_WR/U_WR_FIFO/SUBCORE_FIFO.xsdbm_v3_0_0_wrfifo_inst/inst_fifo_gen/gconvfifo.rf/grf.rf/gntv_or_sync_fifo.mem/gdm.dm_gen.dm/RAM_reg_0_15_0_5/RAMB/I
                            (rising edge-triggered cell RAMD32 clocked by dbg_hub/inst/BSCANID.u_xsdbm_id/SWITCH_N_EXT_BSCAN.bscan_inst/SERIES7_BSCAN.bscan_inst/TCK  {rise@0.000ns fall@16.500ns period=33.000ns})
  Path Group:             dbg_hub/inst/BSCANID.u_xsdbm_id/SWITCH_N_EXT_BSCAN.bscan_inst/SERIES7_BSCAN.bscan_inst/TCK
  Path Type:              Hold (Min at Fast Process Corner)
  Requirement:            0.000ns  (dbg_hub/inst/BSCANID.u_xsdbm_id/SWITCH_N_EXT_BSCAN.bscan_inst/SERIES7_BSCAN.bscan_inst/TCK rise@0.000ns - dbg_hub/inst/BSCANID.u_xsdbm_id/SWITCH_N_EXT_BSCAN.bscan_inst/SERIES7_BSCAN.bscan_inst/TCK rise@0.000ns)
  Data Path Delay:        0.252ns  (logic 0.141ns (55.931%)  route 0.111ns (44.069%))
  Logic Levels:           0  
  Clock Path Skew:        0.016ns (DCD - SCD - CPR)
    Destination Clock Delay (DCD):    2.017ns
    Source Clock Delay      (SCD):    1.611ns
    Clock Pessimism Removal (CPR):    0.390ns

    Location             Delay type                Incr(ns)  Path(ns)    Netlist Resource(s)
  -------------------------------------------------------------------    -------------------
                         (clock dbg_hub/inst/BSCANID.u_xsdbm_id/SWITCH_N_EXT_BSCAN.bscan_inst/SERIES7_BSCAN.bscan_inst/TCK rise edge)
                                                      0.000     0.000 r  
    BSCAN_X0Y0           BSCANE2                      0.000     0.000 r  dbg_hub/inst/BSCANID.u_xsdbm_id/SWITCH_N_EXT_BSCAN.bscan_inst/SERIES7_BSCAN.bscan_inst/TCK
                         net (fo=1, routed)           1.006     1.006    dbg_hub/inst/BSCANID.u_xsdbm_id/tck_bs
    BUFGCTRL_X0Y1        BUFG (Prop_bufg_I_O)         0.026     1.032 r  dbg_hub/inst/BSCANID.u_xsdbm_id/SWITCH_N_EXT_BSCAN.u_bufg_icon_tck/O
                         net (fo=482, routed)         0.579     1.611    dbg_hub/inst/BSCANID.u_xsdbm_id/CORE_XSDB.UUT_MASTER/U_ICON_INTERFACE/U_CMD6_WR/m_bscan_tck[0]
    SLICE_X60Y61         FDCE                                         r  dbg_hub/inst/BSCANID.u_xsdbm_id/CORE_XSDB.UUT_MASTER/U_ICON_INTERFACE/U_CMD6_WR/shift_reg_in_reg[3]/C
  -------------------------------------------------------------------    -------------------
    SLICE_X60Y61         FDCE (Prop_fdce_C_Q)         0.141     1.752 r  dbg_hub/inst/BSCANID.u_xsdbm_id/CORE_XSDB.UUT_MASTER/U_ICON_INTERFACE/U_CMD6_WR/shift_reg_in_reg[3]/Q
                         net (fo=2, routed)           0.111     1.863    dbg_hub/inst/BSCANID.u_xsdbm_id/CORE_XSDB.UUT_MASTER/U_ICON_INTERFACE/U_CMD6_WR/U_WR_FIFO/SUBCORE_FIFO.xsdbm_v3_0_0_wrfifo_inst/inst_fifo_gen/gconvfifo.rf/grf.rf/gntv_or_sync_fifo.mem/gdm.dm_gen.dm/RAM_reg_0_15_0_5/DIB0
    SLICE_X62Y61         RAMD32                                       r  dbg_hub/inst/BSCANID.u_xsdbm_id/CORE_XSDB.UUT_MASTER/U_ICON_INTERFACE/U_CMD6_WR/U_WR_FIFO/SUBCORE_FIFO.xsdbm_v3_0_0_wrfifo_inst/inst_fifo_gen/gconvfifo.rf/grf.rf/gntv_or_sync_fifo.mem/gdm.dm_gen.dm/RAM_reg_0_15_0_5/RAMB/I
  -------------------------------------------------------------------    -------------------

                         (clock dbg_hub/inst/BSCANID.u_xsdbm_id/SWITCH_N_EXT_BSCAN.bscan_inst/SERIES7_BSCAN.bscan_inst/TCK rise edge)
                                                      0.000     0.000 r  
    BSCAN_X0Y0           BSCANE2                      0.000     0.000 r  dbg_hub/inst/BSCANID.u_xsdbm_id/SWITCH_N_EXT_BSCAN.bscan_inst/SERIES7_BSCAN.bscan_inst/TCK
                         net (fo=1, routed)           1.140     1.140    dbg_hub/inst/BSCANID.u_xsdbm_id/tck_bs
    BUFGCTRL_X0Y1        BUFG (Prop_bufg_I_O)         0.029     1.169 r  dbg_hub/inst/BSCANID.u_xsdbm_id/SWITCH_N_EXT_BSCAN.u_bufg_icon_tck/O
                         net (fo=482, routed)         0.848     2.017    dbg_hub/inst/BSCANID.u_xsdbm_id/CORE_XSDB.UUT_MASTER/U_ICON_INTERFACE/U_CMD6_WR/U_WR_FIFO/SUBCORE_FIFO.xsdbm_v3_0_0_wrfifo_inst/inst_fifo_gen/gconvfifo.rf/grf.rf/gntv_or_sync_fifo.mem/gdm.dm_gen.dm/RAM_reg_0_15_0_5/WCLK
    SLICE_X62Y61         RAMD32                                       r  dbg_hub/inst/BSCANID.u_xsdbm_id/CORE_XSDB.UUT_MASTER/U_ICON_INTERFACE/U_CMD6_WR/U_WR_FIFO/SUBCORE_FIFO.xsdbm_v3_0_0_wrfifo_inst/inst_fifo_gen/gconvfifo.rf/grf.rf/gntv_or_sync_fifo.mem/gdm.dm_gen.dm/RAM_reg_0_15_0_5/RAMB/CLK
                         clock pessimism             -0.390     1.627    
    SLICE_X62Y61         RAMD32 (Hold_ramd32_CLK_I)
                                                      0.146     1.773    dbg_hub/inst/BSCANID.u_xsdbm_id/CORE_XSDB.UUT_MASTER/U_ICON_INTERFACE/U_CMD6_WR/U_WR_FIFO/SUBCORE_FIFO.xsdbm_v3_0_0_wrfifo_inst/inst_fifo_gen/gconvfifo.rf/grf.rf/gntv_or_sync_fifo.mem/gdm.dm_gen.dm/RAM_reg_0_15_0_5/RAMB
  -------------------------------------------------------------------
                         required time                         -1.773    
                         arrival time                           1.863    
  -------------------------------------------------------------------
                         slack                                  0.090    

Slack (MET) :             0.113ns  (arrival time - required time)
  Source:                 dbg_hub/inst/BSCANID.u_xsdbm_id/CORE_XSDB.UUT_MASTER/U_ICON_INTERFACE/U_CMD6_WR/U_WR_FIFO/SUBCORE_FIFO.xsdbm_v3_0_0_wrfifo_inst/inst_fifo_gen/gconvfifo.rf/grf.rf/gntv_or_sync_fifo.gl0.wr/wpntr/gic0.gc0.count_d2_reg[0]/C
                            (rising edge-triggered cell FDCE clocked by dbg_hub/inst/BSCANID.u_xsdbm_id/SWITCH_N_EXT_BSCAN.bscan_inst/SERIES7_BSCAN.bscan_inst/TCK  {rise@0.000ns fall@16.500ns period=33.000ns})
  Destination:            dbg_hub/inst/BSCANID.u_xsdbm_id/CORE_XSDB.UUT_MASTER/U_ICON_INTERFACE/U_CMD6_WR/U_WR_FIFO/SUBCORE_FIFO.xsdbm_v3_0_0_wrfifo_inst/inst_fifo_gen/gconvfifo.rf/grf.rf/gntv_or_sync_fifo.mem/gdm.dm_gen.dm/RAM_reg_0_15_0_5/RAMA/WADR0
                            (rising edge-triggered cell RAMD32 clocked by dbg_hub/inst/BSCANID.u_xsdbm_id/SWITCH_N_EXT_BSCAN.bscan_inst/SERIES7_BSCAN.bscan_inst/TCK  {rise@0.000ns fall@16.500ns period=33.000ns})
  Path Group:             dbg_hub/inst/BSCANID.u_xsdbm_id/SWITCH_N_EXT_BSCAN.bscan_inst/SERIES7_BSCAN.bscan_inst/TCK
  Path Type:              Hold (Min at Fast Process Corner)
  Requirement:            0.000ns  (dbg_hub/inst/BSCANID.u_xsdbm_id/SWITCH_N_EXT_BSCAN.bscan_inst/SERIES7_BSCAN.bscan_inst/TCK rise@0.000ns - dbg_hub/inst/BSCANID.u_xsdbm_id/SWITCH_N_EXT_BSCAN.bscan_inst/SERIES7_BSCAN.bscan_inst/TCK rise@0.000ns)
  Data Path Delay:        0.459ns  (logic 0.141ns (30.705%)  route 0.318ns (69.295%))
  Logic Levels:           0  
  Clock Path Skew:        0.036ns (DCD - SCD - CPR)
    Destination Clock Delay (DCD):    2.017ns
    Source Clock Delay      (SCD):    1.610ns
    Clock Pessimism Removal (CPR):    0.371ns

    Location             Delay type                Incr(ns)  Path(ns)    Netlist Resource(s)
  -------------------------------------------------------------------    -------------------
                         (clock dbg_hub/inst/BSCANID.u_xsdbm_id/SWITCH_N_EXT_BSCAN.bscan_inst/SERIES7_BSCAN.bscan_inst/TCK rise edge)
                                                      0.000     0.000 r  
    BSCAN_X0Y0           BSCANE2                      0.000     0.000 r  dbg_hub/inst/BSCANID.u_xsdbm_id/SWITCH_N_EXT_BSCAN.bscan_inst/SERIES7_BSCAN.bscan_inst/TCK
                         net (fo=1, routed)           1.006     1.006    dbg_hub/inst/BSCANID.u_xsdbm_id/tck_bs
    BUFGCTRL_X0Y1        BUFG (Prop_bufg_I_O)         0.026     1.032 r  dbg_hub/inst/BSCANID.u_xsdbm_id/SWITCH_N_EXT_BSCAN.u_bufg_icon_tck/O
                         net (fo=482, routed)         0.578     1.610    dbg_hub/inst/BSCANID.u_xsdbm_id/CORE_XSDB.UUT_MASTER/U_ICON_INTERFACE/U_CMD6_WR/U_WR_FIFO/SUBCORE_FIFO.xsdbm_v3_0_0_wrfifo_inst/inst_fifo_gen/gconvfifo.rf/grf.rf/gntv_or_sync_fifo.gl0.wr/wpntr/wr_clk
    SLICE_X67Y62         FDCE                                         r  dbg_hub/inst/BSCANID.u_xsdbm_id/CORE_XSDB.UUT_MASTER/U_ICON_INTERFACE/U_CMD6_WR/U_WR_FIFO/SUBCORE_FIFO.xsdbm_v3_0_0_wrfifo_inst/inst_fifo_gen/gconvfifo.rf/grf.rf/gntv_or_sync_fifo.gl0.wr/wpntr/gic0.gc0.count_d2_reg[0]/C
  -------------------------------------------------------------------    -------------------
    SLICE_X67Y62         FDCE (Prop_fdce_C_Q)         0.141     1.751 r  dbg_hub/inst/BSCANID.u_xsdbm_id/CORE_XSDB.UUT_MASTER/U_ICON_INTERFACE/U_CMD6_WR/U_WR_FIFO/SUBCORE_FIFO.xsdbm_v3_0_0_wrfifo_inst/inst_fifo_gen/gconvfifo.rf/grf.rf/gntv_or_sync_fifo.gl0.wr/wpntr/gic0.gc0.count_d2_reg[0]/Q
                         net (fo=25, routed)          0.318     2.069    dbg_hub/inst/BSCANID.u_xsdbm_id/CORE_XSDB.UUT_MASTER/U_ICON_INTERFACE/U_CMD6_WR/U_WR_FIFO/SUBCORE_FIFO.xsdbm_v3_0_0_wrfifo_inst/inst_fifo_gen/gconvfifo.rf/grf.rf/gntv_or_sync_fifo.mem/gdm.dm_gen.dm/RAM_reg_0_15_0_5/ADDRD0
    SLICE_X62Y61         RAMD32                                       r  dbg_hub/inst/BSCANID.u_xsdbm_id/CORE_XSDB.UUT_MASTER/U_ICON_INTERFACE/U_CMD6_WR/U_WR_FIFO/SUBCORE_FIFO.xsdbm_v3_0_0_wrfifo_inst/inst_fifo_gen/gconvfifo.rf/grf.rf/gntv_or_sync_fifo.mem/gdm.dm_gen.dm/RAM_reg_0_15_0_5/RAMA/WADR0
  -------------------------------------------------------------------    -------------------

                         (clock dbg_hub/inst/BSCANID.u_xsdbm_id/SWITCH_N_EXT_BSCAN.bscan_inst/SERIES7_BSCAN.bscan_inst/TCK rise edge)
                                                      0.000     0.000 r  
    BSCAN_X0Y0           BSCANE2                      0.000     0.000 r  dbg_hub/inst/BSCANID.u_xsdbm_id/SWITCH_N_EXT_BSCAN.bscan_inst/SERIES7_BSCAN.bscan_inst/TCK
                         net (fo=1, routed)           1.140     1.140    dbg_hub/inst/BSCANID.u_xsdbm_id/tck_bs
    BUFGCTRL_X0Y1        BUFG (Prop_bufg_I_O)         0.029     1.169 r  dbg_hub/inst/BSCANID.u_xsdbm_id/SWITCH_N_EXT_BSCAN.u_bufg_icon_tck/O
                         net (fo=482, routed)         0.848     2.017    dbg_hub/inst/BSCANID.u_xsdbm_id/CORE_XSDB.UUT_MASTER/U_ICON_INTERFACE/U_CMD6_WR/U_WR_FIFO/SUBCORE_FIFO.xsdbm_v3_0_0_wrfifo_inst/inst_fifo_gen/gconvfifo.rf/grf.rf/gntv_or_sync_fifo.mem/gdm.dm_gen.dm/RAM_reg_0_15_0_5/WCLK
    SLICE_X62Y61         RAMD32                                       r  dbg_hub/inst/BSCANID.u_xsdbm_id/CORE_XSDB.UUT_MASTER/U_ICON_INTERFACE/U_CMD6_WR/U_WR_FIFO/SUBCORE_FIFO.xsdbm_v3_0_0_wrfifo_inst/inst_fifo_gen/gconvfifo.rf/grf.rf/gntv_or_sync_fifo.mem/gdm.dm_gen.dm/RAM_reg_0_15_0_5/RAMA/CLK
                         clock pessimism             -0.371     1.646    
    SLICE_X62Y61         RAMD32 (Hold_ramd32_CLK_WADR0)
                                                      0.310     1.956    dbg_hub/inst/BSCANID.u_xsdbm_id/CORE_XSDB.UUT_MASTER/U_ICON_INTERFACE/U_CMD6_WR/U_WR_FIFO/SUBCORE_FIFO.xsdbm_v3_0_0_wrfifo_inst/inst_fifo_gen/gconvfifo.rf/grf.rf/gntv_or_sync_fifo.mem/gdm.dm_gen.dm/RAM_reg_0_15_0_5/RAMA
  -------------------------------------------------------------------
                         required time                         -1.956    
                         arrival time                           2.069    
  -------------------------------------------------------------------
                         slack                                  0.113    

Slack (MET) :             0.113ns  (arrival time - required time)
  Source:                 dbg_hub/inst/BSCANID.u_xsdbm_id/CORE_XSDB.UUT_MASTER/U_ICON_INTERFACE/U_CMD6_WR/U_WR_FIFO/SUBCORE_FIFO.xsdbm_v3_0_0_wrfifo_inst/inst_fifo_gen/gconvfifo.rf/grf.rf/gntv_or_sync_fifo.gl0.wr/wpntr/gic0.gc0.count_d2_reg[0]/C
                            (rising edge-triggered cell FDCE clocked by dbg_hub/inst/BSCANID.u_xsdbm_id/SWITCH_N_EXT_BSCAN.bscan_inst/SERIES7_BSCAN.bscan_inst/TCK  {rise@0.000ns fall@16.500ns period=33.000ns})
  Destination:            dbg_hub/inst/BSCANID.u_xsdbm_id/CORE_XSDB.UUT_MASTER/U_ICON_INTERFACE/U_CMD6_WR/U_WR_FIFO/SUBCORE_FIFO.xsdbm_v3_0_0_wrfifo_inst/inst_fifo_gen/gconvfifo.rf/grf.rf/gntv_or_sync_fifo.mem/gdm.dm_gen.dm/RAM_reg_0_15_0_5/RAMA_D1/WADR0
                            (rising edge-triggered cell RAMD32 clocked by dbg_hub/inst/BSCANID.u_xsdbm_id/SWITCH_N_EXT_BSCAN.bscan_inst/SERIES7_BSCAN.bscan_inst/TCK  {rise@0.000ns fall@16.500ns period=33.000ns})
  Path Group:             dbg_hub/inst/BSCANID.u_xsdbm_id/SWITCH_N_EXT_BSCAN.bscan_inst/SERIES7_BSCAN.bscan_inst/TCK
  Path Type:              Hold (Min at Fast Process Corner)
  Requirement:            0.000ns  (dbg_hub/inst/BSCANID.u_xsdbm_id/SWITCH_N_EXT_BSCAN.bscan_inst/SERIES7_BSCAN.bscan_inst/TCK rise@0.000ns - dbg_hub/inst/BSCANID.u_xsdbm_id/SWITCH_N_EXT_BSCAN.bscan_inst/SERIES7_BSCAN.bscan_inst/TCK rise@0.000ns)
  Data Path Delay:        0.459ns  (logic 0.141ns (30.705%)  route 0.318ns (69.295%))
  Logic Levels:           0  
  Clock Path Skew:        0.036ns (DCD - SCD - CPR)
    Destination Clock Delay (DCD):    2.017ns
    Source Clock Delay      (SCD):    1.610ns
    Clock Pessimism Removal (CPR):    0.371ns

    Location             Delay type                Incr(ns)  Path(ns)    Netlist Resource(s)
  -------------------------------------------------------------------    -------------------
                         (clock dbg_hub/inst/BSCANID.u_xsdbm_id/SWITCH_N_EXT_BSCAN.bscan_inst/SERIES7_BSCAN.bscan_inst/TCK rise edge)
                                                      0.000     0.000 r  
    BSCAN_X0Y0           BSCANE2                      0.000     0.000 r  dbg_hub/inst/BSCANID.u_xsdbm_id/SWITCH_N_EXT_BSCAN.bscan_inst/SERIES7_BSCAN.bscan_inst/TCK
                         net (fo=1, routed)           1.006     1.006    dbg_hub/inst/BSCANID.u_xsdbm_id/tck_bs
    BUFGCTRL_X0Y1        BUFG (Prop_bufg_I_O)         0.026     1.032 r  dbg_hub/inst/BSCANID.u_xsdbm_id/SWITCH_N_EXT_BSCAN.u_bufg_icon_tck/O
                         net (fo=482, routed)         0.578     1.610    dbg_hub/inst/BSCANID.u_xsdbm_id/CORE_XSDB.UUT_MASTER/U_ICON_INTERFACE/U_CMD6_WR/U_WR_FIFO/SUBCORE_FIFO.xsdbm_v3_0_0_wrfifo_inst/inst_fifo_gen/gconvfifo.rf/grf.rf/gntv_or_sync_fifo.gl0.wr/wpntr/wr_clk
    SLICE_X67Y62         FDCE                                         r  dbg_hub/inst/BSCANID.u_xsdbm_id/CORE_XSDB.UUT_MASTER/U_ICON_INTERFACE/U_CMD6_WR/U_WR_FIFO/SUBCORE_FIFO.xsdbm_v3_0_0_wrfifo_inst/inst_fifo_gen/gconvfifo.rf/grf.rf/gntv_or_sync_fifo.gl0.wr/wpntr/gic0.gc0.count_d2_reg[0]/C
  -------------------------------------------------------------------    -------------------
    SLICE_X67Y62         FDCE (Prop_fdce_C_Q)         0.141     1.751 r  dbg_hub/inst/BSCANID.u_xsdbm_id/CORE_XSDB.UUT_MASTER/U_ICON_INTERFACE/U_CMD6_WR/U_WR_FIFO/SUBCORE_FIFO.xsdbm_v3_0_0_wrfifo_inst/inst_fifo_gen/gconvfifo.rf/grf.rf/gntv_or_sync_fifo.gl0.wr/wpntr/gic0.gc0.count_d2_reg[0]/Q
                         net (fo=25, routed)          0.318     2.069    dbg_hub/inst/BSCANID.u_xsdbm_id/CORE_XSDB.UUT_MASTER/U_ICON_INTERFACE/U_CMD6_WR/U_WR_FIFO/SUBCORE_FIFO.xsdbm_v3_0_0_wrfifo_inst/inst_fifo_gen/gconvfifo.rf/grf.rf/gntv_or_sync_fifo.mem/gdm.dm_gen.dm/RAM_reg_0_15_0_5/ADDRD0
    SLICE_X62Y61         RAMD32                                       r  dbg_hub/inst/BSCANID.u_xsdbm_id/CORE_XSDB.UUT_MASTER/U_ICON_INTERFACE/U_CMD6_WR/U_WR_FIFO/SUBCORE_FIFO.xsdbm_v3_0_0_wrfifo_inst/inst_fifo_gen/gconvfifo.rf/grf.rf/gntv_or_sync_fifo.mem/gdm.dm_gen.dm/RAM_reg_0_15_0_5/RAMA_D1/WADR0
  -------------------------------------------------------------------    -------------------

                         (clock dbg_hub/inst/BSCANID.u_xsdbm_id/SWITCH_N_EXT_BSCAN.bscan_inst/SERIES7_BSCAN.bscan_inst/TCK rise edge)
                                                      0.000     0.000 r  
    BSCAN_X0Y0           BSCANE2                      0.000     0.000 r  dbg_hub/inst/BSCANID.u_xsdbm_id/SWITCH_N_EXT_BSCAN.bscan_inst/SERIES7_BSCAN.bscan_inst/TCK
                         net (fo=1, routed)           1.140     1.140    dbg_hub/inst/BSCANID.u_xsdbm_id/tck_bs
    BUFGCTRL_X0Y1        BUFG (Prop_bufg_I_O)         0.029     1.169 r  dbg_hub/inst/BSCANID.u_xsdbm_id/SWITCH_N_EXT_BSCAN.u_bufg_icon_tck/O
                         net (fo=482, routed)         0.848     2.017    dbg_hub/inst/BSCANID.u_xsdbm_id/CORE_XSDB.UUT_MASTER/U_ICON_INTERFACE/U_CMD6_WR/U_WR_FIFO/SUBCORE_FIFO.xsdbm_v3_0_0_wrfifo_inst/inst_fifo_gen/gconvfifo.rf/grf.rf/gntv_or_sync_fifo.mem/gdm.dm_gen.dm/RAM_reg_0_15_0_5/WCLK
    SLICE_X62Y61         RAMD32                                       r  dbg_hub/inst/BSCANID.u_xsdbm_id/CORE_XSDB.UUT_MASTER/U_ICON_INTERFACE/U_CMD6_WR/U_WR_FIFO/SUBCORE_FIFO.xsdbm_v3_0_0_wrfifo_inst/inst_fifo_gen/gconvfifo.rf/grf.rf/gntv_or_sync_fifo.mem/gdm.dm_gen.dm/RAM_reg_0_15_0_5/RAMA_D1/CLK
                         clock pessimism             -0.371     1.646    
    SLICE_X62Y61         RAMD32 (Hold_ramd32_CLK_WADR0)
                                                      0.310     1.956    dbg_hub/inst/BSCANID.u_xsdbm_id/CORE_XSDB.UUT_MASTER/U_ICON_INTERFACE/U_CMD6_WR/U_WR_FIFO/SUBCORE_FIFO.xsdbm_v3_0_0_wrfifo_inst/inst_fifo_gen/gconvfifo.rf/grf.rf/gntv_or_sync_fifo.mem/gdm.dm_gen.dm/RAM_reg_0_15_0_5/RAMA_D1
  -------------------------------------------------------------------
                         required time                         -1.956    
                         arrival time                           2.069    
  -------------------------------------------------------------------
                         slack                                  0.113    

Slack (MET) :             0.113ns  (arrival time - required time)
  Source:                 dbg_hub/inst/BSCANID.u_xsdbm_id/CORE_XSDB.UUT_MASTER/U_ICON_INTERFACE/U_CMD6_WR/U_WR_FIFO/SUBCORE_FIFO.xsdbm_v3_0_0_wrfifo_inst/inst_fifo_gen/gconvfifo.rf/grf.rf/gntv_or_sync_fifo.gl0.wr/wpntr/gic0.gc0.count_d2_reg[0]/C
                            (rising edge-triggered cell FDCE clocked by dbg_hub/inst/BSCANID.u_xsdbm_id/SWITCH_N_EXT_BSCAN.bscan_inst/SERIES7_BSCAN.bscan_inst/TCK  {rise@0.000ns fall@16.500ns period=33.000ns})
  Destination:            dbg_hub/inst/BSCANID.u_xsdbm_id/CORE_XSDB.UUT_MASTER/U_ICON_INTERFACE/U_CMD6_WR/U_WR_FIFO/SUBCORE_FIFO.xsdbm_v3_0_0_wrfifo_inst/inst_fifo_gen/gconvfifo.rf/grf.rf/gntv_or_sync_fifo.mem/gdm.dm_gen.dm/RAM_reg_0_15_0_5/RAMB/WADR0
                            (rising edge-triggered cell RAMD32 clocked by dbg_hub/inst/BSCANID.u_xsdbm_id/SWITCH_N_EXT_BSCAN.bscan_inst/SERIES7_BSCAN.bscan_inst/TCK  {rise@0.000ns fall@16.500ns period=33.000ns})
  Path Group:             dbg_hub/inst/BSCANID.u_xsdbm_id/SWITCH_N_EXT_BSCAN.bscan_inst/SERIES7_BSCAN.bscan_inst/TCK
  Path Type:              Hold (Min at Fast Process Corner)
  Requirement:            0.000ns  (dbg_hub/inst/BSCANID.u_xsdbm_id/SWITCH_N_EXT_BSCAN.bscan_inst/SERIES7_BSCAN.bscan_inst/TCK rise@0.000ns - dbg_hub/inst/BSCANID.u_xsdbm_id/SWITCH_N_EXT_BSCAN.bscan_inst/SERIES7_BSCAN.bscan_inst/TCK rise@0.000ns)
  Data Path Delay:        0.459ns  (logic 0.141ns (30.705%)  route 0.318ns (69.295%))
  Logic Levels:           0  
  Clock Path Skew:        0.036ns (DCD - SCD - CPR)
    Destination Clock Delay (DCD):    2.017ns
    Source Clock Delay      (SCD):    1.610ns
    Clock Pessimism Removal (CPR):    0.371ns

    Location             Delay type                Incr(ns)  Path(ns)    Netlist Resource(s)
  -------------------------------------------------------------------    -------------------
                         (clock dbg_hub/inst/BSCANID.u_xsdbm_id/SWITCH_N_EXT_BSCAN.bscan_inst/SERIES7_BSCAN.bscan_inst/TCK rise edge)
                                                      0.000     0.000 r  
    BSCAN_X0Y0           BSCANE2                      0.000     0.000 r  dbg_hub/inst/BSCANID.u_xsdbm_id/SWITCH_N_EXT_BSCAN.bscan_inst/SERIES7_BSCAN.bscan_inst/TCK
                         net (fo=1, routed)           1.006     1.006    dbg_hub/inst/BSCANID.u_xsdbm_id/tck_bs
    BUFGCTRL_X0Y1        BUFG (Prop_bufg_I_O)         0.026     1.032 r  dbg_hub/inst/BSCANID.u_xsdbm_id/SWITCH_N_EXT_BSCAN.u_bufg_icon_tck/O
                         net (fo=482, routed)         0.578     1.610    dbg_hub/inst/BSCANID.u_xsdbm_id/CORE_XSDB.UUT_MASTER/U_ICON_INTERFACE/U_CMD6_WR/U_WR_FIFO/SUBCORE_FIFO.xsdbm_v3_0_0_wrfifo_inst/inst_fifo_gen/gconvfifo.rf/grf.rf/gntv_or_sync_fifo.gl0.wr/wpntr/wr_clk
    SLICE_X67Y62         FDCE                                         r  dbg_hub/inst/BSCANID.u_xsdbm_id/CORE_XSDB.UUT_MASTER/U_ICON_INTERFACE/U_CMD6_WR/U_WR_FIFO/SUBCORE_FIFO.xsdbm_v3_0_0_wrfifo_inst/inst_fifo_gen/gconvfifo.rf/grf.rf/gntv_or_sync_fifo.gl0.wr/wpntr/gic0.gc0.count_d2_reg[0]/C
  -------------------------------------------------------------------    -------------------
    SLICE_X67Y62         FDCE (Prop_fdce_C_Q)         0.141     1.751 r  dbg_hub/inst/BSCANID.u_xsdbm_id/CORE_XSDB.UUT_MASTER/U_ICON_INTERFACE/U_CMD6_WR/U_WR_FIFO/SUBCORE_FIFO.xsdbm_v3_0_0_wrfifo_inst/inst_fifo_gen/gconvfifo.rf/grf.rf/gntv_or_sync_fifo.gl0.wr/wpntr/gic0.gc0.count_d2_reg[0]/Q
                         net (fo=25, routed)          0.318     2.069    dbg_hub/inst/BSCANID.u_xsdbm_id/CORE_XSDB.UUT_MASTER/U_ICON_INTERFACE/U_CMD6_WR/U_WR_FIFO/SUBCORE_FIFO.xsdbm_v3_0_0_wrfifo_inst/inst_fifo_gen/gconvfifo.rf/grf.rf/gntv_or_sync_fifo.mem/gdm.dm_gen.dm/RAM_reg_0_15_0_5/ADDRD0
    SLICE_X62Y61         RAMD32                                       r  dbg_hub/inst/BSCANID.u_xsdbm_id/CORE_XSDB.UUT_MASTER/U_ICON_INTERFACE/U_CMD6_WR/U_WR_FIFO/SUBCORE_FIFO.xsdbm_v3_0_0_wrfifo_inst/inst_fifo_gen/gconvfifo.rf/grf.rf/gntv_or_sync_fifo.mem/gdm.dm_gen.dm/RAM_reg_0_15_0_5/RAMB/WADR0
  -------------------------------------------------------------------    -------------------

                         (clock dbg_hub/inst/BSCANID.u_xsdbm_id/SWITCH_N_EXT_BSCAN.bscan_inst/SERIES7_BSCAN.bscan_inst/TCK rise edge)
                                                      0.000     0.000 r  
    BSCAN_X0Y0           BSCANE2                      0.000     0.000 r  dbg_hub/inst/BSCANID.u_xsdbm_id/SWITCH_N_EXT_BSCAN.bscan_inst/SERIES7_BSCAN.bscan_inst/TCK
                         net (fo=1, routed)           1.140     1.140    dbg_hub/inst/BSCANID.u_xsdbm_id/tck_bs
    BUFGCTRL_X0Y1        BUFG (Prop_bufg_I_O)         0.029     1.169 r  dbg_hub/inst/BSCANID.u_xsdbm_id/SWITCH_N_EXT_BSCAN.u_bufg_icon_tck/O
                         net (fo=482, routed)         0.848     2.017    dbg_hub/inst/BSCANID.u_xsdbm_id/CORE_XSDB.UUT_MASTER/U_ICON_INTERFACE/U_CMD6_WR/U_WR_FIFO/SUBCORE_FIFO.xsdbm_v3_0_0_wrfifo_inst/inst_fifo_gen/gconvfifo.rf/grf.rf/gntv_or_sync_fifo.mem/gdm.dm_gen.dm/RAM_reg_0_15_0_5/WCLK
    SLICE_X62Y61         RAMD32                                       r  dbg_hub/inst/BSCANID.u_xsdbm_id/CORE_XSDB.UUT_MASTER/U_ICON_INTERFACE/U_CMD6_WR/U_WR_FIFO/SUBCORE_FIFO.xsdbm_v3_0_0_wrfifo_inst/inst_fifo_gen/gconvfifo.rf/grf.rf/gntv_or_sync_fifo.mem/gdm.dm_gen.dm/RAM_reg_0_15_0_5/RAMB/CLK
                         clock pessimism             -0.371     1.646    
    SLICE_X62Y61         RAMD32 (Hold_ramd32_CLK_WADR0)
                                                      0.310     1.956    dbg_hub/inst/BSCANID.u_xsdbm_id/CORE_XSDB.UUT_MASTER/U_ICON_INTERFACE/U_CMD6_WR/U_WR_FIFO/SUBCORE_FIFO.xsdbm_v3_0_0_wrfifo_inst/inst_fifo_gen/gconvfifo.rf/grf.rf/gntv_or_sync_fifo.mem/gdm.dm_gen.dm/RAM_reg_0_15_0_5/RAMB
  -------------------------------------------------------------------
                         required time                         -1.956    
                         arrival time                           2.069    
  -------------------------------------------------------------------
                         slack                                  0.113    

Slack (MET) :             0.113ns  (arrival time - required time)
  Source:                 dbg_hub/inst/BSCANID.u_xsdbm_id/CORE_XSDB.UUT_MASTER/U_ICON_INTERFACE/U_CMD6_WR/U_WR_FIFO/SUBCORE_FIFO.xsdbm_v3_0_0_wrfifo_inst/inst_fifo_gen/gconvfifo.rf/grf.rf/gntv_or_sync_fifo.gl0.wr/wpntr/gic0.gc0.count_d2_reg[0]/C
                            (rising edge-triggered cell FDCE clocked by dbg_hub/inst/BSCANID.u_xsdbm_id/SWITCH_N_EXT_BSCAN.bscan_inst/SERIES7_BSCAN.bscan_inst/TCK  {rise@0.000ns fall@16.500ns period=33.000ns})
  Destination:            dbg_hub/inst/BSCANID.u_xsdbm_id/CORE_XSDB.UUT_MASTER/U_ICON_INTERFACE/U_CMD6_WR/U_WR_FIFO/SUBCORE_FIFO.xsdbm_v3_0_0_wrfifo_inst/inst_fifo_gen/gconvfifo.rf/grf.rf/gntv_or_sync_fifo.mem/gdm.dm_gen.dm/RAM_reg_0_15_0_5/RAMB_D1/WADR0
                            (rising edge-triggered cell RAMD32 clocked by dbg_hub/inst/BSCANID.u_xsdbm_id/SWITCH_N_EXT_BSCAN.bscan_inst/SERIES7_BSCAN.bscan_inst/TCK  {rise@0.000ns fall@16.500ns period=33.000ns})
  Path Group:             dbg_hub/inst/BSCANID.u_xsdbm_id/SWITCH_N_EXT_BSCAN.bscan_inst/SERIES7_BSCAN.bscan_inst/TCK
  Path Type:              Hold (Min at Fast Process Corner)
  Requirement:            0.000ns  (dbg_hub/inst/BSCANID.u_xsdbm_id/SWITCH_N_EXT_BSCAN.bscan_inst/SERIES7_BSCAN.bscan_inst/TCK rise@0.000ns - dbg_hub/inst/BSCANID.u_xsdbm_id/SWITCH_N_EXT_BSCAN.bscan_inst/SERIES7_BSCAN.bscan_inst/TCK rise@0.000ns)
  Data Path Delay:        0.459ns  (logic 0.141ns (30.705%)  route 0.318ns (69.295%))
  Logic Levels:           0  
  Clock Path Skew:        0.036ns (DCD - SCD - CPR)
    Destination Clock Delay (DCD):    2.017ns
    Source Clock Delay      (SCD):    1.610ns
    Clock Pessimism Removal (CPR):    0.371ns

    Location             Delay type                Incr(ns)  Path(ns)    Netlist Resource(s)
  -------------------------------------------------------------------    -------------------
                         (clock dbg_hub/inst/BSCANID.u_xsdbm_id/SWITCH_N_EXT_BSCAN.bscan_inst/SERIES7_BSCAN.bscan_inst/TCK rise edge)
                                                      0.000     0.000 r  
    BSCAN_X0Y0           BSCANE2                      0.000     0.000 r  dbg_hub/inst/BSCANID.u_xsdbm_id/SWITCH_N_EXT_BSCAN.bscan_inst/SERIES7_BSCAN.bscan_inst/TCK
                         net (fo=1, routed)           1.006     1.006    dbg_hub/inst/BSCANID.u_xsdbm_id/tck_bs
    BUFGCTRL_X0Y1        BUFG (Prop_bufg_I_O)         0.026     1.032 r  dbg_hub/inst/BSCANID.u_xsdbm_id/SWITCH_N_EXT_BSCAN.u_bufg_icon_tck/O
                         net (fo=482, routed)         0.578     1.610    dbg_hub/inst/BSCANID.u_xsdbm_id/CORE_XSDB.UUT_MASTER/U_ICON_INTERFACE/U_CMD6_WR/U_WR_FIFO/SUBCORE_FIFO.xsdbm_v3_0_0_wrfifo_inst/inst_fifo_gen/gconvfifo.rf/grf.rf/gntv_or_sync_fifo.gl0.wr/wpntr/wr_clk
    SLICE_X67Y62         FDCE                                         r  dbg_hub/inst/BSCANID.u_xsdbm_id/CORE_XSDB.UUT_MASTER/U_ICON_INTERFACE/U_CMD6_WR/U_WR_FIFO/SUBCORE_FIFO.xsdbm_v3_0_0_wrfifo_inst/inst_fifo_gen/gconvfifo.rf/grf.rf/gntv_or_sync_fifo.gl0.wr/wpntr/gic0.gc0.count_d2_reg[0]/C
  -------------------------------------------------------------------    -------------------
    SLICE_X67Y62         FDCE (Prop_fdce_C_Q)         0.141     1.751 r  dbg_hub/inst/BSCANID.u_xsdbm_id/CORE_XSDB.UUT_MASTER/U_ICON_INTERFACE/U_CMD6_WR/U_WR_FIFO/SUBCORE_FIFO.xsdbm_v3_0_0_wrfifo_inst/inst_fifo_gen/gconvfifo.rf/grf.rf/gntv_or_sync_fifo.gl0.wr/wpntr/gic0.gc0.count_d2_reg[0]/Q
                         net (fo=25, routed)          0.318     2.069    dbg_hub/inst/BSCANID.u_xsdbm_id/CORE_XSDB.UUT_MASTER/U_ICON_INTERFACE/U_CMD6_WR/U_WR_FIFO/SUBCORE_FIFO.xsdbm_v3_0_0_wrfifo_inst/inst_fifo_gen/gconvfifo.rf/grf.rf/gntv_or_sync_fifo.mem/gdm.dm_gen.dm/RAM_reg_0_15_0_5/ADDRD0
    SLICE_X62Y61         RAMD32                                       r  dbg_hub/inst/BSCANID.u_xsdbm_id/CORE_XSDB.UUT_MASTER/U_ICON_INTERFACE/U_CMD6_WR/U_WR_FIFO/SUBCORE_FIFO.xsdbm_v3_0_0_wrfifo_inst/inst_fifo_gen/gconvfifo.rf/grf.rf/gntv_or_sync_fifo.mem/gdm.dm_gen.dm/RAM_reg_0_15_0_5/RAMB_D1/WADR0
  -------------------------------------------------------------------    -------------------

                         (clock dbg_hub/inst/BSCANID.u_xsdbm_id/SWITCH_N_EXT_BSCAN.bscan_inst/SERIES7_BSCAN.bscan_inst/TCK rise edge)
                                                      0.000     0.000 r  
    BSCAN_X0Y0           BSCANE2                      0.000     0.000 r  dbg_hub/inst/BSCANID.u_xsdbm_id/SWITCH_N_EXT_BSCAN.bscan_inst/SERIES7_BSCAN.bscan_inst/TCK
                         net (fo=1, routed)           1.140     1.140    dbg_hub/inst/BSCANID.u_xsdbm_id/tck_bs
    BUFGCTRL_X0Y1        BUFG (Prop_bufg_I_O)         0.029     1.169 r  dbg_hub/inst/BSCANID.u_xsdbm_id/SWITCH_N_EXT_BSCAN.u_bufg_icon_tck/O
                         net (fo=482, routed)         0.848     2.017    dbg_hub/inst/BSCANID.u_xsdbm_id/CORE_XSDB.UUT_MASTER/U_ICON_INTERFACE/U_CMD6_WR/U_WR_FIFO/SUBCORE_FIFO.xsdbm_v3_0_0_wrfifo_inst/inst_fifo_gen/gconvfifo.rf/grf.rf/gntv_or_sync_fifo.mem/gdm.dm_gen.dm/RAM_reg_0_15_0_5/WCLK
    SLICE_X62Y61         RAMD32                                       r  dbg_hub/inst/BSCANID.u_xsdbm_id/CORE_XSDB.UUT_MASTER/U_ICON_INTERFACE/U_CMD6_WR/U_WR_FIFO/SUBCORE_FIFO.xsdbm_v3_0_0_wrfifo_inst/inst_fifo_gen/gconvfifo.rf/grf.rf/gntv_or_sync_fifo.mem/gdm.dm_gen.dm/RAM_reg_0_15_0_5/RAMB_D1/CLK
                         clock pessimism             -0.371     1.646    
    SLICE_X62Y61         RAMD32 (Hold_ramd32_CLK_WADR0)
                                                      0.310     1.956    dbg_hub/inst/BSCANID.u_xsdbm_id/CORE_XSDB.UUT_MASTER/U_ICON_INTERFACE/U_CMD6_WR/U_WR_FIFO/SUBCORE_FIFO.xsdbm_v3_0_0_wrfifo_inst/inst_fifo_gen/gconvfifo.rf/grf.rf/gntv_or_sync_fifo.mem/gdm.dm_gen.dm/RAM_reg_0_15_0_5/RAMB_D1
  -------------------------------------------------------------------
                         required time                         -1.956    
                         arrival time                           2.069    
  -------------------------------------------------------------------
                         slack                                  0.113    

Slack (MET) :             0.113ns  (arrival time - required time)
  Source:                 dbg_hub/inst/BSCANID.u_xsdbm_id/CORE_XSDB.UUT_MASTER/U_ICON_INTERFACE/U_CMD6_WR/U_WR_FIFO/SUBCORE_FIFO.xsdbm_v3_0_0_wrfifo_inst/inst_fifo_gen/gconvfifo.rf/grf.rf/gntv_or_sync_fifo.gl0.wr/wpntr/gic0.gc0.count_d2_reg[0]/C
                            (rising edge-triggered cell FDCE clocked by dbg_hub/inst/BSCANID.u_xsdbm_id/SWITCH_N_EXT_BSCAN.bscan_inst/SERIES7_BSCAN.bscan_inst/TCK  {rise@0.000ns fall@16.500ns period=33.000ns})
  Destination:            dbg_hub/inst/BSCANID.u_xsdbm_id/CORE_XSDB.UUT_MASTER/U_ICON_INTERFACE/U_CMD6_WR/U_WR_FIFO/SUBCORE_FIFO.xsdbm_v3_0_0_wrfifo_inst/inst_fifo_gen/gconvfifo.rf/grf.rf/gntv_or_sync_fifo.mem/gdm.dm_gen.dm/RAM_reg_0_15_0_5/RAMC/WADR0
                            (rising edge-triggered cell RAMD32 clocked by dbg_hub/inst/BSCANID.u_xsdbm_id/SWITCH_N_EXT_BSCAN.bscan_inst/SERIES7_BSCAN.bscan_inst/TCK  {rise@0.000ns fall@16.500ns period=33.000ns})
  Path Group:             dbg_hub/inst/BSCANID.u_xsdbm_id/SWITCH_N_EXT_BSCAN.bscan_inst/SERIES7_BSCAN.bscan_inst/TCK
  Path Type:              Hold (Min at Fast Process Corner)
  Requirement:            0.000ns  (dbg_hub/inst/BSCANID.u_xsdbm_id/SWITCH_N_EXT_BSCAN.bscan_inst/SERIES7_BSCAN.bscan_inst/TCK rise@0.000ns - dbg_hub/inst/BSCANID.u_xsdbm_id/SWITCH_N_EXT_BSCAN.bscan_inst/SERIES7_BSCAN.bscan_inst/TCK rise@0.000ns)
  Data Path Delay:        0.459ns  (logic 0.141ns (30.705%)  route 0.318ns (69.295%))
  Logic Levels:           0  
  Clock Path Skew:        0.036ns (DCD - SCD - CPR)
    Destination Clock Delay (DCD):    2.017ns
    Source Clock Delay      (SCD):    1.610ns
    Clock Pessimism Removal (CPR):    0.371ns

    Location             Delay type                Incr(ns)  Path(ns)    Netlist Resource(s)
  -------------------------------------------------------------------    -------------------
                         (clock dbg_hub/inst/BSCANID.u_xsdbm_id/SWITCH_N_EXT_BSCAN.bscan_inst/SERIES7_BSCAN.bscan_inst/TCK rise edge)
                                                      0.000     0.000 r  
    BSCAN_X0Y0           BSCANE2                      0.000     0.000 r  dbg_hub/inst/BSCANID.u_xsdbm_id/SWITCH_N_EXT_BSCAN.bscan_inst/SERIES7_BSCAN.bscan_inst/TCK
                         net (fo=1, routed)           1.006     1.006    dbg_hub/inst/BSCANID.u_xsdbm_id/tck_bs
    BUFGCTRL_X0Y1        BUFG (Prop_bufg_I_O)         0.026     1.032 r  dbg_hub/inst/BSCANID.u_xsdbm_id/SWITCH_N_EXT_BSCAN.u_bufg_icon_tck/O
                         net (fo=482, routed)         0.578     1.610    dbg_hub/inst/BSCANID.u_xsdbm_id/CORE_XSDB.UUT_MASTER/U_ICON_INTERFACE/U_CMD6_WR/U_WR_FIFO/SUBCORE_FIFO.xsdbm_v3_0_0_wrfifo_inst/inst_fifo_gen/gconvfifo.rf/grf.rf/gntv_or_sync_fifo.gl0.wr/wpntr/wr_clk
    SLICE_X67Y62         FDCE                                         r  dbg_hub/inst/BSCANID.u_xsdbm_id/CORE_XSDB.UUT_MASTER/U_ICON_INTERFACE/U_CMD6_WR/U_WR_FIFO/SUBCORE_FIFO.xsdbm_v3_0_0_wrfifo_inst/inst_fifo_gen/gconvfifo.rf/grf.rf/gntv_or_sync_fifo.gl0.wr/wpntr/gic0.gc0.count_d2_reg[0]/C
  -------------------------------------------------------------------    -------------------
    SLICE_X67Y62         FDCE (Prop_fdce_C_Q)         0.141     1.751 r  dbg_hub/inst/BSCANID.u_xsdbm_id/CORE_XSDB.UUT_MASTER/U_ICON_INTERFACE/U_CMD6_WR/U_WR_FIFO/SUBCORE_FIFO.xsdbm_v3_0_0_wrfifo_inst/inst_fifo_gen/gconvfifo.rf/grf.rf/gntv_or_sync_fifo.gl0.wr/wpntr/gic0.gc0.count_d2_reg[0]/Q
                         net (fo=25, routed)          0.318     2.069    dbg_hub/inst/BSCANID.u_xsdbm_id/CORE_XSDB.UUT_MASTER/U_ICON_INTERFACE/U_CMD6_WR/U_WR_FIFO/SUBCORE_FIFO.xsdbm_v3_0_0_wrfifo_inst/inst_fifo_gen/gconvfifo.rf/grf.rf/gntv_or_sync_fifo.mem/gdm.dm_gen.dm/RAM_reg_0_15_0_5/ADDRD0
    SLICE_X62Y61         RAMD32                                       r  dbg_hub/inst/BSCANID.u_xsdbm_id/CORE_XSDB.UUT_MASTER/U_ICON_INTERFACE/U_CMD6_WR/U_WR_FIFO/SUBCORE_FIFO.xsdbm_v3_0_0_wrfifo_inst/inst_fifo_gen/gconvfifo.rf/grf.rf/gntv_or_sync_fifo.mem/gdm.dm_gen.dm/RAM_reg_0_15_0_5/RAMC/WADR0
  -------------------------------------------------------------------    -------------------

                         (clock dbg_hub/inst/BSCANID.u_xsdbm_id/SWITCH_N_EXT_BSCAN.bscan_inst/SERIES7_BSCAN.bscan_inst/TCK rise edge)
                                                      0.000     0.000 r  
    BSCAN_X0Y0           BSCANE2                      0.000     0.000 r  dbg_hub/inst/BSCANID.u_xsdbm_id/SWITCH_N_EXT_BSCAN.bscan_inst/SERIES7_BSCAN.bscan_inst/TCK
                         net (fo=1, routed)           1.140     1.140    dbg_hub/inst/BSCANID.u_xsdbm_id/tck_bs
    BUFGCTRL_X0Y1        BUFG (Prop_bufg_I_O)         0.029     1.169 r  dbg_hub/inst/BSCANID.u_xsdbm_id/SWITCH_N_EXT_BSCAN.u_bufg_icon_tck/O
                         net (fo=482, routed)         0.848     2.017    dbg_hub/inst/BSCANID.u_xsdbm_id/CORE_XSDB.UUT_MASTER/U_ICON_INTERFACE/U_CMD6_WR/U_WR_FIFO/SUBCORE_FIFO.xsdbm_v3_0_0_wrfifo_inst/inst_fifo_gen/gconvfifo.rf/grf.rf/gntv_or_sync_fifo.mem/gdm.dm_gen.dm/RAM_reg_0_15_0_5/WCLK
    SLICE_X62Y61         RAMD32                                       r  dbg_hub/inst/BSCANID.u_xsdbm_id/CORE_XSDB.UUT_MASTER/U_ICON_INTERFACE/U_CMD6_WR/U_WR_FIFO/SUBCORE_FIFO.xsdbm_v3_0_0_wrfifo_inst/inst_fifo_gen/gconvfifo.rf/grf.rf/gntv_or_sync_fifo.mem/gdm.dm_gen.dm/RAM_reg_0_15_0_5/RAMC/CLK
                         clock pessimism             -0.371     1.646    
    SLICE_X62Y61         RAMD32 (Hold_ramd32_CLK_WADR0)
                                                      0.310     1.956    dbg_hub/inst/BSCANID.u_xsdbm_id/CORE_XSDB.UUT_MASTER/U_ICON_INTERFACE/U_CMD6_WR/U_WR_FIFO/SUBCORE_FIFO.xsdbm_v3_0_0_wrfifo_inst/inst_fifo_gen/gconvfifo.rf/grf.rf/gntv_or_sync_fifo.mem/gdm.dm_gen.dm/RAM_reg_0_15_0_5/RAMC
  -------------------------------------------------------------------
                         required time                         -1.956    
                         arrival time                           2.069    
  -------------------------------------------------------------------
                         slack                                  0.113    

Slack (MET) :             0.113ns  (arrival time - required time)
  Source:                 dbg_hub/inst/BSCANID.u_xsdbm_id/CORE_XSDB.UUT_MASTER/U_ICON_INTERFACE/U_CMD6_WR/U_WR_FIFO/SUBCORE_FIFO.xsdbm_v3_0_0_wrfifo_inst/inst_fifo_gen/gconvfifo.rf/grf.rf/gntv_or_sync_fifo.gl0.wr/wpntr/gic0.gc0.count_d2_reg[0]/C
                            (rising edge-triggered cell FDCE clocked by dbg_hub/inst/BSCANID.u_xsdbm_id/SWITCH_N_EXT_BSCAN.bscan_inst/SERIES7_BSCAN.bscan_inst/TCK  {rise@0.000ns fall@16.500ns period=33.000ns})
  Destination:            dbg_hub/inst/BSCANID.u_xsdbm_id/CORE_XSDB.UUT_MASTER/U_ICON_INTERFACE/U_CMD6_WR/U_WR_FIFO/SUBCORE_FIFO.xsdbm_v3_0_0_wrfifo_inst/inst_fifo_gen/gconvfifo.rf/grf.rf/gntv_or_sync_fifo.mem/gdm.dm_gen.dm/RAM_reg_0_15_0_5/RAMC_D1/WADR0
                            (rising edge-triggered cell RAMD32 clocked by dbg_hub/inst/BSCANID.u_xsdbm_id/SWITCH_N_EXT_BSCAN.bscan_inst/SERIES7_BSCAN.bscan_inst/TCK  {rise@0.000ns fall@16.500ns period=33.000ns})
  Path Group:             dbg_hub/inst/BSCANID.u_xsdbm_id/SWITCH_N_EXT_BSCAN.bscan_inst/SERIES7_BSCAN.bscan_inst/TCK
  Path Type:              Hold (Min at Fast Process Corner)
  Requirement:            0.000ns  (dbg_hub/inst/BSCANID.u_xsdbm_id/SWITCH_N_EXT_BSCAN.bscan_inst/SERIES7_BSCAN.bscan_inst/TCK rise@0.000ns - dbg_hub/inst/BSCANID.u_xsdbm_id/SWITCH_N_EXT_BSCAN.bscan_inst/SERIES7_BSCAN.bscan_inst/TCK rise@0.000ns)
  Data Path Delay:        0.459ns  (logic 0.141ns (30.705%)  route 0.318ns (69.295%))
  Logic Levels:           0  
  Clock Path Skew:        0.036ns (DCD - SCD - CPR)
    Destination Clock Delay (DCD):    2.017ns
    Source Clock Delay      (SCD):    1.610ns
    Clock Pessimism Removal (CPR):    0.371ns

    Location             Delay type                Incr(ns)  Path(ns)    Netlist Resource(s)
  -------------------------------------------------------------------    -------------------
                         (clock dbg_hub/inst/BSCANID.u_xsdbm_id/SWITCH_N_EXT_BSCAN.bscan_inst/SERIES7_BSCAN.bscan_inst/TCK rise edge)
                                                      0.000     0.000 r  
    BSCAN_X0Y0           BSCANE2                      0.000     0.000 r  dbg_hub/inst/BSCANID.u_xsdbm_id/SWITCH_N_EXT_BSCAN.bscan_inst/SERIES7_BSCAN.bscan_inst/TCK
                         net (fo=1, routed)           1.006     1.006    dbg_hub/inst/BSCANID.u_xsdbm_id/tck_bs
    BUFGCTRL_X0Y1        BUFG (Prop_bufg_I_O)         0.026     1.032 r  dbg_hub/inst/BSCANID.u_xsdbm_id/SWITCH_N_EXT_BSCAN.u_bufg_icon_tck/O
                         net (fo=482, routed)         0.578     1.610    dbg_hub/inst/BSCANID.u_xsdbm_id/CORE_XSDB.UUT_MASTER/U_ICON_INTERFACE/U_CMD6_WR/U_WR_FIFO/SUBCORE_FIFO.xsdbm_v3_0_0_wrfifo_inst/inst_fifo_gen/gconvfifo.rf/grf.rf/gntv_or_sync_fifo.gl0.wr/wpntr/wr_clk
    SLICE_X67Y62         FDCE                                         r  dbg_hub/inst/BSCANID.u_xsdbm_id/CORE_XSDB.UUT_MASTER/U_ICON_INTERFACE/U_CMD6_WR/U_WR_FIFO/SUBCORE_FIFO.xsdbm_v3_0_0_wrfifo_inst/inst_fifo_gen/gconvfifo.rf/grf.rf/gntv_or_sync_fifo.gl0.wr/wpntr/gic0.gc0.count_d2_reg[0]/C
  -------------------------------------------------------------------    -------------------
    SLICE_X67Y62         FDCE (Prop_fdce_C_Q)         0.141     1.751 r  dbg_hub/inst/BSCANID.u_xsdbm_id/CORE_XSDB.UUT_MASTER/U_ICON_INTERFACE/U_CMD6_WR/U_WR_FIFO/SUBCORE_FIFO.xsdbm_v3_0_0_wrfifo_inst/inst_fifo_gen/gconvfifo.rf/grf.rf/gntv_or_sync_fifo.gl0.wr/wpntr/gic0.gc0.count_d2_reg[0]/Q
                         net (fo=25, routed)          0.318     2.069    dbg_hub/inst/BSCANID.u_xsdbm_id/CORE_XSDB.UUT_MASTER/U_ICON_INTERFACE/U_CMD6_WR/U_WR_FIFO/SUBCORE_FIFO.xsdbm_v3_0_0_wrfifo_inst/inst_fifo_gen/gconvfifo.rf/grf.rf/gntv_or_sync_fifo.mem/gdm.dm_gen.dm/RAM_reg_0_15_0_5/ADDRD0
    SLICE_X62Y61         RAMD32                                       r  dbg_hub/inst/BSCANID.u_xsdbm_id/CORE_XSDB.UUT_MASTER/U_ICON_INTERFACE/U_CMD6_WR/U_WR_FIFO/SUBCORE_FIFO.xsdbm_v3_0_0_wrfifo_inst/inst_fifo_gen/gconvfifo.rf/grf.rf/gntv_or_sync_fifo.mem/gdm.dm_gen.dm/RAM_reg_0_15_0_5/RAMC_D1/WADR0
  -------------------------------------------------------------------    -------------------

                         (clock dbg_hub/inst/BSCANID.u_xsdbm_id/SWITCH_N_EXT_BSCAN.bscan_inst/SERIES7_BSCAN.bscan_inst/TCK rise edge)
                                                      0.000     0.000 r  
    BSCAN_X0Y0           BSCANE2                      0.000     0.000 r  dbg_hub/inst/BSCANID.u_xsdbm_id/SWITCH_N_EXT_BSCAN.bscan_inst/SERIES7_BSCAN.bscan_inst/TCK
                         net (fo=1, routed)           1.140     1.140    dbg_hub/inst/BSCANID.u_xsdbm_id/tck_bs
    BUFGCTRL_X0Y1        BUFG (Prop_bufg_I_O)         0.029     1.169 r  dbg_hub/inst/BSCANID.u_xsdbm_id/SWITCH_N_EXT_BSCAN.u_bufg_icon_tck/O
                         net (fo=482, routed)         0.848     2.017    dbg_hub/inst/BSCANID.u_xsdbm_id/CORE_XSDB.UUT_MASTER/U_ICON_INTERFACE/U_CMD6_WR/U_WR_FIFO/SUBCORE_FIFO.xsdbm_v3_0_0_wrfifo_inst/inst_fifo_gen/gconvfifo.rf/grf.rf/gntv_or_sync_fifo.mem/gdm.dm_gen.dm/RAM_reg_0_15_0_5/WCLK
    SLICE_X62Y61         RAMD32                                       r  dbg_hub/inst/BSCANID.u_xsdbm_id/CORE_XSDB.UUT_MASTER/U_ICON_INTERFACE/U_CMD6_WR/U_WR_FIFO/SUBCORE_FIFO.xsdbm_v3_0_0_wrfifo_inst/inst_fifo_gen/gconvfifo.rf/grf.rf/gntv_or_sync_fifo.mem/gdm.dm_gen.dm/RAM_reg_0_15_0_5/RAMC_D1/CLK
                         clock pessimism             -0.371     1.646    
    SLICE_X62Y61         RAMD32 (Hold_ramd32_CLK_WADR0)
                                                      0.310     1.956    dbg_hub/inst/BSCANID.u_xsdbm_id/CORE_XSDB.UUT_MASTER/U_ICON_INTERFACE/U_CMD6_WR/U_WR_FIFO/SUBCORE_FIFO.xsdbm_v3_0_0_wrfifo_inst/inst_fifo_gen/gconvfifo.rf/grf.rf/gntv_or_sync_fifo.mem/gdm.dm_gen.dm/RAM_reg_0_15_0_5/RAMC_D1
  -------------------------------------------------------------------
                         required time                         -1.956    
                         arrival time                           2.069    
  -------------------------------------------------------------------
                         slack                                  0.113    

Slack (MET) :             0.113ns  (arrival time - required time)
  Source:                 dbg_hub/inst/BSCANID.u_xsdbm_id/CORE_XSDB.UUT_MASTER/U_ICON_INTERFACE/U_CMD6_WR/U_WR_FIFO/SUBCORE_FIFO.xsdbm_v3_0_0_wrfifo_inst/inst_fifo_gen/gconvfifo.rf/grf.rf/gntv_or_sync_fifo.gl0.wr/wpntr/gic0.gc0.count_d2_reg[0]/C
                            (rising edge-triggered cell FDCE clocked by dbg_hub/inst/BSCANID.u_xsdbm_id/SWITCH_N_EXT_BSCAN.bscan_inst/SERIES7_BSCAN.bscan_inst/TCK  {rise@0.000ns fall@16.500ns period=33.000ns})
  Destination:            dbg_hub/inst/BSCANID.u_xsdbm_id/CORE_XSDB.UUT_MASTER/U_ICON_INTERFACE/U_CMD6_WR/U_WR_FIFO/SUBCORE_FIFO.xsdbm_v3_0_0_wrfifo_inst/inst_fifo_gen/gconvfifo.rf/grf.rf/gntv_or_sync_fifo.mem/gdm.dm_gen.dm/RAM_reg_0_15_0_5/RAMD/ADR0
                            (rising edge-triggered cell RAMS32 clocked by dbg_hub/inst/BSCANID.u_xsdbm_id/SWITCH_N_EXT_BSCAN.bscan_inst/SERIES7_BSCAN.bscan_inst/TCK  {rise@0.000ns fall@16.500ns period=33.000ns})
  Path Group:             dbg_hub/inst/BSCANID.u_xsdbm_id/SWITCH_N_EXT_BSCAN.bscan_inst/SERIES7_BSCAN.bscan_inst/TCK
  Path Type:              Hold (Min at Fast Process Corner)
  Requirement:            0.000ns  (dbg_hub/inst/BSCANID.u_xsdbm_id/SWITCH_N_EXT_BSCAN.bscan_inst/SERIES7_BSCAN.bscan_inst/TCK rise@0.000ns - dbg_hub/inst/BSCANID.u_xsdbm_id/SWITCH_N_EXT_BSCAN.bscan_inst/SERIES7_BSCAN.bscan_inst/TCK rise@0.000ns)
  Data Path Delay:        0.459ns  (logic 0.141ns (30.705%)  route 0.318ns (69.295%))
  Logic Levels:           0  
  Clock Path Skew:        0.036ns (DCD - SCD - CPR)
    Destination Clock Delay (DCD):    2.017ns
    Source Clock Delay      (SCD):    1.610ns
    Clock Pessimism Removal (CPR):    0.371ns

    Location             Delay type                Incr(ns)  Path(ns)    Netlist Resource(s)
  -------------------------------------------------------------------    -------------------
                         (clock dbg_hub/inst/BSCANID.u_xsdbm_id/SWITCH_N_EXT_BSCAN.bscan_inst/SERIES7_BSCAN.bscan_inst/TCK rise edge)
                                                      0.000     0.000 r  
    BSCAN_X0Y0           BSCANE2                      0.000     0.000 r  dbg_hub/inst/BSCANID.u_xsdbm_id/SWITCH_N_EXT_BSCAN.bscan_inst/SERIES7_BSCAN.bscan_inst/TCK
                         net (fo=1, routed)           1.006     1.006    dbg_hub/inst/BSCANID.u_xsdbm_id/tck_bs
    BUFGCTRL_X0Y1        BUFG (Prop_bufg_I_O)         0.026     1.032 r  dbg_hub/inst/BSCANID.u_xsdbm_id/SWITCH_N_EXT_BSCAN.u_bufg_icon_tck/O
                         net (fo=482, routed)         0.578     1.610    dbg_hub/inst/BSCANID.u_xsdbm_id/CORE_XSDB.UUT_MASTER/U_ICON_INTERFACE/U_CMD6_WR/U_WR_FIFO/SUBCORE_FIFO.xsdbm_v3_0_0_wrfifo_inst/inst_fifo_gen/gconvfifo.rf/grf.rf/gntv_or_sync_fifo.gl0.wr/wpntr/wr_clk
    SLICE_X67Y62         FDCE                                         r  dbg_hub/inst/BSCANID.u_xsdbm_id/CORE_XSDB.UUT_MASTER/U_ICON_INTERFACE/U_CMD6_WR/U_WR_FIFO/SUBCORE_FIFO.xsdbm_v3_0_0_wrfifo_inst/inst_fifo_gen/gconvfifo.rf/grf.rf/gntv_or_sync_fifo.gl0.wr/wpntr/gic0.gc0.count_d2_reg[0]/C
  -------------------------------------------------------------------    -------------------
    SLICE_X67Y62         FDCE (Prop_fdce_C_Q)         0.141     1.751 r  dbg_hub/inst/BSCANID.u_xsdbm_id/CORE_XSDB.UUT_MASTER/U_ICON_INTERFACE/U_CMD6_WR/U_WR_FIFO/SUBCORE_FIFO.xsdbm_v3_0_0_wrfifo_inst/inst_fifo_gen/gconvfifo.rf/grf.rf/gntv_or_sync_fifo.gl0.wr/wpntr/gic0.gc0.count_d2_reg[0]/Q
                         net (fo=25, routed)          0.318     2.069    dbg_hub/inst/BSCANID.u_xsdbm_id/CORE_XSDB.UUT_MASTER/U_ICON_INTERFACE/U_CMD6_WR/U_WR_FIFO/SUBCORE_FIFO.xsdbm_v3_0_0_wrfifo_inst/inst_fifo_gen/gconvfifo.rf/grf.rf/gntv_or_sync_fifo.mem/gdm.dm_gen.dm/RAM_reg_0_15_0_5/ADDRD0
    SLICE_X62Y61         RAMS32                                       r  dbg_hub/inst/BSCANID.u_xsdbm_id/CORE_XSDB.UUT_MASTER/U_ICON_INTERFACE/U_CMD6_WR/U_WR_FIFO/SUBCORE_FIFO.xsdbm_v3_0_0_wrfifo_inst/inst_fifo_gen/gconvfifo.rf/grf.rf/gntv_or_sync_fifo.mem/gdm.dm_gen.dm/RAM_reg_0_15_0_5/RAMD/ADR0
  -------------------------------------------------------------------    -------------------

                         (clock dbg_hub/inst/BSCANID.u_xsdbm_id/SWITCH_N_EXT_BSCAN.bscan_inst/SERIES7_BSCAN.bscan_inst/TCK rise edge)
                                                      0.000     0.000 r  
    BSCAN_X0Y0           BSCANE2                      0.000     0.000 r  dbg_hub/inst/BSCANID.u_xsdbm_id/SWITCH_N_EXT_BSCAN.bscan_inst/SERIES7_BSCAN.bscan_inst/TCK
                         net (fo=1, routed)           1.140     1.140    dbg_hub/inst/BSCANID.u_xsdbm_id/tck_bs
    BUFGCTRL_X0Y1        BUFG (Prop_bufg_I_O)         0.029     1.169 r  dbg_hub/inst/BSCANID.u_xsdbm_id/SWITCH_N_EXT_BSCAN.u_bufg_icon_tck/O
                         net (fo=482, routed)         0.848     2.017    dbg_hub/inst/BSCANID.u_xsdbm_id/CORE_XSDB.UUT_MASTER/U_ICON_INTERFACE/U_CMD6_WR/U_WR_FIFO/SUBCORE_FIFO.xsdbm_v3_0_0_wrfifo_inst/inst_fifo_gen/gconvfifo.rf/grf.rf/gntv_or_sync_fifo.mem/gdm.dm_gen.dm/RAM_reg_0_15_0_5/WCLK
    SLICE_X62Y61         RAMS32                                       r  dbg_hub/inst/BSCANID.u_xsdbm_id/CORE_XSDB.UUT_MASTER/U_ICON_INTERFACE/U_CMD6_WR/U_WR_FIFO/SUBCORE_FIFO.xsdbm_v3_0_0_wrfifo_inst/inst_fifo_gen/gconvfifo.rf/grf.rf/gntv_or_sync_fifo.mem/gdm.dm_gen.dm/RAM_reg_0_15_0_5/RAMD/CLK
                         clock pessimism             -0.371     1.646    
    SLICE_X62Y61         RAMS32 (Hold_rams32_CLK_ADR0)
                                                      0.310     1.956    dbg_hub/inst/BSCANID.u_xsdbm_id/CORE_XSDB.UUT_MASTER/U_ICON_INTERFACE/U_CMD6_WR/U_WR_FIFO/SUBCORE_FIFO.xsdbm_v3_0_0_wrfifo_inst/inst_fifo_gen/gconvfifo.rf/grf.rf/gntv_or_sync_fifo.mem/gdm.dm_gen.dm/RAM_reg_0_15_0_5/RAMD
  -------------------------------------------------------------------
                         required time                         -1.956    
                         arrival time                           2.069    
  -------------------------------------------------------------------
                         slack                                  0.113    

Slack (MET) :             0.113ns  (arrival time - required time)
  Source:                 dbg_hub/inst/BSCANID.u_xsdbm_id/CORE_XSDB.UUT_MASTER/U_ICON_INTERFACE/U_CMD6_WR/U_WR_FIFO/SUBCORE_FIFO.xsdbm_v3_0_0_wrfifo_inst/inst_fifo_gen/gconvfifo.rf/grf.rf/gntv_or_sync_fifo.gl0.wr/wpntr/gic0.gc0.count_d2_reg[0]/C
                            (rising edge-triggered cell FDCE clocked by dbg_hub/inst/BSCANID.u_xsdbm_id/SWITCH_N_EXT_BSCAN.bscan_inst/SERIES7_BSCAN.bscan_inst/TCK  {rise@0.000ns fall@16.500ns period=33.000ns})
  Destination:            dbg_hub/inst/BSCANID.u_xsdbm_id/CORE_XSDB.UUT_MASTER/U_ICON_INTERFACE/U_CMD6_WR/U_WR_FIFO/SUBCORE_FIFO.xsdbm_v3_0_0_wrfifo_inst/inst_fifo_gen/gconvfifo.rf/grf.rf/gntv_or_sync_fifo.mem/gdm.dm_gen.dm/RAM_reg_0_15_0_5/RAMD_D1/ADR0
                            (rising edge-triggered cell RAMS32 clocked by dbg_hub/inst/BSCANID.u_xsdbm_id/SWITCH_N_EXT_BSCAN.bscan_inst/SERIES7_BSCAN.bscan_inst/TCK  {rise@0.000ns fall@16.500ns period=33.000ns})
  Path Group:             dbg_hub/inst/BSCANID.u_xsdbm_id/SWITCH_N_EXT_BSCAN.bscan_inst/SERIES7_BSCAN.bscan_inst/TCK
  Path Type:              Hold (Min at Fast Process Corner)
  Requirement:            0.000ns  (dbg_hub/inst/BSCANID.u_xsdbm_id/SWITCH_N_EXT_BSCAN.bscan_inst/SERIES7_BSCAN.bscan_inst/TCK rise@0.000ns - dbg_hub/inst/BSCANID.u_xsdbm_id/SWITCH_N_EXT_BSCAN.bscan_inst/SERIES7_BSCAN.bscan_inst/TCK rise@0.000ns)
  Data Path Delay:        0.459ns  (logic 0.141ns (30.705%)  route 0.318ns (69.295%))
  Logic Levels:           0  
  Clock Path Skew:        0.036ns (DCD - SCD - CPR)
    Destination Clock Delay (DCD):    2.017ns
    Source Clock Delay      (SCD):    1.610ns
    Clock Pessimism Removal (CPR):    0.371ns

    Location             Delay type                Incr(ns)  Path(ns)    Netlist Resource(s)
  -------------------------------------------------------------------    -------------------
                         (clock dbg_hub/inst/BSCANID.u_xsdbm_id/SWITCH_N_EXT_BSCAN.bscan_inst/SERIES7_BSCAN.bscan_inst/TCK rise edge)
                                                      0.000     0.000 r  
    BSCAN_X0Y0           BSCANE2                      0.000     0.000 r  dbg_hub/inst/BSCANID.u_xsdbm_id/SWITCH_N_EXT_BSCAN.bscan_inst/SERIES7_BSCAN.bscan_inst/TCK
                         net (fo=1, routed)           1.006     1.006    dbg_hub/inst/BSCANID.u_xsdbm_id/tck_bs
    BUFGCTRL_X0Y1        BUFG (Prop_bufg_I_O)         0.026     1.032 r  dbg_hub/inst/BSCANID.u_xsdbm_id/SWITCH_N_EXT_BSCAN.u_bufg_icon_tck/O
                         net (fo=482, routed)         0.578     1.610    dbg_hub/inst/BSCANID.u_xsdbm_id/CORE_XSDB.UUT_MASTER/U_ICON_INTERFACE/U_CMD6_WR/U_WR_FIFO/SUBCORE_FIFO.xsdbm_v3_0_0_wrfifo_inst/inst_fifo_gen/gconvfifo.rf/grf.rf/gntv_or_sync_fifo.gl0.wr/wpntr/wr_clk
    SLICE_X67Y62         FDCE                                         r  dbg_hub/inst/BSCANID.u_xsdbm_id/CORE_XSDB.UUT_MASTER/U_ICON_INTERFACE/U_CMD6_WR/U_WR_FIFO/SUBCORE_FIFO.xsdbm_v3_0_0_wrfifo_inst/inst_fifo_gen/gconvfifo.rf/grf.rf/gntv_or_sync_fifo.gl0.wr/wpntr/gic0.gc0.count_d2_reg[0]/C
  -------------------------------------------------------------------    -------------------
    SLICE_X67Y62         FDCE (Prop_fdce_C_Q)         0.141     1.751 r  dbg_hub/inst/BSCANID.u_xsdbm_id/CORE_XSDB.UUT_MASTER/U_ICON_INTERFACE/U_CMD6_WR/U_WR_FIFO/SUBCORE_FIFO.xsdbm_v3_0_0_wrfifo_inst/inst_fifo_gen/gconvfifo.rf/grf.rf/gntv_or_sync_fifo.gl0.wr/wpntr/gic0.gc0.count_d2_reg[0]/Q
                         net (fo=25, routed)          0.318     2.069    dbg_hub/inst/BSCANID.u_xsdbm_id/CORE_XSDB.UUT_MASTER/U_ICON_INTERFACE/U_CMD6_WR/U_WR_FIFO/SUBCORE_FIFO.xsdbm_v3_0_0_wrfifo_inst/inst_fifo_gen/gconvfifo.rf/grf.rf/gntv_or_sync_fifo.mem/gdm.dm_gen.dm/RAM_reg_0_15_0_5/ADDRD0
    SLICE_X62Y61         RAMS32                                       r  dbg_hub/inst/BSCANID.u_xsdbm_id/CORE_XSDB.UUT_MASTER/U_ICON_INTERFACE/U_CMD6_WR/U_WR_FIFO/SUBCORE_FIFO.xsdbm_v3_0_0_wrfifo_inst/inst_fifo_gen/gconvfifo.rf/grf.rf/gntv_or_sync_fifo.mem/gdm.dm_gen.dm/RAM_reg_0_15_0_5/RAMD_D1/ADR0
  -------------------------------------------------------------------    -------------------

                         (clock dbg_hub/inst/BSCANID.u_xsdbm_id/SWITCH_N_EXT_BSCAN.bscan_inst/SERIES7_BSCAN.bscan_inst/TCK rise edge)
                                                      0.000     0.000 r  
    BSCAN_X0Y0           BSCANE2                      0.000     0.000 r  dbg_hub/inst/BSCANID.u_xsdbm_id/SWITCH_N_EXT_BSCAN.bscan_inst/SERIES7_BSCAN.bscan_inst/TCK
                         net (fo=1, routed)           1.140     1.140    dbg_hub/inst/BSCANID.u_xsdbm_id/tck_bs
    BUFGCTRL_X0Y1        BUFG (Prop_bufg_I_O)         0.029     1.169 r  dbg_hub/inst/BSCANID.u_xsdbm_id/SWITCH_N_EXT_BSCAN.u_bufg_icon_tck/O
                         net (fo=482, routed)         0.848     2.017    dbg_hub/inst/BSCANID.u_xsdbm_id/CORE_XSDB.UUT_MASTER/U_ICON_INTERFACE/U_CMD6_WR/U_WR_FIFO/SUBCORE_FIFO.xsdbm_v3_0_0_wrfifo_inst/inst_fifo_gen/gconvfifo.rf/grf.rf/gntv_or_sync_fifo.mem/gdm.dm_gen.dm/RAM_reg_0_15_0_5/WCLK
    SLICE_X62Y61         RAMS32                                       r  dbg_hub/inst/BSCANID.u_xsdbm_id/CORE_XSDB.UUT_MASTER/U_ICON_INTERFACE/U_CMD6_WR/U_WR_FIFO/SUBCORE_FIFO.xsdbm_v3_0_0_wrfifo_inst/inst_fifo_gen/gconvfifo.rf/grf.rf/gntv_or_sync_fifo.mem/gdm.dm_gen.dm/RAM_reg_0_15_0_5/RAMD_D1/CLK
                         clock pessimism             -0.371     1.646    
    SLICE_X62Y61         RAMS32 (Hold_rams32_CLK_ADR0)
                                                      0.310     1.956    dbg_hub/inst/BSCANID.u_xsdbm_id/CORE_XSDB.UUT_MASTER/U_ICON_INTERFACE/U_CMD6_WR/U_WR_FIFO/SUBCORE_FIFO.xsdbm_v3_0_0_wrfifo_inst/inst_fifo_gen/gconvfifo.rf/grf.rf/gntv_or_sync_fifo.mem/gdm.dm_gen.dm/RAM_reg_0_15_0_5/RAMD_D1
  -------------------------------------------------------------------
                         required time                         -1.956    
                         arrival time                           2.069    
  -------------------------------------------------------------------
                         slack                                  0.113    

Slack (MET) :             0.120ns  (arrival time - required time)
  Source:                 dbg_hub/inst/BSCANID.u_xsdbm_id/CORE_XSDB.UUT_MASTER/U_ICON_INTERFACE/U_CMD6_WR/shift_reg_in_reg[10]/C
                            (rising edge-triggered cell FDCE clocked by dbg_hub/inst/BSCANID.u_xsdbm_id/SWITCH_N_EXT_BSCAN.bscan_inst/SERIES7_BSCAN.bscan_inst/TCK  {rise@0.000ns fall@16.500ns period=33.000ns})
  Destination:            dbg_hub/inst/BSCANID.u_xsdbm_id/CORE_XSDB.UUT_MASTER/U_ICON_INTERFACE/U_CMD6_WR/U_WR_FIFO/SUBCORE_FIFO.xsdbm_v3_0_0_wrfifo_inst/inst_fifo_gen/gconvfifo.rf/grf.rf/gntv_or_sync_fifo.mem/gdm.dm_gen.dm/RAM_reg_0_15_6_11/RAMB_D1/I
                            (rising edge-triggered cell RAMD32 clocked by dbg_hub/inst/BSCANID.u_xsdbm_id/SWITCH_N_EXT_BSCAN.bscan_inst/SERIES7_BSCAN.bscan_inst/TCK  {rise@0.000ns fall@16.500ns period=33.000ns})
  Path Group:             dbg_hub/inst/BSCANID.u_xsdbm_id/SWITCH_N_EXT_BSCAN.bscan_inst/SERIES7_BSCAN.bscan_inst/TCK
  Path Type:              Hold (Min at Fast Process Corner)
  Requirement:            0.000ns  (dbg_hub/inst/BSCANID.u_xsdbm_id/SWITCH_N_EXT_BSCAN.bscan_inst/SERIES7_BSCAN.bscan_inst/TCK rise@0.000ns - dbg_hub/inst/BSCANID.u_xsdbm_id/SWITCH_N_EXT_BSCAN.bscan_inst/SERIES7_BSCAN.bscan_inst/TCK rise@0.000ns)
  Data Path Delay:        0.261ns  (logic 0.141ns (54.019%)  route 0.120ns (45.981%))
  Logic Levels:           0  
  Clock Path Skew:        0.017ns (DCD - SCD - CPR)
    Destination Clock Delay (DCD):    2.016ns
    Source Clock Delay      (SCD):    1.608ns
    Clock Pessimism Removal (CPR):    0.391ns

    Location             Delay type                Incr(ns)  Path(ns)    Netlist Resource(s)
  -------------------------------------------------------------------    -------------------
                         (clock dbg_hub/inst/BSCANID.u_xsdbm_id/SWITCH_N_EXT_BSCAN.bscan_inst/SERIES7_BSCAN.bscan_inst/TCK rise edge)
                                                      0.000     0.000 r  
    BSCAN_X0Y0           BSCANE2                      0.000     0.000 r  dbg_hub/inst/BSCANID.u_xsdbm_id/SWITCH_N_EXT_BSCAN.bscan_inst/SERIES7_BSCAN.bscan_inst/TCK
                         net (fo=1, routed)           1.006     1.006    dbg_hub/inst/BSCANID.u_xsdbm_id/tck_bs
    BUFGCTRL_X0Y1        BUFG (Prop_bufg_I_O)         0.026     1.032 r  dbg_hub/inst/BSCANID.u_xsdbm_id/SWITCH_N_EXT_BSCAN.u_bufg_icon_tck/O
                         net (fo=482, routed)         0.576     1.608    dbg_hub/inst/BSCANID.u_xsdbm_id/CORE_XSDB.UUT_MASTER/U_ICON_INTERFACE/U_CMD6_WR/m_bscan_tck[0]
    SLICE_X59Y62         FDCE                                         r  dbg_hub/inst/BSCANID.u_xsdbm_id/CORE_XSDB.UUT_MASTER/U_ICON_INTERFACE/U_CMD6_WR/shift_reg_in_reg[10]/C
  -------------------------------------------------------------------    -------------------
    SLICE_X59Y62         FDCE (Prop_fdce_C_Q)         0.141     1.749 r  dbg_hub/inst/BSCANID.u_xsdbm_id/CORE_XSDB.UUT_MASTER/U_ICON_INTERFACE/U_CMD6_WR/shift_reg_in_reg[10]/Q
                         net (fo=2, routed)           0.120     1.869    dbg_hub/inst/BSCANID.u_xsdbm_id/CORE_XSDB.UUT_MASTER/U_ICON_INTERFACE/U_CMD6_WR/U_WR_FIFO/SUBCORE_FIFO.xsdbm_v3_0_0_wrfifo_inst/inst_fifo_gen/gconvfifo.rf/grf.rf/gntv_or_sync_fifo.mem/gdm.dm_gen.dm/RAM_reg_0_15_6_11/DIB1
    SLICE_X58Y61         RAMD32                                       r  dbg_hub/inst/BSCANID.u_xsdbm_id/CORE_XSDB.UUT_MASTER/U_ICON_INTERFACE/U_CMD6_WR/U_WR_FIFO/SUBCORE_FIFO.xsdbm_v3_0_0_wrfifo_inst/inst_fifo_gen/gconvfifo.rf/grf.rf/gntv_or_sync_fifo.mem/gdm.dm_gen.dm/RAM_reg_0_15_6_11/RAMB_D1/I
  -------------------------------------------------------------------    -------------------

                         (clock dbg_hub/inst/BSCANID.u_xsdbm_id/SWITCH_N_EXT_BSCAN.bscan_inst/SERIES7_BSCAN.bscan_inst/TCK rise edge)
                                                      0.000     0.000 r  
    BSCAN_X0Y0           BSCANE2                      0.000     0.000 r  dbg_hub/inst/BSCANID.u_xsdbm_id/SWITCH_N_EXT_BSCAN.bscan_inst/SERIES7_BSCAN.bscan_inst/TCK
                         net (fo=1, routed)           1.140     1.140    dbg_hub/inst/BSCANID.u_xsdbm_id/tck_bs
    BUFGCTRL_X0Y1        BUFG (Prop_bufg_I_O)         0.029     1.169 r  dbg_hub/inst/BSCANID.u_xsdbm_id/SWITCH_N_EXT_BSCAN.u_bufg_icon_tck/O
                         net (fo=482, routed)         0.847     2.016    dbg_hub/inst/BSCANID.u_xsdbm_id/CORE_XSDB.UUT_MASTER/U_ICON_INTERFACE/U_CMD6_WR/U_WR_FIFO/SUBCORE_FIFO.xsdbm_v3_0_0_wrfifo_inst/inst_fifo_gen/gconvfifo.rf/grf.rf/gntv_or_sync_fifo.mem/gdm.dm_gen.dm/RAM_reg_0_15_6_11/WCLK
    SLICE_X58Y61         RAMD32                                       r  dbg_hub/inst/BSCANID.u_xsdbm_id/CORE_XSDB.UUT_MASTER/U_ICON_INTERFACE/U_CMD6_WR/U_WR_FIFO/SUBCORE_FIFO.xsdbm_v3_0_0_wrfifo_inst/inst_fifo_gen/gconvfifo.rf/grf.rf/gntv_or_sync_fifo.mem/gdm.dm_gen.dm/RAM_reg_0_15_6_11/RAMB_D1/CLK
                         clock pessimism             -0.391     1.625    
    SLICE_X58Y61         RAMD32 (Hold_ramd32_CLK_I)
                                                      0.124     1.749    dbg_hub/inst/BSCANID.u_xsdbm_id/CORE_XSDB.UUT_MASTER/U_ICON_INTERFACE/U_CMD6_WR/U_WR_FIFO/SUBCORE_FIFO.xsdbm_v3_0_0_wrfifo_inst/inst_fifo_gen/gconvfifo.rf/grf.rf/gntv_or_sync_fifo.mem/gdm.dm_gen.dm/RAM_reg_0_15_6_11/RAMB_D1
  -------------------------------------------------------------------
                         required time                         -1.749    
                         arrival time                           1.869    
  -------------------------------------------------------------------
                         slack                                  0.120    





Pulse Width Checks
--------------------------------------------------------------------------------------
Clock Name:         dbg_hub/inst/BSCANID.u_xsdbm_id/SWITCH_N_EXT_BSCAN.bscan_inst/SERIES7_BSCAN.bscan_inst/TCK
Waveform(ns):       { 0.000 16.500 }
Period(ns):         33.000
Sources:            { dbg_hub/inst/BSCANID.u_xsdbm_id/SWITCH_N_EXT_BSCAN.bscan_inst/SERIES7_BSCAN.bscan_inst/TCK }

Check Type        Corner  Lib Pin     Reference Pin  Required(ns)  Actual(ns)  Slack(ns)  Location       Pin
Min Period        n/a     BUFG/I      n/a            1.592         33.000      31.408     BUFGCTRL_X0Y1  dbg_hub/inst/BSCANID.u_xsdbm_id/SWITCH_N_EXT_BSCAN.u_bufg_icon_tck/I
Min Period        n/a     FDRE/C      n/a            1.000         33.000      32.000     SLICE_X56Y69   dbg_hub/inst/BSCANID.u_xsdbm_id/CORE_XSDB.UUT_MASTER/U_ICON_INTERFACE/U_CMD1/icn_cmd_din_temp_reg/C
Min Period        n/a     FDRE/C      n/a            1.000         33.000      32.000     SLICE_X56Y69   dbg_hub/inst/BSCANID.u_xsdbm_id/CORE_XSDB.UUT_MASTER/U_ICON_INTERFACE/U_CMD1/icn_cmd_en_temp_reg/C
Min Period        n/a     FDRE/C      n/a            1.000         33.000      32.000     SLICE_X57Y69   dbg_hub/inst/BSCANID.u_xsdbm_id/CORE_XSDB.UUT_MASTER/U_ICON_INTERFACE/U_CMD1/shift_reg_in_reg[0]/C
Min Period        n/a     FDRE/C      n/a            1.000         33.000      32.000     SLICE_X57Y69   dbg_hub/inst/BSCANID.u_xsdbm_id/CORE_XSDB.UUT_MASTER/U_ICON_INTERFACE/U_CMD1/shift_reg_in_reg[1]/C
Min Period        n/a     FDRE/C      n/a            1.000         33.000      32.000     SLICE_X58Y71   dbg_hub/inst/BSCANID.u_xsdbm_id/CORE_XSDB.UUT_MASTER/U_ICON_INTERFACE/U_CMD2/icn_cmd_din_temp_reg/C
Min Period        n/a     FDRE/C      n/a            1.000         33.000      32.000     SLICE_X56Y71   dbg_hub/inst/BSCANID.u_xsdbm_id/CORE_XSDB.UUT_MASTER/U_ICON_INTERFACE/U_CMD2/icn_cmd_en_temp_reg/C
Min Period        n/a     FDRE/C      n/a            1.000         33.000      32.000     SLICE_X56Y71   dbg_hub/inst/BSCANID.u_xsdbm_id/CORE_XSDB.UUT_MASTER/U_ICON_INTERFACE/U_CMD2/shift_en_reg/C
Min Period        n/a     FDRE/C      n/a            1.000         33.000      32.000     SLICE_X57Y71   dbg_hub/inst/BSCANID.u_xsdbm_id/CORE_XSDB.UUT_MASTER/U_ICON_INTERFACE/U_CMD2/shift_reg_in_reg[0]/C
Min Period        n/a     FDRE/C      n/a            1.000         33.000      32.000     SLICE_X57Y71   dbg_hub/inst/BSCANID.u_xsdbm_id/CORE_XSDB.UUT_MASTER/U_ICON_INTERFACE/U_CMD2/shift_reg_in_reg[1]/C
Low Pulse Width   Fast    RAMD32/CLK  n/a            1.130         16.500      15.370     SLICE_X58Y62   dbg_hub/inst/BSCANID.u_xsdbm_id/CORE_XSDB.UUT_MASTER/U_ICON_INTERFACE/U_CMD6_WR/U_WR_FIFO/SUBCORE_FIFO.xsdbm_v3_0_0_wrfifo_inst/inst_fifo_gen/gconvfifo.rf/grf.rf/gntv_or_sync_fifo.mem/gdm.dm_gen.dm/RAM_reg_0_15_12_15/RAMA/CLK
Low Pulse Width   Fast    RAMD32/CLK  n/a            1.130         16.500      15.370     SLICE_X58Y62   dbg_hub/inst/BSCANID.u_xsdbm_id/CORE_XSDB.UUT_MASTER/U_ICON_INTERFACE/U_CMD6_WR/U_WR_FIFO/SUBCORE_FIFO.xsdbm_v3_0_0_wrfifo_inst/inst_fifo_gen/gconvfifo.rf/grf.rf/gntv_or_sync_fifo.mem/gdm.dm_gen.dm/RAM_reg_0_15_12_15/RAMA_D1/CLK
Low Pulse Width   Fast    RAMD32/CLK  n/a            1.130         16.500      15.370     SLICE_X58Y62   dbg_hub/inst/BSCANID.u_xsdbm_id/CORE_XSDB.UUT_MASTER/U_ICON_INTERFACE/U_CMD6_WR/U_WR_FIFO/SUBCORE_FIFO.xsdbm_v3_0_0_wrfifo_inst/inst_fifo_gen/gconvfifo.rf/grf.rf/gntv_or_sync_fifo.mem/gdm.dm_gen.dm/RAM_reg_0_15_12_15/RAMB/CLK
Low Pulse Width   Fast    RAMD32/CLK  n/a            1.130         16.500      15.370     SLICE_X58Y62   dbg_hub/inst/BSCANID.u_xsdbm_id/CORE_XSDB.UUT_MASTER/U_ICON_INTERFACE/U_CMD6_WR/U_WR_FIFO/SUBCORE_FIFO.xsdbm_v3_0_0_wrfifo_inst/inst_fifo_gen/gconvfifo.rf/grf.rf/gntv_or_sync_fifo.mem/gdm.dm_gen.dm/RAM_reg_0_15_12_15/RAMB_D1/CLK
Low Pulse Width   Fast    RAMD32/CLK  n/a            1.130         16.500      15.370     SLICE_X58Y62   dbg_hub/inst/BSCANID.u_xsdbm_id/CORE_XSDB.UUT_MASTER/U_ICON_INTERFACE/U_CMD6_WR/U_WR_FIFO/SUBCORE_FIFO.xsdbm_v3_0_0_wrfifo_inst/inst_fifo_gen/gconvfifo.rf/grf.rf/gntv_or_sync_fifo.mem/gdm.dm_gen.dm/RAM_reg_0_15_12_15/RAMC/CLK
Low Pulse Width   Fast    RAMD32/CLK  n/a            1.130         16.500      15.370     SLICE_X58Y62   dbg_hub/inst/BSCANID.u_xsdbm_id/CORE_XSDB.UUT_MASTER/U_ICON_INTERFACE/U_CMD6_WR/U_WR_FIFO/SUBCORE_FIFO.xsdbm_v3_0_0_wrfifo_inst/inst_fifo_gen/gconvfifo.rf/grf.rf/gntv_or_sync_fifo.mem/gdm.dm_gen.dm/RAM_reg_0_15_12_15/RAMC_D1/CLK
Low Pulse Width   Fast    RAMS32/CLK  n/a            1.130         16.500      15.370     SLICE_X58Y62   dbg_hub/inst/BSCANID.u_xsdbm_id/CORE_XSDB.UUT_MASTER/U_ICON_INTERFACE/U_CMD6_WR/U_WR_FIFO/SUBCORE_FIFO.xsdbm_v3_0_0_wrfifo_inst/inst_fifo_gen/gconvfifo.rf/grf.rf/gntv_or_sync_fifo.mem/gdm.dm_gen.dm/RAM_reg_0_15_12_15/RAMD/CLK
Low Pulse Width   Fast    RAMS32/CLK  n/a            1.130         16.500      15.370     SLICE_X58Y62   dbg_hub/inst/BSCANID.u_xsdbm_id/CORE_XSDB.UUT_MASTER/U_ICON_INTERFACE/U_CMD6_WR/U_WR_FIFO/SUBCORE_FIFO.xsdbm_v3_0_0_wrfifo_inst/inst_fifo_gen/gconvfifo.rf/grf.rf/gntv_or_sync_fifo.mem/gdm.dm_gen.dm/RAM_reg_0_15_12_15/RAMD_D1/CLK
Low Pulse Width   Slow    RAMD32/CLK  n/a            1.130         16.500      15.370     SLICE_X58Y62   dbg_hub/inst/BSCANID.u_xsdbm_id/CORE_XSDB.UUT_MASTER/U_ICON_INTERFACE/U_CMD6_WR/U_WR_FIFO/SUBCORE_FIFO.xsdbm_v3_0_0_wrfifo_inst/inst_fifo_gen/gconvfifo.rf/grf.rf/gntv_or_sync_fifo.mem/gdm.dm_gen.dm/RAM_reg_0_15_12_15/RAMA/CLK
Low Pulse Width   Slow    RAMD32/CLK  n/a            1.130         16.500      15.370     SLICE_X58Y62   dbg_hub/inst/BSCANID.u_xsdbm_id/CORE_XSDB.UUT_MASTER/U_ICON_INTERFACE/U_CMD6_WR/U_WR_FIFO/SUBCORE_FIFO.xsdbm_v3_0_0_wrfifo_inst/inst_fifo_gen/gconvfifo.rf/grf.rf/gntv_or_sync_fifo.mem/gdm.dm_gen.dm/RAM_reg_0_15_12_15/RAMA_D1/CLK
High Pulse Width  Slow    RAMD32/CLK  n/a            1.130         16.500      15.370     SLICE_X62Y61   dbg_hub/inst/BSCANID.u_xsdbm_id/CORE_XSDB.UUT_MASTER/U_ICON_INTERFACE/U_CMD6_WR/U_WR_FIFO/SUBCORE_FIFO.xsdbm_v3_0_0_wrfifo_inst/inst_fifo_gen/gconvfifo.rf/grf.rf/gntv_or_sync_fifo.mem/gdm.dm_gen.dm/RAM_reg_0_15_0_5/RAMA/CLK
High Pulse Width  Slow    RAMD32/CLK  n/a            1.130         16.500      15.370     SLICE_X62Y61   dbg_hub/inst/BSCANID.u_xsdbm_id/CORE_XSDB.UUT_MASTER/U_ICON_INTERFACE/U_CMD6_WR/U_WR_FIFO/SUBCORE_FIFO.xsdbm_v3_0_0_wrfifo_inst/inst_fifo_gen/gconvfifo.rf/grf.rf/gntv_or_sync_fifo.mem/gdm.dm_gen.dm/RAM_reg_0_15_0_5/RAMA_D1/CLK
High Pulse Width  Slow    RAMD32/CLK  n/a            1.130         16.500      15.370     SLICE_X62Y61   dbg_hub/inst/BSCANID.u_xsdbm_id/CORE_XSDB.UUT_MASTER/U_ICON_INTERFACE/U_CMD6_WR/U_WR_FIFO/SUBCORE_FIFO.xsdbm_v3_0_0_wrfifo_inst/inst_fifo_gen/gconvfifo.rf/grf.rf/gntv_or_sync_fifo.mem/gdm.dm_gen.dm/RAM_reg_0_15_0_5/RAMB/CLK
High Pulse Width  Slow    RAMD32/CLK  n/a            1.130         16.500      15.370     SLICE_X62Y61   dbg_hub/inst/BSCANID.u_xsdbm_id/CORE_XSDB.UUT_MASTER/U_ICON_INTERFACE/U_CMD6_WR/U_WR_FIFO/SUBCORE_FIFO.xsdbm_v3_0_0_wrfifo_inst/inst_fifo_gen/gconvfifo.rf/grf.rf/gntv_or_sync_fifo.mem/gdm.dm_gen.dm/RAM_reg_0_15_0_5/RAMB_D1/CLK
High Pulse Width  Slow    RAMD32/CLK  n/a            1.130         16.500      15.370     SLICE_X62Y61   dbg_hub/inst/BSCANID.u_xsdbm_id/CORE_XSDB.UUT_MASTER/U_ICON_INTERFACE/U_CMD6_WR/U_WR_FIFO/SUBCORE_FIFO.xsdbm_v3_0_0_wrfifo_inst/inst_fifo_gen/gconvfifo.rf/grf.rf/gntv_or_sync_fifo.mem/gdm.dm_gen.dm/RAM_reg_0_15_0_5/RAMC/CLK
High Pulse Width  Slow    RAMD32/CLK  n/a            1.130         16.500      15.370     SLICE_X62Y61   dbg_hub/inst/BSCANID.u_xsdbm_id/CORE_XSDB.UUT_MASTER/U_ICON_INTERFACE/U_CMD6_WR/U_WR_FIFO/SUBCORE_FIFO.xsdbm_v3_0_0_wrfifo_inst/inst_fifo_gen/gconvfifo.rf/grf.rf/gntv_or_sync_fifo.mem/gdm.dm_gen.dm/RAM_reg_0_15_0_5/RAMC_D1/CLK
High Pulse Width  Slow    RAMS32/CLK  n/a            1.130         16.500      15.370     SLICE_X62Y61   dbg_hub/inst/BSCANID.u_xsdbm_id/CORE_XSDB.UUT_MASTER/U_ICON_INTERFACE/U_CMD6_WR/U_WR_FIFO/SUBCORE_FIFO.xsdbm_v3_0_0_wrfifo_inst/inst_fifo_gen/gconvfifo.rf/grf.rf/gntv_or_sync_fifo.mem/gdm.dm_gen.dm/RAM_reg_0_15_0_5/RAMD/CLK
High Pulse Width  Slow    RAMS32/CLK  n/a            1.130         16.500      15.370     SLICE_X62Y61   dbg_hub/inst/BSCANID.u_xsdbm_id/CORE_XSDB.UUT_MASTER/U_ICON_INTERFACE/U_CMD6_WR/U_WR_FIFO/SUBCORE_FIFO.xsdbm_v3_0_0_wrfifo_inst/inst_fifo_gen/gconvfifo.rf/grf.rf/gntv_or_sync_fifo.mem/gdm.dm_gen.dm/RAM_reg_0_15_0_5/RAMD_D1/CLK
High Pulse Width  Slow    RAMD32/CLK  n/a            1.130         16.500      15.370     SLICE_X58Y62   dbg_hub/inst/BSCANID.u_xsdbm_id/CORE_XSDB.UUT_MASTER/U_ICON_INTERFACE/U_CMD6_WR/U_WR_FIFO/SUBCORE_FIFO.xsdbm_v3_0_0_wrfifo_inst/inst_fifo_gen/gconvfifo.rf/grf.rf/gntv_or_sync_fifo.mem/gdm.dm_gen.dm/RAM_reg_0_15_12_15/RAMA/CLK
High Pulse Width  Slow    RAMD32/CLK  n/a            1.130         16.500      15.370     SLICE_X58Y62   dbg_hub/inst/BSCANID.u_xsdbm_id/CORE_XSDB.UUT_MASTER/U_ICON_INTERFACE/U_CMD6_WR/U_WR_FIFO/SUBCORE_FIFO.xsdbm_v3_0_0_wrfifo_inst/inst_fifo_gen/gconvfifo.rf/grf.rf/gntv_or_sync_fifo.mem/gdm.dm_gen.dm/RAM_reg_0_15_12_15/RAMA_D1/CLK



---------------------------------------------------------------------------------------------------
From Clock:  sys_clk
  To Clock:  sys_clk

Setup :            0  Failing Endpoints,  Worst Slack        2.514ns,  Total Violation        0.000ns
Hold  :            0  Failing Endpoints,  Worst Slack        0.050ns,  Total Violation        0.000ns
PW    :            0  Failing Endpoints,  Worst Slack        7.000ns,  Total Violation        0.000ns
---------------------------------------------------------------------------------------------------


Max Delay Paths
--------------------------------------------------------------------------------------
Slack (MET) :             2.514ns  (required time - arrival time)
  Source:                 u_FIFO_to_FFT/u_peak_find/cur_second_harmonic_power_reg[2]/C
                            (rising edge-triggered cell FDCE clocked by sys_clk  {rise@0.000ns fall@10.000ns period=20.000ns})
  Destination:            u_FIFO_to_FFT/u_peak_find/second_harmonic_scaled_reg[11]/D
                            (rising edge-triggered cell FDCE clocked by sys_clk  {rise@0.000ns fall@10.000ns period=20.000ns})
  Path Group:             sys_clk
  Path Type:              Setup (Max at Slow Process Corner)
  Requirement:            20.000ns  (sys_clk rise@20.000ns - sys_clk rise@0.000ns)
  Data Path Delay:        17.491ns  (logic 7.676ns (43.884%)  route 9.815ns (56.116%))
  Logic Levels:           30  (CARRY4=16 LUT2=2 LUT3=5 LUT4=3 LUT5=3 LUT6=1)
  Clock Path Skew:        0.011ns (DCD - SCD + CPR)
    Destination Clock Delay (DCD):    4.545ns = ( 24.545 - 20.000 ) 
    Source Clock Delay      (SCD):    4.791ns
    Clock Pessimism Removal (CPR):    0.258ns
  Clock Uncertainty:      0.035ns  ((TSJ^2 + TIJ^2)^1/2 + DJ) / 2 + PE
    Total System Jitter     (TSJ):    0.071ns
    Total Input Jitter      (TIJ):    0.000ns
    Discrete Jitter          (DJ):    0.000ns
    Phase Error              (PE):    0.000ns

    Location             Delay type                Incr(ns)  Path(ns)    Netlist Resource(s)
  -------------------------------------------------------------------    -------------------
                         (clock sys_clk rise edge)    0.000     0.000 r  
    N18                                               0.000     0.000 r  sys_clk (IN)
                         net (fo=0)                   0.000     0.000    sys_clk
    N18                  IBUF (Prop_ibuf_I_O)         1.392     1.392 r  sys_clk_IBUF_inst/O
                         net (fo=1, routed)           1.873     3.265    sys_clk_IBUF
    BUFGCTRL_X0Y16       BUFG (Prop_bufg_I_O)         0.085     3.350 r  sys_clk_IBUF_BUFG_inst/O
                         net (fo=2986, routed)        1.441     4.791    u_FIFO_to_FFT/u_peak_find/clk
    SLICE_X58Y96         FDCE                                         r  u_FIFO_to_FFT/u_peak_find/cur_second_harmonic_power_reg[2]/C
  -------------------------------------------------------------------    -------------------
    SLICE_X58Y96         FDCE (Prop_fdce_C_Q)         0.433     5.224 r  u_FIFO_to_FFT/u_peak_find/cur_second_harmonic_power_reg[2]/Q
                         net (fo=15, routed)          0.856     6.080    u_FIFO_to_FFT/u_peak_find/cur_second_harmonic_power[2]
    SLICE_X62Y100        LUT2 (Prop_lut2_I0_O)        0.105     6.185 r  u_FIFO_to_FFT/u_peak_find/second_harmonic_scaled[5]_i_54/O
                         net (fo=1, routed)           0.000     6.185    u_FIFO_to_FFT/u_peak_find/second_harmonic_scaled[5]_i_54_n_0
    SLICE_X62Y100        CARRY4 (Prop_carry4_S[1]_CO[3])
                                                      0.444     6.629 r  u_FIFO_to_FFT/u_peak_find/second_harmonic_scaled_reg[5]_i_45/CO[3]
                         net (fo=1, routed)           0.000     6.629    u_FIFO_to_FFT/u_peak_find/second_harmonic_scaled_reg[5]_i_45_n_0
    SLICE_X62Y101        CARRY4 (Prop_carry4_CI_CO[3])
                                                      0.100     6.729 r  u_FIFO_to_FFT/u_peak_find/second_harmonic_scaled_reg[9]_i_37/CO[3]
                         net (fo=1, routed)           0.000     6.729    u_FIFO_to_FFT/u_peak_find/second_harmonic_scaled_reg[9]_i_37_n_0
    SLICE_X62Y102        CARRY4 (Prop_carry4_CI_O[3])
                                                      0.262     6.991 r  u_FIFO_to_FFT/u_peak_find/second_harmonic_scaled_reg[13]_i_32/O[3]
                         net (fo=3, routed)           0.601     7.592    u_FIFO_to_FFT/u_peak_find/second_harmonic_scaled_reg[13]_i_32_n_4
    SLICE_X64Y102        LUT3 (Prop_lut3_I2_O)        0.250     7.842 f  u_FIFO_to_FFT/u_peak_find/second_harmonic_scaled[13]_i_34/O
                         net (fo=2, routed)           0.635     8.478    u_FIFO_to_FFT/u_peak_find/second_harmonic_scaled[13]_i_34_n_0
    SLICE_X56Y102        LUT5 (Prop_lut5_I3_O)        0.105     8.583 r  u_FIFO_to_FFT/u_peak_find/second_harmonic_scaled[13]_i_24/O
                         net (fo=2, routed)           0.328     8.911    u_FIFO_to_FFT/u_peak_find/second_harmonic_scaled[13]_i_24_n_0
    SLICE_X59Y103        LUT6 (Prop_lut6_I0_O)        0.105     9.016 r  u_FIFO_to_FFT/u_peak_find/second_harmonic_scaled[13]_i_28/O
                         net (fo=1, routed)           0.000     9.016    u_FIFO_to_FFT/u_peak_find/second_harmonic_scaled[13]_i_28_n_0
    SLICE_X59Y103        CARRY4 (Prop_carry4_S[0]_CO[3])
                                                      0.440     9.456 r  u_FIFO_to_FFT/u_peak_find/second_harmonic_scaled_reg[13]_i_12/CO[3]
                         net (fo=1, routed)           0.000     9.456    u_FIFO_to_FFT/u_peak_find/second_harmonic_scaled_reg[13]_i_12_n_0
    SLICE_X59Y104        CARRY4 (Prop_carry4_CI_CO[3])
                                                      0.098     9.554 r  u_FIFO_to_FFT/u_peak_find/second_harmonic_scaled_reg[20]_i_47/CO[3]
                         net (fo=1, routed)           0.000     9.554    u_FIFO_to_FFT/u_peak_find/second_harmonic_scaled_reg[20]_i_47_n_0
    SLICE_X59Y105        CARRY4 (Prop_carry4_CI_O[3])
                                                      0.260     9.814 r  u_FIFO_to_FFT/u_peak_find/second_harmonic_scaled_reg[20]_i_24/O[3]
                         net (fo=24, routed)          0.918    10.732    u_FIFO_to_FFT/u_peak_find/second_harmonic_scaled1[30]
    SLICE_X64Y100        LUT3 (Prop_lut3_I0_O)        0.267    10.999 r  u_FIFO_to_FFT/u_peak_find/second_harmonic_scaled[5]_i_36/O
                         net (fo=2, routed)           0.732    11.732    u_FIFO_to_FFT/u_peak_find/second_harmonic_scaled[5]_i_36_n_0
    SLICE_X64Y100        LUT4 (Prop_lut4_I0_O)        0.267    11.999 r  u_FIFO_to_FFT/u_peak_find/second_harmonic_scaled[5]_i_40/O
                         net (fo=1, routed)           0.000    11.999    u_FIFO_to_FFT/u_peak_find/second_harmonic_scaled[5]_i_40_n_0
    SLICE_X64Y100        CARRY4 (Prop_carry4_S[1]_CO[3])
                                                      0.457    12.456 r  u_FIFO_to_FFT/u_peak_find/second_harmonic_scaled_reg[5]_i_15/CO[3]
                         net (fo=1, routed)           0.000    12.456    u_FIFO_to_FFT/u_peak_find/second_harmonic_scaled_reg[5]_i_15_n_0
    SLICE_X64Y101        CARRY4 (Prop_carry4_CI_CO[3])
                                                      0.098    12.554 r  u_FIFO_to_FFT/u_peak_find/second_harmonic_scaled_reg[20]_i_37/CO[3]
                         net (fo=37, routed)          0.788    13.342    u_FIFO_to_FFT/u_peak_find/second_harmonic_scaled_reg[20]_i_37_n_0
    SLICE_X66Y102        LUT3 (Prop_lut3_I1_O)        0.105    13.447 f  u_FIFO_to_FFT/u_peak_find/second_harmonic_scaled[9]_i_13/O
                         net (fo=2, routed)           0.386    13.833    u_FIFO_to_FFT/u_peak_find/second_harmonic_scaled[9]_i_13_n_0
    SLICE_X66Y102        LUT5 (Prop_lut5_I3_O)        0.105    13.938 r  u_FIFO_to_FFT/u_peak_find/second_harmonic_scaled[9]_i_6/O
                         net (fo=2, routed)           0.528    14.466    u_FIFO_to_FFT/u_peak_find/second_harmonic_scaled[9]_i_6_n_0
    SLICE_X65Y102        CARRY4 (Prop_carry4_DI[0]_CO[3])
                                                      0.436    14.902 r  u_FIFO_to_FFT/u_peak_find/second_harmonic_scaled_reg[9]_i_2/CO[3]
                         net (fo=1, routed)           0.000    14.902    u_FIFO_to_FFT/u_peak_find/second_harmonic_scaled_reg[9]_i_2_n_0
    SLICE_X65Y103        CARRY4 (Prop_carry4_CI_CO[3])
                                                      0.098    15.000 r  u_FIFO_to_FFT/u_peak_find/second_harmonic_scaled_reg[13]_i_2/CO[3]
                         net (fo=1, routed)           0.000    15.000    u_FIFO_to_FFT/u_peak_find/second_harmonic_scaled_reg[13]_i_2_n_0
    SLICE_X65Y104        CARRY4 (Prop_carry4_CI_O[3])
                                                      0.260    15.260 f  u_FIFO_to_FFT/u_peak_find/second_harmonic_scaled_reg[17]_i_2/O[3]
                         net (fo=15, routed)          0.823    16.083    u_FIFO_to_FFT/u_peak_find/second_harmonic_scaled_reg[17]_i_2_n_4
    SLICE_X61Y105        LUT3 (Prop_lut3_I0_O)        0.267    16.350 r  u_FIFO_to_FFT/u_peak_find/second_harmonic_scaled[20]_i_159/O
                         net (fo=2, routed)           0.697    17.046    u_FIFO_to_FFT/u_peak_find/second_harmonic_scaled[20]_i_159_n_0
    SLICE_X61Y105        LUT4 (Prop_lut4_I0_O)        0.275    17.321 r  u_FIFO_to_FFT/u_peak_find/second_harmonic_scaled[20]_i_163/O
                         net (fo=1, routed)           0.000    17.321    u_FIFO_to_FFT/u_peak_find/second_harmonic_scaled[20]_i_163_n_0
    SLICE_X61Y105        CARRY4 (Prop_carry4_S[2]_CO[3])
                                                      0.332    17.653 r  u_FIFO_to_FFT/u_peak_find/second_harmonic_scaled_reg[20]_i_117/CO[3]
                         net (fo=1, routed)           0.000    17.653    u_FIFO_to_FFT/u_peak_find/second_harmonic_scaled_reg[20]_i_117_n_0
    SLICE_X61Y106        CARRY4 (Prop_carry4_CI_O[0])
                                                      0.180    17.833 r  u_FIFO_to_FFT/u_peak_find/second_harmonic_scaled_reg[20]_i_69/O[0]
                         net (fo=2, routed)           0.461    18.294    u_FIFO_to_FFT/u_peak_find/second_harmonic_scaled_reg[20]_i_69_n_7
    SLICE_X60Y105        LUT3 (Prop_lut3_I1_O)        0.272    18.566 r  u_FIFO_to_FFT/u_peak_find/second_harmonic_scaled[20]_i_61/O
                         net (fo=2, routed)           0.568    19.134    u_FIFO_to_FFT/u_peak_find/second_harmonic_scaled[20]_i_61_n_0
    SLICE_X60Y105        LUT4 (Prop_lut4_I3_O)        0.268    19.402 r  u_FIFO_to_FFT/u_peak_find/second_harmonic_scaled[20]_i_65/O
                         net (fo=1, routed)           0.000    19.402    u_FIFO_to_FFT/u_peak_find/second_harmonic_scaled[20]_i_65_n_0
    SLICE_X60Y105        CARRY4 (Prop_carry4_S[3]_CO[3])
                                                      0.332    19.734 r  u_FIFO_to_FFT/u_peak_find/second_harmonic_scaled_reg[20]_i_26/CO[3]
                         net (fo=1, routed)           0.000    19.734    u_FIFO_to_FFT/u_peak_find/second_harmonic_scaled_reg[20]_i_26_n_0
    SLICE_X60Y106        CARRY4 (Prop_carry4_CI_O[1])
                                                      0.265    19.999 r  u_FIFO_to_FFT/u_peak_find/second_harmonic_scaled_reg[20]_i_7/O[1]
                         net (fo=3, routed)           0.838    20.837    u_FIFO_to_FFT/u_peak_find/second_harmonic_scaled_reg[20]_i_7_n_6
    SLICE_X57Y102        LUT2 (Prop_lut2_I0_O)        0.266    21.103 r  u_FIFO_to_FFT/u_peak_find/second_harmonic_scaled[20]_i_18/O
                         net (fo=1, routed)           0.000    21.103    u_FIFO_to_FFT/u_peak_find/second_harmonic_scaled[20]_i_18_n_0
    SLICE_X57Y102        CARRY4 (Prop_carry4_DI[2]_CO[2])
                                                      0.263    21.366 r  u_FIFO_to_FFT/u_peak_find/second_harmonic_scaled_reg[20]_i_5/CO[2]
                         net (fo=21, routed)          0.656    22.022    u_FIFO_to_FFT/u_peak_find/second_harmonic_scaled_reg[20]_i_5_n_1
    SLICE_X56Y107        LUT5 (Prop_lut5_I1_O)        0.261    22.283 r  u_FIFO_to_FFT/u_peak_find/second_harmonic_scaled[11]_i_1/O
                         net (fo=1, routed)           0.000    22.283    u_FIFO_to_FFT/u_peak_find/second_harmonic_scaled[11]_i_1_n_0
    SLICE_X56Y107        FDCE                                         r  u_FIFO_to_FFT/u_peak_find/second_harmonic_scaled_reg[11]/D
  -------------------------------------------------------------------    -------------------

                         (clock sys_clk rise edge)   20.000    20.000 r  
    N18                                               0.000    20.000 r  sys_clk (IN)
                         net (fo=0)                   0.000    20.000    sys_clk
    N18                  IBUF (Prop_ibuf_I_O)         1.327    21.327 r  sys_clk_IBUF_inst/O
                         net (fo=1, routed)           1.701    23.028    sys_clk_IBUF
    BUFGCTRL_X0Y16       BUFG (Prop_bufg_I_O)         0.077    23.105 r  sys_clk_IBUF_BUFG_inst/O
                         net (fo=2986, routed)        1.440    24.545    u_FIFO_to_FFT/u_peak_find/clk
    SLICE_X56Y107        FDCE                                         r  u_FIFO_to_FFT/u_peak_find/second_harmonic_scaled_reg[11]/C
                         clock pessimism              0.258    24.802    
                         clock uncertainty           -0.035    24.767    
    SLICE_X56Y107        FDCE (Setup_fdce_C_D)        0.030    24.797    u_FIFO_to_FFT/u_peak_find/second_harmonic_scaled_reg[11]
  -------------------------------------------------------------------
                         required time                         24.797    
                         arrival time                         -22.283    
  -------------------------------------------------------------------
                         slack                                  2.514    

Slack (MET) :             2.518ns  (required time - arrival time)
  Source:                 u_FIFO_to_FFT/u_peak_find/cur_second_harmonic_power_reg[2]/C
                            (rising edge-triggered cell FDCE clocked by sys_clk  {rise@0.000ns fall@10.000ns period=20.000ns})
  Destination:            u_FIFO_to_FFT/u_peak_find/second_harmonic_scaled_reg[16]/D
                            (rising edge-triggered cell FDCE clocked by sys_clk  {rise@0.000ns fall@10.000ns period=20.000ns})
  Path Group:             sys_clk
  Path Type:              Setup (Max at Slow Process Corner)
  Requirement:            20.000ns  (sys_clk rise@20.000ns - sys_clk rise@0.000ns)
  Data Path Delay:        17.490ns  (logic 7.676ns (43.889%)  route 9.814ns (56.111%))
  Logic Levels:           30  (CARRY4=16 LUT2=2 LUT3=5 LUT4=3 LUT5=3 LUT6=1)
  Clock Path Skew:        0.011ns (DCD - SCD + CPR)
    Destination Clock Delay (DCD):    4.545ns = ( 24.545 - 20.000 ) 
    Source Clock Delay      (SCD):    4.791ns
    Clock Pessimism Removal (CPR):    0.258ns
  Clock Uncertainty:      0.035ns  ((TSJ^2 + TIJ^2)^1/2 + DJ) / 2 + PE
    Total System Jitter     (TSJ):    0.071ns
    Total Input Jitter      (TIJ):    0.000ns
    Discrete Jitter          (DJ):    0.000ns
    Phase Error              (PE):    0.000ns

    Location             Delay type                Incr(ns)  Path(ns)    Netlist Resource(s)
  -------------------------------------------------------------------    -------------------
                         (clock sys_clk rise edge)    0.000     0.000 r  
    N18                                               0.000     0.000 r  sys_clk (IN)
                         net (fo=0)                   0.000     0.000    sys_clk
    N18                  IBUF (Prop_ibuf_I_O)         1.392     1.392 r  sys_clk_IBUF_inst/O
                         net (fo=1, routed)           1.873     3.265    sys_clk_IBUF
    BUFGCTRL_X0Y16       BUFG (Prop_bufg_I_O)         0.085     3.350 r  sys_clk_IBUF_BUFG_inst/O
                         net (fo=2986, routed)        1.441     4.791    u_FIFO_to_FFT/u_peak_find/clk
    SLICE_X58Y96         FDCE                                         r  u_FIFO_to_FFT/u_peak_find/cur_second_harmonic_power_reg[2]/C
  -------------------------------------------------------------------    -------------------
    SLICE_X58Y96         FDCE (Prop_fdce_C_Q)         0.433     5.224 r  u_FIFO_to_FFT/u_peak_find/cur_second_harmonic_power_reg[2]/Q
                         net (fo=15, routed)          0.856     6.080    u_FIFO_to_FFT/u_peak_find/cur_second_harmonic_power[2]
    SLICE_X62Y100        LUT2 (Prop_lut2_I0_O)        0.105     6.185 r  u_FIFO_to_FFT/u_peak_find/second_harmonic_scaled[5]_i_54/O
                         net (fo=1, routed)           0.000     6.185    u_FIFO_to_FFT/u_peak_find/second_harmonic_scaled[5]_i_54_n_0
    SLICE_X62Y100        CARRY4 (Prop_carry4_S[1]_CO[3])
                                                      0.444     6.629 r  u_FIFO_to_FFT/u_peak_find/second_harmonic_scaled_reg[5]_i_45/CO[3]
                         net (fo=1, routed)           0.000     6.629    u_FIFO_to_FFT/u_peak_find/second_harmonic_scaled_reg[5]_i_45_n_0
    SLICE_X62Y101        CARRY4 (Prop_carry4_CI_CO[3])
                                                      0.100     6.729 r  u_FIFO_to_FFT/u_peak_find/second_harmonic_scaled_reg[9]_i_37/CO[3]
                         net (fo=1, routed)           0.000     6.729    u_FIFO_to_FFT/u_peak_find/second_harmonic_scaled_reg[9]_i_37_n_0
    SLICE_X62Y102        CARRY4 (Prop_carry4_CI_O[3])
                                                      0.262     6.991 r  u_FIFO_to_FFT/u_peak_find/second_harmonic_scaled_reg[13]_i_32/O[3]
                         net (fo=3, routed)           0.601     7.592    u_FIFO_to_FFT/u_peak_find/second_harmonic_scaled_reg[13]_i_32_n_4
    SLICE_X64Y102        LUT3 (Prop_lut3_I2_O)        0.250     7.842 f  u_FIFO_to_FFT/u_peak_find/second_harmonic_scaled[13]_i_34/O
                         net (fo=2, routed)           0.635     8.478    u_FIFO_to_FFT/u_peak_find/second_harmonic_scaled[13]_i_34_n_0
    SLICE_X56Y102        LUT5 (Prop_lut5_I3_O)        0.105     8.583 r  u_FIFO_to_FFT/u_peak_find/second_harmonic_scaled[13]_i_24/O
                         net (fo=2, routed)           0.328     8.911    u_FIFO_to_FFT/u_peak_find/second_harmonic_scaled[13]_i_24_n_0
    SLICE_X59Y103        LUT6 (Prop_lut6_I0_O)        0.105     9.016 r  u_FIFO_to_FFT/u_peak_find/second_harmonic_scaled[13]_i_28/O
                         net (fo=1, routed)           0.000     9.016    u_FIFO_to_FFT/u_peak_find/second_harmonic_scaled[13]_i_28_n_0
    SLICE_X59Y103        CARRY4 (Prop_carry4_S[0]_CO[3])
                                                      0.440     9.456 r  u_FIFO_to_FFT/u_peak_find/second_harmonic_scaled_reg[13]_i_12/CO[3]
                         net (fo=1, routed)           0.000     9.456    u_FIFO_to_FFT/u_peak_find/second_harmonic_scaled_reg[13]_i_12_n_0
    SLICE_X59Y104        CARRY4 (Prop_carry4_CI_CO[3])
                                                      0.098     9.554 r  u_FIFO_to_FFT/u_peak_find/second_harmonic_scaled_reg[20]_i_47/CO[3]
                         net (fo=1, routed)           0.000     9.554    u_FIFO_to_FFT/u_peak_find/second_harmonic_scaled_reg[20]_i_47_n_0
    SLICE_X59Y105        CARRY4 (Prop_carry4_CI_O[3])
                                                      0.260     9.814 r  u_FIFO_to_FFT/u_peak_find/second_harmonic_scaled_reg[20]_i_24/O[3]
                         net (fo=24, routed)          0.918    10.732    u_FIFO_to_FFT/u_peak_find/second_harmonic_scaled1[30]
    SLICE_X64Y100        LUT3 (Prop_lut3_I0_O)        0.267    10.999 r  u_FIFO_to_FFT/u_peak_find/second_harmonic_scaled[5]_i_36/O
                         net (fo=2, routed)           0.732    11.732    u_FIFO_to_FFT/u_peak_find/second_harmonic_scaled[5]_i_36_n_0
    SLICE_X64Y100        LUT4 (Prop_lut4_I0_O)        0.267    11.999 r  u_FIFO_to_FFT/u_peak_find/second_harmonic_scaled[5]_i_40/O
                         net (fo=1, routed)           0.000    11.999    u_FIFO_to_FFT/u_peak_find/second_harmonic_scaled[5]_i_40_n_0
    SLICE_X64Y100        CARRY4 (Prop_carry4_S[1]_CO[3])
                                                      0.457    12.456 r  u_FIFO_to_FFT/u_peak_find/second_harmonic_scaled_reg[5]_i_15/CO[3]
                         net (fo=1, routed)           0.000    12.456    u_FIFO_to_FFT/u_peak_find/second_harmonic_scaled_reg[5]_i_15_n_0
    SLICE_X64Y101        CARRY4 (Prop_carry4_CI_CO[3])
                                                      0.098    12.554 r  u_FIFO_to_FFT/u_peak_find/second_harmonic_scaled_reg[20]_i_37/CO[3]
                         net (fo=37, routed)          0.788    13.342    u_FIFO_to_FFT/u_peak_find/second_harmonic_scaled_reg[20]_i_37_n_0
    SLICE_X66Y102        LUT3 (Prop_lut3_I1_O)        0.105    13.447 f  u_FIFO_to_FFT/u_peak_find/second_harmonic_scaled[9]_i_13/O
                         net (fo=2, routed)           0.386    13.833    u_FIFO_to_FFT/u_peak_find/second_harmonic_scaled[9]_i_13_n_0
    SLICE_X66Y102        LUT5 (Prop_lut5_I3_O)        0.105    13.938 r  u_FIFO_to_FFT/u_peak_find/second_harmonic_scaled[9]_i_6/O
                         net (fo=2, routed)           0.528    14.466    u_FIFO_to_FFT/u_peak_find/second_harmonic_scaled[9]_i_6_n_0
    SLICE_X65Y102        CARRY4 (Prop_carry4_DI[0]_CO[3])
                                                      0.436    14.902 r  u_FIFO_to_FFT/u_peak_find/second_harmonic_scaled_reg[9]_i_2/CO[3]
                         net (fo=1, routed)           0.000    14.902    u_FIFO_to_FFT/u_peak_find/second_harmonic_scaled_reg[9]_i_2_n_0
    SLICE_X65Y103        CARRY4 (Prop_carry4_CI_CO[3])
                                                      0.098    15.000 r  u_FIFO_to_FFT/u_peak_find/second_harmonic_scaled_reg[13]_i_2/CO[3]
                         net (fo=1, routed)           0.000    15.000    u_FIFO_to_FFT/u_peak_find/second_harmonic_scaled_reg[13]_i_2_n_0
    SLICE_X65Y104        CARRY4 (Prop_carry4_CI_O[3])
                                                      0.260    15.260 f  u_FIFO_to_FFT/u_peak_find/second_harmonic_scaled_reg[17]_i_2/O[3]
                         net (fo=15, routed)          0.823    16.083    u_FIFO_to_FFT/u_peak_find/second_harmonic_scaled_reg[17]_i_2_n_4
    SLICE_X61Y105        LUT3 (Prop_lut3_I0_O)        0.267    16.350 r  u_FIFO_to_FFT/u_peak_find/second_harmonic_scaled[20]_i_159/O
                         net (fo=2, routed)           0.697    17.046    u_FIFO_to_FFT/u_peak_find/second_harmonic_scaled[20]_i_159_n_0
    SLICE_X61Y105        LUT4 (Prop_lut4_I0_O)        0.275    17.321 r  u_FIFO_to_FFT/u_peak_find/second_harmonic_scaled[20]_i_163/O
                         net (fo=1, routed)           0.000    17.321    u_FIFO_to_FFT/u_peak_find/second_harmonic_scaled[20]_i_163_n_0
    SLICE_X61Y105        CARRY4 (Prop_carry4_S[2]_CO[3])
                                                      0.332    17.653 r  u_FIFO_to_FFT/u_peak_find/second_harmonic_scaled_reg[20]_i_117/CO[3]
                         net (fo=1, routed)           0.000    17.653    u_FIFO_to_FFT/u_peak_find/second_harmonic_scaled_reg[20]_i_117_n_0
    SLICE_X61Y106        CARRY4 (Prop_carry4_CI_O[0])
                                                      0.180    17.833 r  u_FIFO_to_FFT/u_peak_find/second_harmonic_scaled_reg[20]_i_69/O[0]
                         net (fo=2, routed)           0.461    18.294    u_FIFO_to_FFT/u_peak_find/second_harmonic_scaled_reg[20]_i_69_n_7
    SLICE_X60Y105        LUT3 (Prop_lut3_I1_O)        0.272    18.566 r  u_FIFO_to_FFT/u_peak_find/second_harmonic_scaled[20]_i_61/O
                         net (fo=2, routed)           0.568    19.134    u_FIFO_to_FFT/u_peak_find/second_harmonic_scaled[20]_i_61_n_0
    SLICE_X60Y105        LUT4 (Prop_lut4_I3_O)        0.268    19.402 r  u_FIFO_to_FFT/u_peak_find/second_harmonic_scaled[20]_i_65/O
                         net (fo=1, routed)           0.000    19.402    u_FIFO_to_FFT/u_peak_find/second_harmonic_scaled[20]_i_65_n_0
    SLICE_X60Y105        CARRY4 (Prop_carry4_S[3]_CO[3])
                                                      0.332    19.734 r  u_FIFO_to_FFT/u_peak_find/second_harmonic_scaled_reg[20]_i_26/CO[3]
                         net (fo=1, routed)           0.000    19.734    u_FIFO_to_FFT/u_peak_find/second_harmonic_scaled_reg[20]_i_26_n_0
    SLICE_X60Y106        CARRY4 (Prop_carry4_CI_O[1])
                                                      0.265    19.999 r  u_FIFO_to_FFT/u_peak_find/second_harmonic_scaled_reg[20]_i_7/O[1]
                         net (fo=3, routed)           0.838    20.837    u_FIFO_to_FFT/u_peak_find/second_harmonic_scaled_reg[20]_i_7_n_6
    SLICE_X57Y102        LUT2 (Prop_lut2_I0_O)        0.266    21.103 r  u_FIFO_to_FFT/u_peak_find/second_harmonic_scaled[20]_i_18/O
                         net (fo=1, routed)           0.000    21.103    u_FIFO_to_FFT/u_peak_find/second_harmonic_scaled[20]_i_18_n_0
    SLICE_X57Y102        CARRY4 (Prop_carry4_DI[2]_CO[2])
                                                      0.263    21.366 r  u_FIFO_to_FFT/u_peak_find/second_harmonic_scaled_reg[20]_i_5/CO[2]
                         net (fo=21, routed)          0.654    22.020    u_FIFO_to_FFT/u_peak_find/second_harmonic_scaled_reg[20]_i_5_n_1
    SLICE_X56Y107        LUT5 (Prop_lut5_I1_O)        0.261    22.281 r  u_FIFO_to_FFT/u_peak_find/second_harmonic_scaled[16]_i_1/O
                         net (fo=1, routed)           0.000    22.281    u_FIFO_to_FFT/u_peak_find/second_harmonic_scaled[16]_i_1_n_0
    SLICE_X56Y107        FDCE                                         r  u_FIFO_to_FFT/u_peak_find/second_harmonic_scaled_reg[16]/D
  -------------------------------------------------------------------    -------------------

                         (clock sys_clk rise edge)   20.000    20.000 r  
    N18                                               0.000    20.000 r  sys_clk (IN)
                         net (fo=0)                   0.000    20.000    sys_clk
    N18                  IBUF (Prop_ibuf_I_O)         1.327    21.327 r  sys_clk_IBUF_inst/O
                         net (fo=1, routed)           1.701    23.028    sys_clk_IBUF
    BUFGCTRL_X0Y16       BUFG (Prop_bufg_I_O)         0.077    23.105 r  sys_clk_IBUF_BUFG_inst/O
                         net (fo=2986, routed)        1.440    24.545    u_FIFO_to_FFT/u_peak_find/clk
    SLICE_X56Y107        FDCE                                         r  u_FIFO_to_FFT/u_peak_find/second_harmonic_scaled_reg[16]/C
                         clock pessimism              0.258    24.802    
                         clock uncertainty           -0.035    24.767    
    SLICE_X56Y107        FDCE (Setup_fdce_C_D)        0.032    24.799    u_FIFO_to_FFT/u_peak_find/second_harmonic_scaled_reg[16]
  -------------------------------------------------------------------
                         required time                         24.799    
                         arrival time                         -22.281    
  -------------------------------------------------------------------
                         slack                                  2.518    

Slack (MET) :             2.532ns  (required time - arrival time)
  Source:                 u_FIFO_to_FFT/u_peak_find/cur_second_harmonic_power_reg[2]/C
                            (rising edge-triggered cell FDCE clocked by sys_clk  {rise@0.000ns fall@10.000ns period=20.000ns})
  Destination:            u_FIFO_to_FFT/u_peak_find/second_harmonic_scaled_reg[10]/D
                            (rising edge-triggered cell FDCE clocked by sys_clk  {rise@0.000ns fall@10.000ns period=20.000ns})
  Path Group:             sys_clk
  Path Type:              Setup (Max at Slow Process Corner)
  Requirement:            20.000ns  (sys_clk rise@20.000ns - sys_clk rise@0.000ns)
  Data Path Delay:        17.474ns  (logic 7.676ns (43.929%)  route 9.798ns (56.071%))
  Logic Levels:           30  (CARRY4=16 LUT2=2 LUT3=5 LUT4=3 LUT5=3 LUT6=1)
  Clock Path Skew:        0.011ns (DCD - SCD + CPR)
    Destination Clock Delay (DCD):    4.545ns = ( 24.545 - 20.000 ) 
    Source Clock Delay      (SCD):    4.791ns
    Clock Pessimism Removal (CPR):    0.258ns
  Clock Uncertainty:      0.035ns  ((TSJ^2 + TIJ^2)^1/2 + DJ) / 2 + PE
    Total System Jitter     (TSJ):    0.071ns
    Total Input Jitter      (TIJ):    0.000ns
    Discrete Jitter          (DJ):    0.000ns
    Phase Error              (PE):    0.000ns

    Location             Delay type                Incr(ns)  Path(ns)    Netlist Resource(s)
  -------------------------------------------------------------------    -------------------
                         (clock sys_clk rise edge)    0.000     0.000 r  
    N18                                               0.000     0.000 r  sys_clk (IN)
                         net (fo=0)                   0.000     0.000    sys_clk
    N18                  IBUF (Prop_ibuf_I_O)         1.392     1.392 r  sys_clk_IBUF_inst/O
                         net (fo=1, routed)           1.873     3.265    sys_clk_IBUF
    BUFGCTRL_X0Y16       BUFG (Prop_bufg_I_O)         0.085     3.350 r  sys_clk_IBUF_BUFG_inst/O
                         net (fo=2986, routed)        1.441     4.791    u_FIFO_to_FFT/u_peak_find/clk
    SLICE_X58Y96         FDCE                                         r  u_FIFO_to_FFT/u_peak_find/cur_second_harmonic_power_reg[2]/C
  -------------------------------------------------------------------    -------------------
    SLICE_X58Y96         FDCE (Prop_fdce_C_Q)         0.433     5.224 r  u_FIFO_to_FFT/u_peak_find/cur_second_harmonic_power_reg[2]/Q
                         net (fo=15, routed)          0.856     6.080    u_FIFO_to_FFT/u_peak_find/cur_second_harmonic_power[2]
    SLICE_X62Y100        LUT2 (Prop_lut2_I0_O)        0.105     6.185 r  u_FIFO_to_FFT/u_peak_find/second_harmonic_scaled[5]_i_54/O
                         net (fo=1, routed)           0.000     6.185    u_FIFO_to_FFT/u_peak_find/second_harmonic_scaled[5]_i_54_n_0
    SLICE_X62Y100        CARRY4 (Prop_carry4_S[1]_CO[3])
                                                      0.444     6.629 r  u_FIFO_to_FFT/u_peak_find/second_harmonic_scaled_reg[5]_i_45/CO[3]
                         net (fo=1, routed)           0.000     6.629    u_FIFO_to_FFT/u_peak_find/second_harmonic_scaled_reg[5]_i_45_n_0
    SLICE_X62Y101        CARRY4 (Prop_carry4_CI_CO[3])
                                                      0.100     6.729 r  u_FIFO_to_FFT/u_peak_find/second_harmonic_scaled_reg[9]_i_37/CO[3]
                         net (fo=1, routed)           0.000     6.729    u_FIFO_to_FFT/u_peak_find/second_harmonic_scaled_reg[9]_i_37_n_0
    SLICE_X62Y102        CARRY4 (Prop_carry4_CI_O[3])
                                                      0.262     6.991 r  u_FIFO_to_FFT/u_peak_find/second_harmonic_scaled_reg[13]_i_32/O[3]
                         net (fo=3, routed)           0.601     7.592    u_FIFO_to_FFT/u_peak_find/second_harmonic_scaled_reg[13]_i_32_n_4
    SLICE_X64Y102        LUT3 (Prop_lut3_I2_O)        0.250     7.842 f  u_FIFO_to_FFT/u_peak_find/second_harmonic_scaled[13]_i_34/O
                         net (fo=2, routed)           0.635     8.478    u_FIFO_to_FFT/u_peak_find/second_harmonic_scaled[13]_i_34_n_0
    SLICE_X56Y102        LUT5 (Prop_lut5_I3_O)        0.105     8.583 r  u_FIFO_to_FFT/u_peak_find/second_harmonic_scaled[13]_i_24/O
                         net (fo=2, routed)           0.328     8.911    u_FIFO_to_FFT/u_peak_find/second_harmonic_scaled[13]_i_24_n_0
    SLICE_X59Y103        LUT6 (Prop_lut6_I0_O)        0.105     9.016 r  u_FIFO_to_FFT/u_peak_find/second_harmonic_scaled[13]_i_28/O
                         net (fo=1, routed)           0.000     9.016    u_FIFO_to_FFT/u_peak_find/second_harmonic_scaled[13]_i_28_n_0
    SLICE_X59Y103        CARRY4 (Prop_carry4_S[0]_CO[3])
                                                      0.440     9.456 r  u_FIFO_to_FFT/u_peak_find/second_harmonic_scaled_reg[13]_i_12/CO[3]
                         net (fo=1, routed)           0.000     9.456    u_FIFO_to_FFT/u_peak_find/second_harmonic_scaled_reg[13]_i_12_n_0
    SLICE_X59Y104        CARRY4 (Prop_carry4_CI_CO[3])
                                                      0.098     9.554 r  u_FIFO_to_FFT/u_peak_find/second_harmonic_scaled_reg[20]_i_47/CO[3]
                         net (fo=1, routed)           0.000     9.554    u_FIFO_to_FFT/u_peak_find/second_harmonic_scaled_reg[20]_i_47_n_0
    SLICE_X59Y105        CARRY4 (Prop_carry4_CI_O[3])
                                                      0.260     9.814 r  u_FIFO_to_FFT/u_peak_find/second_harmonic_scaled_reg[20]_i_24/O[3]
                         net (fo=24, routed)          0.918    10.732    u_FIFO_to_FFT/u_peak_find/second_harmonic_scaled1[30]
    SLICE_X64Y100        LUT3 (Prop_lut3_I0_O)        0.267    10.999 r  u_FIFO_to_FFT/u_peak_find/second_harmonic_scaled[5]_i_36/O
                         net (fo=2, routed)           0.732    11.732    u_FIFO_to_FFT/u_peak_find/second_harmonic_scaled[5]_i_36_n_0
    SLICE_X64Y100        LUT4 (Prop_lut4_I0_O)        0.267    11.999 r  u_FIFO_to_FFT/u_peak_find/second_harmonic_scaled[5]_i_40/O
                         net (fo=1, routed)           0.000    11.999    u_FIFO_to_FFT/u_peak_find/second_harmonic_scaled[5]_i_40_n_0
    SLICE_X64Y100        CARRY4 (Prop_carry4_S[1]_CO[3])
                                                      0.457    12.456 r  u_FIFO_to_FFT/u_peak_find/second_harmonic_scaled_reg[5]_i_15/CO[3]
                         net (fo=1, routed)           0.000    12.456    u_FIFO_to_FFT/u_peak_find/second_harmonic_scaled_reg[5]_i_15_n_0
    SLICE_X64Y101        CARRY4 (Prop_carry4_CI_CO[3])
                                                      0.098    12.554 r  u_FIFO_to_FFT/u_peak_find/second_harmonic_scaled_reg[20]_i_37/CO[3]
                         net (fo=37, routed)          0.788    13.342    u_FIFO_to_FFT/u_peak_find/second_harmonic_scaled_reg[20]_i_37_n_0
    SLICE_X66Y102        LUT3 (Prop_lut3_I1_O)        0.105    13.447 f  u_FIFO_to_FFT/u_peak_find/second_harmonic_scaled[9]_i_13/O
                         net (fo=2, routed)           0.386    13.833    u_FIFO_to_FFT/u_peak_find/second_harmonic_scaled[9]_i_13_n_0
    SLICE_X66Y102        LUT5 (Prop_lut5_I3_O)        0.105    13.938 r  u_FIFO_to_FFT/u_peak_find/second_harmonic_scaled[9]_i_6/O
                         net (fo=2, routed)           0.528    14.466    u_FIFO_to_FFT/u_peak_find/second_harmonic_scaled[9]_i_6_n_0
    SLICE_X65Y102        CARRY4 (Prop_carry4_DI[0]_CO[3])
                                                      0.436    14.902 r  u_FIFO_to_FFT/u_peak_find/second_harmonic_scaled_reg[9]_i_2/CO[3]
                         net (fo=1, routed)           0.000    14.902    u_FIFO_to_FFT/u_peak_find/second_harmonic_scaled_reg[9]_i_2_n_0
    SLICE_X65Y103        CARRY4 (Prop_carry4_CI_CO[3])
                                                      0.098    15.000 r  u_FIFO_to_FFT/u_peak_find/second_harmonic_scaled_reg[13]_i_2/CO[3]
                         net (fo=1, routed)           0.000    15.000    u_FIFO_to_FFT/u_peak_find/second_harmonic_scaled_reg[13]_i_2_n_0
    SLICE_X65Y104        CARRY4 (Prop_carry4_CI_O[3])
                                                      0.260    15.260 f  u_FIFO_to_FFT/u_peak_find/second_harmonic_scaled_reg[17]_i_2/O[3]
                         net (fo=15, routed)          0.823    16.083    u_FIFO_to_FFT/u_peak_find/second_harmonic_scaled_reg[17]_i_2_n_4
    SLICE_X61Y105        LUT3 (Prop_lut3_I0_O)        0.267    16.350 r  u_FIFO_to_FFT/u_peak_find/second_harmonic_scaled[20]_i_159/O
                         net (fo=2, routed)           0.697    17.046    u_FIFO_to_FFT/u_peak_find/second_harmonic_scaled[20]_i_159_n_0
    SLICE_X61Y105        LUT4 (Prop_lut4_I0_O)        0.275    17.321 r  u_FIFO_to_FFT/u_peak_find/second_harmonic_scaled[20]_i_163/O
                         net (fo=1, routed)           0.000    17.321    u_FIFO_to_FFT/u_peak_find/second_harmonic_scaled[20]_i_163_n_0
    SLICE_X61Y105        CARRY4 (Prop_carry4_S[2]_CO[3])
                                                      0.332    17.653 r  u_FIFO_to_FFT/u_peak_find/second_harmonic_scaled_reg[20]_i_117/CO[3]
                         net (fo=1, routed)           0.000    17.653    u_FIFO_to_FFT/u_peak_find/second_harmonic_scaled_reg[20]_i_117_n_0
    SLICE_X61Y106        CARRY4 (Prop_carry4_CI_O[0])
                                                      0.180    17.833 r  u_FIFO_to_FFT/u_peak_find/second_harmonic_scaled_reg[20]_i_69/O[0]
                         net (fo=2, routed)           0.461    18.294    u_FIFO_to_FFT/u_peak_find/second_harmonic_scaled_reg[20]_i_69_n_7
    SLICE_X60Y105        LUT3 (Prop_lut3_I1_O)        0.272    18.566 r  u_FIFO_to_FFT/u_peak_find/second_harmonic_scaled[20]_i_61/O
                         net (fo=2, routed)           0.568    19.134    u_FIFO_to_FFT/u_peak_find/second_harmonic_scaled[20]_i_61_n_0
    SLICE_X60Y105        LUT4 (Prop_lut4_I3_O)        0.268    19.402 r  u_FIFO_to_FFT/u_peak_find/second_harmonic_scaled[20]_i_65/O
                         net (fo=1, routed)           0.000    19.402    u_FIFO_to_FFT/u_peak_find/second_harmonic_scaled[20]_i_65_n_0
    SLICE_X60Y105        CARRY4 (Prop_carry4_S[3]_CO[3])
                                                      0.332    19.734 r  u_FIFO_to_FFT/u_peak_find/second_harmonic_scaled_reg[20]_i_26/CO[3]
                         net (fo=1, routed)           0.000    19.734    u_FIFO_to_FFT/u_peak_find/second_harmonic_scaled_reg[20]_i_26_n_0
    SLICE_X60Y106        CARRY4 (Prop_carry4_CI_O[1])
                                                      0.265    19.999 r  u_FIFO_to_FFT/u_peak_find/second_harmonic_scaled_reg[20]_i_7/O[1]
                         net (fo=3, routed)           0.838    20.837    u_FIFO_to_FFT/u_peak_find/second_harmonic_scaled_reg[20]_i_7_n_6
    SLICE_X57Y102        LUT2 (Prop_lut2_I0_O)        0.266    21.103 r  u_FIFO_to_FFT/u_peak_find/second_harmonic_scaled[20]_i_18/O
                         net (fo=1, routed)           0.000    21.103    u_FIFO_to_FFT/u_peak_find/second_harmonic_scaled[20]_i_18_n_0
    SLICE_X57Y102        CARRY4 (Prop_carry4_DI[2]_CO[2])
                                                      0.263    21.366 r  u_FIFO_to_FFT/u_peak_find/second_harmonic_scaled_reg[20]_i_5/CO[2]
                         net (fo=21, routed)          0.638    22.004    u_FIFO_to_FFT/u_peak_find/second_harmonic_scaled_reg[20]_i_5_n_1
    SLICE_X56Y106        LUT5 (Prop_lut5_I1_O)        0.261    22.265 r  u_FIFO_to_FFT/u_peak_find/second_harmonic_scaled[10]_i_1/O
                         net (fo=1, routed)           0.000    22.265    u_FIFO_to_FFT/u_peak_find/second_harmonic_scaled[10]_i_1_n_0
    SLICE_X56Y106        FDCE                                         r  u_FIFO_to_FFT/u_peak_find/second_harmonic_scaled_reg[10]/D
  -------------------------------------------------------------------    -------------------

                         (clock sys_clk rise edge)   20.000    20.000 r  
    N18                                               0.000    20.000 r  sys_clk (IN)
                         net (fo=0)                   0.000    20.000    sys_clk
    N18                  IBUF (Prop_ibuf_I_O)         1.327    21.327 r  sys_clk_IBUF_inst/O
                         net (fo=1, routed)           1.701    23.028    sys_clk_IBUF
    BUFGCTRL_X0Y16       BUFG (Prop_bufg_I_O)         0.077    23.105 r  sys_clk_IBUF_BUFG_inst/O
                         net (fo=2986, routed)        1.440    24.545    u_FIFO_to_FFT/u_peak_find/clk
    SLICE_X56Y106        FDCE                                         r  u_FIFO_to_FFT/u_peak_find/second_harmonic_scaled_reg[10]/C
                         clock pessimism              0.258    24.802    
                         clock uncertainty           -0.035    24.767    
    SLICE_X56Y106        FDCE (Setup_fdce_C_D)        0.030    24.797    u_FIFO_to_FFT/u_peak_find/second_harmonic_scaled_reg[10]
  -------------------------------------------------------------------
                         required time                         24.797    
                         arrival time                         -22.265    
  -------------------------------------------------------------------
                         slack                                  2.532    

Slack (MET) :             2.532ns  (required time - arrival time)
  Source:                 u_FIFO_to_FFT/u_peak_find/cur_second_harmonic_power_reg[2]/C
                            (rising edge-triggered cell FDCE clocked by sys_clk  {rise@0.000ns fall@10.000ns period=20.000ns})
  Destination:            u_FIFO_to_FFT/u_peak_find/second_harmonic_scaled_reg[9]/D
                            (rising edge-triggered cell FDCE clocked by sys_clk  {rise@0.000ns fall@10.000ns period=20.000ns})
  Path Group:             sys_clk
  Path Type:              Setup (Max at Slow Process Corner)
  Requirement:            20.000ns  (sys_clk rise@20.000ns - sys_clk rise@0.000ns)
  Data Path Delay:        17.476ns  (logic 7.676ns (43.923%)  route 9.800ns (56.078%))
  Logic Levels:           30  (CARRY4=16 LUT2=2 LUT3=5 LUT4=3 LUT5=3 LUT6=1)
  Clock Path Skew:        0.011ns (DCD - SCD + CPR)
    Destination Clock Delay (DCD):    4.545ns = ( 24.545 - 20.000 ) 
    Source Clock Delay      (SCD):    4.791ns
    Clock Pessimism Removal (CPR):    0.258ns
  Clock Uncertainty:      0.035ns  ((TSJ^2 + TIJ^2)^1/2 + DJ) / 2 + PE
    Total System Jitter     (TSJ):    0.071ns
    Total Input Jitter      (TIJ):    0.000ns
    Discrete Jitter          (DJ):    0.000ns
    Phase Error              (PE):    0.000ns

    Location             Delay type                Incr(ns)  Path(ns)    Netlist Resource(s)
  -------------------------------------------------------------------    -------------------
                         (clock sys_clk rise edge)    0.000     0.000 r  
    N18                                               0.000     0.000 r  sys_clk (IN)
                         net (fo=0)                   0.000     0.000    sys_clk
    N18                  IBUF (Prop_ibuf_I_O)         1.392     1.392 r  sys_clk_IBUF_inst/O
                         net (fo=1, routed)           1.873     3.265    sys_clk_IBUF
    BUFGCTRL_X0Y16       BUFG (Prop_bufg_I_O)         0.085     3.350 r  sys_clk_IBUF_BUFG_inst/O
                         net (fo=2986, routed)        1.441     4.791    u_FIFO_to_FFT/u_peak_find/clk
    SLICE_X58Y96         FDCE                                         r  u_FIFO_to_FFT/u_peak_find/cur_second_harmonic_power_reg[2]/C
  -------------------------------------------------------------------    -------------------
    SLICE_X58Y96         FDCE (Prop_fdce_C_Q)         0.433     5.224 r  u_FIFO_to_FFT/u_peak_find/cur_second_harmonic_power_reg[2]/Q
                         net (fo=15, routed)          0.856     6.080    u_FIFO_to_FFT/u_peak_find/cur_second_harmonic_power[2]
    SLICE_X62Y100        LUT2 (Prop_lut2_I0_O)        0.105     6.185 r  u_FIFO_to_FFT/u_peak_find/second_harmonic_scaled[5]_i_54/O
                         net (fo=1, routed)           0.000     6.185    u_FIFO_to_FFT/u_peak_find/second_harmonic_scaled[5]_i_54_n_0
    SLICE_X62Y100        CARRY4 (Prop_carry4_S[1]_CO[3])
                                                      0.444     6.629 r  u_FIFO_to_FFT/u_peak_find/second_harmonic_scaled_reg[5]_i_45/CO[3]
                         net (fo=1, routed)           0.000     6.629    u_FIFO_to_FFT/u_peak_find/second_harmonic_scaled_reg[5]_i_45_n_0
    SLICE_X62Y101        CARRY4 (Prop_carry4_CI_CO[3])
                                                      0.100     6.729 r  u_FIFO_to_FFT/u_peak_find/second_harmonic_scaled_reg[9]_i_37/CO[3]
                         net (fo=1, routed)           0.000     6.729    u_FIFO_to_FFT/u_peak_find/second_harmonic_scaled_reg[9]_i_37_n_0
    SLICE_X62Y102        CARRY4 (Prop_carry4_CI_O[3])
                                                      0.262     6.991 r  u_FIFO_to_FFT/u_peak_find/second_harmonic_scaled_reg[13]_i_32/O[3]
                         net (fo=3, routed)           0.601     7.592    u_FIFO_to_FFT/u_peak_find/second_harmonic_scaled_reg[13]_i_32_n_4
    SLICE_X64Y102        LUT3 (Prop_lut3_I2_O)        0.250     7.842 f  u_FIFO_to_FFT/u_peak_find/second_harmonic_scaled[13]_i_34/O
                         net (fo=2, routed)           0.635     8.478    u_FIFO_to_FFT/u_peak_find/second_harmonic_scaled[13]_i_34_n_0
    SLICE_X56Y102        LUT5 (Prop_lut5_I3_O)        0.105     8.583 r  u_FIFO_to_FFT/u_peak_find/second_harmonic_scaled[13]_i_24/O
                         net (fo=2, routed)           0.328     8.911    u_FIFO_to_FFT/u_peak_find/second_harmonic_scaled[13]_i_24_n_0
    SLICE_X59Y103        LUT6 (Prop_lut6_I0_O)        0.105     9.016 r  u_FIFO_to_FFT/u_peak_find/second_harmonic_scaled[13]_i_28/O
                         net (fo=1, routed)           0.000     9.016    u_FIFO_to_FFT/u_peak_find/second_harmonic_scaled[13]_i_28_n_0
    SLICE_X59Y103        CARRY4 (Prop_carry4_S[0]_CO[3])
                                                      0.440     9.456 r  u_FIFO_to_FFT/u_peak_find/second_harmonic_scaled_reg[13]_i_12/CO[3]
                         net (fo=1, routed)           0.000     9.456    u_FIFO_to_FFT/u_peak_find/second_harmonic_scaled_reg[13]_i_12_n_0
    SLICE_X59Y104        CARRY4 (Prop_carry4_CI_CO[3])
                                                      0.098     9.554 r  u_FIFO_to_FFT/u_peak_find/second_harmonic_scaled_reg[20]_i_47/CO[3]
                         net (fo=1, routed)           0.000     9.554    u_FIFO_to_FFT/u_peak_find/second_harmonic_scaled_reg[20]_i_47_n_0
    SLICE_X59Y105        CARRY4 (Prop_carry4_CI_O[3])
                                                      0.260     9.814 r  u_FIFO_to_FFT/u_peak_find/second_harmonic_scaled_reg[20]_i_24/O[3]
                         net (fo=24, routed)          0.918    10.732    u_FIFO_to_FFT/u_peak_find/second_harmonic_scaled1[30]
    SLICE_X64Y100        LUT3 (Prop_lut3_I0_O)        0.267    10.999 r  u_FIFO_to_FFT/u_peak_find/second_harmonic_scaled[5]_i_36/O
                         net (fo=2, routed)           0.732    11.732    u_FIFO_to_FFT/u_peak_find/second_harmonic_scaled[5]_i_36_n_0
    SLICE_X64Y100        LUT4 (Prop_lut4_I0_O)        0.267    11.999 r  u_FIFO_to_FFT/u_peak_find/second_harmonic_scaled[5]_i_40/O
                         net (fo=1, routed)           0.000    11.999    u_FIFO_to_FFT/u_peak_find/second_harmonic_scaled[5]_i_40_n_0
    SLICE_X64Y100        CARRY4 (Prop_carry4_S[1]_CO[3])
                                                      0.457    12.456 r  u_FIFO_to_FFT/u_peak_find/second_harmonic_scaled_reg[5]_i_15/CO[3]
                         net (fo=1, routed)           0.000    12.456    u_FIFO_to_FFT/u_peak_find/second_harmonic_scaled_reg[5]_i_15_n_0
    SLICE_X64Y101        CARRY4 (Prop_carry4_CI_CO[3])
                                                      0.098    12.554 r  u_FIFO_to_FFT/u_peak_find/second_harmonic_scaled_reg[20]_i_37/CO[3]
                         net (fo=37, routed)          0.788    13.342    u_FIFO_to_FFT/u_peak_find/second_harmonic_scaled_reg[20]_i_37_n_0
    SLICE_X66Y102        LUT3 (Prop_lut3_I1_O)        0.105    13.447 f  u_FIFO_to_FFT/u_peak_find/second_harmonic_scaled[9]_i_13/O
                         net (fo=2, routed)           0.386    13.833    u_FIFO_to_FFT/u_peak_find/second_harmonic_scaled[9]_i_13_n_0
    SLICE_X66Y102        LUT5 (Prop_lut5_I3_O)        0.105    13.938 r  u_FIFO_to_FFT/u_peak_find/second_harmonic_scaled[9]_i_6/O
                         net (fo=2, routed)           0.528    14.466    u_FIFO_to_FFT/u_peak_find/second_harmonic_scaled[9]_i_6_n_0
    SLICE_X65Y102        CARRY4 (Prop_carry4_DI[0]_CO[3])
                                                      0.436    14.902 r  u_FIFO_to_FFT/u_peak_find/second_harmonic_scaled_reg[9]_i_2/CO[3]
                         net (fo=1, routed)           0.000    14.902    u_FIFO_to_FFT/u_peak_find/second_harmonic_scaled_reg[9]_i_2_n_0
    SLICE_X65Y103        CARRY4 (Prop_carry4_CI_CO[3])
                                                      0.098    15.000 r  u_FIFO_to_FFT/u_peak_find/second_harmonic_scaled_reg[13]_i_2/CO[3]
                         net (fo=1, routed)           0.000    15.000    u_FIFO_to_FFT/u_peak_find/second_harmonic_scaled_reg[13]_i_2_n_0
    SLICE_X65Y104        CARRY4 (Prop_carry4_CI_O[3])
                                                      0.260    15.260 f  u_FIFO_to_FFT/u_peak_find/second_harmonic_scaled_reg[17]_i_2/O[3]
                         net (fo=15, routed)          0.823    16.083    u_FIFO_to_FFT/u_peak_find/second_harmonic_scaled_reg[17]_i_2_n_4
    SLICE_X61Y105        LUT3 (Prop_lut3_I0_O)        0.267    16.350 r  u_FIFO_to_FFT/u_peak_find/second_harmonic_scaled[20]_i_159/O
                         net (fo=2, routed)           0.697    17.046    u_FIFO_to_FFT/u_peak_find/second_harmonic_scaled[20]_i_159_n_0
    SLICE_X61Y105        LUT4 (Prop_lut4_I0_O)        0.275    17.321 r  u_FIFO_to_FFT/u_peak_find/second_harmonic_scaled[20]_i_163/O
                         net (fo=1, routed)           0.000    17.321    u_FIFO_to_FFT/u_peak_find/second_harmonic_scaled[20]_i_163_n_0
    SLICE_X61Y105        CARRY4 (Prop_carry4_S[2]_CO[3])
                                                      0.332    17.653 r  u_FIFO_to_FFT/u_peak_find/second_harmonic_scaled_reg[20]_i_117/CO[3]
                         net (fo=1, routed)           0.000    17.653    u_FIFO_to_FFT/u_peak_find/second_harmonic_scaled_reg[20]_i_117_n_0
    SLICE_X61Y106        CARRY4 (Prop_carry4_CI_O[0])
                                                      0.180    17.833 r  u_FIFO_to_FFT/u_peak_find/second_harmonic_scaled_reg[20]_i_69/O[0]
                         net (fo=2, routed)           0.461    18.294    u_FIFO_to_FFT/u_peak_find/second_harmonic_scaled_reg[20]_i_69_n_7
    SLICE_X60Y105        LUT3 (Prop_lut3_I1_O)        0.272    18.566 r  u_FIFO_to_FFT/u_peak_find/second_harmonic_scaled[20]_i_61/O
                         net (fo=2, routed)           0.568    19.134    u_FIFO_to_FFT/u_peak_find/second_harmonic_scaled[20]_i_61_n_0
    SLICE_X60Y105        LUT4 (Prop_lut4_I3_O)        0.268    19.402 r  u_FIFO_to_FFT/u_peak_find/second_harmonic_scaled[20]_i_65/O
                         net (fo=1, routed)           0.000    19.402    u_FIFO_to_FFT/u_peak_find/second_harmonic_scaled[20]_i_65_n_0
    SLICE_X60Y105        CARRY4 (Prop_carry4_S[3]_CO[3])
                                                      0.332    19.734 r  u_FIFO_to_FFT/u_peak_find/second_harmonic_scaled_reg[20]_i_26/CO[3]
                         net (fo=1, routed)           0.000    19.734    u_FIFO_to_FFT/u_peak_find/second_harmonic_scaled_reg[20]_i_26_n_0
    SLICE_X60Y106        CARRY4 (Prop_carry4_CI_O[1])
                                                      0.265    19.999 r  u_FIFO_to_FFT/u_peak_find/second_harmonic_scaled_reg[20]_i_7/O[1]
                         net (fo=3, routed)           0.838    20.837    u_FIFO_to_FFT/u_peak_find/second_harmonic_scaled_reg[20]_i_7_n_6
    SLICE_X57Y102        LUT2 (Prop_lut2_I0_O)        0.266    21.103 r  u_FIFO_to_FFT/u_peak_find/second_harmonic_scaled[20]_i_18/O
                         net (fo=1, routed)           0.000    21.103    u_FIFO_to_FFT/u_peak_find/second_harmonic_scaled[20]_i_18_n_0
    SLICE_X57Y102        CARRY4 (Prop_carry4_DI[2]_CO[2])
                                                      0.263    21.366 r  u_FIFO_to_FFT/u_peak_find/second_harmonic_scaled_reg[20]_i_5/CO[2]
                         net (fo=21, routed)          0.641    22.006    u_FIFO_to_FFT/u_peak_find/second_harmonic_scaled_reg[20]_i_5_n_1
    SLICE_X56Y106        LUT5 (Prop_lut5_I1_O)        0.261    22.267 r  u_FIFO_to_FFT/u_peak_find/second_harmonic_scaled[9]_i_1/O
                         net (fo=1, routed)           0.000    22.267    u_FIFO_to_FFT/u_peak_find/second_harmonic_scaled[9]_i_1_n_0
    SLICE_X56Y106        FDCE                                         r  u_FIFO_to_FFT/u_peak_find/second_harmonic_scaled_reg[9]/D
  -------------------------------------------------------------------    -------------------

                         (clock sys_clk rise edge)   20.000    20.000 r  
    N18                                               0.000    20.000 r  sys_clk (IN)
                         net (fo=0)                   0.000    20.000    sys_clk
    N18                  IBUF (Prop_ibuf_I_O)         1.327    21.327 r  sys_clk_IBUF_inst/O
                         net (fo=1, routed)           1.701    23.028    sys_clk_IBUF
    BUFGCTRL_X0Y16       BUFG (Prop_bufg_I_O)         0.077    23.105 r  sys_clk_IBUF_BUFG_inst/O
                         net (fo=2986, routed)        1.440    24.545    u_FIFO_to_FFT/u_peak_find/clk
    SLICE_X56Y106        FDCE                                         r  u_FIFO_to_FFT/u_peak_find/second_harmonic_scaled_reg[9]/C
                         clock pessimism              0.258    24.802    
                         clock uncertainty           -0.035    24.767    
    SLICE_X56Y106        FDCE (Setup_fdce_C_D)        0.033    24.800    u_FIFO_to_FFT/u_peak_find/second_harmonic_scaled_reg[9]
  -------------------------------------------------------------------
                         required time                         24.800    
                         arrival time                         -22.267    
  -------------------------------------------------------------------
                         slack                                  2.532    

Slack (MET) :             2.536ns  (required time - arrival time)
  Source:                 u_FIFO_to_FFT/u_peak_find/cur_second_harmonic_power_reg[2]/C
                            (rising edge-triggered cell FDCE clocked by sys_clk  {rise@0.000ns fall@10.000ns period=20.000ns})
  Destination:            u_FIFO_to_FFT/u_peak_find/second_harmonic_scaled_reg[13]/D
                            (rising edge-triggered cell FDCE clocked by sys_clk  {rise@0.000ns fall@10.000ns period=20.000ns})
  Path Group:             sys_clk
  Path Type:              Setup (Max at Slow Process Corner)
  Requirement:            20.000ns  (sys_clk rise@20.000ns - sys_clk rise@0.000ns)
  Data Path Delay:        17.472ns  (logic 7.676ns (43.933%)  route 9.796ns (56.067%))
  Logic Levels:           30  (CARRY4=16 LUT2=2 LUT3=5 LUT4=3 LUT5=3 LUT6=1)
  Clock Path Skew:        0.011ns (DCD - SCD + CPR)
    Destination Clock Delay (DCD):    4.545ns = ( 24.545 - 20.000 ) 
    Source Clock Delay      (SCD):    4.791ns
    Clock Pessimism Removal (CPR):    0.258ns
  Clock Uncertainty:      0.035ns  ((TSJ^2 + TIJ^2)^1/2 + DJ) / 2 + PE
    Total System Jitter     (TSJ):    0.071ns
    Total Input Jitter      (TIJ):    0.000ns
    Discrete Jitter          (DJ):    0.000ns
    Phase Error              (PE):    0.000ns

    Location             Delay type                Incr(ns)  Path(ns)    Netlist Resource(s)
  -------------------------------------------------------------------    -------------------
                         (clock sys_clk rise edge)    0.000     0.000 r  
    N18                                               0.000     0.000 r  sys_clk (IN)
                         net (fo=0)                   0.000     0.000    sys_clk
    N18                  IBUF (Prop_ibuf_I_O)         1.392     1.392 r  sys_clk_IBUF_inst/O
                         net (fo=1, routed)           1.873     3.265    sys_clk_IBUF
    BUFGCTRL_X0Y16       BUFG (Prop_bufg_I_O)         0.085     3.350 r  sys_clk_IBUF_BUFG_inst/O
                         net (fo=2986, routed)        1.441     4.791    u_FIFO_to_FFT/u_peak_find/clk
    SLICE_X58Y96         FDCE                                         r  u_FIFO_to_FFT/u_peak_find/cur_second_harmonic_power_reg[2]/C
  -------------------------------------------------------------------    -------------------
    SLICE_X58Y96         FDCE (Prop_fdce_C_Q)         0.433     5.224 r  u_FIFO_to_FFT/u_peak_find/cur_second_harmonic_power_reg[2]/Q
                         net (fo=15, routed)          0.856     6.080    u_FIFO_to_FFT/u_peak_find/cur_second_harmonic_power[2]
    SLICE_X62Y100        LUT2 (Prop_lut2_I0_O)        0.105     6.185 r  u_FIFO_to_FFT/u_peak_find/second_harmonic_scaled[5]_i_54/O
                         net (fo=1, routed)           0.000     6.185    u_FIFO_to_FFT/u_peak_find/second_harmonic_scaled[5]_i_54_n_0
    SLICE_X62Y100        CARRY4 (Prop_carry4_S[1]_CO[3])
                                                      0.444     6.629 r  u_FIFO_to_FFT/u_peak_find/second_harmonic_scaled_reg[5]_i_45/CO[3]
                         net (fo=1, routed)           0.000     6.629    u_FIFO_to_FFT/u_peak_find/second_harmonic_scaled_reg[5]_i_45_n_0
    SLICE_X62Y101        CARRY4 (Prop_carry4_CI_CO[3])
                                                      0.100     6.729 r  u_FIFO_to_FFT/u_peak_find/second_harmonic_scaled_reg[9]_i_37/CO[3]
                         net (fo=1, routed)           0.000     6.729    u_FIFO_to_FFT/u_peak_find/second_harmonic_scaled_reg[9]_i_37_n_0
    SLICE_X62Y102        CARRY4 (Prop_carry4_CI_O[3])
                                                      0.262     6.991 r  u_FIFO_to_FFT/u_peak_find/second_harmonic_scaled_reg[13]_i_32/O[3]
                         net (fo=3, routed)           0.601     7.592    u_FIFO_to_FFT/u_peak_find/second_harmonic_scaled_reg[13]_i_32_n_4
    SLICE_X64Y102        LUT3 (Prop_lut3_I2_O)        0.250     7.842 f  u_FIFO_to_FFT/u_peak_find/second_harmonic_scaled[13]_i_34/O
                         net (fo=2, routed)           0.635     8.478    u_FIFO_to_FFT/u_peak_find/second_harmonic_scaled[13]_i_34_n_0
    SLICE_X56Y102        LUT5 (Prop_lut5_I3_O)        0.105     8.583 r  u_FIFO_to_FFT/u_peak_find/second_harmonic_scaled[13]_i_24/O
                         net (fo=2, routed)           0.328     8.911    u_FIFO_to_FFT/u_peak_find/second_harmonic_scaled[13]_i_24_n_0
    SLICE_X59Y103        LUT6 (Prop_lut6_I0_O)        0.105     9.016 r  u_FIFO_to_FFT/u_peak_find/second_harmonic_scaled[13]_i_28/O
                         net (fo=1, routed)           0.000     9.016    u_FIFO_to_FFT/u_peak_find/second_harmonic_scaled[13]_i_28_n_0
    SLICE_X59Y103        CARRY4 (Prop_carry4_S[0]_CO[3])
                                                      0.440     9.456 r  u_FIFO_to_FFT/u_peak_find/second_harmonic_scaled_reg[13]_i_12/CO[3]
                         net (fo=1, routed)           0.000     9.456    u_FIFO_to_FFT/u_peak_find/second_harmonic_scaled_reg[13]_i_12_n_0
    SLICE_X59Y104        CARRY4 (Prop_carry4_CI_CO[3])
                                                      0.098     9.554 r  u_FIFO_to_FFT/u_peak_find/second_harmonic_scaled_reg[20]_i_47/CO[3]
                         net (fo=1, routed)           0.000     9.554    u_FIFO_to_FFT/u_peak_find/second_harmonic_scaled_reg[20]_i_47_n_0
    SLICE_X59Y105        CARRY4 (Prop_carry4_CI_O[3])
                                                      0.260     9.814 r  u_FIFO_to_FFT/u_peak_find/second_harmonic_scaled_reg[20]_i_24/O[3]
                         net (fo=24, routed)          0.918    10.732    u_FIFO_to_FFT/u_peak_find/second_harmonic_scaled1[30]
    SLICE_X64Y100        LUT3 (Prop_lut3_I0_O)        0.267    10.999 r  u_FIFO_to_FFT/u_peak_find/second_harmonic_scaled[5]_i_36/O
                         net (fo=2, routed)           0.732    11.732    u_FIFO_to_FFT/u_peak_find/second_harmonic_scaled[5]_i_36_n_0
    SLICE_X64Y100        LUT4 (Prop_lut4_I0_O)        0.267    11.999 r  u_FIFO_to_FFT/u_peak_find/second_harmonic_scaled[5]_i_40/O
                         net (fo=1, routed)           0.000    11.999    u_FIFO_to_FFT/u_peak_find/second_harmonic_scaled[5]_i_40_n_0
    SLICE_X64Y100        CARRY4 (Prop_carry4_S[1]_CO[3])
                                                      0.457    12.456 r  u_FIFO_to_FFT/u_peak_find/second_harmonic_scaled_reg[5]_i_15/CO[3]
                         net (fo=1, routed)           0.000    12.456    u_FIFO_to_FFT/u_peak_find/second_harmonic_scaled_reg[5]_i_15_n_0
    SLICE_X64Y101        CARRY4 (Prop_carry4_CI_CO[3])
                                                      0.098    12.554 r  u_FIFO_to_FFT/u_peak_find/second_harmonic_scaled_reg[20]_i_37/CO[3]
                         net (fo=37, routed)          0.788    13.342    u_FIFO_to_FFT/u_peak_find/second_harmonic_scaled_reg[20]_i_37_n_0
    SLICE_X66Y102        LUT3 (Prop_lut3_I1_O)        0.105    13.447 f  u_FIFO_to_FFT/u_peak_find/second_harmonic_scaled[9]_i_13/O
                         net (fo=2, routed)           0.386    13.833    u_FIFO_to_FFT/u_peak_find/second_harmonic_scaled[9]_i_13_n_0
    SLICE_X66Y102        LUT5 (Prop_lut5_I3_O)        0.105    13.938 r  u_FIFO_to_FFT/u_peak_find/second_harmonic_scaled[9]_i_6/O
                         net (fo=2, routed)           0.528    14.466    u_FIFO_to_FFT/u_peak_find/second_harmonic_scaled[9]_i_6_n_0
    SLICE_X65Y102        CARRY4 (Prop_carry4_DI[0]_CO[3])
                                                      0.436    14.902 r  u_FIFO_to_FFT/u_peak_find/second_harmonic_scaled_reg[9]_i_2/CO[3]
                         net (fo=1, routed)           0.000    14.902    u_FIFO_to_FFT/u_peak_find/second_harmonic_scaled_reg[9]_i_2_n_0
    SLICE_X65Y103        CARRY4 (Prop_carry4_CI_CO[3])
                                                      0.098    15.000 r  u_FIFO_to_FFT/u_peak_find/second_harmonic_scaled_reg[13]_i_2/CO[3]
                         net (fo=1, routed)           0.000    15.000    u_FIFO_to_FFT/u_peak_find/second_harmonic_scaled_reg[13]_i_2_n_0
    SLICE_X65Y104        CARRY4 (Prop_carry4_CI_O[3])
                                                      0.260    15.260 f  u_FIFO_to_FFT/u_peak_find/second_harmonic_scaled_reg[17]_i_2/O[3]
                         net (fo=15, routed)          0.823    16.083    u_FIFO_to_FFT/u_peak_find/second_harmonic_scaled_reg[17]_i_2_n_4
    SLICE_X61Y105        LUT3 (Prop_lut3_I0_O)        0.267    16.350 r  u_FIFO_to_FFT/u_peak_find/second_harmonic_scaled[20]_i_159/O
                         net (fo=2, routed)           0.697    17.046    u_FIFO_to_FFT/u_peak_find/second_harmonic_scaled[20]_i_159_n_0
    SLICE_X61Y105        LUT4 (Prop_lut4_I0_O)        0.275    17.321 r  u_FIFO_to_FFT/u_peak_find/second_harmonic_scaled[20]_i_163/O
                         net (fo=1, routed)           0.000    17.321    u_FIFO_to_FFT/u_peak_find/second_harmonic_scaled[20]_i_163_n_0
    SLICE_X61Y105        CARRY4 (Prop_carry4_S[2]_CO[3])
                                                      0.332    17.653 r  u_FIFO_to_FFT/u_peak_find/second_harmonic_scaled_reg[20]_i_117/CO[3]
                         net (fo=1, routed)           0.000    17.653    u_FIFO_to_FFT/u_peak_find/second_harmonic_scaled_reg[20]_i_117_n_0
    SLICE_X61Y106        CARRY4 (Prop_carry4_CI_O[0])
                                                      0.180    17.833 r  u_FIFO_to_FFT/u_peak_find/second_harmonic_scaled_reg[20]_i_69/O[0]
                         net (fo=2, routed)           0.461    18.294    u_FIFO_to_FFT/u_peak_find/second_harmonic_scaled_reg[20]_i_69_n_7
    SLICE_X60Y105        LUT3 (Prop_lut3_I1_O)        0.272    18.566 r  u_FIFO_to_FFT/u_peak_find/second_harmonic_scaled[20]_i_61/O
                         net (fo=2, routed)           0.568    19.134    u_FIFO_to_FFT/u_peak_find/second_harmonic_scaled[20]_i_61_n_0
    SLICE_X60Y105        LUT4 (Prop_lut4_I3_O)        0.268    19.402 r  u_FIFO_to_FFT/u_peak_find/second_harmonic_scaled[20]_i_65/O
                         net (fo=1, routed)           0.000    19.402    u_FIFO_to_FFT/u_peak_find/second_harmonic_scaled[20]_i_65_n_0
    SLICE_X60Y105        CARRY4 (Prop_carry4_S[3]_CO[3])
                                                      0.332    19.734 r  u_FIFO_to_FFT/u_peak_find/second_harmonic_scaled_reg[20]_i_26/CO[3]
                         net (fo=1, routed)           0.000    19.734    u_FIFO_to_FFT/u_peak_find/second_harmonic_scaled_reg[20]_i_26_n_0
    SLICE_X60Y106        CARRY4 (Prop_carry4_CI_O[1])
                                                      0.265    19.999 r  u_FIFO_to_FFT/u_peak_find/second_harmonic_scaled_reg[20]_i_7/O[1]
                         net (fo=3, routed)           0.838    20.837    u_FIFO_to_FFT/u_peak_find/second_harmonic_scaled_reg[20]_i_7_n_6
    SLICE_X57Y102        LUT2 (Prop_lut2_I0_O)        0.266    21.103 r  u_FIFO_to_FFT/u_peak_find/second_harmonic_scaled[20]_i_18/O
                         net (fo=1, routed)           0.000    21.103    u_FIFO_to_FFT/u_peak_find/second_harmonic_scaled[20]_i_18_n_0
    SLICE_X57Y102        CARRY4 (Prop_carry4_DI[2]_CO[2])
                                                      0.263    21.366 r  u_FIFO_to_FFT/u_peak_find/second_harmonic_scaled_reg[20]_i_5/CO[2]
                         net (fo=21, routed)          0.636    22.002    u_FIFO_to_FFT/u_peak_find/second_harmonic_scaled_reg[20]_i_5_n_1
    SLICE_X56Y106        LUT5 (Prop_lut5_I1_O)        0.261    22.263 r  u_FIFO_to_FFT/u_peak_find/second_harmonic_scaled[13]_i_1/O
                         net (fo=1, routed)           0.000    22.263    u_FIFO_to_FFT/u_peak_find/second_harmonic_scaled[13]_i_1_n_0
    SLICE_X56Y106        FDCE                                         r  u_FIFO_to_FFT/u_peak_find/second_harmonic_scaled_reg[13]/D
  -------------------------------------------------------------------    -------------------

                         (clock sys_clk rise edge)   20.000    20.000 r  
    N18                                               0.000    20.000 r  sys_clk (IN)
                         net (fo=0)                   0.000    20.000    sys_clk
    N18                  IBUF (Prop_ibuf_I_O)         1.327    21.327 r  sys_clk_IBUF_inst/O
                         net (fo=1, routed)           1.701    23.028    sys_clk_IBUF
    BUFGCTRL_X0Y16       BUFG (Prop_bufg_I_O)         0.077    23.105 r  sys_clk_IBUF_BUFG_inst/O
                         net (fo=2986, routed)        1.440    24.545    u_FIFO_to_FFT/u_peak_find/clk
    SLICE_X56Y106        FDCE                                         r  u_FIFO_to_FFT/u_peak_find/second_harmonic_scaled_reg[13]/C
                         clock pessimism              0.258    24.802    
                         clock uncertainty           -0.035    24.767    
    SLICE_X56Y106        FDCE (Setup_fdce_C_D)        0.032    24.799    u_FIFO_to_FFT/u_peak_find/second_harmonic_scaled_reg[13]
  -------------------------------------------------------------------
                         required time                         24.799    
                         arrival time                         -22.263    
  -------------------------------------------------------------------
                         slack                                  2.536    

Slack (MET) :             2.536ns  (required time - arrival time)
  Source:                 u_FIFO_to_FFT/u_peak_find/cur_second_harmonic_power_reg[2]/C
                            (rising edge-triggered cell FDCE clocked by sys_clk  {rise@0.000ns fall@10.000ns period=20.000ns})
  Destination:            u_FIFO_to_FFT/u_peak_find/second_harmonic_scaled_reg[6]/D
                            (rising edge-triggered cell FDCE clocked by sys_clk  {rise@0.000ns fall@10.000ns period=20.000ns})
  Path Group:             sys_clk
  Path Type:              Setup (Max at Slow Process Corner)
  Requirement:            20.000ns  (sys_clk rise@20.000ns - sys_clk rise@0.000ns)
  Data Path Delay:        17.472ns  (logic 7.676ns (43.934%)  route 9.796ns (56.066%))
  Logic Levels:           30  (CARRY4=16 LUT2=2 LUT3=5 LUT4=3 LUT5=3 LUT6=1)
  Clock Path Skew:        0.011ns (DCD - SCD + CPR)
    Destination Clock Delay (DCD):    4.545ns = ( 24.545 - 20.000 ) 
    Source Clock Delay      (SCD):    4.791ns
    Clock Pessimism Removal (CPR):    0.258ns
  Clock Uncertainty:      0.035ns  ((TSJ^2 + TIJ^2)^1/2 + DJ) / 2 + PE
    Total System Jitter     (TSJ):    0.071ns
    Total Input Jitter      (TIJ):    0.000ns
    Discrete Jitter          (DJ):    0.000ns
    Phase Error              (PE):    0.000ns

    Location             Delay type                Incr(ns)  Path(ns)    Netlist Resource(s)
  -------------------------------------------------------------------    -------------------
                         (clock sys_clk rise edge)    0.000     0.000 r  
    N18                                               0.000     0.000 r  sys_clk (IN)
                         net (fo=0)                   0.000     0.000    sys_clk
    N18                  IBUF (Prop_ibuf_I_O)         1.392     1.392 r  sys_clk_IBUF_inst/O
                         net (fo=1, routed)           1.873     3.265    sys_clk_IBUF
    BUFGCTRL_X0Y16       BUFG (Prop_bufg_I_O)         0.085     3.350 r  sys_clk_IBUF_BUFG_inst/O
                         net (fo=2986, routed)        1.441     4.791    u_FIFO_to_FFT/u_peak_find/clk
    SLICE_X58Y96         FDCE                                         r  u_FIFO_to_FFT/u_peak_find/cur_second_harmonic_power_reg[2]/C
  -------------------------------------------------------------------    -------------------
    SLICE_X58Y96         FDCE (Prop_fdce_C_Q)         0.433     5.224 r  u_FIFO_to_FFT/u_peak_find/cur_second_harmonic_power_reg[2]/Q
                         net (fo=15, routed)          0.856     6.080    u_FIFO_to_FFT/u_peak_find/cur_second_harmonic_power[2]
    SLICE_X62Y100        LUT2 (Prop_lut2_I0_O)        0.105     6.185 r  u_FIFO_to_FFT/u_peak_find/second_harmonic_scaled[5]_i_54/O
                         net (fo=1, routed)           0.000     6.185    u_FIFO_to_FFT/u_peak_find/second_harmonic_scaled[5]_i_54_n_0
    SLICE_X62Y100        CARRY4 (Prop_carry4_S[1]_CO[3])
                                                      0.444     6.629 r  u_FIFO_to_FFT/u_peak_find/second_harmonic_scaled_reg[5]_i_45/CO[3]
                         net (fo=1, routed)           0.000     6.629    u_FIFO_to_FFT/u_peak_find/second_harmonic_scaled_reg[5]_i_45_n_0
    SLICE_X62Y101        CARRY4 (Prop_carry4_CI_CO[3])
                                                      0.100     6.729 r  u_FIFO_to_FFT/u_peak_find/second_harmonic_scaled_reg[9]_i_37/CO[3]
                         net (fo=1, routed)           0.000     6.729    u_FIFO_to_FFT/u_peak_find/second_harmonic_scaled_reg[9]_i_37_n_0
    SLICE_X62Y102        CARRY4 (Prop_carry4_CI_O[3])
                                                      0.262     6.991 r  u_FIFO_to_FFT/u_peak_find/second_harmonic_scaled_reg[13]_i_32/O[3]
                         net (fo=3, routed)           0.601     7.592    u_FIFO_to_FFT/u_peak_find/second_harmonic_scaled_reg[13]_i_32_n_4
    SLICE_X64Y102        LUT3 (Prop_lut3_I2_O)        0.250     7.842 f  u_FIFO_to_FFT/u_peak_find/second_harmonic_scaled[13]_i_34/O
                         net (fo=2, routed)           0.635     8.478    u_FIFO_to_FFT/u_peak_find/second_harmonic_scaled[13]_i_34_n_0
    SLICE_X56Y102        LUT5 (Prop_lut5_I3_O)        0.105     8.583 r  u_FIFO_to_FFT/u_peak_find/second_harmonic_scaled[13]_i_24/O
                         net (fo=2, routed)           0.328     8.911    u_FIFO_to_FFT/u_peak_find/second_harmonic_scaled[13]_i_24_n_0
    SLICE_X59Y103        LUT6 (Prop_lut6_I0_O)        0.105     9.016 r  u_FIFO_to_FFT/u_peak_find/second_harmonic_scaled[13]_i_28/O
                         net (fo=1, routed)           0.000     9.016    u_FIFO_to_FFT/u_peak_find/second_harmonic_scaled[13]_i_28_n_0
    SLICE_X59Y103        CARRY4 (Prop_carry4_S[0]_CO[3])
                                                      0.440     9.456 r  u_FIFO_to_FFT/u_peak_find/second_harmonic_scaled_reg[13]_i_12/CO[3]
                         net (fo=1, routed)           0.000     9.456    u_FIFO_to_FFT/u_peak_find/second_harmonic_scaled_reg[13]_i_12_n_0
    SLICE_X59Y104        CARRY4 (Prop_carry4_CI_CO[3])
                                                      0.098     9.554 r  u_FIFO_to_FFT/u_peak_find/second_harmonic_scaled_reg[20]_i_47/CO[3]
                         net (fo=1, routed)           0.000     9.554    u_FIFO_to_FFT/u_peak_find/second_harmonic_scaled_reg[20]_i_47_n_0
    SLICE_X59Y105        CARRY4 (Prop_carry4_CI_O[3])
                                                      0.260     9.814 r  u_FIFO_to_FFT/u_peak_find/second_harmonic_scaled_reg[20]_i_24/O[3]
                         net (fo=24, routed)          0.918    10.732    u_FIFO_to_FFT/u_peak_find/second_harmonic_scaled1[30]
    SLICE_X64Y100        LUT3 (Prop_lut3_I0_O)        0.267    10.999 r  u_FIFO_to_FFT/u_peak_find/second_harmonic_scaled[5]_i_36/O
                         net (fo=2, routed)           0.732    11.732    u_FIFO_to_FFT/u_peak_find/second_harmonic_scaled[5]_i_36_n_0
    SLICE_X64Y100        LUT4 (Prop_lut4_I0_O)        0.267    11.999 r  u_FIFO_to_FFT/u_peak_find/second_harmonic_scaled[5]_i_40/O
                         net (fo=1, routed)           0.000    11.999    u_FIFO_to_FFT/u_peak_find/second_harmonic_scaled[5]_i_40_n_0
    SLICE_X64Y100        CARRY4 (Prop_carry4_S[1]_CO[3])
                                                      0.457    12.456 r  u_FIFO_to_FFT/u_peak_find/second_harmonic_scaled_reg[5]_i_15/CO[3]
                         net (fo=1, routed)           0.000    12.456    u_FIFO_to_FFT/u_peak_find/second_harmonic_scaled_reg[5]_i_15_n_0
    SLICE_X64Y101        CARRY4 (Prop_carry4_CI_CO[3])
                                                      0.098    12.554 r  u_FIFO_to_FFT/u_peak_find/second_harmonic_scaled_reg[20]_i_37/CO[3]
                         net (fo=37, routed)          0.788    13.342    u_FIFO_to_FFT/u_peak_find/second_harmonic_scaled_reg[20]_i_37_n_0
    SLICE_X66Y102        LUT3 (Prop_lut3_I1_O)        0.105    13.447 f  u_FIFO_to_FFT/u_peak_find/second_harmonic_scaled[9]_i_13/O
                         net (fo=2, routed)           0.386    13.833    u_FIFO_to_FFT/u_peak_find/second_harmonic_scaled[9]_i_13_n_0
    SLICE_X66Y102        LUT5 (Prop_lut5_I3_O)        0.105    13.938 r  u_FIFO_to_FFT/u_peak_find/second_harmonic_scaled[9]_i_6/O
                         net (fo=2, routed)           0.528    14.466    u_FIFO_to_FFT/u_peak_find/second_harmonic_scaled[9]_i_6_n_0
    SLICE_X65Y102        CARRY4 (Prop_carry4_DI[0]_CO[3])
                                                      0.436    14.902 r  u_FIFO_to_FFT/u_peak_find/second_harmonic_scaled_reg[9]_i_2/CO[3]
                         net (fo=1, routed)           0.000    14.902    u_FIFO_to_FFT/u_peak_find/second_harmonic_scaled_reg[9]_i_2_n_0
    SLICE_X65Y103        CARRY4 (Prop_carry4_CI_CO[3])
                                                      0.098    15.000 r  u_FIFO_to_FFT/u_peak_find/second_harmonic_scaled_reg[13]_i_2/CO[3]
                         net (fo=1, routed)           0.000    15.000    u_FIFO_to_FFT/u_peak_find/second_harmonic_scaled_reg[13]_i_2_n_0
    SLICE_X65Y104        CARRY4 (Prop_carry4_CI_O[3])
                                                      0.260    15.260 f  u_FIFO_to_FFT/u_peak_find/second_harmonic_scaled_reg[17]_i_2/O[3]
                         net (fo=15, routed)          0.823    16.083    u_FIFO_to_FFT/u_peak_find/second_harmonic_scaled_reg[17]_i_2_n_4
    SLICE_X61Y105        LUT3 (Prop_lut3_I0_O)        0.267    16.350 r  u_FIFO_to_FFT/u_peak_find/second_harmonic_scaled[20]_i_159/O
                         net (fo=2, routed)           0.697    17.046    u_FIFO_to_FFT/u_peak_find/second_harmonic_scaled[20]_i_159_n_0
    SLICE_X61Y105        LUT4 (Prop_lut4_I0_O)        0.275    17.321 r  u_FIFO_to_FFT/u_peak_find/second_harmonic_scaled[20]_i_163/O
                         net (fo=1, routed)           0.000    17.321    u_FIFO_to_FFT/u_peak_find/second_harmonic_scaled[20]_i_163_n_0
    SLICE_X61Y105        CARRY4 (Prop_carry4_S[2]_CO[3])
                                                      0.332    17.653 r  u_FIFO_to_FFT/u_peak_find/second_harmonic_scaled_reg[20]_i_117/CO[3]
                         net (fo=1, routed)           0.000    17.653    u_FIFO_to_FFT/u_peak_find/second_harmonic_scaled_reg[20]_i_117_n_0
    SLICE_X61Y106        CARRY4 (Prop_carry4_CI_O[0])
                                                      0.180    17.833 r  u_FIFO_to_FFT/u_peak_find/second_harmonic_scaled_reg[20]_i_69/O[0]
                         net (fo=2, routed)           0.461    18.294    u_FIFO_to_FFT/u_peak_find/second_harmonic_scaled_reg[20]_i_69_n_7
    SLICE_X60Y105        LUT3 (Prop_lut3_I1_O)        0.272    18.566 r  u_FIFO_to_FFT/u_peak_find/second_harmonic_scaled[20]_i_61/O
                         net (fo=2, routed)           0.568    19.134    u_FIFO_to_FFT/u_peak_find/second_harmonic_scaled[20]_i_61_n_0
    SLICE_X60Y105        LUT4 (Prop_lut4_I3_O)        0.268    19.402 r  u_FIFO_to_FFT/u_peak_find/second_harmonic_scaled[20]_i_65/O
                         net (fo=1, routed)           0.000    19.402    u_FIFO_to_FFT/u_peak_find/second_harmonic_scaled[20]_i_65_n_0
    SLICE_X60Y105        CARRY4 (Prop_carry4_S[3]_CO[3])
                                                      0.332    19.734 r  u_FIFO_to_FFT/u_peak_find/second_harmonic_scaled_reg[20]_i_26/CO[3]
                         net (fo=1, routed)           0.000    19.734    u_FIFO_to_FFT/u_peak_find/second_harmonic_scaled_reg[20]_i_26_n_0
    SLICE_X60Y106        CARRY4 (Prop_carry4_CI_O[1])
                                                      0.265    19.999 r  u_FIFO_to_FFT/u_peak_find/second_harmonic_scaled_reg[20]_i_7/O[1]
                         net (fo=3, routed)           0.838    20.837    u_FIFO_to_FFT/u_peak_find/second_harmonic_scaled_reg[20]_i_7_n_6
    SLICE_X57Y102        LUT2 (Prop_lut2_I0_O)        0.266    21.103 r  u_FIFO_to_FFT/u_peak_find/second_harmonic_scaled[20]_i_18/O
                         net (fo=1, routed)           0.000    21.103    u_FIFO_to_FFT/u_peak_find/second_harmonic_scaled[20]_i_18_n_0
    SLICE_X57Y102        CARRY4 (Prop_carry4_DI[2]_CO[2])
                                                      0.263    21.366 r  u_FIFO_to_FFT/u_peak_find/second_harmonic_scaled_reg[20]_i_5/CO[2]
                         net (fo=21, routed)          0.636    22.002    u_FIFO_to_FFT/u_peak_find/second_harmonic_scaled_reg[20]_i_5_n_1
    SLICE_X56Y106        LUT5 (Prop_lut5_I1_O)        0.261    22.263 r  u_FIFO_to_FFT/u_peak_find/second_harmonic_scaled[6]_i_1/O
                         net (fo=1, routed)           0.000    22.263    u_FIFO_to_FFT/u_peak_find/second_harmonic_scaled[6]_i_1_n_0
    SLICE_X56Y106        FDCE                                         r  u_FIFO_to_FFT/u_peak_find/second_harmonic_scaled_reg[6]/D
  -------------------------------------------------------------------    -------------------

                         (clock sys_clk rise edge)   20.000    20.000 r  
    N18                                               0.000    20.000 r  sys_clk (IN)
                         net (fo=0)                   0.000    20.000    sys_clk
    N18                  IBUF (Prop_ibuf_I_O)         1.327    21.327 r  sys_clk_IBUF_inst/O
                         net (fo=1, routed)           1.701    23.028    sys_clk_IBUF
    BUFGCTRL_X0Y16       BUFG (Prop_bufg_I_O)         0.077    23.105 r  sys_clk_IBUF_BUFG_inst/O
                         net (fo=2986, routed)        1.440    24.545    u_FIFO_to_FFT/u_peak_find/clk
    SLICE_X56Y106        FDCE                                         r  u_FIFO_to_FFT/u_peak_find/second_harmonic_scaled_reg[6]/C
                         clock pessimism              0.258    24.802    
                         clock uncertainty           -0.035    24.767    
    SLICE_X56Y106        FDCE (Setup_fdce_C_D)        0.032    24.799    u_FIFO_to_FFT/u_peak_find/second_harmonic_scaled_reg[6]
  -------------------------------------------------------------------
                         required time                         24.799    
                         arrival time                         -22.263    
  -------------------------------------------------------------------
                         slack                                  2.536    

Slack (MET) :             2.554ns  (required time - arrival time)
  Source:                 u_FIFO_to_FFT/u_peak_find/cur_second_harmonic_power_reg[2]/C
                            (rising edge-triggered cell FDCE clocked by sys_clk  {rise@0.000ns fall@10.000ns period=20.000ns})
  Destination:            u_FIFO_to_FFT/u_peak_find/second_harmonic_scaled_reg[19]/D
                            (rising edge-triggered cell FDCE clocked by sys_clk  {rise@0.000ns fall@10.000ns period=20.000ns})
  Path Group:             sys_clk
  Path Type:              Setup (Max at Slow Process Corner)
  Requirement:            20.000ns  (sys_clk rise@20.000ns - sys_clk rise@0.000ns)
  Data Path Delay:        17.455ns  (logic 7.676ns (43.976%)  route 9.779ns (56.024%))
  Logic Levels:           30  (CARRY4=16 LUT2=2 LUT3=5 LUT4=3 LUT5=3 LUT6=1)
  Clock Path Skew:        0.011ns (DCD - SCD + CPR)
    Destination Clock Delay (DCD):    4.545ns = ( 24.545 - 20.000 ) 
    Source Clock Delay      (SCD):    4.791ns
    Clock Pessimism Removal (CPR):    0.258ns
  Clock Uncertainty:      0.035ns  ((TSJ^2 + TIJ^2)^1/2 + DJ) / 2 + PE
    Total System Jitter     (TSJ):    0.071ns
    Total Input Jitter      (TIJ):    0.000ns
    Discrete Jitter          (DJ):    0.000ns
    Phase Error              (PE):    0.000ns

    Location             Delay type                Incr(ns)  Path(ns)    Netlist Resource(s)
  -------------------------------------------------------------------    -------------------
                         (clock sys_clk rise edge)    0.000     0.000 r  
    N18                                               0.000     0.000 r  sys_clk (IN)
                         net (fo=0)                   0.000     0.000    sys_clk
    N18                  IBUF (Prop_ibuf_I_O)         1.392     1.392 r  sys_clk_IBUF_inst/O
                         net (fo=1, routed)           1.873     3.265    sys_clk_IBUF
    BUFGCTRL_X0Y16       BUFG (Prop_bufg_I_O)         0.085     3.350 r  sys_clk_IBUF_BUFG_inst/O
                         net (fo=2986, routed)        1.441     4.791    u_FIFO_to_FFT/u_peak_find/clk
    SLICE_X58Y96         FDCE                                         r  u_FIFO_to_FFT/u_peak_find/cur_second_harmonic_power_reg[2]/C
  -------------------------------------------------------------------    -------------------
    SLICE_X58Y96         FDCE (Prop_fdce_C_Q)         0.433     5.224 r  u_FIFO_to_FFT/u_peak_find/cur_second_harmonic_power_reg[2]/Q
                         net (fo=15, routed)          0.856     6.080    u_FIFO_to_FFT/u_peak_find/cur_second_harmonic_power[2]
    SLICE_X62Y100        LUT2 (Prop_lut2_I0_O)        0.105     6.185 r  u_FIFO_to_FFT/u_peak_find/second_harmonic_scaled[5]_i_54/O
                         net (fo=1, routed)           0.000     6.185    u_FIFO_to_FFT/u_peak_find/second_harmonic_scaled[5]_i_54_n_0
    SLICE_X62Y100        CARRY4 (Prop_carry4_S[1]_CO[3])
                                                      0.444     6.629 r  u_FIFO_to_FFT/u_peak_find/second_harmonic_scaled_reg[5]_i_45/CO[3]
                         net (fo=1, routed)           0.000     6.629    u_FIFO_to_FFT/u_peak_find/second_harmonic_scaled_reg[5]_i_45_n_0
    SLICE_X62Y101        CARRY4 (Prop_carry4_CI_CO[3])
                                                      0.100     6.729 r  u_FIFO_to_FFT/u_peak_find/second_harmonic_scaled_reg[9]_i_37/CO[3]
                         net (fo=1, routed)           0.000     6.729    u_FIFO_to_FFT/u_peak_find/second_harmonic_scaled_reg[9]_i_37_n_0
    SLICE_X62Y102        CARRY4 (Prop_carry4_CI_O[3])
                                                      0.262     6.991 r  u_FIFO_to_FFT/u_peak_find/second_harmonic_scaled_reg[13]_i_32/O[3]
                         net (fo=3, routed)           0.601     7.592    u_FIFO_to_FFT/u_peak_find/second_harmonic_scaled_reg[13]_i_32_n_4
    SLICE_X64Y102        LUT3 (Prop_lut3_I2_O)        0.250     7.842 f  u_FIFO_to_FFT/u_peak_find/second_harmonic_scaled[13]_i_34/O
                         net (fo=2, routed)           0.635     8.478    u_FIFO_to_FFT/u_peak_find/second_harmonic_scaled[13]_i_34_n_0
    SLICE_X56Y102        LUT5 (Prop_lut5_I3_O)        0.105     8.583 r  u_FIFO_to_FFT/u_peak_find/second_harmonic_scaled[13]_i_24/O
                         net (fo=2, routed)           0.328     8.911    u_FIFO_to_FFT/u_peak_find/second_harmonic_scaled[13]_i_24_n_0
    SLICE_X59Y103        LUT6 (Prop_lut6_I0_O)        0.105     9.016 r  u_FIFO_to_FFT/u_peak_find/second_harmonic_scaled[13]_i_28/O
                         net (fo=1, routed)           0.000     9.016    u_FIFO_to_FFT/u_peak_find/second_harmonic_scaled[13]_i_28_n_0
    SLICE_X59Y103        CARRY4 (Prop_carry4_S[0]_CO[3])
                                                      0.440     9.456 r  u_FIFO_to_FFT/u_peak_find/second_harmonic_scaled_reg[13]_i_12/CO[3]
                         net (fo=1, routed)           0.000     9.456    u_FIFO_to_FFT/u_peak_find/second_harmonic_scaled_reg[13]_i_12_n_0
    SLICE_X59Y104        CARRY4 (Prop_carry4_CI_CO[3])
                                                      0.098     9.554 r  u_FIFO_to_FFT/u_peak_find/second_harmonic_scaled_reg[20]_i_47/CO[3]
                         net (fo=1, routed)           0.000     9.554    u_FIFO_to_FFT/u_peak_find/second_harmonic_scaled_reg[20]_i_47_n_0
    SLICE_X59Y105        CARRY4 (Prop_carry4_CI_O[3])
                                                      0.260     9.814 r  u_FIFO_to_FFT/u_peak_find/second_harmonic_scaled_reg[20]_i_24/O[3]
                         net (fo=24, routed)          0.918    10.732    u_FIFO_to_FFT/u_peak_find/second_harmonic_scaled1[30]
    SLICE_X64Y100        LUT3 (Prop_lut3_I0_O)        0.267    10.999 r  u_FIFO_to_FFT/u_peak_find/second_harmonic_scaled[5]_i_36/O
                         net (fo=2, routed)           0.732    11.732    u_FIFO_to_FFT/u_peak_find/second_harmonic_scaled[5]_i_36_n_0
    SLICE_X64Y100        LUT4 (Prop_lut4_I0_O)        0.267    11.999 r  u_FIFO_to_FFT/u_peak_find/second_harmonic_scaled[5]_i_40/O
                         net (fo=1, routed)           0.000    11.999    u_FIFO_to_FFT/u_peak_find/second_harmonic_scaled[5]_i_40_n_0
    SLICE_X64Y100        CARRY4 (Prop_carry4_S[1]_CO[3])
                                                      0.457    12.456 r  u_FIFO_to_FFT/u_peak_find/second_harmonic_scaled_reg[5]_i_15/CO[3]
                         net (fo=1, routed)           0.000    12.456    u_FIFO_to_FFT/u_peak_find/second_harmonic_scaled_reg[5]_i_15_n_0
    SLICE_X64Y101        CARRY4 (Prop_carry4_CI_CO[3])
                                                      0.098    12.554 r  u_FIFO_to_FFT/u_peak_find/second_harmonic_scaled_reg[20]_i_37/CO[3]
                         net (fo=37, routed)          0.788    13.342    u_FIFO_to_FFT/u_peak_find/second_harmonic_scaled_reg[20]_i_37_n_0
    SLICE_X66Y102        LUT3 (Prop_lut3_I1_O)        0.105    13.447 f  u_FIFO_to_FFT/u_peak_find/second_harmonic_scaled[9]_i_13/O
                         net (fo=2, routed)           0.386    13.833    u_FIFO_to_FFT/u_peak_find/second_harmonic_scaled[9]_i_13_n_0
    SLICE_X66Y102        LUT5 (Prop_lut5_I3_O)        0.105    13.938 r  u_FIFO_to_FFT/u_peak_find/second_harmonic_scaled[9]_i_6/O
                         net (fo=2, routed)           0.528    14.466    u_FIFO_to_FFT/u_peak_find/second_harmonic_scaled[9]_i_6_n_0
    SLICE_X65Y102        CARRY4 (Prop_carry4_DI[0]_CO[3])
                                                      0.436    14.902 r  u_FIFO_to_FFT/u_peak_find/second_harmonic_scaled_reg[9]_i_2/CO[3]
                         net (fo=1, routed)           0.000    14.902    u_FIFO_to_FFT/u_peak_find/second_harmonic_scaled_reg[9]_i_2_n_0
    SLICE_X65Y103        CARRY4 (Prop_carry4_CI_CO[3])
                                                      0.098    15.000 r  u_FIFO_to_FFT/u_peak_find/second_harmonic_scaled_reg[13]_i_2/CO[3]
                         net (fo=1, routed)           0.000    15.000    u_FIFO_to_FFT/u_peak_find/second_harmonic_scaled_reg[13]_i_2_n_0
    SLICE_X65Y104        CARRY4 (Prop_carry4_CI_O[3])
                                                      0.260    15.260 f  u_FIFO_to_FFT/u_peak_find/second_harmonic_scaled_reg[17]_i_2/O[3]
                         net (fo=15, routed)          0.823    16.083    u_FIFO_to_FFT/u_peak_find/second_harmonic_scaled_reg[17]_i_2_n_4
    SLICE_X61Y105        LUT3 (Prop_lut3_I0_O)        0.267    16.350 r  u_FIFO_to_FFT/u_peak_find/second_harmonic_scaled[20]_i_159/O
                         net (fo=2, routed)           0.697    17.046    u_FIFO_to_FFT/u_peak_find/second_harmonic_scaled[20]_i_159_n_0
    SLICE_X61Y105        LUT4 (Prop_lut4_I0_O)        0.275    17.321 r  u_FIFO_to_FFT/u_peak_find/second_harmonic_scaled[20]_i_163/O
                         net (fo=1, routed)           0.000    17.321    u_FIFO_to_FFT/u_peak_find/second_harmonic_scaled[20]_i_163_n_0
    SLICE_X61Y105        CARRY4 (Prop_carry4_S[2]_CO[3])
                                                      0.332    17.653 r  u_FIFO_to_FFT/u_peak_find/second_harmonic_scaled_reg[20]_i_117/CO[3]
                         net (fo=1, routed)           0.000    17.653    u_FIFO_to_FFT/u_peak_find/second_harmonic_scaled_reg[20]_i_117_n_0
    SLICE_X61Y106        CARRY4 (Prop_carry4_CI_O[0])
                                                      0.180    17.833 r  u_FIFO_to_FFT/u_peak_find/second_harmonic_scaled_reg[20]_i_69/O[0]
                         net (fo=2, routed)           0.461    18.294    u_FIFO_to_FFT/u_peak_find/second_harmonic_scaled_reg[20]_i_69_n_7
    SLICE_X60Y105        LUT3 (Prop_lut3_I1_O)        0.272    18.566 r  u_FIFO_to_FFT/u_peak_find/second_harmonic_scaled[20]_i_61/O
                         net (fo=2, routed)           0.568    19.134    u_FIFO_to_FFT/u_peak_find/second_harmonic_scaled[20]_i_61_n_0
    SLICE_X60Y105        LUT4 (Prop_lut4_I3_O)        0.268    19.402 r  u_FIFO_to_FFT/u_peak_find/second_harmonic_scaled[20]_i_65/O
                         net (fo=1, routed)           0.000    19.402    u_FIFO_to_FFT/u_peak_find/second_harmonic_scaled[20]_i_65_n_0
    SLICE_X60Y105        CARRY4 (Prop_carry4_S[3]_CO[3])
                                                      0.332    19.734 r  u_FIFO_to_FFT/u_peak_find/second_harmonic_scaled_reg[20]_i_26/CO[3]
                         net (fo=1, routed)           0.000    19.734    u_FIFO_to_FFT/u_peak_find/second_harmonic_scaled_reg[20]_i_26_n_0
    SLICE_X60Y106        CARRY4 (Prop_carry4_CI_O[1])
                                                      0.265    19.999 r  u_FIFO_to_FFT/u_peak_find/second_harmonic_scaled_reg[20]_i_7/O[1]
                         net (fo=3, routed)           0.838    20.837    u_FIFO_to_FFT/u_peak_find/second_harmonic_scaled_reg[20]_i_7_n_6
    SLICE_X57Y102        LUT2 (Prop_lut2_I0_O)        0.266    21.103 r  u_FIFO_to_FFT/u_peak_find/second_harmonic_scaled[20]_i_18/O
                         net (fo=1, routed)           0.000    21.103    u_FIFO_to_FFT/u_peak_find/second_harmonic_scaled[20]_i_18_n_0
    SLICE_X57Y102        CARRY4 (Prop_carry4_DI[2]_CO[2])
                                                      0.263    21.366 r  u_FIFO_to_FFT/u_peak_find/second_harmonic_scaled_reg[20]_i_5/CO[2]
                         net (fo=21, routed)          0.619    21.985    u_FIFO_to_FFT/u_peak_find/second_harmonic_scaled_reg[20]_i_5_n_1
    SLICE_X56Y107        LUT5 (Prop_lut5_I1_O)        0.261    22.246 r  u_FIFO_to_FFT/u_peak_find/second_harmonic_scaled[19]_i_1/O
                         net (fo=1, routed)           0.000    22.246    u_FIFO_to_FFT/u_peak_find/second_harmonic_scaled[19]_i_1_n_0
    SLICE_X56Y107        FDCE                                         r  u_FIFO_to_FFT/u_peak_find/second_harmonic_scaled_reg[19]/D
  -------------------------------------------------------------------    -------------------

                         (clock sys_clk rise edge)   20.000    20.000 r  
    N18                                               0.000    20.000 r  sys_clk (IN)
                         net (fo=0)                   0.000    20.000    sys_clk
    N18                  IBUF (Prop_ibuf_I_O)         1.327    21.327 r  sys_clk_IBUF_inst/O
                         net (fo=1, routed)           1.701    23.028    sys_clk_IBUF
    BUFGCTRL_X0Y16       BUFG (Prop_bufg_I_O)         0.077    23.105 r  sys_clk_IBUF_BUFG_inst/O
                         net (fo=2986, routed)        1.440    24.545    u_FIFO_to_FFT/u_peak_find/clk
    SLICE_X56Y107        FDCE                                         r  u_FIFO_to_FFT/u_peak_find/second_harmonic_scaled_reg[19]/C
                         clock pessimism              0.258    24.802    
                         clock uncertainty           -0.035    24.767    
    SLICE_X56Y107        FDCE (Setup_fdce_C_D)        0.033    24.800    u_FIFO_to_FFT/u_peak_find/second_harmonic_scaled_reg[19]
  -------------------------------------------------------------------
                         required time                         24.800    
                         arrival time                         -22.246    
  -------------------------------------------------------------------
                         slack                                  2.554    

Slack (MET) :             2.557ns  (required time - arrival time)
  Source:                 u_FIFO_to_FFT/u_peak_find/cur_second_harmonic_power_reg[2]/C
                            (rising edge-triggered cell FDCE clocked by sys_clk  {rise@0.000ns fall@10.000ns period=20.000ns})
  Destination:            u_FIFO_to_FFT/u_peak_find/second_harmonic_scaled_reg[18]/D
                            (rising edge-triggered cell FDCE clocked by sys_clk  {rise@0.000ns fall@10.000ns period=20.000ns})
  Path Group:             sys_clk
  Path Type:              Setup (Max at Slow Process Corner)
  Requirement:            20.000ns  (sys_clk rise@20.000ns - sys_clk rise@0.000ns)
  Data Path Delay:        17.450ns  (logic 7.676ns (43.988%)  route 9.774ns (56.012%))
  Logic Levels:           30  (CARRY4=16 LUT2=2 LUT3=5 LUT4=3 LUT5=3 LUT6=1)
  Clock Path Skew:        0.011ns (DCD - SCD + CPR)
    Destination Clock Delay (DCD):    4.545ns = ( 24.545 - 20.000 ) 
    Source Clock Delay      (SCD):    4.791ns
    Clock Pessimism Removal (CPR):    0.258ns
  Clock Uncertainty:      0.035ns  ((TSJ^2 + TIJ^2)^1/2 + DJ) / 2 + PE
    Total System Jitter     (TSJ):    0.071ns
    Total Input Jitter      (TIJ):    0.000ns
    Discrete Jitter          (DJ):    0.000ns
    Phase Error              (PE):    0.000ns

    Location             Delay type                Incr(ns)  Path(ns)    Netlist Resource(s)
  -------------------------------------------------------------------    -------------------
                         (clock sys_clk rise edge)    0.000     0.000 r  
    N18                                               0.000     0.000 r  sys_clk (IN)
                         net (fo=0)                   0.000     0.000    sys_clk
    N18                  IBUF (Prop_ibuf_I_O)         1.392     1.392 r  sys_clk_IBUF_inst/O
                         net (fo=1, routed)           1.873     3.265    sys_clk_IBUF
    BUFGCTRL_X0Y16       BUFG (Prop_bufg_I_O)         0.085     3.350 r  sys_clk_IBUF_BUFG_inst/O
                         net (fo=2986, routed)        1.441     4.791    u_FIFO_to_FFT/u_peak_find/clk
    SLICE_X58Y96         FDCE                                         r  u_FIFO_to_FFT/u_peak_find/cur_second_harmonic_power_reg[2]/C
  -------------------------------------------------------------------    -------------------
    SLICE_X58Y96         FDCE (Prop_fdce_C_Q)         0.433     5.224 r  u_FIFO_to_FFT/u_peak_find/cur_second_harmonic_power_reg[2]/Q
                         net (fo=15, routed)          0.856     6.080    u_FIFO_to_FFT/u_peak_find/cur_second_harmonic_power[2]
    SLICE_X62Y100        LUT2 (Prop_lut2_I0_O)        0.105     6.185 r  u_FIFO_to_FFT/u_peak_find/second_harmonic_scaled[5]_i_54/O
                         net (fo=1, routed)           0.000     6.185    u_FIFO_to_FFT/u_peak_find/second_harmonic_scaled[5]_i_54_n_0
    SLICE_X62Y100        CARRY4 (Prop_carry4_S[1]_CO[3])
                                                      0.444     6.629 r  u_FIFO_to_FFT/u_peak_find/second_harmonic_scaled_reg[5]_i_45/CO[3]
                         net (fo=1, routed)           0.000     6.629    u_FIFO_to_FFT/u_peak_find/second_harmonic_scaled_reg[5]_i_45_n_0
    SLICE_X62Y101        CARRY4 (Prop_carry4_CI_CO[3])
                                                      0.100     6.729 r  u_FIFO_to_FFT/u_peak_find/second_harmonic_scaled_reg[9]_i_37/CO[3]
                         net (fo=1, routed)           0.000     6.729    u_FIFO_to_FFT/u_peak_find/second_harmonic_scaled_reg[9]_i_37_n_0
    SLICE_X62Y102        CARRY4 (Prop_carry4_CI_O[3])
                                                      0.262     6.991 r  u_FIFO_to_FFT/u_peak_find/second_harmonic_scaled_reg[13]_i_32/O[3]
                         net (fo=3, routed)           0.601     7.592    u_FIFO_to_FFT/u_peak_find/second_harmonic_scaled_reg[13]_i_32_n_4
    SLICE_X64Y102        LUT3 (Prop_lut3_I2_O)        0.250     7.842 f  u_FIFO_to_FFT/u_peak_find/second_harmonic_scaled[13]_i_34/O
                         net (fo=2, routed)           0.635     8.478    u_FIFO_to_FFT/u_peak_find/second_harmonic_scaled[13]_i_34_n_0
    SLICE_X56Y102        LUT5 (Prop_lut5_I3_O)        0.105     8.583 r  u_FIFO_to_FFT/u_peak_find/second_harmonic_scaled[13]_i_24/O
                         net (fo=2, routed)           0.328     8.911    u_FIFO_to_FFT/u_peak_find/second_harmonic_scaled[13]_i_24_n_0
    SLICE_X59Y103        LUT6 (Prop_lut6_I0_O)        0.105     9.016 r  u_FIFO_to_FFT/u_peak_find/second_harmonic_scaled[13]_i_28/O
                         net (fo=1, routed)           0.000     9.016    u_FIFO_to_FFT/u_peak_find/second_harmonic_scaled[13]_i_28_n_0
    SLICE_X59Y103        CARRY4 (Prop_carry4_S[0]_CO[3])
                                                      0.440     9.456 r  u_FIFO_to_FFT/u_peak_find/second_harmonic_scaled_reg[13]_i_12/CO[3]
                         net (fo=1, routed)           0.000     9.456    u_FIFO_to_FFT/u_peak_find/second_harmonic_scaled_reg[13]_i_12_n_0
    SLICE_X59Y104        CARRY4 (Prop_carry4_CI_CO[3])
                                                      0.098     9.554 r  u_FIFO_to_FFT/u_peak_find/second_harmonic_scaled_reg[20]_i_47/CO[3]
                         net (fo=1, routed)           0.000     9.554    u_FIFO_to_FFT/u_peak_find/second_harmonic_scaled_reg[20]_i_47_n_0
    SLICE_X59Y105        CARRY4 (Prop_carry4_CI_O[3])
                                                      0.260     9.814 r  u_FIFO_to_FFT/u_peak_find/second_harmonic_scaled_reg[20]_i_24/O[3]
                         net (fo=24, routed)          0.918    10.732    u_FIFO_to_FFT/u_peak_find/second_harmonic_scaled1[30]
    SLICE_X64Y100        LUT3 (Prop_lut3_I0_O)        0.267    10.999 r  u_FIFO_to_FFT/u_peak_find/second_harmonic_scaled[5]_i_36/O
                         net (fo=2, routed)           0.732    11.732    u_FIFO_to_FFT/u_peak_find/second_harmonic_scaled[5]_i_36_n_0
    SLICE_X64Y100        LUT4 (Prop_lut4_I0_O)        0.267    11.999 r  u_FIFO_to_FFT/u_peak_find/second_harmonic_scaled[5]_i_40/O
                         net (fo=1, routed)           0.000    11.999    u_FIFO_to_FFT/u_peak_find/second_harmonic_scaled[5]_i_40_n_0
    SLICE_X64Y100        CARRY4 (Prop_carry4_S[1]_CO[3])
                                                      0.457    12.456 r  u_FIFO_to_FFT/u_peak_find/second_harmonic_scaled_reg[5]_i_15/CO[3]
                         net (fo=1, routed)           0.000    12.456    u_FIFO_to_FFT/u_peak_find/second_harmonic_scaled_reg[5]_i_15_n_0
    SLICE_X64Y101        CARRY4 (Prop_carry4_CI_CO[3])
                                                      0.098    12.554 r  u_FIFO_to_FFT/u_peak_find/second_harmonic_scaled_reg[20]_i_37/CO[3]
                         net (fo=37, routed)          0.788    13.342    u_FIFO_to_FFT/u_peak_find/second_harmonic_scaled_reg[20]_i_37_n_0
    SLICE_X66Y102        LUT3 (Prop_lut3_I1_O)        0.105    13.447 f  u_FIFO_to_FFT/u_peak_find/second_harmonic_scaled[9]_i_13/O
                         net (fo=2, routed)           0.386    13.833    u_FIFO_to_FFT/u_peak_find/second_harmonic_scaled[9]_i_13_n_0
    SLICE_X66Y102        LUT5 (Prop_lut5_I3_O)        0.105    13.938 r  u_FIFO_to_FFT/u_peak_find/second_harmonic_scaled[9]_i_6/O
                         net (fo=2, routed)           0.528    14.466    u_FIFO_to_FFT/u_peak_find/second_harmonic_scaled[9]_i_6_n_0
    SLICE_X65Y102        CARRY4 (Prop_carry4_DI[0]_CO[3])
                                                      0.436    14.902 r  u_FIFO_to_FFT/u_peak_find/second_harmonic_scaled_reg[9]_i_2/CO[3]
                         net (fo=1, routed)           0.000    14.902    u_FIFO_to_FFT/u_peak_find/second_harmonic_scaled_reg[9]_i_2_n_0
    SLICE_X65Y103        CARRY4 (Prop_carry4_CI_CO[3])
                                                      0.098    15.000 r  u_FIFO_to_FFT/u_peak_find/second_harmonic_scaled_reg[13]_i_2/CO[3]
                         net (fo=1, routed)           0.000    15.000    u_FIFO_to_FFT/u_peak_find/second_harmonic_scaled_reg[13]_i_2_n_0
    SLICE_X65Y104        CARRY4 (Prop_carry4_CI_O[3])
                                                      0.260    15.260 f  u_FIFO_to_FFT/u_peak_find/second_harmonic_scaled_reg[17]_i_2/O[3]
                         net (fo=15, routed)          0.823    16.083    u_FIFO_to_FFT/u_peak_find/second_harmonic_scaled_reg[17]_i_2_n_4
    SLICE_X61Y105        LUT3 (Prop_lut3_I0_O)        0.267    16.350 r  u_FIFO_to_FFT/u_peak_find/second_harmonic_scaled[20]_i_159/O
                         net (fo=2, routed)           0.697    17.046    u_FIFO_to_FFT/u_peak_find/second_harmonic_scaled[20]_i_159_n_0
    SLICE_X61Y105        LUT4 (Prop_lut4_I0_O)        0.275    17.321 r  u_FIFO_to_FFT/u_peak_find/second_harmonic_scaled[20]_i_163/O
                         net (fo=1, routed)           0.000    17.321    u_FIFO_to_FFT/u_peak_find/second_harmonic_scaled[20]_i_163_n_0
    SLICE_X61Y105        CARRY4 (Prop_carry4_S[2]_CO[3])
                                                      0.332    17.653 r  u_FIFO_to_FFT/u_peak_find/second_harmonic_scaled_reg[20]_i_117/CO[3]
                         net (fo=1, routed)           0.000    17.653    u_FIFO_to_FFT/u_peak_find/second_harmonic_scaled_reg[20]_i_117_n_0
    SLICE_X61Y106        CARRY4 (Prop_carry4_CI_O[0])
                                                      0.180    17.833 r  u_FIFO_to_FFT/u_peak_find/second_harmonic_scaled_reg[20]_i_69/O[0]
                         net (fo=2, routed)           0.461    18.294    u_FIFO_to_FFT/u_peak_find/second_harmonic_scaled_reg[20]_i_69_n_7
    SLICE_X60Y105        LUT3 (Prop_lut3_I1_O)        0.272    18.566 r  u_FIFO_to_FFT/u_peak_find/second_harmonic_scaled[20]_i_61/O
                         net (fo=2, routed)           0.568    19.134    u_FIFO_to_FFT/u_peak_find/second_harmonic_scaled[20]_i_61_n_0
    SLICE_X60Y105        LUT4 (Prop_lut4_I3_O)        0.268    19.402 r  u_FIFO_to_FFT/u_peak_find/second_harmonic_scaled[20]_i_65/O
                         net (fo=1, routed)           0.000    19.402    u_FIFO_to_FFT/u_peak_find/second_harmonic_scaled[20]_i_65_n_0
    SLICE_X60Y105        CARRY4 (Prop_carry4_S[3]_CO[3])
                                                      0.332    19.734 r  u_FIFO_to_FFT/u_peak_find/second_harmonic_scaled_reg[20]_i_26/CO[3]
                         net (fo=1, routed)           0.000    19.734    u_FIFO_to_FFT/u_peak_find/second_harmonic_scaled_reg[20]_i_26_n_0
    SLICE_X60Y106        CARRY4 (Prop_carry4_CI_O[1])
                                                      0.265    19.999 r  u_FIFO_to_FFT/u_peak_find/second_harmonic_scaled_reg[20]_i_7/O[1]
                         net (fo=3, routed)           0.838    20.837    u_FIFO_to_FFT/u_peak_find/second_harmonic_scaled_reg[20]_i_7_n_6
    SLICE_X57Y102        LUT2 (Prop_lut2_I0_O)        0.266    21.103 r  u_FIFO_to_FFT/u_peak_find/second_harmonic_scaled[20]_i_18/O
                         net (fo=1, routed)           0.000    21.103    u_FIFO_to_FFT/u_peak_find/second_harmonic_scaled[20]_i_18_n_0
    SLICE_X57Y102        CARRY4 (Prop_carry4_DI[2]_CO[2])
                                                      0.263    21.366 r  u_FIFO_to_FFT/u_peak_find/second_harmonic_scaled_reg[20]_i_5/CO[2]
                         net (fo=21, routed)          0.615    21.980    u_FIFO_to_FFT/u_peak_find/second_harmonic_scaled_reg[20]_i_5_n_1
    SLICE_X56Y107        LUT5 (Prop_lut5_I1_O)        0.261    22.241 r  u_FIFO_to_FFT/u_peak_find/second_harmonic_scaled[18]_i_1/O
                         net (fo=1, routed)           0.000    22.241    u_FIFO_to_FFT/u_peak_find/second_harmonic_scaled[18]_i_1_n_0
    SLICE_X56Y107        FDCE                                         r  u_FIFO_to_FFT/u_peak_find/second_harmonic_scaled_reg[18]/D
  -------------------------------------------------------------------    -------------------

                         (clock sys_clk rise edge)   20.000    20.000 r  
    N18                                               0.000    20.000 r  sys_clk (IN)
                         net (fo=0)                   0.000    20.000    sys_clk
    N18                  IBUF (Prop_ibuf_I_O)         1.327    21.327 r  sys_clk_IBUF_inst/O
                         net (fo=1, routed)           1.701    23.028    sys_clk_IBUF
    BUFGCTRL_X0Y16       BUFG (Prop_bufg_I_O)         0.077    23.105 r  sys_clk_IBUF_BUFG_inst/O
                         net (fo=2986, routed)        1.440    24.545    u_FIFO_to_FFT/u_peak_find/clk
    SLICE_X56Y107        FDCE                                         r  u_FIFO_to_FFT/u_peak_find/second_harmonic_scaled_reg[18]/C
                         clock pessimism              0.258    24.802    
                         clock uncertainty           -0.035    24.767    
    SLICE_X56Y107        FDCE (Setup_fdce_C_D)        0.032    24.799    u_FIFO_to_FFT/u_peak_find/second_harmonic_scaled_reg[18]
  -------------------------------------------------------------------
                         required time                         24.799    
                         arrival time                         -22.241    
  -------------------------------------------------------------------
                         slack                                  2.557    

Slack (MET) :             2.563ns  (required time - arrival time)
  Source:                 u_FIFO_to_FFT/u_peak_find/cur_second_harmonic_power_reg[2]/C
                            (rising edge-triggered cell FDCE clocked by sys_clk  {rise@0.000ns fall@10.000ns period=20.000ns})
  Destination:            u_FIFO_to_FFT/u_peak_find/second_harmonic_scaled_reg[17]/D
                            (rising edge-triggered cell FDCE clocked by sys_clk  {rise@0.000ns fall@10.000ns period=20.000ns})
  Path Group:             sys_clk
  Path Type:              Setup (Max at Slow Process Corner)
  Requirement:            20.000ns  (sys_clk rise@20.000ns - sys_clk rise@0.000ns)
  Data Path Delay:        17.443ns  (logic 7.676ns (44.007%)  route 9.767ns (55.993%))
  Logic Levels:           30  (CARRY4=16 LUT2=2 LUT3=5 LUT4=3 LUT5=3 LUT6=1)
  Clock Path Skew:        0.009ns (DCD - SCD + CPR)
    Destination Clock Delay (DCD):    4.543ns = ( 24.543 - 20.000 ) 
    Source Clock Delay      (SCD):    4.791ns
    Clock Pessimism Removal (CPR):    0.258ns
  Clock Uncertainty:      0.035ns  ((TSJ^2 + TIJ^2)^1/2 + DJ) / 2 + PE
    Total System Jitter     (TSJ):    0.071ns
    Total Input Jitter      (TIJ):    0.000ns
    Discrete Jitter          (DJ):    0.000ns
    Phase Error              (PE):    0.000ns

    Location             Delay type                Incr(ns)  Path(ns)    Netlist Resource(s)
  -------------------------------------------------------------------    -------------------
                         (clock sys_clk rise edge)    0.000     0.000 r  
    N18                                               0.000     0.000 r  sys_clk (IN)
                         net (fo=0)                   0.000     0.000    sys_clk
    N18                  IBUF (Prop_ibuf_I_O)         1.392     1.392 r  sys_clk_IBUF_inst/O
                         net (fo=1, routed)           1.873     3.265    sys_clk_IBUF
    BUFGCTRL_X0Y16       BUFG (Prop_bufg_I_O)         0.085     3.350 r  sys_clk_IBUF_BUFG_inst/O
                         net (fo=2986, routed)        1.441     4.791    u_FIFO_to_FFT/u_peak_find/clk
    SLICE_X58Y96         FDCE                                         r  u_FIFO_to_FFT/u_peak_find/cur_second_harmonic_power_reg[2]/C
  -------------------------------------------------------------------    -------------------
    SLICE_X58Y96         FDCE (Prop_fdce_C_Q)         0.433     5.224 r  u_FIFO_to_FFT/u_peak_find/cur_second_harmonic_power_reg[2]/Q
                         net (fo=15, routed)          0.856     6.080    u_FIFO_to_FFT/u_peak_find/cur_second_harmonic_power[2]
    SLICE_X62Y100        LUT2 (Prop_lut2_I0_O)        0.105     6.185 r  u_FIFO_to_FFT/u_peak_find/second_harmonic_scaled[5]_i_54/O
                         net (fo=1, routed)           0.000     6.185    u_FIFO_to_FFT/u_peak_find/second_harmonic_scaled[5]_i_54_n_0
    SLICE_X62Y100        CARRY4 (Prop_carry4_S[1]_CO[3])
                                                      0.444     6.629 r  u_FIFO_to_FFT/u_peak_find/second_harmonic_scaled_reg[5]_i_45/CO[3]
                         net (fo=1, routed)           0.000     6.629    u_FIFO_to_FFT/u_peak_find/second_harmonic_scaled_reg[5]_i_45_n_0
    SLICE_X62Y101        CARRY4 (Prop_carry4_CI_CO[3])
                                                      0.100     6.729 r  u_FIFO_to_FFT/u_peak_find/second_harmonic_scaled_reg[9]_i_37/CO[3]
                         net (fo=1, routed)           0.000     6.729    u_FIFO_to_FFT/u_peak_find/second_harmonic_scaled_reg[9]_i_37_n_0
    SLICE_X62Y102        CARRY4 (Prop_carry4_CI_O[3])
                                                      0.262     6.991 r  u_FIFO_to_FFT/u_peak_find/second_harmonic_scaled_reg[13]_i_32/O[3]
                         net (fo=3, routed)           0.601     7.592    u_FIFO_to_FFT/u_peak_find/second_harmonic_scaled_reg[13]_i_32_n_4
    SLICE_X64Y102        LUT3 (Prop_lut3_I2_O)        0.250     7.842 f  u_FIFO_to_FFT/u_peak_find/second_harmonic_scaled[13]_i_34/O
                         net (fo=2, routed)           0.635     8.478    u_FIFO_to_FFT/u_peak_find/second_harmonic_scaled[13]_i_34_n_0
    SLICE_X56Y102        LUT5 (Prop_lut5_I3_O)        0.105     8.583 r  u_FIFO_to_FFT/u_peak_find/second_harmonic_scaled[13]_i_24/O
                         net (fo=2, routed)           0.328     8.911    u_FIFO_to_FFT/u_peak_find/second_harmonic_scaled[13]_i_24_n_0
    SLICE_X59Y103        LUT6 (Prop_lut6_I0_O)        0.105     9.016 r  u_FIFO_to_FFT/u_peak_find/second_harmonic_scaled[13]_i_28/O
                         net (fo=1, routed)           0.000     9.016    u_FIFO_to_FFT/u_peak_find/second_harmonic_scaled[13]_i_28_n_0
    SLICE_X59Y103        CARRY4 (Prop_carry4_S[0]_CO[3])
                                                      0.440     9.456 r  u_FIFO_to_FFT/u_peak_find/second_harmonic_scaled_reg[13]_i_12/CO[3]
                         net (fo=1, routed)           0.000     9.456    u_FIFO_to_FFT/u_peak_find/second_harmonic_scaled_reg[13]_i_12_n_0
    SLICE_X59Y104        CARRY4 (Prop_carry4_CI_CO[3])
                                                      0.098     9.554 r  u_FIFO_to_FFT/u_peak_find/second_harmonic_scaled_reg[20]_i_47/CO[3]
                         net (fo=1, routed)           0.000     9.554    u_FIFO_to_FFT/u_peak_find/second_harmonic_scaled_reg[20]_i_47_n_0
    SLICE_X59Y105        CARRY4 (Prop_carry4_CI_O[3])
                                                      0.260     9.814 r  u_FIFO_to_FFT/u_peak_find/second_harmonic_scaled_reg[20]_i_24/O[3]
                         net (fo=24, routed)          0.918    10.732    u_FIFO_to_FFT/u_peak_find/second_harmonic_scaled1[30]
    SLICE_X64Y100        LUT3 (Prop_lut3_I0_O)        0.267    10.999 r  u_FIFO_to_FFT/u_peak_find/second_harmonic_scaled[5]_i_36/O
                         net (fo=2, routed)           0.732    11.732    u_FIFO_to_FFT/u_peak_find/second_harmonic_scaled[5]_i_36_n_0
    SLICE_X64Y100        LUT4 (Prop_lut4_I0_O)        0.267    11.999 r  u_FIFO_to_FFT/u_peak_find/second_harmonic_scaled[5]_i_40/O
                         net (fo=1, routed)           0.000    11.999    u_FIFO_to_FFT/u_peak_find/second_harmonic_scaled[5]_i_40_n_0
    SLICE_X64Y100        CARRY4 (Prop_carry4_S[1]_CO[3])
                                                      0.457    12.456 r  u_FIFO_to_FFT/u_peak_find/second_harmonic_scaled_reg[5]_i_15/CO[3]
                         net (fo=1, routed)           0.000    12.456    u_FIFO_to_FFT/u_peak_find/second_harmonic_scaled_reg[5]_i_15_n_0
    SLICE_X64Y101        CARRY4 (Prop_carry4_CI_CO[3])
                                                      0.098    12.554 r  u_FIFO_to_FFT/u_peak_find/second_harmonic_scaled_reg[20]_i_37/CO[3]
                         net (fo=37, routed)          0.788    13.342    u_FIFO_to_FFT/u_peak_find/second_harmonic_scaled_reg[20]_i_37_n_0
    SLICE_X66Y102        LUT3 (Prop_lut3_I1_O)        0.105    13.447 f  u_FIFO_to_FFT/u_peak_find/second_harmonic_scaled[9]_i_13/O
                         net (fo=2, routed)           0.386    13.833    u_FIFO_to_FFT/u_peak_find/second_harmonic_scaled[9]_i_13_n_0
    SLICE_X66Y102        LUT5 (Prop_lut5_I3_O)        0.105    13.938 r  u_FIFO_to_FFT/u_peak_find/second_harmonic_scaled[9]_i_6/O
                         net (fo=2, routed)           0.528    14.466    u_FIFO_to_FFT/u_peak_find/second_harmonic_scaled[9]_i_6_n_0
    SLICE_X65Y102        CARRY4 (Prop_carry4_DI[0]_CO[3])
                                                      0.436    14.902 r  u_FIFO_to_FFT/u_peak_find/second_harmonic_scaled_reg[9]_i_2/CO[3]
                         net (fo=1, routed)           0.000    14.902    u_FIFO_to_FFT/u_peak_find/second_harmonic_scaled_reg[9]_i_2_n_0
    SLICE_X65Y103        CARRY4 (Prop_carry4_CI_CO[3])
                                                      0.098    15.000 r  u_FIFO_to_FFT/u_peak_find/second_harmonic_scaled_reg[13]_i_2/CO[3]
                         net (fo=1, routed)           0.000    15.000    u_FIFO_to_FFT/u_peak_find/second_harmonic_scaled_reg[13]_i_2_n_0
    SLICE_X65Y104        CARRY4 (Prop_carry4_CI_O[3])
                                                      0.260    15.260 f  u_FIFO_to_FFT/u_peak_find/second_harmonic_scaled_reg[17]_i_2/O[3]
                         net (fo=15, routed)          0.823    16.083    u_FIFO_to_FFT/u_peak_find/second_harmonic_scaled_reg[17]_i_2_n_4
    SLICE_X61Y105        LUT3 (Prop_lut3_I0_O)        0.267    16.350 r  u_FIFO_to_FFT/u_peak_find/second_harmonic_scaled[20]_i_159/O
                         net (fo=2, routed)           0.697    17.046    u_FIFO_to_FFT/u_peak_find/second_harmonic_scaled[20]_i_159_n_0
    SLICE_X61Y105        LUT4 (Prop_lut4_I0_O)        0.275    17.321 r  u_FIFO_to_FFT/u_peak_find/second_harmonic_scaled[20]_i_163/O
                         net (fo=1, routed)           0.000    17.321    u_FIFO_to_FFT/u_peak_find/second_harmonic_scaled[20]_i_163_n_0
    SLICE_X61Y105        CARRY4 (Prop_carry4_S[2]_CO[3])
                                                      0.332    17.653 r  u_FIFO_to_FFT/u_peak_find/second_harmonic_scaled_reg[20]_i_117/CO[3]
                         net (fo=1, routed)           0.000    17.653    u_FIFO_to_FFT/u_peak_find/second_harmonic_scaled_reg[20]_i_117_n_0
    SLICE_X61Y106        CARRY4 (Prop_carry4_CI_O[0])
                                                      0.180    17.833 r  u_FIFO_to_FFT/u_peak_find/second_harmonic_scaled_reg[20]_i_69/O[0]
                         net (fo=2, routed)           0.461    18.294    u_FIFO_to_FFT/u_peak_find/second_harmonic_scaled_reg[20]_i_69_n_7
    SLICE_X60Y105        LUT3 (Prop_lut3_I1_O)        0.272    18.566 r  u_FIFO_to_FFT/u_peak_find/second_harmonic_scaled[20]_i_61/O
                         net (fo=2, routed)           0.568    19.134    u_FIFO_to_FFT/u_peak_find/second_harmonic_scaled[20]_i_61_n_0
    SLICE_X60Y105        LUT4 (Prop_lut4_I3_O)        0.268    19.402 r  u_FIFO_to_FFT/u_peak_find/second_harmonic_scaled[20]_i_65/O
                         net (fo=1, routed)           0.000    19.402    u_FIFO_to_FFT/u_peak_find/second_harmonic_scaled[20]_i_65_n_0
    SLICE_X60Y105        CARRY4 (Prop_carry4_S[3]_CO[3])
                                                      0.332    19.734 r  u_FIFO_to_FFT/u_peak_find/second_harmonic_scaled_reg[20]_i_26/CO[3]
                         net (fo=1, routed)           0.000    19.734    u_FIFO_to_FFT/u_peak_find/second_harmonic_scaled_reg[20]_i_26_n_0
    SLICE_X60Y106        CARRY4 (Prop_carry4_CI_O[1])
                                                      0.265    19.999 r  u_FIFO_to_FFT/u_peak_find/second_harmonic_scaled_reg[20]_i_7/O[1]
                         net (fo=3, routed)           0.838    20.837    u_FIFO_to_FFT/u_peak_find/second_harmonic_scaled_reg[20]_i_7_n_6
    SLICE_X57Y102        LUT2 (Prop_lut2_I0_O)        0.266    21.103 r  u_FIFO_to_FFT/u_peak_find/second_harmonic_scaled[20]_i_18/O
                         net (fo=1, routed)           0.000    21.103    u_FIFO_to_FFT/u_peak_find/second_harmonic_scaled[20]_i_18_n_0
    SLICE_X57Y102        CARRY4 (Prop_carry4_DI[2]_CO[2])
                                                      0.263    21.366 r  u_FIFO_to_FFT/u_peak_find/second_harmonic_scaled_reg[20]_i_5/CO[2]
                         net (fo=21, routed)          0.607    21.973    u_FIFO_to_FFT/u_peak_find/second_harmonic_scaled_reg[20]_i_5_n_1
    SLICE_X55Y106        LUT5 (Prop_lut5_I1_O)        0.261    22.234 r  u_FIFO_to_FFT/u_peak_find/second_harmonic_scaled[17]_i_1/O
                         net (fo=1, routed)           0.000    22.234    u_FIFO_to_FFT/u_peak_find/second_harmonic_scaled[17]_i_1_n_0
    SLICE_X55Y106        FDCE                                         r  u_FIFO_to_FFT/u_peak_find/second_harmonic_scaled_reg[17]/D
  -------------------------------------------------------------------    -------------------

                         (clock sys_clk rise edge)   20.000    20.000 r  
    N18                                               0.000    20.000 r  sys_clk (IN)
                         net (fo=0)                   0.000    20.000    sys_clk
    N18                  IBUF (Prop_ibuf_I_O)         1.327    21.327 r  sys_clk_IBUF_inst/O
                         net (fo=1, routed)           1.701    23.028    sys_clk_IBUF
    BUFGCTRL_X0Y16       BUFG (Prop_bufg_I_O)         0.077    23.105 r  sys_clk_IBUF_BUFG_inst/O
                         net (fo=2986, routed)        1.438    24.543    u_FIFO_to_FFT/u_peak_find/clk
    SLICE_X55Y106        FDCE                                         r  u_FIFO_to_FFT/u_peak_find/second_harmonic_scaled_reg[17]/C
                         clock pessimism              0.258    24.800    
                         clock uncertainty           -0.035    24.765    
    SLICE_X55Y106        FDCE (Setup_fdce_C_D)        0.032    24.797    u_FIFO_to_FFT/u_peak_find/second_harmonic_scaled_reg[17]
  -------------------------------------------------------------------
                         required time                         24.797    
                         arrival time                         -22.234    
  -------------------------------------------------------------------
                         slack                                  2.563    

Slack (MET) :             2.578ns  (required time - arrival time)
  Source:                 u_FIFO_to_FFT/u_peak_find/cur_second_harmonic_power_reg[2]/C
                            (rising edge-triggered cell FDCE clocked by sys_clk  {rise@0.000ns fall@10.000ns period=20.000ns})
  Destination:            u_FIFO_to_FFT/u_peak_find/second_harmonic_scaled_reg[12]/D
                            (rising edge-triggered cell FDCE clocked by sys_clk  {rise@0.000ns fall@10.000ns period=20.000ns})
  Path Group:             sys_clk
  Path Type:              Setup (Max at Slow Process Corner)
  Requirement:            20.000ns  (sys_clk rise@20.000ns - sys_clk rise@0.000ns)
  Data Path Delay:        17.470ns  (logic 7.676ns (43.939%)  route 9.794ns (56.061%))
  Logic Levels:           30  (CARRY4=16 LUT2=2 LUT3=5 LUT4=3 LUT5=3 LUT6=1)
  Clock Path Skew:        0.011ns (DCD - SCD + CPR)
    Destination Clock Delay (DCD):    4.545ns = ( 24.545 - 20.000 ) 
    Source Clock Delay      (SCD):    4.791ns
    Clock Pessimism Removal (CPR):    0.258ns
  Clock Uncertainty:      0.035ns  ((TSJ^2 + TIJ^2)^1/2 + DJ) / 2 + PE
    Total System Jitter     (TSJ):    0.071ns
    Total Input Jitter      (TIJ):    0.000ns
    Discrete Jitter          (DJ):    0.000ns
    Phase Error              (PE):    0.000ns

    Location             Delay type                Incr(ns)  Path(ns)    Netlist Resource(s)
  -------------------------------------------------------------------    -------------------
                         (clock sys_clk rise edge)    0.000     0.000 r  
    N18                                               0.000     0.000 r  sys_clk (IN)
                         net (fo=0)                   0.000     0.000    sys_clk
    N18                  IBUF (Prop_ibuf_I_O)         1.392     1.392 r  sys_clk_IBUF_inst/O
                         net (fo=1, routed)           1.873     3.265    sys_clk_IBUF
    BUFGCTRL_X0Y16       BUFG (Prop_bufg_I_O)         0.085     3.350 r  sys_clk_IBUF_BUFG_inst/O
                         net (fo=2986, routed)        1.441     4.791    u_FIFO_to_FFT/u_peak_find/clk
    SLICE_X58Y96         FDCE                                         r  u_FIFO_to_FFT/u_peak_find/cur_second_harmonic_power_reg[2]/C
  -------------------------------------------------------------------    -------------------
    SLICE_X58Y96         FDCE (Prop_fdce_C_Q)         0.433     5.224 r  u_FIFO_to_FFT/u_peak_find/cur_second_harmonic_power_reg[2]/Q
                         net (fo=15, routed)          0.856     6.080    u_FIFO_to_FFT/u_peak_find/cur_second_harmonic_power[2]
    SLICE_X62Y100        LUT2 (Prop_lut2_I0_O)        0.105     6.185 r  u_FIFO_to_FFT/u_peak_find/second_harmonic_scaled[5]_i_54/O
                         net (fo=1, routed)           0.000     6.185    u_FIFO_to_FFT/u_peak_find/second_harmonic_scaled[5]_i_54_n_0
    SLICE_X62Y100        CARRY4 (Prop_carry4_S[1]_CO[3])
                                                      0.444     6.629 r  u_FIFO_to_FFT/u_peak_find/second_harmonic_scaled_reg[5]_i_45/CO[3]
                         net (fo=1, routed)           0.000     6.629    u_FIFO_to_FFT/u_peak_find/second_harmonic_scaled_reg[5]_i_45_n_0
    SLICE_X62Y101        CARRY4 (Prop_carry4_CI_CO[3])
                                                      0.100     6.729 r  u_FIFO_to_FFT/u_peak_find/second_harmonic_scaled_reg[9]_i_37/CO[3]
                         net (fo=1, routed)           0.000     6.729    u_FIFO_to_FFT/u_peak_find/second_harmonic_scaled_reg[9]_i_37_n_0
    SLICE_X62Y102        CARRY4 (Prop_carry4_CI_O[3])
                                                      0.262     6.991 r  u_FIFO_to_FFT/u_peak_find/second_harmonic_scaled_reg[13]_i_32/O[3]
                         net (fo=3, routed)           0.601     7.592    u_FIFO_to_FFT/u_peak_find/second_harmonic_scaled_reg[13]_i_32_n_4
    SLICE_X64Y102        LUT3 (Prop_lut3_I2_O)        0.250     7.842 f  u_FIFO_to_FFT/u_peak_find/second_harmonic_scaled[13]_i_34/O
                         net (fo=2, routed)           0.635     8.478    u_FIFO_to_FFT/u_peak_find/second_harmonic_scaled[13]_i_34_n_0
    SLICE_X56Y102        LUT5 (Prop_lut5_I3_O)        0.105     8.583 r  u_FIFO_to_FFT/u_peak_find/second_harmonic_scaled[13]_i_24/O
                         net (fo=2, routed)           0.328     8.911    u_FIFO_to_FFT/u_peak_find/second_harmonic_scaled[13]_i_24_n_0
    SLICE_X59Y103        LUT6 (Prop_lut6_I0_O)        0.105     9.016 r  u_FIFO_to_FFT/u_peak_find/second_harmonic_scaled[13]_i_28/O
                         net (fo=1, routed)           0.000     9.016    u_FIFO_to_FFT/u_peak_find/second_harmonic_scaled[13]_i_28_n_0
    SLICE_X59Y103        CARRY4 (Prop_carry4_S[0]_CO[3])
                                                      0.440     9.456 r  u_FIFO_to_FFT/u_peak_find/second_harmonic_scaled_reg[13]_i_12/CO[3]
                         net (fo=1, routed)           0.000     9.456    u_FIFO_to_FFT/u_peak_find/second_harmonic_scaled_reg[13]_i_12_n_0
    SLICE_X59Y104        CARRY4 (Prop_carry4_CI_CO[3])
                                                      0.098     9.554 r  u_FIFO_to_FFT/u_peak_find/second_harmonic_scaled_reg[20]_i_47/CO[3]
                         net (fo=1, routed)           0.000     9.554    u_FIFO_to_FFT/u_peak_find/second_harmonic_scaled_reg[20]_i_47_n_0
    SLICE_X59Y105        CARRY4 (Prop_carry4_CI_O[3])
                                                      0.260     9.814 r  u_FIFO_to_FFT/u_peak_find/second_harmonic_scaled_reg[20]_i_24/O[3]
                         net (fo=24, routed)          0.918    10.732    u_FIFO_to_FFT/u_peak_find/second_harmonic_scaled1[30]
    SLICE_X64Y100        LUT3 (Prop_lut3_I0_O)        0.267    10.999 r  u_FIFO_to_FFT/u_peak_find/second_harmonic_scaled[5]_i_36/O
                         net (fo=2, routed)           0.732    11.732    u_FIFO_to_FFT/u_peak_find/second_harmonic_scaled[5]_i_36_n_0
    SLICE_X64Y100        LUT4 (Prop_lut4_I0_O)        0.267    11.999 r  u_FIFO_to_FFT/u_peak_find/second_harmonic_scaled[5]_i_40/O
                         net (fo=1, routed)           0.000    11.999    u_FIFO_to_FFT/u_peak_find/second_harmonic_scaled[5]_i_40_n_0
    SLICE_X64Y100        CARRY4 (Prop_carry4_S[1]_CO[3])
                                                      0.457    12.456 r  u_FIFO_to_FFT/u_peak_find/second_harmonic_scaled_reg[5]_i_15/CO[3]
                         net (fo=1, routed)           0.000    12.456    u_FIFO_to_FFT/u_peak_find/second_harmonic_scaled_reg[5]_i_15_n_0
    SLICE_X64Y101        CARRY4 (Prop_carry4_CI_CO[3])
                                                      0.098    12.554 r  u_FIFO_to_FFT/u_peak_find/second_harmonic_scaled_reg[20]_i_37/CO[3]
                         net (fo=37, routed)          0.788    13.342    u_FIFO_to_FFT/u_peak_find/second_harmonic_scaled_reg[20]_i_37_n_0
    SLICE_X66Y102        LUT3 (Prop_lut3_I1_O)        0.105    13.447 f  u_FIFO_to_FFT/u_peak_find/second_harmonic_scaled[9]_i_13/O
                         net (fo=2, routed)           0.386    13.833    u_FIFO_to_FFT/u_peak_find/second_harmonic_scaled[9]_i_13_n_0
    SLICE_X66Y102        LUT5 (Prop_lut5_I3_O)        0.105    13.938 r  u_FIFO_to_FFT/u_peak_find/second_harmonic_scaled[9]_i_6/O
                         net (fo=2, routed)           0.528    14.466    u_FIFO_to_FFT/u_peak_find/second_harmonic_scaled[9]_i_6_n_0
    SLICE_X65Y102        CARRY4 (Prop_carry4_DI[0]_CO[3])
                                                      0.436    14.902 r  u_FIFO_to_FFT/u_peak_find/second_harmonic_scaled_reg[9]_i_2/CO[3]
                         net (fo=1, routed)           0.000    14.902    u_FIFO_to_FFT/u_peak_find/second_harmonic_scaled_reg[9]_i_2_n_0
    SLICE_X65Y103        CARRY4 (Prop_carry4_CI_CO[3])
                                                      0.098    15.000 r  u_FIFO_to_FFT/u_peak_find/second_harmonic_scaled_reg[13]_i_2/CO[3]
                         net (fo=1, routed)           0.000    15.000    u_FIFO_to_FFT/u_peak_find/second_harmonic_scaled_reg[13]_i_2_n_0
    SLICE_X65Y104        CARRY4 (Prop_carry4_CI_O[3])
                                                      0.260    15.260 f  u_FIFO_to_FFT/u_peak_find/second_harmonic_scaled_reg[17]_i_2/O[3]
                         net (fo=15, routed)          0.823    16.083    u_FIFO_to_FFT/u_peak_find/second_harmonic_scaled_reg[17]_i_2_n_4
    SLICE_X61Y105        LUT3 (Prop_lut3_I0_O)        0.267    16.350 r  u_FIFO_to_FFT/u_peak_find/second_harmonic_scaled[20]_i_159/O
                         net (fo=2, routed)           0.697    17.046    u_FIFO_to_FFT/u_peak_find/second_harmonic_scaled[20]_i_159_n_0
    SLICE_X61Y105        LUT4 (Prop_lut4_I0_O)        0.275    17.321 r  u_FIFO_to_FFT/u_peak_find/second_harmonic_scaled[20]_i_163/O
                         net (fo=1, routed)           0.000    17.321    u_FIFO_to_FFT/u_peak_find/second_harmonic_scaled[20]_i_163_n_0
    SLICE_X61Y105        CARRY4 (Prop_carry4_S[2]_CO[3])
                                                      0.332    17.653 r  u_FIFO_to_FFT/u_peak_find/second_harmonic_scaled_reg[20]_i_117/CO[3]
                         net (fo=1, routed)           0.000    17.653    u_FIFO_to_FFT/u_peak_find/second_harmonic_scaled_reg[20]_i_117_n_0
    SLICE_X61Y106        CARRY4 (Prop_carry4_CI_O[0])
                                                      0.180    17.833 r  u_FIFO_to_FFT/u_peak_find/second_harmonic_scaled_reg[20]_i_69/O[0]
                         net (fo=2, routed)           0.461    18.294    u_FIFO_to_FFT/u_peak_find/second_harmonic_scaled_reg[20]_i_69_n_7
    SLICE_X60Y105        LUT3 (Prop_lut3_I1_O)        0.272    18.566 r  u_FIFO_to_FFT/u_peak_find/second_harmonic_scaled[20]_i_61/O
                         net (fo=2, routed)           0.568    19.134    u_FIFO_to_FFT/u_peak_find/second_harmonic_scaled[20]_i_61_n_0
    SLICE_X60Y105        LUT4 (Prop_lut4_I3_O)        0.268    19.402 r  u_FIFO_to_FFT/u_peak_find/second_harmonic_scaled[20]_i_65/O
                         net (fo=1, routed)           0.000    19.402    u_FIFO_to_FFT/u_peak_find/second_harmonic_scaled[20]_i_65_n_0
    SLICE_X60Y105        CARRY4 (Prop_carry4_S[3]_CO[3])
                                                      0.332    19.734 r  u_FIFO_to_FFT/u_peak_find/second_harmonic_scaled_reg[20]_i_26/CO[3]
                         net (fo=1, routed)           0.000    19.734    u_FIFO_to_FFT/u_peak_find/second_harmonic_scaled_reg[20]_i_26_n_0
    SLICE_X60Y106        CARRY4 (Prop_carry4_CI_O[1])
                                                      0.265    19.999 r  u_FIFO_to_FFT/u_peak_find/second_harmonic_scaled_reg[20]_i_7/O[1]
                         net (fo=3, routed)           0.838    20.837    u_FIFO_to_FFT/u_peak_find/second_harmonic_scaled_reg[20]_i_7_n_6
    SLICE_X57Y102        LUT2 (Prop_lut2_I0_O)        0.266    21.103 r  u_FIFO_to_FFT/u_peak_find/second_harmonic_scaled[20]_i_18/O
                         net (fo=1, routed)           0.000    21.103    u_FIFO_to_FFT/u_peak_find/second_harmonic_scaled[20]_i_18_n_0
    SLICE_X57Y102        CARRY4 (Prop_carry4_DI[2]_CO[2])
                                                      0.263    21.366 r  u_FIFO_to_FFT/u_peak_find/second_harmonic_scaled_reg[20]_i_5/CO[2]
                         net (fo=21, routed)          0.634    22.000    u_FIFO_to_FFT/u_peak_find/second_harmonic_scaled_reg[20]_i_5_n_1
    SLICE_X58Y107        LUT5 (Prop_lut5_I1_O)        0.261    22.261 r  u_FIFO_to_FFT/u_peak_find/second_harmonic_scaled[12]_i_1/O
                         net (fo=1, routed)           0.000    22.261    u_FIFO_to_FFT/u_peak_find/second_harmonic_scaled[12]_i_1_n_0
    SLICE_X58Y107        FDCE                                         r  u_FIFO_to_FFT/u_peak_find/second_harmonic_scaled_reg[12]/D
  -------------------------------------------------------------------    -------------------

                         (clock sys_clk rise edge)   20.000    20.000 r  
    N18                                               0.000    20.000 r  sys_clk (IN)
                         net (fo=0)                   0.000    20.000    sys_clk
    N18                  IBUF (Prop_ibuf_I_O)         1.327    21.327 r  sys_clk_IBUF_inst/O
                         net (fo=1, routed)           1.701    23.028    sys_clk_IBUF
    BUFGCTRL_X0Y16       BUFG (Prop_bufg_I_O)         0.077    23.105 r  sys_clk_IBUF_BUFG_inst/O
                         net (fo=2986, routed)        1.440    24.545    u_FIFO_to_FFT/u_peak_find/clk
    SLICE_X58Y107        FDCE                                         r  u_FIFO_to_FFT/u_peak_find/second_harmonic_scaled_reg[12]/C
                         clock pessimism              0.258    24.802    
                         clock uncertainty           -0.035    24.767    
    SLICE_X58Y107        FDCE (Setup_fdce_C_D)        0.072    24.839    u_FIFO_to_FFT/u_peak_find/second_harmonic_scaled_reg[12]
  -------------------------------------------------------------------
                         required time                         24.839    
                         arrival time                         -22.261    
  -------------------------------------------------------------------
                         slack                                  2.578    





Min Delay Paths
--------------------------------------------------------------------------------------
Slack (MET) :             0.050ns  (arrival time - required time)
  Source:                 u_FIFO_to_FFT/u_ila_2/inst/ila_core_inst/u_ila_regs/slaveRegDo_mux_6_reg[1]/C
                            (rising edge-triggered cell FDRE clocked by sys_clk  {rise@0.000ns fall@10.000ns period=20.000ns})
  Destination:            u_FIFO_to_FFT/u_ila_2/inst/ila_core_inst/u_ila_regs/slaveRegDo_mux_reg[1]/D
                            (rising edge-triggered cell FDRE clocked by sys_clk  {rise@0.000ns fall@10.000ns period=20.000ns})
  Path Group:             sys_clk
  Path Type:              Hold (Min at Fast Process Corner)
  Requirement:            0.000ns  (sys_clk rise@0.000ns - sys_clk rise@0.000ns)
  Data Path Delay:        0.445ns  (logic 0.291ns (65.386%)  route 0.154ns (34.614%))
  Logic Levels:           2  (LUT5=1 MUXF7=1)
  Clock Path Skew:        0.261ns (DCD - SCD - CPR)
    Destination Clock Delay (DCD):    1.998ns
    Source Clock Delay      (SCD):    1.484ns
    Clock Pessimism Removal (CPR):    0.253ns

    Location             Delay type                Incr(ns)  Path(ns)    Netlist Resource(s)
  -------------------------------------------------------------------    -------------------
                         (clock sys_clk rise edge)    0.000     0.000 r  
    N18                                               0.000     0.000 r  sys_clk (IN)
                         net (fo=0)                   0.000     0.000    sys_clk
    N18                  IBUF (Prop_ibuf_I_O)         0.229     0.229 r  sys_clk_IBUF_inst/O
                         net (fo=1, routed)           0.674     0.903    sys_clk_IBUF
    BUFGCTRL_X0Y16       BUFG (Prop_bufg_I_O)         0.026     0.929 r  sys_clk_IBUF_BUFG_inst/O
                         net (fo=2986, routed)        0.555     1.484    u_FIFO_to_FFT/u_ila_2/inst/ila_core_inst/u_ila_regs/U_XSDB_SLAVE_n_1
    SLICE_X49Y54         FDRE                                         r  u_FIFO_to_FFT/u_ila_2/inst/ila_core_inst/u_ila_regs/slaveRegDo_mux_6_reg[1]/C
  -------------------------------------------------------------------    -------------------
    SLICE_X49Y54         FDRE (Prop_fdre_C_Q)         0.128     1.612 r  u_FIFO_to_FFT/u_ila_2/inst/ila_core_inst/u_ila_regs/slaveRegDo_mux_6_reg[1]/Q
                         net (fo=1, routed)           0.154     1.766    u_FIFO_to_FFT/u_ila_2/inst/ila_core_inst/u_ila_regs/slaveRegDo_mux_6_reg_n_0_[1]
    SLICE_X50Y52         LUT5 (Prop_lut5_I1_O)        0.099     1.865 r  u_FIFO_to_FFT/u_ila_2/inst/ila_core_inst/u_ila_regs/slaveRegDo_mux[1]_i_3/O
                         net (fo=1, routed)           0.000     1.865    u_FIFO_to_FFT/u_ila_2/inst/ila_core_inst/u_ila_regs/slaveRegDo_mux[1]_i_3_n_0
    SLICE_X50Y52         MUXF7 (Prop_muxf7_I1_O)      0.064     1.929 r  u_FIFO_to_FFT/u_ila_2/inst/ila_core_inst/u_ila_regs/slaveRegDo_mux_reg[1]_i_1/O
                         net (fo=1, routed)           0.000     1.929    u_FIFO_to_FFT/u_ila_2/inst/ila_core_inst/u_ila_regs/slaveRegDo_mux[1]
    SLICE_X50Y52         FDRE                                         r  u_FIFO_to_FFT/u_ila_2/inst/ila_core_inst/u_ila_regs/slaveRegDo_mux_reg[1]/D
  -------------------------------------------------------------------    -------------------

                         (clock sys_clk rise edge)    0.000     0.000 r  
    N18                                               0.000     0.000 r  sys_clk (IN)
                         net (fo=0)                   0.000     0.000    sys_clk
    N18                  IBUF (Prop_ibuf_I_O)         0.417     0.417 r  sys_clk_IBUF_inst/O
                         net (fo=1, routed)           0.731     1.148    sys_clk_IBUF
    BUFGCTRL_X0Y16       BUFG (Prop_bufg_I_O)         0.029     1.177 r  sys_clk_IBUF_BUFG_inst/O
                         net (fo=2986, routed)        0.821     1.998    u_FIFO_to_FFT/u_ila_2/inst/ila_core_inst/u_ila_regs/U_XSDB_SLAVE_n_1
    SLICE_X50Y52         FDRE                                         r  u_FIFO_to_FFT/u_ila_2/inst/ila_core_inst/u_ila_regs/slaveRegDo_mux_reg[1]/C
                         clock pessimism             -0.253     1.745    
    SLICE_X50Y52         FDRE (Hold_fdre_C_D)         0.134     1.879    u_FIFO_to_FFT/u_ila_2/inst/ila_core_inst/u_ila_regs/slaveRegDo_mux_reg[1]
  -------------------------------------------------------------------
                         required time                         -1.879    
                         arrival time                           1.929    
  -------------------------------------------------------------------
                         slack                                  0.050    

Slack (MET) :             0.066ns  (arrival time - required time)
  Source:                 u_FIFO_to_FFT/u_ila_2/inst/ila_core_inst/u_ila_cap_ctrl/u_cap_addrgen/i_intcap.CAP_ADDR_O_reg[9]/C
                            (rising edge-triggered cell FDRE clocked by sys_clk  {rise@0.000ns fall@10.000ns period=20.000ns})
  Destination:            u_FIFO_to_FFT/u_ila_2/inst/ila_core_inst/ila_trace_memory_inst/SUBCORE_RAM_BLK_MEM_1.trace_block_memory/inst_blk_mem_gen/gnbram.gnativebmg.native_blk_mem_gen/valid.cstr/ramloop[44].ram.r/prim_noinit.ram/DEVICE_7SERIES.NO_BMM_INFO.SDP.SIMPLE_PRIM36.ram/ADDRARDADDR[12]
                            (rising edge-triggered cell RAMB36E1 clocked by sys_clk  {rise@0.000ns fall@10.000ns period=20.000ns})
  Path Group:             sys_clk
  Path Type:              Hold (Min at Fast Process Corner)
  Requirement:            0.000ns  (sys_clk rise@0.000ns - sys_clk rise@0.000ns)
  Data Path Delay:        0.303ns  (logic 0.141ns (46.468%)  route 0.162ns (53.532%))
  Logic Levels:           0  
  Clock Path Skew:        0.055ns (DCD - SCD - CPR)
    Destination Clock Delay (DCD):    2.046ns
    Source Clock Delay      (SCD):    1.493ns
    Clock Pessimism Removal (CPR):    0.498ns

    Location             Delay type                Incr(ns)  Path(ns)    Netlist Resource(s)
  -------------------------------------------------------------------    -------------------
                         (clock sys_clk rise edge)    0.000     0.000 r  
    N18                                               0.000     0.000 r  sys_clk (IN)
                         net (fo=0)                   0.000     0.000    sys_clk
    N18                  IBUF (Prop_ibuf_I_O)         0.229     0.229 r  sys_clk_IBUF_inst/O
                         net (fo=1, routed)           0.674     0.903    sys_clk_IBUF
    BUFGCTRL_X0Y16       BUFG (Prop_bufg_I_O)         0.026     0.929 r  sys_clk_IBUF_BUFG_inst/O
                         net (fo=2986, routed)        0.564     1.493    u_FIFO_to_FFT/u_ila_2/inst/ila_core_inst/u_ila_cap_ctrl/u_cap_addrgen/probeDelay1_reg[16]
    SLICE_X33Y43         FDRE                                         r  u_FIFO_to_FFT/u_ila_2/inst/ila_core_inst/u_ila_cap_ctrl/u_cap_addrgen/i_intcap.CAP_ADDR_O_reg[9]/C
  -------------------------------------------------------------------    -------------------
    SLICE_X33Y43         FDRE (Prop_fdre_C_Q)         0.141     1.634 r  u_FIFO_to_FFT/u_ila_2/inst/ila_core_inst/u_ila_cap_ctrl/u_cap_addrgen/i_intcap.CAP_ADDR_O_reg[9]/Q
                         net (fo=88, routed)          0.162     1.796    u_FIFO_to_FFT/u_ila_2/inst/ila_core_inst/ila_trace_memory_inst/SUBCORE_RAM_BLK_MEM_1.trace_block_memory/inst_blk_mem_gen/gnbram.gnativebmg.native_blk_mem_gen/valid.cstr/ramloop[44].ram.r/prim_noinit.ram/DEVICE_7SERIES.NO_BMM_INFO.SDP.SIMPLE_PRIM36.ram_4[9]
    RAMB36_X2Y8          RAMB36E1                                     r  u_FIFO_to_FFT/u_ila_2/inst/ila_core_inst/ila_trace_memory_inst/SUBCORE_RAM_BLK_MEM_1.trace_block_memory/inst_blk_mem_gen/gnbram.gnativebmg.native_blk_mem_gen/valid.cstr/ramloop[44].ram.r/prim_noinit.ram/DEVICE_7SERIES.NO_BMM_INFO.SDP.SIMPLE_PRIM36.ram/ADDRARDADDR[12]
  -------------------------------------------------------------------    -------------------

                         (clock sys_clk rise edge)    0.000     0.000 r  
    N18                                               0.000     0.000 r  sys_clk (IN)
                         net (fo=0)                   0.000     0.000    sys_clk
    N18                  IBUF (Prop_ibuf_I_O)         0.417     0.417 r  sys_clk_IBUF_inst/O
                         net (fo=1, routed)           0.731     1.148    sys_clk_IBUF
    BUFGCTRL_X0Y16       BUFG (Prop_bufg_I_O)         0.029     1.177 r  sys_clk_IBUF_BUFG_inst/O
                         net (fo=2986, routed)        0.869     2.046    u_FIFO_to_FFT/u_ila_2/inst/ila_core_inst/ila_trace_memory_inst/SUBCORE_RAM_BLK_MEM_1.trace_block_memory/inst_blk_mem_gen/gnbram.gnativebmg.native_blk_mem_gen/valid.cstr/ramloop[44].ram.r/prim_noinit.ram/DEVICE_7SERIES.NO_BMM_INFO.SDP.SIMPLE_PRIM36.ram_2
    RAMB36_X2Y8          RAMB36E1                                     r  u_FIFO_to_FFT/u_ila_2/inst/ila_core_inst/ila_trace_memory_inst/SUBCORE_RAM_BLK_MEM_1.trace_block_memory/inst_blk_mem_gen/gnbram.gnativebmg.native_blk_mem_gen/valid.cstr/ramloop[44].ram.r/prim_noinit.ram/DEVICE_7SERIES.NO_BMM_INFO.SDP.SIMPLE_PRIM36.ram/CLKARDCLK
                         clock pessimism             -0.498     1.548    
    RAMB36_X2Y8          RAMB36E1 (Hold_ramb36e1_CLKARDCLK_ADDRARDADDR[12])
                                                      0.183     1.731    u_FIFO_to_FFT/u_ila_2/inst/ila_core_inst/ila_trace_memory_inst/SUBCORE_RAM_BLK_MEM_1.trace_block_memory/inst_blk_mem_gen/gnbram.gnativebmg.native_blk_mem_gen/valid.cstr/ramloop[44].ram.r/prim_noinit.ram/DEVICE_7SERIES.NO_BMM_INFO.SDP.SIMPLE_PRIM36.ram
  -------------------------------------------------------------------
                         required time                         -1.731    
                         arrival time                           1.796    
  -------------------------------------------------------------------
                         slack                                  0.066    

Slack (MET) :             0.072ns  (arrival time - required time)
  Source:                 u_FIFO_to_FFT/u_ila_2/inst/ila_core_inst/u_ila_regs/slaveRegDo_mux_0_reg[11]/C
                            (rising edge-triggered cell FDRE clocked by sys_clk  {rise@0.000ns fall@10.000ns period=20.000ns})
  Destination:            u_FIFO_to_FFT/u_ila_2/inst/ila_core_inst/u_ila_regs/slaveRegDo_mux_reg[11]/D
                            (rising edge-triggered cell FDRE clocked by sys_clk  {rise@0.000ns fall@10.000ns period=20.000ns})
  Path Group:             sys_clk
  Path Type:              Hold (Min at Fast Process Corner)
  Requirement:            0.000ns  (sys_clk rise@0.000ns - sys_clk rise@0.000ns)
  Data Path Delay:        0.468ns  (logic 0.248ns (53.044%)  route 0.220ns (46.956%))
  Logic Levels:           2  (LUT5=1 MUXF7=1)
  Clock Path Skew:        0.261ns (DCD - SCD - CPR)
    Destination Clock Delay (DCD):    1.997ns
    Source Clock Delay      (SCD):    1.488ns
    Clock Pessimism Removal (CPR):    0.248ns

    Location             Delay type                Incr(ns)  Path(ns)    Netlist Resource(s)
  -------------------------------------------------------------------    -------------------
                         (clock sys_clk rise edge)    0.000     0.000 r  
    N18                                               0.000     0.000 r  sys_clk (IN)
                         net (fo=0)                   0.000     0.000    sys_clk
    N18                  IBUF (Prop_ibuf_I_O)         0.229     0.229 r  sys_clk_IBUF_inst/O
                         net (fo=1, routed)           0.674     0.903    sys_clk_IBUF
    BUFGCTRL_X0Y16       BUFG (Prop_bufg_I_O)         0.026     0.929 r  sys_clk_IBUF_BUFG_inst/O
                         net (fo=2986, routed)        0.559     1.488    u_FIFO_to_FFT/u_ila_2/inst/ila_core_inst/u_ila_regs/U_XSDB_SLAVE_n_1
    SLICE_X52Y48         FDRE                                         r  u_FIFO_to_FFT/u_ila_2/inst/ila_core_inst/u_ila_regs/slaveRegDo_mux_0_reg[11]/C
  -------------------------------------------------------------------    -------------------
    SLICE_X52Y48         FDRE (Prop_fdre_C_Q)         0.141     1.629 r  u_FIFO_to_FFT/u_ila_2/inst/ila_core_inst/u_ila_regs/slaveRegDo_mux_0_reg[11]/Q
                         net (fo=1, routed)           0.220     1.849    u_FIFO_to_FFT/u_ila_2/inst/ila_core_inst/u_ila_regs/slaveRegDo_mux_0[11]
    SLICE_X50Y55         LUT5 (Prop_lut5_I0_O)        0.045     1.894 r  u_FIFO_to_FFT/u_ila_2/inst/ila_core_inst/u_ila_regs/slaveRegDo_mux[11]_i_2/O
                         net (fo=1, routed)           0.000     1.894    u_FIFO_to_FFT/u_ila_2/inst/ila_core_inst/u_ila_regs/slaveRegDo_mux[11]_i_2_n_0
    SLICE_X50Y55         MUXF7 (Prop_muxf7_I0_O)      0.062     1.956 r  u_FIFO_to_FFT/u_ila_2/inst/ila_core_inst/u_ila_regs/slaveRegDo_mux_reg[11]_i_1/O
                         net (fo=1, routed)           0.000     1.956    u_FIFO_to_FFT/u_ila_2/inst/ila_core_inst/u_ila_regs/slaveRegDo_mux[11]
    SLICE_X50Y55         FDRE                                         r  u_FIFO_to_FFT/u_ila_2/inst/ila_core_inst/u_ila_regs/slaveRegDo_mux_reg[11]/D
  -------------------------------------------------------------------    -------------------

                         (clock sys_clk rise edge)    0.000     0.000 r  
    N18                                               0.000     0.000 r  sys_clk (IN)
                         net (fo=0)                   0.000     0.000    sys_clk
    N18                  IBUF (Prop_ibuf_I_O)         0.417     0.417 r  sys_clk_IBUF_inst/O
                         net (fo=1, routed)           0.731     1.148    sys_clk_IBUF
    BUFGCTRL_X0Y16       BUFG (Prop_bufg_I_O)         0.029     1.177 r  sys_clk_IBUF_BUFG_inst/O
                         net (fo=2986, routed)        0.820     1.997    u_FIFO_to_FFT/u_ila_2/inst/ila_core_inst/u_ila_regs/U_XSDB_SLAVE_n_1
    SLICE_X50Y55         FDRE                                         r  u_FIFO_to_FFT/u_ila_2/inst/ila_core_inst/u_ila_regs/slaveRegDo_mux_reg[11]/C
                         clock pessimism             -0.248     1.749    
    SLICE_X50Y55         FDRE (Hold_fdre_C_D)         0.134     1.883    u_FIFO_to_FFT/u_ila_2/inst/ila_core_inst/u_ila_regs/slaveRegDo_mux_reg[11]
  -------------------------------------------------------------------
                         required time                         -1.883    
                         arrival time                           1.956    
  -------------------------------------------------------------------
                         slack                                  0.072    

Slack (MET) :             0.075ns  (arrival time - required time)
  Source:                 u_FIFO_to_FFT/u_ila_2/inst/ila_core_inst/basic_trigger_reg/C
                            (rising edge-triggered cell FDRE clocked by sys_clk  {rise@0.000ns fall@10.000ns period=20.000ns})
  Destination:            u_FIFO_to_FFT/u_ila_2/inst/ila_core_inst/u_ila_cap_ctrl/itrigger_out_reg/D
                            (rising edge-triggered cell FDRE clocked by sys_clk  {rise@0.000ns fall@10.000ns period=20.000ns})
  Path Group:             sys_clk
  Path Type:              Hold (Min at Fast Process Corner)
  Requirement:            0.000ns  (sys_clk rise@0.000ns - sys_clk rise@0.000ns)
  Data Path Delay:        0.440ns  (logic 0.226ns (51.343%)  route 0.214ns (48.657%))
  Logic Levels:           1  (LUT4=1)
  Clock Path Skew:        0.273ns (DCD - SCD - CPR)
    Destination Clock Delay (DCD):    2.007ns
    Source Clock Delay      (SCD):    1.486ns
    Clock Pessimism Removal (CPR):    0.248ns

    Location             Delay type                Incr(ns)  Path(ns)    Netlist Resource(s)
  -------------------------------------------------------------------    -------------------
                         (clock sys_clk rise edge)    0.000     0.000 r  
    N18                                               0.000     0.000 r  sys_clk (IN)
                         net (fo=0)                   0.000     0.000    sys_clk
    N18                  IBUF (Prop_ibuf_I_O)         0.229     0.229 r  sys_clk_IBUF_inst/O
                         net (fo=1, routed)           0.674     0.903    sys_clk_IBUF
    BUFGCTRL_X0Y16       BUFG (Prop_bufg_I_O)         0.026     0.929 r  sys_clk_IBUF_BUFG_inst/O
                         net (fo=2986, routed)        0.557     1.486    u_FIFO_to_FFT/u_ila_2/inst/ila_core_inst/I_IS_TERMINATION_SLICE_W_OUTPUT_REG.DOUT_O_reg
    SLICE_X40Y51         FDRE                                         r  u_FIFO_to_FFT/u_ila_2/inst/ila_core_inst/basic_trigger_reg/C
  -------------------------------------------------------------------    -------------------
    SLICE_X40Y51         FDRE (Prop_fdre_C_Q)         0.128     1.614 r  u_FIFO_to_FFT/u_ila_2/inst/ila_core_inst/basic_trigger_reg/Q
                         net (fo=2, routed)           0.214     1.828    u_FIFO_to_FFT/u_ila_2/inst/ila_core_inst/u_ila_cap_ctrl/basic_trigger
    SLICE_X39Y48         LUT4 (Prop_lut4_I2_O)        0.098     1.926 r  u_FIFO_to_FFT/u_ila_2/inst/ila_core_inst/u_ila_cap_ctrl/itrigger_in/O
                         net (fo=1, routed)           0.000     1.926    u_FIFO_to_FFT/u_ila_2/inst/ila_core_inst/u_ila_cap_ctrl/itrigger_in__0
    SLICE_X39Y48         FDRE                                         r  u_FIFO_to_FFT/u_ila_2/inst/ila_core_inst/u_ila_cap_ctrl/itrigger_out_reg/D
  -------------------------------------------------------------------    -------------------

                         (clock sys_clk rise edge)    0.000     0.000 r  
    N18                                               0.000     0.000 r  sys_clk (IN)
                         net (fo=0)                   0.000     0.000    sys_clk
    N18                  IBUF (Prop_ibuf_I_O)         0.417     0.417 r  sys_clk_IBUF_inst/O
                         net (fo=1, routed)           0.731     1.148    sys_clk_IBUF
    BUFGCTRL_X0Y16       BUFG (Prop_bufg_I_O)         0.029     1.177 r  sys_clk_IBUF_BUFG_inst/O
                         net (fo=2986, routed)        0.830     2.007    u_FIFO_to_FFT/u_ila_2/inst/ila_core_inst/u_ila_cap_ctrl/probeDelay1_reg[16]
    SLICE_X39Y48         FDRE                                         r  u_FIFO_to_FFT/u_ila_2/inst/ila_core_inst/u_ila_cap_ctrl/itrigger_out_reg/C
                         clock pessimism             -0.248     1.759    
    SLICE_X39Y48         FDRE (Hold_fdre_C_D)         0.092     1.851    u_FIFO_to_FFT/u_ila_2/inst/ila_core_inst/u_ila_cap_ctrl/itrigger_out_reg
  -------------------------------------------------------------------
                         required time                         -1.851    
                         arrival time                           1.926    
  -------------------------------------------------------------------
                         slack                                  0.075    

Slack (MET) :             0.082ns  (arrival time - required time)
  Source:                 u_FIFO_to_FFT/u_ila_2/inst/ila_core_inst/shifted_data_in_reg[8][14]_rep/C
                            (rising edge-triggered cell FDRE clocked by sys_clk  {rise@0.000ns fall@10.000ns period=20.000ns})
  Destination:            u_FIFO_to_FFT/u_ila_2/inst/ila_core_inst/ila_trace_memory_inst/SUBCORE_RAM_BLK_MEM_1.trace_block_memory/inst_blk_mem_gen/gnbram.gnativebmg.native_blk_mem_gen/valid.cstr/ramloop[44].ram.r/prim_noinit.ram/DEVICE_7SERIES.NO_BMM_INFO.SDP.SIMPLE_PRIM36.ram/DIADI[5]
                            (rising edge-triggered cell RAMB36E1 clocked by sys_clk  {rise@0.000ns fall@10.000ns period=20.000ns})
  Path Group:             sys_clk
  Path Type:              Hold (Min at Fast Process Corner)
  Requirement:            0.000ns  (sys_clk rise@0.000ns - sys_clk rise@0.000ns)
  Data Path Delay:        0.291ns  (logic 0.164ns (56.306%)  route 0.127ns (43.694%))
  Logic Levels:           0  
  Clock Path Skew:        0.055ns (DCD - SCD - CPR)
    Destination Clock Delay (DCD):    2.046ns
    Source Clock Delay      (SCD):    1.493ns
    Clock Pessimism Removal (CPR):    0.498ns

    Location             Delay type                Incr(ns)  Path(ns)    Netlist Resource(s)
  -------------------------------------------------------------------    -------------------
                         (clock sys_clk rise edge)    0.000     0.000 r  
    N18                                               0.000     0.000 r  sys_clk (IN)
                         net (fo=0)                   0.000     0.000    sys_clk
    N18                  IBUF (Prop_ibuf_I_O)         0.229     0.229 r  sys_clk_IBUF_inst/O
                         net (fo=1, routed)           0.674     0.903    sys_clk_IBUF
    BUFGCTRL_X0Y16       BUFG (Prop_bufg_I_O)         0.026     0.929 r  sys_clk_IBUF_BUFG_inst/O
                         net (fo=2986, routed)        0.564     1.493    u_FIFO_to_FFT/u_ila_2/inst/ila_core_inst/I_IS_TERMINATION_SLICE_W_OUTPUT_REG.DOUT_O_reg
    SLICE_X32Y44         FDRE                                         r  u_FIFO_to_FFT/u_ila_2/inst/ila_core_inst/shifted_data_in_reg[8][14]_rep/C
  -------------------------------------------------------------------    -------------------
    SLICE_X32Y44         FDRE (Prop_fdre_C_Q)         0.164     1.657 r  u_FIFO_to_FFT/u_ila_2/inst/ila_core_inst/shifted_data_in_reg[8][14]_rep/Q
                         net (fo=10, routed)          0.127     1.784    u_FIFO_to_FFT/u_ila_2/inst/ila_core_inst/ila_trace_memory_inst/SUBCORE_RAM_BLK_MEM_1.trace_block_memory/inst_blk_mem_gen/gnbram.gnativebmg.native_blk_mem_gen/valid.cstr/ramloop[44].ram.r/prim_noinit.ram/DEVICE_7SERIES.NO_BMM_INFO.SDP.SIMPLE_PRIM36.ram_5[5]
    RAMB36_X2Y8          RAMB36E1                                     r  u_FIFO_to_FFT/u_ila_2/inst/ila_core_inst/ila_trace_memory_inst/SUBCORE_RAM_BLK_MEM_1.trace_block_memory/inst_blk_mem_gen/gnbram.gnativebmg.native_blk_mem_gen/valid.cstr/ramloop[44].ram.r/prim_noinit.ram/DEVICE_7SERIES.NO_BMM_INFO.SDP.SIMPLE_PRIM36.ram/DIADI[5]
  -------------------------------------------------------------------    -------------------

                         (clock sys_clk rise edge)    0.000     0.000 r  
    N18                                               0.000     0.000 r  sys_clk (IN)
                         net (fo=0)                   0.000     0.000    sys_clk
    N18                  IBUF (Prop_ibuf_I_O)         0.417     0.417 r  sys_clk_IBUF_inst/O
                         net (fo=1, routed)           0.731     1.148    sys_clk_IBUF
    BUFGCTRL_X0Y16       BUFG (Prop_bufg_I_O)         0.029     1.177 r  sys_clk_IBUF_BUFG_inst/O
                         net (fo=2986, routed)        0.869     2.046    u_FIFO_to_FFT/u_ila_2/inst/ila_core_inst/ila_trace_memory_inst/SUBCORE_RAM_BLK_MEM_1.trace_block_memory/inst_blk_mem_gen/gnbram.gnativebmg.native_blk_mem_gen/valid.cstr/ramloop[44].ram.r/prim_noinit.ram/DEVICE_7SERIES.NO_BMM_INFO.SDP.SIMPLE_PRIM36.ram_2
    RAMB36_X2Y8          RAMB36E1                                     r  u_FIFO_to_FFT/u_ila_2/inst/ila_core_inst/ila_trace_memory_inst/SUBCORE_RAM_BLK_MEM_1.trace_block_memory/inst_blk_mem_gen/gnbram.gnativebmg.native_blk_mem_gen/valid.cstr/ramloop[44].ram.r/prim_noinit.ram/DEVICE_7SERIES.NO_BMM_INFO.SDP.SIMPLE_PRIM36.ram/CLKARDCLK
                         clock pessimism             -0.498     1.548    
    RAMB36_X2Y8          RAMB36E1 (Hold_ramb36e1_CLKARDCLK_DIADI[5])
                                                      0.155     1.703    u_FIFO_to_FFT/u_ila_2/inst/ila_core_inst/ila_trace_memory_inst/SUBCORE_RAM_BLK_MEM_1.trace_block_memory/inst_blk_mem_gen/gnbram.gnativebmg.native_blk_mem_gen/valid.cstr/ramloop[44].ram.r/prim_noinit.ram/DEVICE_7SERIES.NO_BMM_INFO.SDP.SIMPLE_PRIM36.ram
  -------------------------------------------------------------------
                         required time                         -1.703    
                         arrival time                           1.784    
  -------------------------------------------------------------------
                         slack                                  0.082    

Slack (MET) :             0.082ns  (arrival time - required time)
  Source:                 u_FIFO_to_FFT/u_ila_2/inst/ila_core_inst/u_ila_regs/reg_17/I_EN_CTL_EQ1.U_CTL/xsdb_reg_reg[5]/C
                            (rising edge-triggered cell FDRE clocked by sys_clk  {rise@0.000ns fall@10.000ns period=20.000ns})
  Destination:            u_FIFO_to_FFT/u_ila_2/inst/ila_core_inst/u_ila_regs/slaveRegDo_mux_0_reg[5]/D
                            (rising edge-triggered cell FDRE clocked by sys_clk  {rise@0.000ns fall@10.000ns period=20.000ns})
  Path Group:             sys_clk
  Path Type:              Hold (Min at Fast Process Corner)
  Requirement:            0.000ns  (sys_clk rise@0.000ns - sys_clk rise@0.000ns)
  Data Path Delay:        0.447ns  (logic 0.231ns (51.627%)  route 0.216ns (48.373%))
  Logic Levels:           2  (LUT6=2)
  Clock Path Skew:        0.273ns (DCD - SCD - CPR)
    Destination Clock Delay (DCD):    2.003ns
    Source Clock Delay      (SCD):    1.482ns
    Clock Pessimism Removal (CPR):    0.248ns

    Location             Delay type                Incr(ns)  Path(ns)    Netlist Resource(s)
  -------------------------------------------------------------------    -------------------
                         (clock sys_clk rise edge)    0.000     0.000 r  
    N18                                               0.000     0.000 r  sys_clk (IN)
                         net (fo=0)                   0.000     0.000    sys_clk
    N18                  IBUF (Prop_ibuf_I_O)         0.229     0.229 r  sys_clk_IBUF_inst/O
                         net (fo=1, routed)           0.674     0.903    sys_clk_IBUF
    BUFGCTRL_X0Y16       BUFG (Prop_bufg_I_O)         0.026     0.929 r  sys_clk_IBUF_BUFG_inst/O
                         net (fo=2986, routed)        0.553     1.482    u_FIFO_to_FFT/u_ila_2/inst/ila_core_inst/u_ila_regs/reg_17/I_EN_CTL_EQ1.U_CTL/s_dclk_o
    SLICE_X51Y51         FDRE                                         r  u_FIFO_to_FFT/u_ila_2/inst/ila_core_inst/u_ila_regs/reg_17/I_EN_CTL_EQ1.U_CTL/xsdb_reg_reg[5]/C
  -------------------------------------------------------------------    -------------------
    SLICE_X51Y51         FDRE (Prop_fdre_C_Q)         0.141     1.623 r  u_FIFO_to_FFT/u_ila_2/inst/ila_core_inst/u_ila_regs/reg_17/I_EN_CTL_EQ1.U_CTL/xsdb_reg_reg[5]/Q
                         net (fo=1, routed)           0.168     1.791    u_FIFO_to_FFT/u_ila_2/inst/ila_core_inst/u_ila_regs/reg_17/I_EN_CTL_EQ1.U_CTL/xsdb_reg_reg_n_0_[5]
    SLICE_X51Y49         LUT6 (Prop_lut6_I1_O)        0.045     1.836 r  u_FIFO_to_FFT/u_ila_2/inst/ila_core_inst/u_ila_regs/reg_17/I_EN_CTL_EQ1.U_CTL/slaveRegDo_mux_0[5]_i_5/O
                         net (fo=1, routed)           0.049     1.885    u_FIFO_to_FFT/u_ila_2/inst/ila_core_inst/u_ila_regs/reg_81/I_EN_CTL_EQ1.U_CTL/slaveRegDo_mux_0_reg[5]_1
    SLICE_X51Y49         LUT6 (Prop_lut6_I4_O)        0.045     1.930 r  u_FIFO_to_FFT/u_ila_2/inst/ila_core_inst/u_ila_regs/reg_81/I_EN_CTL_EQ1.U_CTL/slaveRegDo_mux_0[5]_i_1/O
                         net (fo=1, routed)           0.000     1.930    u_FIFO_to_FFT/u_ila_2/inst/ila_core_inst/u_ila_regs/reg_81_n_14
    SLICE_X51Y49         FDRE                                         r  u_FIFO_to_FFT/u_ila_2/inst/ila_core_inst/u_ila_regs/slaveRegDo_mux_0_reg[5]/D
  -------------------------------------------------------------------    -------------------

                         (clock sys_clk rise edge)    0.000     0.000 r  
    N18                                               0.000     0.000 r  sys_clk (IN)
                         net (fo=0)                   0.000     0.000    sys_clk
    N18                  IBUF (Prop_ibuf_I_O)         0.417     0.417 r  sys_clk_IBUF_inst/O
                         net (fo=1, routed)           0.731     1.148    sys_clk_IBUF
    BUFGCTRL_X0Y16       BUFG (Prop_bufg_I_O)         0.029     1.177 r  sys_clk_IBUF_BUFG_inst/O
                         net (fo=2986, routed)        0.826     2.003    u_FIFO_to_FFT/u_ila_2/inst/ila_core_inst/u_ila_regs/U_XSDB_SLAVE_n_1
    SLICE_X51Y49         FDRE                                         r  u_FIFO_to_FFT/u_ila_2/inst/ila_core_inst/u_ila_regs/slaveRegDo_mux_0_reg[5]/C
                         clock pessimism             -0.248     1.755    
    SLICE_X51Y49         FDRE (Hold_fdre_C_D)         0.092     1.847    u_FIFO_to_FFT/u_ila_2/inst/ila_core_inst/u_ila_regs/slaveRegDo_mux_0_reg[5]
  -------------------------------------------------------------------
                         required time                         -1.847    
                         arrival time                           1.930    
  -------------------------------------------------------------------
                         slack                                  0.082    

Slack (MET) :             0.083ns  (arrival time - required time)
  Source:                 dbg_hub/inst/BSCANID.u_xsdbm_id/CORE_XSDB.UUT_MASTER/U_ICON_INTERFACE/U_CMD6_RD/U_RD_FIFO/SUBCORE_FIFO.xsdbm_v3_0_0_rdfifo_inst/inst_fifo_gen/gconvfifo.rf/grf.rf/gntv_or_sync_fifo.gl0.wr/wpntr/gic0.gc0.count_d2_reg[1]/C
                            (rising edge-triggered cell FDCE clocked by sys_clk  {rise@0.000ns fall@10.000ns period=20.000ns})
  Destination:            dbg_hub/inst/BSCANID.u_xsdbm_id/CORE_XSDB.UUT_MASTER/U_ICON_INTERFACE/U_CMD6_RD/U_RD_FIFO/SUBCORE_FIFO.xsdbm_v3_0_0_rdfifo_inst/inst_fifo_gen/gconvfifo.rf/grf.rf/gntv_or_sync_fifo.mem/gdm.dm_gen.dm/RAM_reg_0_15_0_5/RAMA/WADR1
                            (rising edge-triggered cell RAMD32 clocked by sys_clk  {rise@0.000ns fall@10.000ns period=20.000ns})
  Path Group:             sys_clk
  Path Type:              Hold (Min at Fast Process Corner)
  Requirement:            0.000ns  (sys_clk rise@0.000ns - sys_clk rise@0.000ns)
  Data Path Delay:        0.407ns  (logic 0.141ns (34.659%)  route 0.266ns (65.341%))
  Logic Levels:           0  
  Clock Path Skew:        0.015ns (DCD - SCD - CPR)
    Destination Clock Delay (DCD):    2.017ns
    Source Clock Delay      (SCD):    1.501ns
    Clock Pessimism Removal (CPR):    0.501ns

    Location             Delay type                Incr(ns)  Path(ns)    Netlist Resource(s)
  -------------------------------------------------------------------    -------------------
                         (clock sys_clk rise edge)    0.000     0.000 r  
    N18                                               0.000     0.000 r  sys_clk (IN)
                         net (fo=0)                   0.000     0.000    sys_clk
    N18                  IBUF (Prop_ibuf_I_O)         0.229     0.229 r  sys_clk_IBUF_inst/O
                         net (fo=1, routed)           0.674     0.903    sys_clk_IBUF
    BUFGCTRL_X0Y16       BUFG (Prop_bufg_I_O)         0.026     0.929 r  sys_clk_IBUF_BUFG_inst/O
                         net (fo=2986, routed)        0.572     1.501    dbg_hub/inst/BSCANID.u_xsdbm_id/CORE_XSDB.UUT_MASTER/U_ICON_INTERFACE/U_CMD6_RD/U_RD_FIFO/SUBCORE_FIFO.xsdbm_v3_0_0_rdfifo_inst/inst_fifo_gen/gconvfifo.rf/grf.rf/gntv_or_sync_fifo.gl0.wr/wpntr/wr_clk
    SLICE_X55Y65         FDCE                                         r  dbg_hub/inst/BSCANID.u_xsdbm_id/CORE_XSDB.UUT_MASTER/U_ICON_INTERFACE/U_CMD6_RD/U_RD_FIFO/SUBCORE_FIFO.xsdbm_v3_0_0_rdfifo_inst/inst_fifo_gen/gconvfifo.rf/grf.rf/gntv_or_sync_fifo.gl0.wr/wpntr/gic0.gc0.count_d2_reg[1]/C
  -------------------------------------------------------------------    -------------------
    SLICE_X55Y65         FDCE (Prop_fdce_C_Q)         0.141     1.642 r  dbg_hub/inst/BSCANID.u_xsdbm_id/CORE_XSDB.UUT_MASTER/U_ICON_INTERFACE/U_CMD6_RD/U_RD_FIFO/SUBCORE_FIFO.xsdbm_v3_0_0_rdfifo_inst/inst_fifo_gen/gconvfifo.rf/grf.rf/gntv_or_sync_fifo.gl0.wr/wpntr/gic0.gc0.count_d2_reg[1]/Q
                         net (fo=26, routed)          0.266     1.908    dbg_hub/inst/BSCANID.u_xsdbm_id/CORE_XSDB.UUT_MASTER/U_ICON_INTERFACE/U_CMD6_RD/U_RD_FIFO/SUBCORE_FIFO.xsdbm_v3_0_0_rdfifo_inst/inst_fifo_gen/gconvfifo.rf/grf.rf/gntv_or_sync_fifo.mem/gdm.dm_gen.dm/RAM_reg_0_15_0_5/ADDRD1
    SLICE_X54Y64         RAMD32                                       r  dbg_hub/inst/BSCANID.u_xsdbm_id/CORE_XSDB.UUT_MASTER/U_ICON_INTERFACE/U_CMD6_RD/U_RD_FIFO/SUBCORE_FIFO.xsdbm_v3_0_0_rdfifo_inst/inst_fifo_gen/gconvfifo.rf/grf.rf/gntv_or_sync_fifo.mem/gdm.dm_gen.dm/RAM_reg_0_15_0_5/RAMA/WADR1
  -------------------------------------------------------------------    -------------------

                         (clock sys_clk rise edge)    0.000     0.000 r  
    N18                                               0.000     0.000 r  sys_clk (IN)
                         net (fo=0)                   0.000     0.000    sys_clk
    N18                  IBUF (Prop_ibuf_I_O)         0.417     0.417 r  sys_clk_IBUF_inst/O
                         net (fo=1, routed)           0.731     1.148    sys_clk_IBUF
    BUFGCTRL_X0Y16       BUFG (Prop_bufg_I_O)         0.029     1.177 r  sys_clk_IBUF_BUFG_inst/O
                         net (fo=2986, routed)        0.840     2.017    dbg_hub/inst/BSCANID.u_xsdbm_id/CORE_XSDB.UUT_MASTER/U_ICON_INTERFACE/U_CMD6_RD/U_RD_FIFO/SUBCORE_FIFO.xsdbm_v3_0_0_rdfifo_inst/inst_fifo_gen/gconvfifo.rf/grf.rf/gntv_or_sync_fifo.mem/gdm.dm_gen.dm/RAM_reg_0_15_0_5/WCLK
    SLICE_X54Y64         RAMD32                                       r  dbg_hub/inst/BSCANID.u_xsdbm_id/CORE_XSDB.UUT_MASTER/U_ICON_INTERFACE/U_CMD6_RD/U_RD_FIFO/SUBCORE_FIFO.xsdbm_v3_0_0_rdfifo_inst/inst_fifo_gen/gconvfifo.rf/grf.rf/gntv_or_sync_fifo.mem/gdm.dm_gen.dm/RAM_reg_0_15_0_5/RAMA/CLK
                         clock pessimism             -0.501     1.516    
    SLICE_X54Y64         RAMD32 (Hold_ramd32_CLK_WADR1)
                                                      0.309     1.825    dbg_hub/inst/BSCANID.u_xsdbm_id/CORE_XSDB.UUT_MASTER/U_ICON_INTERFACE/U_CMD6_RD/U_RD_FIFO/SUBCORE_FIFO.xsdbm_v3_0_0_rdfifo_inst/inst_fifo_gen/gconvfifo.rf/grf.rf/gntv_or_sync_fifo.mem/gdm.dm_gen.dm/RAM_reg_0_15_0_5/RAMA
  -------------------------------------------------------------------
                         required time                         -1.825    
                         arrival time                           1.908    
  -------------------------------------------------------------------
                         slack                                  0.083    

Slack (MET) :             0.083ns  (arrival time - required time)
  Source:                 dbg_hub/inst/BSCANID.u_xsdbm_id/CORE_XSDB.UUT_MASTER/U_ICON_INTERFACE/U_CMD6_RD/U_RD_FIFO/SUBCORE_FIFO.xsdbm_v3_0_0_rdfifo_inst/inst_fifo_gen/gconvfifo.rf/grf.rf/gntv_or_sync_fifo.gl0.wr/wpntr/gic0.gc0.count_d2_reg[1]/C
                            (rising edge-triggered cell FDCE clocked by sys_clk  {rise@0.000ns fall@10.000ns period=20.000ns})
  Destination:            dbg_hub/inst/BSCANID.u_xsdbm_id/CORE_XSDB.UUT_MASTER/U_ICON_INTERFACE/U_CMD6_RD/U_RD_FIFO/SUBCORE_FIFO.xsdbm_v3_0_0_rdfifo_inst/inst_fifo_gen/gconvfifo.rf/grf.rf/gntv_or_sync_fifo.mem/gdm.dm_gen.dm/RAM_reg_0_15_0_5/RAMA_D1/WADR1
                            (rising edge-triggered cell RAMD32 clocked by sys_clk  {rise@0.000ns fall@10.000ns period=20.000ns})
  Path Group:             sys_clk
  Path Type:              Hold (Min at Fast Process Corner)
  Requirement:            0.000ns  (sys_clk rise@0.000ns - sys_clk rise@0.000ns)
  Data Path Delay:        0.407ns  (logic 0.141ns (34.659%)  route 0.266ns (65.341%))
  Logic Levels:           0  
  Clock Path Skew:        0.015ns (DCD - SCD - CPR)
    Destination Clock Delay (DCD):    2.017ns
    Source Clock Delay      (SCD):    1.501ns
    Clock Pessimism Removal (CPR):    0.501ns

    Location             Delay type                Incr(ns)  Path(ns)    Netlist Resource(s)
  -------------------------------------------------------------------    -------------------
                         (clock sys_clk rise edge)    0.000     0.000 r  
    N18                                               0.000     0.000 r  sys_clk (IN)
                         net (fo=0)                   0.000     0.000    sys_clk
    N18                  IBUF (Prop_ibuf_I_O)         0.229     0.229 r  sys_clk_IBUF_inst/O
                         net (fo=1, routed)           0.674     0.903    sys_clk_IBUF
    BUFGCTRL_X0Y16       BUFG (Prop_bufg_I_O)         0.026     0.929 r  sys_clk_IBUF_BUFG_inst/O
                         net (fo=2986, routed)        0.572     1.501    dbg_hub/inst/BSCANID.u_xsdbm_id/CORE_XSDB.UUT_MASTER/U_ICON_INTERFACE/U_CMD6_RD/U_RD_FIFO/SUBCORE_FIFO.xsdbm_v3_0_0_rdfifo_inst/inst_fifo_gen/gconvfifo.rf/grf.rf/gntv_or_sync_fifo.gl0.wr/wpntr/wr_clk
    SLICE_X55Y65         FDCE                                         r  dbg_hub/inst/BSCANID.u_xsdbm_id/CORE_XSDB.UUT_MASTER/U_ICON_INTERFACE/U_CMD6_RD/U_RD_FIFO/SUBCORE_FIFO.xsdbm_v3_0_0_rdfifo_inst/inst_fifo_gen/gconvfifo.rf/grf.rf/gntv_or_sync_fifo.gl0.wr/wpntr/gic0.gc0.count_d2_reg[1]/C
  -------------------------------------------------------------------    -------------------
    SLICE_X55Y65         FDCE (Prop_fdce_C_Q)         0.141     1.642 r  dbg_hub/inst/BSCANID.u_xsdbm_id/CORE_XSDB.UUT_MASTER/U_ICON_INTERFACE/U_CMD6_RD/U_RD_FIFO/SUBCORE_FIFO.xsdbm_v3_0_0_rdfifo_inst/inst_fifo_gen/gconvfifo.rf/grf.rf/gntv_or_sync_fifo.gl0.wr/wpntr/gic0.gc0.count_d2_reg[1]/Q
                         net (fo=26, routed)          0.266     1.908    dbg_hub/inst/BSCANID.u_xsdbm_id/CORE_XSDB.UUT_MASTER/U_ICON_INTERFACE/U_CMD6_RD/U_RD_FIFO/SUBCORE_FIFO.xsdbm_v3_0_0_rdfifo_inst/inst_fifo_gen/gconvfifo.rf/grf.rf/gntv_or_sync_fifo.mem/gdm.dm_gen.dm/RAM_reg_0_15_0_5/ADDRD1
    SLICE_X54Y64         RAMD32                                       r  dbg_hub/inst/BSCANID.u_xsdbm_id/CORE_XSDB.UUT_MASTER/U_ICON_INTERFACE/U_CMD6_RD/U_RD_FIFO/SUBCORE_FIFO.xsdbm_v3_0_0_rdfifo_inst/inst_fifo_gen/gconvfifo.rf/grf.rf/gntv_or_sync_fifo.mem/gdm.dm_gen.dm/RAM_reg_0_15_0_5/RAMA_D1/WADR1
  -------------------------------------------------------------------    -------------------

                         (clock sys_clk rise edge)    0.000     0.000 r  
    N18                                               0.000     0.000 r  sys_clk (IN)
                         net (fo=0)                   0.000     0.000    sys_clk
    N18                  IBUF (Prop_ibuf_I_O)         0.417     0.417 r  sys_clk_IBUF_inst/O
                         net (fo=1, routed)           0.731     1.148    sys_clk_IBUF
    BUFGCTRL_X0Y16       BUFG (Prop_bufg_I_O)         0.029     1.177 r  sys_clk_IBUF_BUFG_inst/O
                         net (fo=2986, routed)        0.840     2.017    dbg_hub/inst/BSCANID.u_xsdbm_id/CORE_XSDB.UUT_MASTER/U_ICON_INTERFACE/U_CMD6_RD/U_RD_FIFO/SUBCORE_FIFO.xsdbm_v3_0_0_rdfifo_inst/inst_fifo_gen/gconvfifo.rf/grf.rf/gntv_or_sync_fifo.mem/gdm.dm_gen.dm/RAM_reg_0_15_0_5/WCLK
    SLICE_X54Y64         RAMD32                                       r  dbg_hub/inst/BSCANID.u_xsdbm_id/CORE_XSDB.UUT_MASTER/U_ICON_INTERFACE/U_CMD6_RD/U_RD_FIFO/SUBCORE_FIFO.xsdbm_v3_0_0_rdfifo_inst/inst_fifo_gen/gconvfifo.rf/grf.rf/gntv_or_sync_fifo.mem/gdm.dm_gen.dm/RAM_reg_0_15_0_5/RAMA_D1/CLK
                         clock pessimism             -0.501     1.516    
    SLICE_X54Y64         RAMD32 (Hold_ramd32_CLK_WADR1)
                                                      0.309     1.825    dbg_hub/inst/BSCANID.u_xsdbm_id/CORE_XSDB.UUT_MASTER/U_ICON_INTERFACE/U_CMD6_RD/U_RD_FIFO/SUBCORE_FIFO.xsdbm_v3_0_0_rdfifo_inst/inst_fifo_gen/gconvfifo.rf/grf.rf/gntv_or_sync_fifo.mem/gdm.dm_gen.dm/RAM_reg_0_15_0_5/RAMA_D1
  -------------------------------------------------------------------
                         required time                         -1.825    
                         arrival time                           1.908    
  -------------------------------------------------------------------
                         slack                                  0.083    

Slack (MET) :             0.083ns  (arrival time - required time)
  Source:                 dbg_hub/inst/BSCANID.u_xsdbm_id/CORE_XSDB.UUT_MASTER/U_ICON_INTERFACE/U_CMD6_RD/U_RD_FIFO/SUBCORE_FIFO.xsdbm_v3_0_0_rdfifo_inst/inst_fifo_gen/gconvfifo.rf/grf.rf/gntv_or_sync_fifo.gl0.wr/wpntr/gic0.gc0.count_d2_reg[1]/C
                            (rising edge-triggered cell FDCE clocked by sys_clk  {rise@0.000ns fall@10.000ns period=20.000ns})
  Destination:            dbg_hub/inst/BSCANID.u_xsdbm_id/CORE_XSDB.UUT_MASTER/U_ICON_INTERFACE/U_CMD6_RD/U_RD_FIFO/SUBCORE_FIFO.xsdbm_v3_0_0_rdfifo_inst/inst_fifo_gen/gconvfifo.rf/grf.rf/gntv_or_sync_fifo.mem/gdm.dm_gen.dm/RAM_reg_0_15_0_5/RAMB/WADR1
                            (rising edge-triggered cell RAMD32 clocked by sys_clk  {rise@0.000ns fall@10.000ns period=20.000ns})
  Path Group:             sys_clk
  Path Type:              Hold (Min at Fast Process Corner)
  Requirement:            0.000ns  (sys_clk rise@0.000ns - sys_clk rise@0.000ns)
  Data Path Delay:        0.407ns  (logic 0.141ns (34.659%)  route 0.266ns (65.341%))
  Logic Levels:           0  
  Clock Path Skew:        0.015ns (DCD - SCD - CPR)
    Destination Clock Delay (DCD):    2.017ns
    Source Clock Delay      (SCD):    1.501ns
    Clock Pessimism Removal (CPR):    0.501ns

    Location             Delay type                Incr(ns)  Path(ns)    Netlist Resource(s)
  -------------------------------------------------------------------    -------------------
                         (clock sys_clk rise edge)    0.000     0.000 r  
    N18                                               0.000     0.000 r  sys_clk (IN)
                         net (fo=0)                   0.000     0.000    sys_clk
    N18                  IBUF (Prop_ibuf_I_O)         0.229     0.229 r  sys_clk_IBUF_inst/O
                         net (fo=1, routed)           0.674     0.903    sys_clk_IBUF
    BUFGCTRL_X0Y16       BUFG (Prop_bufg_I_O)         0.026     0.929 r  sys_clk_IBUF_BUFG_inst/O
                         net (fo=2986, routed)        0.572     1.501    dbg_hub/inst/BSCANID.u_xsdbm_id/CORE_XSDB.UUT_MASTER/U_ICON_INTERFACE/U_CMD6_RD/U_RD_FIFO/SUBCORE_FIFO.xsdbm_v3_0_0_rdfifo_inst/inst_fifo_gen/gconvfifo.rf/grf.rf/gntv_or_sync_fifo.gl0.wr/wpntr/wr_clk
    SLICE_X55Y65         FDCE                                         r  dbg_hub/inst/BSCANID.u_xsdbm_id/CORE_XSDB.UUT_MASTER/U_ICON_INTERFACE/U_CMD6_RD/U_RD_FIFO/SUBCORE_FIFO.xsdbm_v3_0_0_rdfifo_inst/inst_fifo_gen/gconvfifo.rf/grf.rf/gntv_or_sync_fifo.gl0.wr/wpntr/gic0.gc0.count_d2_reg[1]/C
  -------------------------------------------------------------------    -------------------
    SLICE_X55Y65         FDCE (Prop_fdce_C_Q)         0.141     1.642 r  dbg_hub/inst/BSCANID.u_xsdbm_id/CORE_XSDB.UUT_MASTER/U_ICON_INTERFACE/U_CMD6_RD/U_RD_FIFO/SUBCORE_FIFO.xsdbm_v3_0_0_rdfifo_inst/inst_fifo_gen/gconvfifo.rf/grf.rf/gntv_or_sync_fifo.gl0.wr/wpntr/gic0.gc0.count_d2_reg[1]/Q
                         net (fo=26, routed)          0.266     1.908    dbg_hub/inst/BSCANID.u_xsdbm_id/CORE_XSDB.UUT_MASTER/U_ICON_INTERFACE/U_CMD6_RD/U_RD_FIFO/SUBCORE_FIFO.xsdbm_v3_0_0_rdfifo_inst/inst_fifo_gen/gconvfifo.rf/grf.rf/gntv_or_sync_fifo.mem/gdm.dm_gen.dm/RAM_reg_0_15_0_5/ADDRD1
    SLICE_X54Y64         RAMD32                                       r  dbg_hub/inst/BSCANID.u_xsdbm_id/CORE_XSDB.UUT_MASTER/U_ICON_INTERFACE/U_CMD6_RD/U_RD_FIFO/SUBCORE_FIFO.xsdbm_v3_0_0_rdfifo_inst/inst_fifo_gen/gconvfifo.rf/grf.rf/gntv_or_sync_fifo.mem/gdm.dm_gen.dm/RAM_reg_0_15_0_5/RAMB/WADR1
  -------------------------------------------------------------------    -------------------

                         (clock sys_clk rise edge)    0.000     0.000 r  
    N18                                               0.000     0.000 r  sys_clk (IN)
                         net (fo=0)                   0.000     0.000    sys_clk
    N18                  IBUF (Prop_ibuf_I_O)         0.417     0.417 r  sys_clk_IBUF_inst/O
                         net (fo=1, routed)           0.731     1.148    sys_clk_IBUF
    BUFGCTRL_X0Y16       BUFG (Prop_bufg_I_O)         0.029     1.177 r  sys_clk_IBUF_BUFG_inst/O
                         net (fo=2986, routed)        0.840     2.017    dbg_hub/inst/BSCANID.u_xsdbm_id/CORE_XSDB.UUT_MASTER/U_ICON_INTERFACE/U_CMD6_RD/U_RD_FIFO/SUBCORE_FIFO.xsdbm_v3_0_0_rdfifo_inst/inst_fifo_gen/gconvfifo.rf/grf.rf/gntv_or_sync_fifo.mem/gdm.dm_gen.dm/RAM_reg_0_15_0_5/WCLK
    SLICE_X54Y64         RAMD32                                       r  dbg_hub/inst/BSCANID.u_xsdbm_id/CORE_XSDB.UUT_MASTER/U_ICON_INTERFACE/U_CMD6_RD/U_RD_FIFO/SUBCORE_FIFO.xsdbm_v3_0_0_rdfifo_inst/inst_fifo_gen/gconvfifo.rf/grf.rf/gntv_or_sync_fifo.mem/gdm.dm_gen.dm/RAM_reg_0_15_0_5/RAMB/CLK
                         clock pessimism             -0.501     1.516    
    SLICE_X54Y64         RAMD32 (Hold_ramd32_CLK_WADR1)
                                                      0.309     1.825    dbg_hub/inst/BSCANID.u_xsdbm_id/CORE_XSDB.UUT_MASTER/U_ICON_INTERFACE/U_CMD6_RD/U_RD_FIFO/SUBCORE_FIFO.xsdbm_v3_0_0_rdfifo_inst/inst_fifo_gen/gconvfifo.rf/grf.rf/gntv_or_sync_fifo.mem/gdm.dm_gen.dm/RAM_reg_0_15_0_5/RAMB
  -------------------------------------------------------------------
                         required time                         -1.825    
                         arrival time                           1.908    
  -------------------------------------------------------------------
                         slack                                  0.083    

Slack (MET) :             0.083ns  (arrival time - required time)
  Source:                 dbg_hub/inst/BSCANID.u_xsdbm_id/CORE_XSDB.UUT_MASTER/U_ICON_INTERFACE/U_CMD6_RD/U_RD_FIFO/SUBCORE_FIFO.xsdbm_v3_0_0_rdfifo_inst/inst_fifo_gen/gconvfifo.rf/grf.rf/gntv_or_sync_fifo.gl0.wr/wpntr/gic0.gc0.count_d2_reg[1]/C
                            (rising edge-triggered cell FDCE clocked by sys_clk  {rise@0.000ns fall@10.000ns period=20.000ns})
  Destination:            dbg_hub/inst/BSCANID.u_xsdbm_id/CORE_XSDB.UUT_MASTER/U_ICON_INTERFACE/U_CMD6_RD/U_RD_FIFO/SUBCORE_FIFO.xsdbm_v3_0_0_rdfifo_inst/inst_fifo_gen/gconvfifo.rf/grf.rf/gntv_or_sync_fifo.mem/gdm.dm_gen.dm/RAM_reg_0_15_0_5/RAMB_D1/WADR1
                            (rising edge-triggered cell RAMD32 clocked by sys_clk  {rise@0.000ns fall@10.000ns period=20.000ns})
  Path Group:             sys_clk
  Path Type:              Hold (Min at Fast Process Corner)
  Requirement:            0.000ns  (sys_clk rise@0.000ns - sys_clk rise@0.000ns)
  Data Path Delay:        0.407ns  (logic 0.141ns (34.659%)  route 0.266ns (65.341%))
  Logic Levels:           0  
  Clock Path Skew:        0.015ns (DCD - SCD - CPR)
    Destination Clock Delay (DCD):    2.017ns
    Source Clock Delay      (SCD):    1.501ns
    Clock Pessimism Removal (CPR):    0.501ns

    Location             Delay type                Incr(ns)  Path(ns)    Netlist Resource(s)
  -------------------------------------------------------------------    -------------------
                         (clock sys_clk rise edge)    0.000     0.000 r  
    N18                                               0.000     0.000 r  sys_clk (IN)
                         net (fo=0)                   0.000     0.000    sys_clk
    N18                  IBUF (Prop_ibuf_I_O)         0.229     0.229 r  sys_clk_IBUF_inst/O
                         net (fo=1, routed)           0.674     0.903    sys_clk_IBUF
    BUFGCTRL_X0Y16       BUFG (Prop_bufg_I_O)         0.026     0.929 r  sys_clk_IBUF_BUFG_inst/O
                         net (fo=2986, routed)        0.572     1.501    dbg_hub/inst/BSCANID.u_xsdbm_id/CORE_XSDB.UUT_MASTER/U_ICON_INTERFACE/U_CMD6_RD/U_RD_FIFO/SUBCORE_FIFO.xsdbm_v3_0_0_rdfifo_inst/inst_fifo_gen/gconvfifo.rf/grf.rf/gntv_or_sync_fifo.gl0.wr/wpntr/wr_clk
    SLICE_X55Y65         FDCE                                         r  dbg_hub/inst/BSCANID.u_xsdbm_id/CORE_XSDB.UUT_MASTER/U_ICON_INTERFACE/U_CMD6_RD/U_RD_FIFO/SUBCORE_FIFO.xsdbm_v3_0_0_rdfifo_inst/inst_fifo_gen/gconvfifo.rf/grf.rf/gntv_or_sync_fifo.gl0.wr/wpntr/gic0.gc0.count_d2_reg[1]/C
  -------------------------------------------------------------------    -------------------
    SLICE_X55Y65         FDCE (Prop_fdce_C_Q)         0.141     1.642 r  dbg_hub/inst/BSCANID.u_xsdbm_id/CORE_XSDB.UUT_MASTER/U_ICON_INTERFACE/U_CMD6_RD/U_RD_FIFO/SUBCORE_FIFO.xsdbm_v3_0_0_rdfifo_inst/inst_fifo_gen/gconvfifo.rf/grf.rf/gntv_or_sync_fifo.gl0.wr/wpntr/gic0.gc0.count_d2_reg[1]/Q
                         net (fo=26, routed)          0.266     1.908    dbg_hub/inst/BSCANID.u_xsdbm_id/CORE_XSDB.UUT_MASTER/U_ICON_INTERFACE/U_CMD6_RD/U_RD_FIFO/SUBCORE_FIFO.xsdbm_v3_0_0_rdfifo_inst/inst_fifo_gen/gconvfifo.rf/grf.rf/gntv_or_sync_fifo.mem/gdm.dm_gen.dm/RAM_reg_0_15_0_5/ADDRD1
    SLICE_X54Y64         RAMD32                                       r  dbg_hub/inst/BSCANID.u_xsdbm_id/CORE_XSDB.UUT_MASTER/U_ICON_INTERFACE/U_CMD6_RD/U_RD_FIFO/SUBCORE_FIFO.xsdbm_v3_0_0_rdfifo_inst/inst_fifo_gen/gconvfifo.rf/grf.rf/gntv_or_sync_fifo.mem/gdm.dm_gen.dm/RAM_reg_0_15_0_5/RAMB_D1/WADR1
  -------------------------------------------------------------------    -------------------

                         (clock sys_clk rise edge)    0.000     0.000 r  
    N18                                               0.000     0.000 r  sys_clk (IN)
                         net (fo=0)                   0.000     0.000    sys_clk
    N18                  IBUF (Prop_ibuf_I_O)         0.417     0.417 r  sys_clk_IBUF_inst/O
                         net (fo=1, routed)           0.731     1.148    sys_clk_IBUF
    BUFGCTRL_X0Y16       BUFG (Prop_bufg_I_O)         0.029     1.177 r  sys_clk_IBUF_BUFG_inst/O
                         net (fo=2986, routed)        0.840     2.017    dbg_hub/inst/BSCANID.u_xsdbm_id/CORE_XSDB.UUT_MASTER/U_ICON_INTERFACE/U_CMD6_RD/U_RD_FIFO/SUBCORE_FIFO.xsdbm_v3_0_0_rdfifo_inst/inst_fifo_gen/gconvfifo.rf/grf.rf/gntv_or_sync_fifo.mem/gdm.dm_gen.dm/RAM_reg_0_15_0_5/WCLK
    SLICE_X54Y64         RAMD32                                       r  dbg_hub/inst/BSCANID.u_xsdbm_id/CORE_XSDB.UUT_MASTER/U_ICON_INTERFACE/U_CMD6_RD/U_RD_FIFO/SUBCORE_FIFO.xsdbm_v3_0_0_rdfifo_inst/inst_fifo_gen/gconvfifo.rf/grf.rf/gntv_or_sync_fifo.mem/gdm.dm_gen.dm/RAM_reg_0_15_0_5/RAMB_D1/CLK
                         clock pessimism             -0.501     1.516    
    SLICE_X54Y64         RAMD32 (Hold_ramd32_CLK_WADR1)
                                                      0.309     1.825    dbg_hub/inst/BSCANID.u_xsdbm_id/CORE_XSDB.UUT_MASTER/U_ICON_INTERFACE/U_CMD6_RD/U_RD_FIFO/SUBCORE_FIFO.xsdbm_v3_0_0_rdfifo_inst/inst_fifo_gen/gconvfifo.rf/grf.rf/gntv_or_sync_fifo.mem/gdm.dm_gen.dm/RAM_reg_0_15_0_5/RAMB_D1
  -------------------------------------------------------------------
                         required time                         -1.825    
                         arrival time                           1.908    
  -------------------------------------------------------------------
                         slack                                  0.083    





Pulse Width Checks
--------------------------------------------------------------------------------------
Clock Name:         sys_clk
Waveform(ns):       { 0.000 10.000 }
Period(ns):         20.000
Sources:            { sys_clk }

Check Type        Corner  Lib Pin             Reference Pin  Required(ns)  Actual(ns)  Slack(ns)  Location        Pin
Min Period        n/a     RAMB36E1/CLKARDCLK  n/a            2.761         20.000      17.239     RAMB36_X3Y18    u_FIFO_to_FFT/u_ila_2/inst/ila_core_inst/ila_trace_memory_inst/SUBCORE_RAM_BLK_MEM_1.trace_block_memory/inst_blk_mem_gen/gnbram.gnativebmg.native_blk_mem_gen/valid.cstr/ramloop[64].ram.r/prim_noinit.ram/DEVICE_7SERIES.NO_BMM_INFO.SDP.CASCADED_PRIM36.ram_B/CLKARDCLK
Min Period        n/a     RAMB36E1/CLKBWRCLK  n/a            2.761         20.000      17.239     RAMB36_X3Y18    u_FIFO_to_FFT/u_ila_2/inst/ila_core_inst/ila_trace_memory_inst/SUBCORE_RAM_BLK_MEM_1.trace_block_memory/inst_blk_mem_gen/gnbram.gnativebmg.native_blk_mem_gen/valid.cstr/ramloop[64].ram.r/prim_noinit.ram/DEVICE_7SERIES.NO_BMM_INFO.SDP.CASCADED_PRIM36.ram_B/CLKBWRCLK
Min Period        n/a     RAMB36E1/CLKARDCLK  n/a            2.761         20.000      17.239     RAMB36_X3Y19    u_FIFO_to_FFT/u_ila_2/inst/ila_core_inst/ila_trace_memory_inst/SUBCORE_RAM_BLK_MEM_1.trace_block_memory/inst_blk_mem_gen/gnbram.gnativebmg.native_blk_mem_gen/valid.cstr/ramloop[64].ram.r/prim_noinit.ram/DEVICE_7SERIES.NO_BMM_INFO.SDP.CASCADED_PRIM36.ram_T/CLKARDCLK
Min Period        n/a     RAMB36E1/CLKBWRCLK  n/a            2.761         20.000      17.239     RAMB36_X3Y19    u_FIFO_to_FFT/u_ila_2/inst/ila_core_inst/ila_trace_memory_inst/SUBCORE_RAM_BLK_MEM_1.trace_block_memory/inst_blk_mem_gen/gnbram.gnativebmg.native_blk_mem_gen/valid.cstr/ramloop[64].ram.r/prim_noinit.ram/DEVICE_7SERIES.NO_BMM_INFO.SDP.CASCADED_PRIM36.ram_T/CLKBWRCLK
Min Period        n/a     RAMB36E1/CLKARDCLK  n/a            2.761         20.000      17.239     RAMB36_X2Y6     u_FIFO_to_FFT/u_ila_2/inst/ila_core_inst/ila_trace_memory_inst/SUBCORE_RAM_BLK_MEM_1.trace_block_memory/inst_blk_mem_gen/gnbram.gnativebmg.native_blk_mem_gen/valid.cstr/ramloop[65].ram.r/prim_noinit.ram/DEVICE_7SERIES.NO_BMM_INFO.SDP.CASCADED_PRIM36.ram_B/CLKARDCLK
Min Period        n/a     RAMB36E1/CLKBWRCLK  n/a            2.761         20.000      17.239     RAMB36_X2Y6     u_FIFO_to_FFT/u_ila_2/inst/ila_core_inst/ila_trace_memory_inst/SUBCORE_RAM_BLK_MEM_1.trace_block_memory/inst_blk_mem_gen/gnbram.gnativebmg.native_blk_mem_gen/valid.cstr/ramloop[65].ram.r/prim_noinit.ram/DEVICE_7SERIES.NO_BMM_INFO.SDP.CASCADED_PRIM36.ram_B/CLKBWRCLK
Min Period        n/a     RAMB36E1/CLKARDCLK  n/a            2.761         20.000      17.239     RAMB36_X2Y7     u_FIFO_to_FFT/u_ila_2/inst/ila_core_inst/ila_trace_memory_inst/SUBCORE_RAM_BLK_MEM_1.trace_block_memory/inst_blk_mem_gen/gnbram.gnativebmg.native_blk_mem_gen/valid.cstr/ramloop[65].ram.r/prim_noinit.ram/DEVICE_7SERIES.NO_BMM_INFO.SDP.CASCADED_PRIM36.ram_T/CLKARDCLK
Min Period        n/a     RAMB36E1/CLKBWRCLK  n/a            2.761         20.000      17.239     RAMB36_X2Y7     u_FIFO_to_FFT/u_ila_2/inst/ila_core_inst/ila_trace_memory_inst/SUBCORE_RAM_BLK_MEM_1.trace_block_memory/inst_blk_mem_gen/gnbram.gnativebmg.native_blk_mem_gen/valid.cstr/ramloop[65].ram.r/prim_noinit.ram/DEVICE_7SERIES.NO_BMM_INFO.SDP.CASCADED_PRIM36.ram_T/CLKBWRCLK
Min Period        n/a     RAMB36E1/CLKARDCLK  n/a            2.761         20.000      17.239     RAMB36_X2Y18    u_FIFO_to_FFT/u_ila_2/inst/ila_core_inst/ila_trace_memory_inst/SUBCORE_RAM_BLK_MEM_1.trace_block_memory/inst_blk_mem_gen/gnbram.gnativebmg.native_blk_mem_gen/valid.cstr/ramloop[66].ram.r/prim_noinit.ram/DEVICE_7SERIES.NO_BMM_INFO.SDP.CASCADED_PRIM36.ram_B/CLKARDCLK
Min Period        n/a     RAMB36E1/CLKBWRCLK  n/a            2.761         20.000      17.239     RAMB36_X2Y18    u_FIFO_to_FFT/u_ila_2/inst/ila_core_inst/ila_trace_memory_inst/SUBCORE_RAM_BLK_MEM_1.trace_block_memory/inst_blk_mem_gen/gnbram.gnativebmg.native_blk_mem_gen/valid.cstr/ramloop[66].ram.r/prim_noinit.ram/DEVICE_7SERIES.NO_BMM_INFO.SDP.CASCADED_PRIM36.ram_B/CLKBWRCLK
Max Period        n/a     PLLE2_ADV/CLKIN1    n/a            52.633        20.000      32.633     PLLE2_ADV_X1Y0  u_FIFO_to_FFT/u_ad_fifo/u_ad_da_t/u_pll_ip/inst/plle2_adv_inst/CLKIN1
Low Pulse Width   Slow    PLLE2_ADV/CLKIN1    n/a            3.000         10.000      7.000      PLLE2_ADV_X1Y0  u_FIFO_to_FFT/u_ad_fifo/u_ad_da_t/u_pll_ip/inst/plle2_adv_inst/CLKIN1
Low Pulse Width   Fast    PLLE2_ADV/CLKIN1    n/a            3.000         10.000      7.000      PLLE2_ADV_X1Y0  u_FIFO_to_FFT/u_ad_fifo/u_ad_da_t/u_pll_ip/inst/plle2_adv_inst/CLKIN1
Low Pulse Width   Slow    RAMD32/CLK          n/a            1.130         10.000      8.870      SLICE_X54Y64    dbg_hub/inst/BSCANID.u_xsdbm_id/CORE_XSDB.UUT_MASTER/U_ICON_INTERFACE/U_CMD6_RD/U_RD_FIFO/SUBCORE_FIFO.xsdbm_v3_0_0_rdfifo_inst/inst_fifo_gen/gconvfifo.rf/grf.rf/gntv_or_sync_fifo.mem/gdm.dm_gen.dm/RAM_reg_0_15_0_5/RAMA/CLK
Low Pulse Width   Slow    RAMD32/CLK          n/a            1.130         10.000      8.870      SLICE_X54Y64    dbg_hub/inst/BSCANID.u_xsdbm_id/CORE_XSDB.UUT_MASTER/U_ICON_INTERFACE/U_CMD6_RD/U_RD_FIFO/SUBCORE_FIFO.xsdbm_v3_0_0_rdfifo_inst/inst_fifo_gen/gconvfifo.rf/grf.rf/gntv_or_sync_fifo.mem/gdm.dm_gen.dm/RAM_reg_0_15_0_5/RAMA_D1/CLK
Low Pulse Width   Slow    RAMD32/CLK          n/a            1.130         10.000      8.870      SLICE_X54Y64    dbg_hub/inst/BSCANID.u_xsdbm_id/CORE_XSDB.UUT_MASTER/U_ICON_INTERFACE/U_CMD6_RD/U_RD_FIFO/SUBCORE_FIFO.xsdbm_v3_0_0_rdfifo_inst/inst_fifo_gen/gconvfifo.rf/grf.rf/gntv_or_sync_fifo.mem/gdm.dm_gen.dm/RAM_reg_0_15_0_5/RAMB/CLK
Low Pulse Width   Slow    RAMD32/CLK          n/a            1.130         10.000      8.870      SLICE_X54Y64    dbg_hub/inst/BSCANID.u_xsdbm_id/CORE_XSDB.UUT_MASTER/U_ICON_INTERFACE/U_CMD6_RD/U_RD_FIFO/SUBCORE_FIFO.xsdbm_v3_0_0_rdfifo_inst/inst_fifo_gen/gconvfifo.rf/grf.rf/gntv_or_sync_fifo.mem/gdm.dm_gen.dm/RAM_reg_0_15_0_5/RAMB_D1/CLK
Low Pulse Width   Slow    RAMD32/CLK          n/a            1.130         10.000      8.870      SLICE_X54Y64    dbg_hub/inst/BSCANID.u_xsdbm_id/CORE_XSDB.UUT_MASTER/U_ICON_INTERFACE/U_CMD6_RD/U_RD_FIFO/SUBCORE_FIFO.xsdbm_v3_0_0_rdfifo_inst/inst_fifo_gen/gconvfifo.rf/grf.rf/gntv_or_sync_fifo.mem/gdm.dm_gen.dm/RAM_reg_0_15_0_5/RAMC/CLK
Low Pulse Width   Slow    RAMD32/CLK          n/a            1.130         10.000      8.870      SLICE_X54Y64    dbg_hub/inst/BSCANID.u_xsdbm_id/CORE_XSDB.UUT_MASTER/U_ICON_INTERFACE/U_CMD6_RD/U_RD_FIFO/SUBCORE_FIFO.xsdbm_v3_0_0_rdfifo_inst/inst_fifo_gen/gconvfifo.rf/grf.rf/gntv_or_sync_fifo.mem/gdm.dm_gen.dm/RAM_reg_0_15_0_5/RAMC_D1/CLK
Low Pulse Width   Slow    RAMS32/CLK          n/a            1.130         10.000      8.870      SLICE_X54Y64    dbg_hub/inst/BSCANID.u_xsdbm_id/CORE_XSDB.UUT_MASTER/U_ICON_INTERFACE/U_CMD6_RD/U_RD_FIFO/SUBCORE_FIFO.xsdbm_v3_0_0_rdfifo_inst/inst_fifo_gen/gconvfifo.rf/grf.rf/gntv_or_sync_fifo.mem/gdm.dm_gen.dm/RAM_reg_0_15_0_5/RAMD/CLK
Low Pulse Width   Slow    RAMS32/CLK          n/a            1.130         10.000      8.870      SLICE_X54Y64    dbg_hub/inst/BSCANID.u_xsdbm_id/CORE_XSDB.UUT_MASTER/U_ICON_INTERFACE/U_CMD6_RD/U_RD_FIFO/SUBCORE_FIFO.xsdbm_v3_0_0_rdfifo_inst/inst_fifo_gen/gconvfifo.rf/grf.rf/gntv_or_sync_fifo.mem/gdm.dm_gen.dm/RAM_reg_0_15_0_5/RAMD_D1/CLK
High Pulse Width  Slow    PLLE2_ADV/CLKIN1    n/a            3.000         10.000      7.000      PLLE2_ADV_X1Y0  u_FIFO_to_FFT/u_ad_fifo/u_ad_da_t/u_pll_ip/inst/plle2_adv_inst/CLKIN1
High Pulse Width  Fast    PLLE2_ADV/CLKIN1    n/a            3.000         10.000      7.000      PLLE2_ADV_X1Y0  u_FIFO_to_FFT/u_ad_fifo/u_ad_da_t/u_pll_ip/inst/plle2_adv_inst/CLKIN1
High Pulse Width  Slow    RAMD32/CLK          n/a            1.130         10.000      8.870      SLICE_X54Y64    dbg_hub/inst/BSCANID.u_xsdbm_id/CORE_XSDB.UUT_MASTER/U_ICON_INTERFACE/U_CMD6_RD/U_RD_FIFO/SUBCORE_FIFO.xsdbm_v3_0_0_rdfifo_inst/inst_fifo_gen/gconvfifo.rf/grf.rf/gntv_or_sync_fifo.mem/gdm.dm_gen.dm/RAM_reg_0_15_0_5/RAMA/CLK
High Pulse Width  Slow    RAMD32/CLK          n/a            1.130         10.000      8.870      SLICE_X54Y64    dbg_hub/inst/BSCANID.u_xsdbm_id/CORE_XSDB.UUT_MASTER/U_ICON_INTERFACE/U_CMD6_RD/U_RD_FIFO/SUBCORE_FIFO.xsdbm_v3_0_0_rdfifo_inst/inst_fifo_gen/gconvfifo.rf/grf.rf/gntv_or_sync_fifo.mem/gdm.dm_gen.dm/RAM_reg_0_15_0_5/RAMA_D1/CLK
High Pulse Width  Slow    RAMD32/CLK          n/a            1.130         10.000      8.870      SLICE_X54Y64    dbg_hub/inst/BSCANID.u_xsdbm_id/CORE_XSDB.UUT_MASTER/U_ICON_INTERFACE/U_CMD6_RD/U_RD_FIFO/SUBCORE_FIFO.xsdbm_v3_0_0_rdfifo_inst/inst_fifo_gen/gconvfifo.rf/grf.rf/gntv_or_sync_fifo.mem/gdm.dm_gen.dm/RAM_reg_0_15_0_5/RAMB/CLK
High Pulse Width  Slow    RAMD32/CLK          n/a            1.130         10.000      8.870      SLICE_X54Y64    dbg_hub/inst/BSCANID.u_xsdbm_id/CORE_XSDB.UUT_MASTER/U_ICON_INTERFACE/U_CMD6_RD/U_RD_FIFO/SUBCORE_FIFO.xsdbm_v3_0_0_rdfifo_inst/inst_fifo_gen/gconvfifo.rf/grf.rf/gntv_or_sync_fifo.mem/gdm.dm_gen.dm/RAM_reg_0_15_0_5/RAMB_D1/CLK
High Pulse Width  Slow    RAMD32/CLK          n/a            1.130         10.000      8.870      SLICE_X54Y64    dbg_hub/inst/BSCANID.u_xsdbm_id/CORE_XSDB.UUT_MASTER/U_ICON_INTERFACE/U_CMD6_RD/U_RD_FIFO/SUBCORE_FIFO.xsdbm_v3_0_0_rdfifo_inst/inst_fifo_gen/gconvfifo.rf/grf.rf/gntv_or_sync_fifo.mem/gdm.dm_gen.dm/RAM_reg_0_15_0_5/RAMC/CLK
High Pulse Width  Slow    RAMD32/CLK          n/a            1.130         10.000      8.870      SLICE_X54Y64    dbg_hub/inst/BSCANID.u_xsdbm_id/CORE_XSDB.UUT_MASTER/U_ICON_INTERFACE/U_CMD6_RD/U_RD_FIFO/SUBCORE_FIFO.xsdbm_v3_0_0_rdfifo_inst/inst_fifo_gen/gconvfifo.rf/grf.rf/gntv_or_sync_fifo.mem/gdm.dm_gen.dm/RAM_reg_0_15_0_5/RAMC_D1/CLK
High Pulse Width  Slow    RAMS32/CLK          n/a            1.130         10.000      8.870      SLICE_X54Y64    dbg_hub/inst/BSCANID.u_xsdbm_id/CORE_XSDB.UUT_MASTER/U_ICON_INTERFACE/U_CMD6_RD/U_RD_FIFO/SUBCORE_FIFO.xsdbm_v3_0_0_rdfifo_inst/inst_fifo_gen/gconvfifo.rf/grf.rf/gntv_or_sync_fifo.mem/gdm.dm_gen.dm/RAM_reg_0_15_0_5/RAMD/CLK
High Pulse Width  Slow    RAMS32/CLK          n/a            1.130         10.000      8.870      SLICE_X54Y64    dbg_hub/inst/BSCANID.u_xsdbm_id/CORE_XSDB.UUT_MASTER/U_ICON_INTERFACE/U_CMD6_RD/U_RD_FIFO/SUBCORE_FIFO.xsdbm_v3_0_0_rdfifo_inst/inst_fifo_gen/gconvfifo.rf/grf.rf/gntv_or_sync_fifo.mem/gdm.dm_gen.dm/RAM_reg_0_15_0_5/RAMD_D1/CLK



---------------------------------------------------------------------------------------------------
From Clock:  clk_out1_pll_ip
  To Clock:  clk_out1_pll_ip

Setup :            0  Failing Endpoints,  Worst Slack       17.129ns,  Total Violation        0.000ns
Hold  :            0  Failing Endpoints,  Worst Slack        0.241ns,  Total Violation        0.000ns
PW    :            0  Failing Endpoints,  Worst Slack        9.917ns,  Total Violation        0.000ns
---------------------------------------------------------------------------------------------------


Max Delay Paths
--------------------------------------------------------------------------------------
Slack (MET) :             17.129ns  (required time - arrival time)
  Source:                 u_FIFO_to_FFT/u_ad_fifo/u_ad_da_t/u_clock_div/clk_out_reg_reg/C
                            (rising edge-triggered cell FDCE clocked by clk_out1_pll_ip  {rise@0.000ns fall@10.417ns period=20.833ns})
  Destination:            u_FIFO_to_FFT/u_ad_fifo/u_ad_da_t/u_clock_div/clk_out_reg_reg/D
                            (rising edge-triggered cell FDCE clocked by clk_out1_pll_ip  {rise@0.000ns fall@10.417ns period=20.833ns})
  Path Group:             clk_out1_pll_ip
  Path Type:              Setup (Max at Slow Process Corner)
  Requirement:            20.833ns  (clk_out1_pll_ip rise@20.833ns - clk_out1_pll_ip rise@0.000ns)
  Data Path Delay:        3.651ns  (logic 0.569ns (15.584%)  route 3.082ns (84.416%))
  Logic Levels:           2  (BUFG=1 LUT6=1)
  Clock Path Skew:        0.000ns (DCD - SCD + CPR)
    Destination Clock Delay (DCD):    4.322ns = ( 25.155 - 20.833 ) 
    Source Clock Delay      (SCD):    4.717ns
    Clock Pessimism Removal (CPR):    0.395ns
  Clock Uncertainty:      0.084ns  ((TSJ^2 + DJ^2)^1/2) / 2 + PE
    Total System Jitter     (TSJ):    0.071ns
    Discrete Jitter          (DJ):    0.151ns
    Phase Error              (PE):    0.000ns

    Location             Delay type                Incr(ns)  Path(ns)    Netlist Resource(s)
  -------------------------------------------------------------------    -------------------
                         (clock clk_out1_pll_ip rise edge)
                                                      0.000     0.000 r  
    N18                                               0.000     0.000 r  sys_clk (IN)
                         net (fo=0)                   0.000     0.000    sys_clk
    N18                  IBUF (Prop_ibuf_I_O)         1.392     1.392 r  sys_clk_IBUF_inst/O
                         net (fo=1, routed)           1.873     3.265    sys_clk_IBUF
    BUFGCTRL_X0Y16       BUFG (Prop_bufg_I_O)         0.085     3.350 r  sys_clk_IBUF_BUFG_inst/O
                         net (fo=2986, routed)        1.573     4.923    u_FIFO_to_FFT/u_ad_fifo/u_ad_da_t/u_pll_ip/inst/clk_in1
    PLLE2_ADV_X1Y0       PLLE2_ADV (Prop_plle2_adv_CLKIN1_CLKOUT0)
                                                     -3.250     1.673 r  u_FIFO_to_FFT/u_ad_fifo/u_ad_da_t/u_pll_ip/inst/plle2_adv_inst/CLKOUT0
                         net (fo=1, routed)           1.594     3.267    u_FIFO_to_FFT/u_ad_fifo/u_ad_da_t/u_pll_ip/inst/clk_out1_pll_ip
    BUFGCTRL_X0Y2        BUFG (Prop_bufg_I_O)         0.085     3.352 r  u_FIFO_to_FFT/u_ad_fifo/u_ad_da_t/u_pll_ip/inst/clkout1_buf/O
                         net (fo=12, routed)          1.365     4.717    u_FIFO_to_FFT/u_ad_fifo/u_ad_da_t/u_clock_div/counter_reg[0]_0
    SLICE_X51Y71         FDCE                                         r  u_FIFO_to_FFT/u_ad_fifo/u_ad_da_t/u_clock_div/clk_out_reg_reg/C
  -------------------------------------------------------------------    -------------------
    SLICE_X51Y71         FDCE (Prop_fdce_C_Q)         0.379     5.096 r  u_FIFO_to_FFT/u_ad_fifo/u_ad_da_t/u_clock_div/clk_out_reg_reg/Q
                         net (fo=1, routed)           1.173     6.269    u_FIFO_to_FFT/u_ad_fifo/u_ad_da_t/u_clock_div/E[0]
    BUFGCTRL_X0Y0        BUFG (Prop_bufg_I_O)         0.085     6.354 r  u_FIFO_to_FFT/u_ad_fifo/u_ad_da_t/u_clock_div/E[0]_BUFG_inst/O
                         net (fo=112, routed)         1.909     8.263    u_FIFO_to_FFT/u_ad_fifo/u_ad_da_t/u_clock_div/E_BUFG[0]
    SLICE_X51Y71         LUT6 (Prop_lut6_I5_O)        0.105     8.368 r  u_FIFO_to_FFT/u_ad_fifo/u_ad_da_t/u_clock_div/clk_out_reg_i_1/O
                         net (fo=1, routed)           0.000     8.368    u_FIFO_to_FFT/u_ad_fifo/u_ad_da_t/u_clock_div/clk_out_reg_i_1_n_0
    SLICE_X51Y71         FDCE                                         r  u_FIFO_to_FFT/u_ad_fifo/u_ad_da_t/u_clock_div/clk_out_reg_reg/D
  -------------------------------------------------------------------    -------------------

                         (clock clk_out1_pll_ip rise edge)
                                                     20.833    20.833 r  
    N18                                               0.000    20.833 r  sys_clk (IN)
                         net (fo=0)                   0.000    20.833    sys_clk
    N18                  IBUF (Prop_ibuf_I_O)         1.327    22.160 r  sys_clk_IBUF_inst/O
                         net (fo=1, routed)           1.701    23.861    sys_clk_IBUF
    BUFGCTRL_X0Y16       BUFG (Prop_bufg_I_O)         0.077    23.938 r  sys_clk_IBUF_BUFG_inst/O
                         net (fo=2986, routed)        1.405    25.343    u_FIFO_to_FFT/u_ad_fifo/u_ad_da_t/u_pll_ip/inst/clk_in1
    PLLE2_ADV_X1Y0       PLLE2_ADV (Prop_plle2_adv_CLKIN1_CLKOUT0)
                                                     -2.931    22.412 r  u_FIFO_to_FFT/u_ad_fifo/u_ad_da_t/u_pll_ip/inst/plle2_adv_inst/CLKOUT0
                         net (fo=1, routed)           1.451    23.863    u_FIFO_to_FFT/u_ad_fifo/u_ad_da_t/u_pll_ip/inst/clk_out1_pll_ip
    BUFGCTRL_X0Y2        BUFG (Prop_bufg_I_O)         0.077    23.940 r  u_FIFO_to_FFT/u_ad_fifo/u_ad_da_t/u_pll_ip/inst/clkout1_buf/O
                         net (fo=12, routed)          1.215    25.155    u_FIFO_to_FFT/u_ad_fifo/u_ad_da_t/u_clock_div/counter_reg[0]_0
    SLICE_X51Y71         FDCE                                         r  u_FIFO_to_FFT/u_ad_fifo/u_ad_da_t/u_clock_div/clk_out_reg_reg/C
                         clock pessimism              0.395    25.551    
                         clock uncertainty           -0.084    25.467    
    SLICE_X51Y71         FDCE (Setup_fdce_C_D)        0.030    25.497    u_FIFO_to_FFT/u_ad_fifo/u_ad_da_t/u_clock_div/clk_out_reg_reg
  -------------------------------------------------------------------
                         required time                         25.497    
                         arrival time                          -8.368    
  -------------------------------------------------------------------
                         slack                                 17.129    

Slack (MET) :             18.079ns  (required time - arrival time)
  Source:                 u_FIFO_to_FFT/u_ad_fifo/u_ad_da_t/u_clock_div/counter_reg[4]/C
                            (rising edge-triggered cell FDCE clocked by clk_out1_pll_ip  {rise@0.000ns fall@10.417ns period=20.833ns})
  Destination:            u_FIFO_to_FFT/u_ad_fifo/u_ad_da_t/u_clock_div/pulse_out_reg_reg/D
                            (rising edge-triggered cell FDCE clocked by clk_out1_pll_ip  {rise@0.000ns fall@10.417ns period=20.833ns})
  Path Group:             clk_out1_pll_ip
  Path Type:              Setup (Max at Slow Process Corner)
  Requirement:            20.833ns  (clk_out1_pll_ip rise@20.833ns - clk_out1_pll_ip rise@0.000ns)
  Data Path Delay:        2.467ns  (logic 0.816ns (33.074%)  route 1.651ns (66.926%))
  Logic Levels:           3  (LUT2=1 LUT4=1 LUT6=1)
  Clock Path Skew:        0.000ns (DCD - SCD + CPR)
    Destination Clock Delay (DCD):    4.322ns = ( 25.155 - 20.833 ) 
    Source Clock Delay      (SCD):    4.717ns
    Clock Pessimism Removal (CPR):    0.395ns
  Clock Uncertainty:      0.084ns  ((TSJ^2 + DJ^2)^1/2) / 2 + PE
    Total System Jitter     (TSJ):    0.071ns
    Discrete Jitter          (DJ):    0.151ns
    Phase Error              (PE):    0.000ns

    Location             Delay type                Incr(ns)  Path(ns)    Netlist Resource(s)
  -------------------------------------------------------------------    -------------------
                         (clock clk_out1_pll_ip rise edge)
                                                      0.000     0.000 r  
    N18                                               0.000     0.000 r  sys_clk (IN)
                         net (fo=0)                   0.000     0.000    sys_clk
    N18                  IBUF (Prop_ibuf_I_O)         1.392     1.392 r  sys_clk_IBUF_inst/O
                         net (fo=1, routed)           1.873     3.265    sys_clk_IBUF
    BUFGCTRL_X0Y16       BUFG (Prop_bufg_I_O)         0.085     3.350 r  sys_clk_IBUF_BUFG_inst/O
                         net (fo=2986, routed)        1.573     4.923    u_FIFO_to_FFT/u_ad_fifo/u_ad_da_t/u_pll_ip/inst/clk_in1
    PLLE2_ADV_X1Y0       PLLE2_ADV (Prop_plle2_adv_CLKIN1_CLKOUT0)
                                                     -3.250     1.673 r  u_FIFO_to_FFT/u_ad_fifo/u_ad_da_t/u_pll_ip/inst/plle2_adv_inst/CLKOUT0
                         net (fo=1, routed)           1.594     3.267    u_FIFO_to_FFT/u_ad_fifo/u_ad_da_t/u_pll_ip/inst/clk_out1_pll_ip
    BUFGCTRL_X0Y2        BUFG (Prop_bufg_I_O)         0.085     3.352 r  u_FIFO_to_FFT/u_ad_fifo/u_ad_da_t/u_pll_ip/inst/clkout1_buf/O
                         net (fo=12, routed)          1.365     4.717    u_FIFO_to_FFT/u_ad_fifo/u_ad_da_t/u_clock_div/counter_reg[0]_0
    SLICE_X52Y71         FDCE                                         r  u_FIFO_to_FFT/u_ad_fifo/u_ad_da_t/u_clock_div/counter_reg[4]/C
  -------------------------------------------------------------------    -------------------
    SLICE_X52Y71         FDCE (Prop_fdce_C_Q)         0.348     5.065 r  u_FIFO_to_FFT/u_ad_fifo/u_ad_da_t/u_clock_div/counter_reg[4]/Q
                         net (fo=10, routed)          0.513     5.578    u_FIFO_to_FFT/u_ad_fifo/u_ad_da_t/u_clock_div/counter[4]
    SLICE_X51Y71         LUT2 (Prop_lut2_I1_O)        0.239     5.817 r  u_FIFO_to_FFT/u_ad_fifo/u_ad_da_t/u_clock_div/pulse_out_reg_i_3/O
                         net (fo=1, routed)           0.339     6.157    u_FIFO_to_FFT/u_ad_fifo/u_ad_da_t/u_clock_div/pulse_out_reg_i_3_n_0
    SLICE_X52Y70         LUT6 (Prop_lut6_I2_O)        0.105     6.262 r  u_FIFO_to_FFT/u_ad_fifo/u_ad_da_t/u_clock_div/pulse_out_reg_i_2/O
                         net (fo=1, routed)           0.510     6.772    u_FIFO_to_FFT/u_ad_fifo/u_ad_da_t/u_clock_div/pulse_out_reg_i_2_n_0
    SLICE_X52Y71         LUT4 (Prop_lut4_I0_O)        0.124     6.896 r  u_FIFO_to_FFT/u_ad_fifo/u_ad_da_t/u_clock_div/pulse_out_reg_i_1/O
                         net (fo=1, routed)           0.289     7.184    u_FIFO_to_FFT/u_ad_fifo/u_ad_da_t/u_clock_div/pulse_out_reg
    SLICE_X52Y71         FDCE                                         r  u_FIFO_to_FFT/u_ad_fifo/u_ad_da_t/u_clock_div/pulse_out_reg_reg/D
  -------------------------------------------------------------------    -------------------

                         (clock clk_out1_pll_ip rise edge)
                                                     20.833    20.833 r  
    N18                                               0.000    20.833 r  sys_clk (IN)
                         net (fo=0)                   0.000    20.833    sys_clk
    N18                  IBUF (Prop_ibuf_I_O)         1.327    22.160 r  sys_clk_IBUF_inst/O
                         net (fo=1, routed)           1.701    23.861    sys_clk_IBUF
    BUFGCTRL_X0Y16       BUFG (Prop_bufg_I_O)         0.077    23.938 r  sys_clk_IBUF_BUFG_inst/O
                         net (fo=2986, routed)        1.405    25.343    u_FIFO_to_FFT/u_ad_fifo/u_ad_da_t/u_pll_ip/inst/clk_in1
    PLLE2_ADV_X1Y0       PLLE2_ADV (Prop_plle2_adv_CLKIN1_CLKOUT0)
                                                     -2.931    22.412 r  u_FIFO_to_FFT/u_ad_fifo/u_ad_da_t/u_pll_ip/inst/plle2_adv_inst/CLKOUT0
                         net (fo=1, routed)           1.451    23.863    u_FIFO_to_FFT/u_ad_fifo/u_ad_da_t/u_pll_ip/inst/clk_out1_pll_ip
    BUFGCTRL_X0Y2        BUFG (Prop_bufg_I_O)         0.077    23.940 r  u_FIFO_to_FFT/u_ad_fifo/u_ad_da_t/u_pll_ip/inst/clkout1_buf/O
                         net (fo=12, routed)          1.215    25.155    u_FIFO_to_FFT/u_ad_fifo/u_ad_da_t/u_clock_div/counter_reg[0]_0
    SLICE_X52Y71         FDCE                                         r  u_FIFO_to_FFT/u_ad_fifo/u_ad_da_t/u_clock_div/pulse_out_reg_reg/C
                         clock pessimism              0.395    25.551    
                         clock uncertainty           -0.084    25.467    
    SLICE_X52Y71         FDCE (Setup_fdce_C_D)       -0.204    25.263    u_FIFO_to_FFT/u_ad_fifo/u_ad_da_t/u_clock_div/pulse_out_reg_reg
  -------------------------------------------------------------------
                         required time                         25.263    
                         arrival time                          -7.184    
  -------------------------------------------------------------------
                         slack                                 18.079    

Slack (MET) :             18.477ns  (required time - arrival time)
  Source:                 u_FIFO_to_FFT/u_ad_fifo/u_ad_da_t/u_clock_div/counter_reg[6]/C
                            (rising edge-triggered cell FDCE clocked by clk_out1_pll_ip  {rise@0.000ns fall@10.417ns period=20.833ns})
  Destination:            u_FIFO_to_FFT/u_ad_fifo/u_ad_da_t/u_clock_div/counter_reg[8]/D
                            (rising edge-triggered cell FDCE clocked by clk_out1_pll_ip  {rise@0.000ns fall@10.417ns period=20.833ns})
  Path Group:             clk_out1_pll_ip
  Path Type:              Setup (Max at Slow Process Corner)
  Requirement:            20.833ns  (clk_out1_pll_ip rise@20.833ns - clk_out1_pll_ip rise@0.000ns)
  Data Path Delay:        2.280ns  (logic 0.589ns (25.836%)  route 1.691ns (74.164%))
  Logic Levels:           2  (LUT5=1 LUT6=1)
  Clock Path Skew:        -0.025ns (DCD - SCD + CPR)
    Destination Clock Delay (DCD):    4.322ns = ( 25.155 - 20.833 ) 
    Source Clock Delay      (SCD):    4.717ns
    Clock Pessimism Removal (CPR):    0.370ns
  Clock Uncertainty:      0.084ns  ((TSJ^2 + DJ^2)^1/2) / 2 + PE
    Total System Jitter     (TSJ):    0.071ns
    Discrete Jitter          (DJ):    0.151ns
    Phase Error              (PE):    0.000ns

    Location             Delay type                Incr(ns)  Path(ns)    Netlist Resource(s)
  -------------------------------------------------------------------    -------------------
                         (clock clk_out1_pll_ip rise edge)
                                                      0.000     0.000 r  
    N18                                               0.000     0.000 r  sys_clk (IN)
                         net (fo=0)                   0.000     0.000    sys_clk
    N18                  IBUF (Prop_ibuf_I_O)         1.392     1.392 r  sys_clk_IBUF_inst/O
                         net (fo=1, routed)           1.873     3.265    sys_clk_IBUF
    BUFGCTRL_X0Y16       BUFG (Prop_bufg_I_O)         0.085     3.350 r  sys_clk_IBUF_BUFG_inst/O
                         net (fo=2986, routed)        1.573     4.923    u_FIFO_to_FFT/u_ad_fifo/u_ad_da_t/u_pll_ip/inst/clk_in1
    PLLE2_ADV_X1Y0       PLLE2_ADV (Prop_plle2_adv_CLKIN1_CLKOUT0)
                                                     -3.250     1.673 r  u_FIFO_to_FFT/u_ad_fifo/u_ad_da_t/u_pll_ip/inst/plle2_adv_inst/CLKOUT0
                         net (fo=1, routed)           1.594     3.267    u_FIFO_to_FFT/u_ad_fifo/u_ad_da_t/u_pll_ip/inst/clk_out1_pll_ip
    BUFGCTRL_X0Y2        BUFG (Prop_bufg_I_O)         0.085     3.352 r  u_FIFO_to_FFT/u_ad_fifo/u_ad_da_t/u_pll_ip/inst/clkout1_buf/O
                         net (fo=12, routed)          1.365     4.717    u_FIFO_to_FFT/u_ad_fifo/u_ad_da_t/u_clock_div/counter_reg[0]_0
    SLICE_X53Y71         FDCE                                         r  u_FIFO_to_FFT/u_ad_fifo/u_ad_da_t/u_clock_div/counter_reg[6]/C
  -------------------------------------------------------------------    -------------------
    SLICE_X53Y71         FDCE (Prop_fdce_C_Q)         0.379     5.096 f  u_FIFO_to_FFT/u_ad_fifo/u_ad_da_t/u_clock_div/counter_reg[6]/Q
                         net (fo=6, routed)           1.015     6.111    u_FIFO_to_FFT/u_ad_fifo/u_ad_da_t/u_clock_div/counter[6]
    SLICE_X52Y70         LUT6 (Prop_lut6_I5_O)        0.105     6.216 r  u_FIFO_to_FFT/u_ad_fifo/u_ad_da_t/u_clock_div/clk_out_reg_i_2/O
                         net (fo=3, routed)           0.676     6.892    u_FIFO_to_FFT/u_ad_fifo/u_ad_da_t/u_clock_div/clk_out_reg_i_2_n_0
    SLICE_X51Y71         LUT5 (Prop_lut5_I2_O)        0.105     6.997 r  u_FIFO_to_FFT/u_ad_fifo/u_ad_da_t/u_clock_div/counter[8]_i_1/O
                         net (fo=1, routed)           0.000     6.997    u_FIFO_to_FFT/u_ad_fifo/u_ad_da_t/u_clock_div/counter_0[8]
    SLICE_X51Y71         FDCE                                         r  u_FIFO_to_FFT/u_ad_fifo/u_ad_da_t/u_clock_div/counter_reg[8]/D
  -------------------------------------------------------------------    -------------------

                         (clock clk_out1_pll_ip rise edge)
                                                     20.833    20.833 r  
    N18                                               0.000    20.833 r  sys_clk (IN)
                         net (fo=0)                   0.000    20.833    sys_clk
    N18                  IBUF (Prop_ibuf_I_O)         1.327    22.160 r  sys_clk_IBUF_inst/O
                         net (fo=1, routed)           1.701    23.861    sys_clk_IBUF
    BUFGCTRL_X0Y16       BUFG (Prop_bufg_I_O)         0.077    23.938 r  sys_clk_IBUF_BUFG_inst/O
                         net (fo=2986, routed)        1.405    25.343    u_FIFO_to_FFT/u_ad_fifo/u_ad_da_t/u_pll_ip/inst/clk_in1
    PLLE2_ADV_X1Y0       PLLE2_ADV (Prop_plle2_adv_CLKIN1_CLKOUT0)
                                                     -2.931    22.412 r  u_FIFO_to_FFT/u_ad_fifo/u_ad_da_t/u_pll_ip/inst/plle2_adv_inst/CLKOUT0
                         net (fo=1, routed)           1.451    23.863    u_FIFO_to_FFT/u_ad_fifo/u_ad_da_t/u_pll_ip/inst/clk_out1_pll_ip
    BUFGCTRL_X0Y2        BUFG (Prop_bufg_I_O)         0.077    23.940 r  u_FIFO_to_FFT/u_ad_fifo/u_ad_da_t/u_pll_ip/inst/clkout1_buf/O
                         net (fo=12, routed)          1.215    25.155    u_FIFO_to_FFT/u_ad_fifo/u_ad_da_t/u_clock_div/counter_reg[0]_0
    SLICE_X51Y71         FDCE                                         r  u_FIFO_to_FFT/u_ad_fifo/u_ad_da_t/u_clock_div/counter_reg[8]/C
                         clock pessimism              0.370    25.526    
                         clock uncertainty           -0.084    25.442    
    SLICE_X51Y71         FDCE (Setup_fdce_C_D)        0.032    25.474    u_FIFO_to_FFT/u_ad_fifo/u_ad_da_t/u_clock_div/counter_reg[8]
  -------------------------------------------------------------------
                         required time                         25.474    
                         arrival time                          -6.997    
  -------------------------------------------------------------------
                         slack                                 18.477    

Slack (MET) :             18.498ns  (required time - arrival time)
  Source:                 u_FIFO_to_FFT/u_ad_fifo/u_ad_da_t/u_clock_div/counter_reg[6]/C
                            (rising edge-triggered cell FDCE clocked by clk_out1_pll_ip  {rise@0.000ns fall@10.417ns period=20.833ns})
  Destination:            u_FIFO_to_FFT/u_ad_fifo/u_ad_da_t/u_clock_div/counter_reg[9]/D
                            (rising edge-triggered cell FDCE clocked by clk_out1_pll_ip  {rise@0.000ns fall@10.417ns period=20.833ns})
  Path Group:             clk_out1_pll_ip
  Path Type:              Setup (Max at Slow Process Corner)
  Requirement:            20.833ns  (clk_out1_pll_ip rise@20.833ns - clk_out1_pll_ip rise@0.000ns)
  Data Path Delay:        2.296ns  (logic 0.605ns (26.352%)  route 1.691ns (73.648%))
  Logic Levels:           2  (LUT5=1 LUT6=1)
  Clock Path Skew:        -0.025ns (DCD - SCD + CPR)
    Destination Clock Delay (DCD):    4.322ns = ( 25.155 - 20.833 ) 
    Source Clock Delay      (SCD):    4.717ns
    Clock Pessimism Removal (CPR):    0.370ns
  Clock Uncertainty:      0.084ns  ((TSJ^2 + DJ^2)^1/2) / 2 + PE
    Total System Jitter     (TSJ):    0.071ns
    Discrete Jitter          (DJ):    0.151ns
    Phase Error              (PE):    0.000ns

    Location             Delay type                Incr(ns)  Path(ns)    Netlist Resource(s)
  -------------------------------------------------------------------    -------------------
                         (clock clk_out1_pll_ip rise edge)
                                                      0.000     0.000 r  
    N18                                               0.000     0.000 r  sys_clk (IN)
                         net (fo=0)                   0.000     0.000    sys_clk
    N18                  IBUF (Prop_ibuf_I_O)         1.392     1.392 r  sys_clk_IBUF_inst/O
                         net (fo=1, routed)           1.873     3.265    sys_clk_IBUF
    BUFGCTRL_X0Y16       BUFG (Prop_bufg_I_O)         0.085     3.350 r  sys_clk_IBUF_BUFG_inst/O
                         net (fo=2986, routed)        1.573     4.923    u_FIFO_to_FFT/u_ad_fifo/u_ad_da_t/u_pll_ip/inst/clk_in1
    PLLE2_ADV_X1Y0       PLLE2_ADV (Prop_plle2_adv_CLKIN1_CLKOUT0)
                                                     -3.250     1.673 r  u_FIFO_to_FFT/u_ad_fifo/u_ad_da_t/u_pll_ip/inst/plle2_adv_inst/CLKOUT0
                         net (fo=1, routed)           1.594     3.267    u_FIFO_to_FFT/u_ad_fifo/u_ad_da_t/u_pll_ip/inst/clk_out1_pll_ip
    BUFGCTRL_X0Y2        BUFG (Prop_bufg_I_O)         0.085     3.352 r  u_FIFO_to_FFT/u_ad_fifo/u_ad_da_t/u_pll_ip/inst/clkout1_buf/O
                         net (fo=12, routed)          1.365     4.717    u_FIFO_to_FFT/u_ad_fifo/u_ad_da_t/u_clock_div/counter_reg[0]_0
    SLICE_X53Y71         FDCE                                         r  u_FIFO_to_FFT/u_ad_fifo/u_ad_da_t/u_clock_div/counter_reg[6]/C
  -------------------------------------------------------------------    -------------------
    SLICE_X53Y71         FDCE (Prop_fdce_C_Q)         0.379     5.096 f  u_FIFO_to_FFT/u_ad_fifo/u_ad_da_t/u_clock_div/counter_reg[6]/Q
                         net (fo=6, routed)           1.015     6.111    u_FIFO_to_FFT/u_ad_fifo/u_ad_da_t/u_clock_div/counter[6]
    SLICE_X52Y70         LUT6 (Prop_lut6_I5_O)        0.105     6.216 r  u_FIFO_to_FFT/u_ad_fifo/u_ad_da_t/u_clock_div/clk_out_reg_i_2/O
                         net (fo=3, routed)           0.676     6.892    u_FIFO_to_FFT/u_ad_fifo/u_ad_da_t/u_clock_div/clk_out_reg_i_2_n_0
    SLICE_X51Y71         LUT5 (Prop_lut5_I2_O)        0.121     7.013 r  u_FIFO_to_FFT/u_ad_fifo/u_ad_da_t/u_clock_div/counter[9]_i_1/O
                         net (fo=1, routed)           0.000     7.013    u_FIFO_to_FFT/u_ad_fifo/u_ad_da_t/u_clock_div/counter_0[9]
    SLICE_X51Y71         FDCE                                         r  u_FIFO_to_FFT/u_ad_fifo/u_ad_da_t/u_clock_div/counter_reg[9]/D
  -------------------------------------------------------------------    -------------------

                         (clock clk_out1_pll_ip rise edge)
                                                     20.833    20.833 r  
    N18                                               0.000    20.833 r  sys_clk (IN)
                         net (fo=0)                   0.000    20.833    sys_clk
    N18                  IBUF (Prop_ibuf_I_O)         1.327    22.160 r  sys_clk_IBUF_inst/O
                         net (fo=1, routed)           1.701    23.861    sys_clk_IBUF
    BUFGCTRL_X0Y16       BUFG (Prop_bufg_I_O)         0.077    23.938 r  sys_clk_IBUF_BUFG_inst/O
                         net (fo=2986, routed)        1.405    25.343    u_FIFO_to_FFT/u_ad_fifo/u_ad_da_t/u_pll_ip/inst/clk_in1
    PLLE2_ADV_X1Y0       PLLE2_ADV (Prop_plle2_adv_CLKIN1_CLKOUT0)
                                                     -2.931    22.412 r  u_FIFO_to_FFT/u_ad_fifo/u_ad_da_t/u_pll_ip/inst/plle2_adv_inst/CLKOUT0
                         net (fo=1, routed)           1.451    23.863    u_FIFO_to_FFT/u_ad_fifo/u_ad_da_t/u_pll_ip/inst/clk_out1_pll_ip
    BUFGCTRL_X0Y2        BUFG (Prop_bufg_I_O)         0.077    23.940 r  u_FIFO_to_FFT/u_ad_fifo/u_ad_da_t/u_pll_ip/inst/clkout1_buf/O
                         net (fo=12, routed)          1.215    25.155    u_FIFO_to_FFT/u_ad_fifo/u_ad_da_t/u_clock_div/counter_reg[0]_0
    SLICE_X51Y71         FDCE                                         r  u_FIFO_to_FFT/u_ad_fifo/u_ad_da_t/u_clock_div/counter_reg[9]/C
                         clock pessimism              0.370    25.526    
                         clock uncertainty           -0.084    25.442    
    SLICE_X51Y71         FDCE (Setup_fdce_C_D)        0.069    25.511    u_FIFO_to_FFT/u_ad_fifo/u_ad_da_t/u_clock_div/counter_reg[9]
  -------------------------------------------------------------------
                         required time                         25.511    
                         arrival time                          -7.013    
  -------------------------------------------------------------------
                         slack                                 18.498    

Slack (MET) :             18.813ns  (required time - arrival time)
  Source:                 u_FIFO_to_FFT/u_ad_fifo/u_ad_da_t/u_clock_div/counter_reg[9]/C
                            (rising edge-triggered cell FDCE clocked by clk_out1_pll_ip  {rise@0.000ns fall@10.417ns period=20.833ns})
  Destination:            u_FIFO_to_FFT/u_ad_fifo/u_ad_da_t/u_clock_div/counter_reg[7]/D
                            (rising edge-triggered cell FDCE clocked by clk_out1_pll_ip  {rise@0.000ns fall@10.417ns period=20.833ns})
  Path Group:             clk_out1_pll_ip
  Path Type:              Setup (Max at Slow Process Corner)
  Requirement:            20.833ns  (clk_out1_pll_ip rise@20.833ns - clk_out1_pll_ip rise@0.000ns)
  Data Path Delay:        1.945ns  (logic 0.876ns (45.042%)  route 1.069ns (54.958%))
  Logic Levels:           2  (LUT4=1 LUT6=1)
  Clock Path Skew:        -0.025ns (DCD - SCD + CPR)
    Destination Clock Delay (DCD):    4.322ns = ( 25.155 - 20.833 ) 
    Source Clock Delay      (SCD):    4.717ns
    Clock Pessimism Removal (CPR):    0.370ns
  Clock Uncertainty:      0.084ns  ((TSJ^2 + DJ^2)^1/2) / 2 + PE
    Total System Jitter     (TSJ):    0.071ns
    Discrete Jitter          (DJ):    0.151ns
    Phase Error              (PE):    0.000ns

    Location             Delay type                Incr(ns)  Path(ns)    Netlist Resource(s)
  -------------------------------------------------------------------    -------------------
                         (clock clk_out1_pll_ip rise edge)
                                                      0.000     0.000 r  
    N18                                               0.000     0.000 r  sys_clk (IN)
                         net (fo=0)                   0.000     0.000    sys_clk
    N18                  IBUF (Prop_ibuf_I_O)         1.392     1.392 r  sys_clk_IBUF_inst/O
                         net (fo=1, routed)           1.873     3.265    sys_clk_IBUF
    BUFGCTRL_X0Y16       BUFG (Prop_bufg_I_O)         0.085     3.350 r  sys_clk_IBUF_BUFG_inst/O
                         net (fo=2986, routed)        1.573     4.923    u_FIFO_to_FFT/u_ad_fifo/u_ad_da_t/u_pll_ip/inst/clk_in1
    PLLE2_ADV_X1Y0       PLLE2_ADV (Prop_plle2_adv_CLKIN1_CLKOUT0)
                                                     -3.250     1.673 r  u_FIFO_to_FFT/u_ad_fifo/u_ad_da_t/u_pll_ip/inst/plle2_adv_inst/CLKOUT0
                         net (fo=1, routed)           1.594     3.267    u_FIFO_to_FFT/u_ad_fifo/u_ad_da_t/u_pll_ip/inst/clk_out1_pll_ip
    BUFGCTRL_X0Y2        BUFG (Prop_bufg_I_O)         0.085     3.352 r  u_FIFO_to_FFT/u_ad_fifo/u_ad_da_t/u_pll_ip/inst/clkout1_buf/O
                         net (fo=12, routed)          1.365     4.717    u_FIFO_to_FFT/u_ad_fifo/u_ad_da_t/u_clock_div/counter_reg[0]_0
    SLICE_X51Y71         FDCE                                         r  u_FIFO_to_FFT/u_ad_fifo/u_ad_da_t/u_clock_div/counter_reg[9]/C
  -------------------------------------------------------------------    -------------------
    SLICE_X51Y71         FDCE (Prop_fdce_C_Q)         0.348     5.065 f  u_FIFO_to_FFT/u_ad_fifo/u_ad_da_t/u_clock_div/counter_reg[9]/Q
                         net (fo=6, routed)           0.594     5.659    u_FIFO_to_FFT/u_ad_fifo/u_ad_da_t/u_clock_div/counter[9]
    SLICE_X51Y71         LUT4 (Prop_lut4_I1_O)        0.254     5.913 r  u_FIFO_to_FFT/u_ad_fifo/u_ad_da_t/u_clock_div/counter[7]_i_2/O
                         net (fo=3, routed)           0.475     6.388    u_FIFO_to_FFT/u_ad_fifo/u_ad_da_t/u_clock_div/counter[7]_i_2_n_0
    SLICE_X53Y71         LUT6 (Prop_lut6_I4_O)        0.274     6.662 r  u_FIFO_to_FFT/u_ad_fifo/u_ad_da_t/u_clock_div/counter[7]_i_1/O
                         net (fo=1, routed)           0.000     6.662    u_FIFO_to_FFT/u_ad_fifo/u_ad_da_t/u_clock_div/counter_0[7]
    SLICE_X53Y71         FDCE                                         r  u_FIFO_to_FFT/u_ad_fifo/u_ad_da_t/u_clock_div/counter_reg[7]/D
  -------------------------------------------------------------------    -------------------

                         (clock clk_out1_pll_ip rise edge)
                                                     20.833    20.833 r  
    N18                                               0.000    20.833 r  sys_clk (IN)
                         net (fo=0)                   0.000    20.833    sys_clk
    N18                  IBUF (Prop_ibuf_I_O)         1.327    22.160 r  sys_clk_IBUF_inst/O
                         net (fo=1, routed)           1.701    23.861    sys_clk_IBUF
    BUFGCTRL_X0Y16       BUFG (Prop_bufg_I_O)         0.077    23.938 r  sys_clk_IBUF_BUFG_inst/O
                         net (fo=2986, routed)        1.405    25.343    u_FIFO_to_FFT/u_ad_fifo/u_ad_da_t/u_pll_ip/inst/clk_in1
    PLLE2_ADV_X1Y0       PLLE2_ADV (Prop_plle2_adv_CLKIN1_CLKOUT0)
                                                     -2.931    22.412 r  u_FIFO_to_FFT/u_ad_fifo/u_ad_da_t/u_pll_ip/inst/plle2_adv_inst/CLKOUT0
                         net (fo=1, routed)           1.451    23.863    u_FIFO_to_FFT/u_ad_fifo/u_ad_da_t/u_pll_ip/inst/clk_out1_pll_ip
    BUFGCTRL_X0Y2        BUFG (Prop_bufg_I_O)         0.077    23.940 r  u_FIFO_to_FFT/u_ad_fifo/u_ad_da_t/u_pll_ip/inst/clkout1_buf/O
                         net (fo=12, routed)          1.215    25.155    u_FIFO_to_FFT/u_ad_fifo/u_ad_da_t/u_clock_div/counter_reg[0]_0
    SLICE_X53Y71         FDCE                                         r  u_FIFO_to_FFT/u_ad_fifo/u_ad_da_t/u_clock_div/counter_reg[7]/C
                         clock pessimism              0.370    25.526    
                         clock uncertainty           -0.084    25.442    
    SLICE_X53Y71         FDCE (Setup_fdce_C_D)        0.033    25.475    u_FIFO_to_FFT/u_ad_fifo/u_ad_da_t/u_clock_div/counter_reg[7]
  -------------------------------------------------------------------
                         required time                         25.475    
                         arrival time                          -6.662    
  -------------------------------------------------------------------
                         slack                                 18.813    

Slack (MET) :             18.816ns  (required time - arrival time)
  Source:                 u_FIFO_to_FFT/u_ad_fifo/u_ad_da_t/u_clock_div/counter_reg[9]/C
                            (rising edge-triggered cell FDCE clocked by clk_out1_pll_ip  {rise@0.000ns fall@10.417ns period=20.833ns})
  Destination:            u_FIFO_to_FFT/u_ad_fifo/u_ad_da_t/u_clock_div/counter_reg[6]/D
                            (rising edge-triggered cell FDCE clocked by clk_out1_pll_ip  {rise@0.000ns fall@10.417ns period=20.833ns})
  Path Group:             clk_out1_pll_ip
  Path Type:              Setup (Max at Slow Process Corner)
  Requirement:            20.833ns  (clk_out1_pll_ip rise@20.833ns - clk_out1_pll_ip rise@0.000ns)
  Data Path Delay:        1.941ns  (logic 0.876ns (45.135%)  route 1.065ns (54.865%))
  Logic Levels:           2  (LUT4=1 LUT6=1)
  Clock Path Skew:        -0.025ns (DCD - SCD + CPR)
    Destination Clock Delay (DCD):    4.322ns = ( 25.155 - 20.833 ) 
    Source Clock Delay      (SCD):    4.717ns
    Clock Pessimism Removal (CPR):    0.370ns
  Clock Uncertainty:      0.084ns  ((TSJ^2 + DJ^2)^1/2) / 2 + PE
    Total System Jitter     (TSJ):    0.071ns
    Discrete Jitter          (DJ):    0.151ns
    Phase Error              (PE):    0.000ns

    Location             Delay type                Incr(ns)  Path(ns)    Netlist Resource(s)
  -------------------------------------------------------------------    -------------------
                         (clock clk_out1_pll_ip rise edge)
                                                      0.000     0.000 r  
    N18                                               0.000     0.000 r  sys_clk (IN)
                         net (fo=0)                   0.000     0.000    sys_clk
    N18                  IBUF (Prop_ibuf_I_O)         1.392     1.392 r  sys_clk_IBUF_inst/O
                         net (fo=1, routed)           1.873     3.265    sys_clk_IBUF
    BUFGCTRL_X0Y16       BUFG (Prop_bufg_I_O)         0.085     3.350 r  sys_clk_IBUF_BUFG_inst/O
                         net (fo=2986, routed)        1.573     4.923    u_FIFO_to_FFT/u_ad_fifo/u_ad_da_t/u_pll_ip/inst/clk_in1
    PLLE2_ADV_X1Y0       PLLE2_ADV (Prop_plle2_adv_CLKIN1_CLKOUT0)
                                                     -3.250     1.673 r  u_FIFO_to_FFT/u_ad_fifo/u_ad_da_t/u_pll_ip/inst/plle2_adv_inst/CLKOUT0
                         net (fo=1, routed)           1.594     3.267    u_FIFO_to_FFT/u_ad_fifo/u_ad_da_t/u_pll_ip/inst/clk_out1_pll_ip
    BUFGCTRL_X0Y2        BUFG (Prop_bufg_I_O)         0.085     3.352 r  u_FIFO_to_FFT/u_ad_fifo/u_ad_da_t/u_pll_ip/inst/clkout1_buf/O
                         net (fo=12, routed)          1.365     4.717    u_FIFO_to_FFT/u_ad_fifo/u_ad_da_t/u_clock_div/counter_reg[0]_0
    SLICE_X51Y71         FDCE                                         r  u_FIFO_to_FFT/u_ad_fifo/u_ad_da_t/u_clock_div/counter_reg[9]/C
  -------------------------------------------------------------------    -------------------
    SLICE_X51Y71         FDCE (Prop_fdce_C_Q)         0.348     5.065 f  u_FIFO_to_FFT/u_ad_fifo/u_ad_da_t/u_clock_div/counter_reg[9]/Q
                         net (fo=6, routed)           0.594     5.659    u_FIFO_to_FFT/u_ad_fifo/u_ad_da_t/u_clock_div/counter[9]
    SLICE_X51Y71         LUT4 (Prop_lut4_I1_O)        0.254     5.913 r  u_FIFO_to_FFT/u_ad_fifo/u_ad_da_t/u_clock_div/counter[7]_i_2/O
                         net (fo=3, routed)           0.471     6.384    u_FIFO_to_FFT/u_ad_fifo/u_ad_da_t/u_clock_div/counter[7]_i_2_n_0
    SLICE_X53Y71         LUT6 (Prop_lut6_I4_O)        0.274     6.658 r  u_FIFO_to_FFT/u_ad_fifo/u_ad_da_t/u_clock_div/counter[6]_i_1/O
                         net (fo=1, routed)           0.000     6.658    u_FIFO_to_FFT/u_ad_fifo/u_ad_da_t/u_clock_div/counter_0[6]
    SLICE_X53Y71         FDCE                                         r  u_FIFO_to_FFT/u_ad_fifo/u_ad_da_t/u_clock_div/counter_reg[6]/D
  -------------------------------------------------------------------    -------------------

                         (clock clk_out1_pll_ip rise edge)
                                                     20.833    20.833 r  
    N18                                               0.000    20.833 r  sys_clk (IN)
                         net (fo=0)                   0.000    20.833    sys_clk
    N18                  IBUF (Prop_ibuf_I_O)         1.327    22.160 r  sys_clk_IBUF_inst/O
                         net (fo=1, routed)           1.701    23.861    sys_clk_IBUF
    BUFGCTRL_X0Y16       BUFG (Prop_bufg_I_O)         0.077    23.938 r  sys_clk_IBUF_BUFG_inst/O
                         net (fo=2986, routed)        1.405    25.343    u_FIFO_to_FFT/u_ad_fifo/u_ad_da_t/u_pll_ip/inst/clk_in1
    PLLE2_ADV_X1Y0       PLLE2_ADV (Prop_plle2_adv_CLKIN1_CLKOUT0)
                                                     -2.931    22.412 r  u_FIFO_to_FFT/u_ad_fifo/u_ad_da_t/u_pll_ip/inst/plle2_adv_inst/CLKOUT0
                         net (fo=1, routed)           1.451    23.863    u_FIFO_to_FFT/u_ad_fifo/u_ad_da_t/u_pll_ip/inst/clk_out1_pll_ip
    BUFGCTRL_X0Y2        BUFG (Prop_bufg_I_O)         0.077    23.940 r  u_FIFO_to_FFT/u_ad_fifo/u_ad_da_t/u_pll_ip/inst/clkout1_buf/O
                         net (fo=12, routed)          1.215    25.155    u_FIFO_to_FFT/u_ad_fifo/u_ad_da_t/u_clock_div/counter_reg[0]_0
    SLICE_X53Y71         FDCE                                         r  u_FIFO_to_FFT/u_ad_fifo/u_ad_da_t/u_clock_div/counter_reg[6]/C
                         clock pessimism              0.370    25.526    
                         clock uncertainty           -0.084    25.442    
    SLICE_X53Y71         FDCE (Setup_fdce_C_D)        0.032    25.474    u_FIFO_to_FFT/u_ad_fifo/u_ad_da_t/u_clock_div/counter_reg[6]
  -------------------------------------------------------------------
                         required time                         25.474    
                         arrival time                          -6.658    
  -------------------------------------------------------------------
                         slack                                 18.816    

Slack (MET) :             18.841ns  (required time - arrival time)
  Source:                 u_FIFO_to_FFT/u_ad_fifo/u_ad_da_t/u_clock_div/counter_reg[1]/C
                            (rising edge-triggered cell FDCE clocked by clk_out1_pll_ip  {rise@0.000ns fall@10.417ns period=20.833ns})
  Destination:            u_FIFO_to_FFT/u_ad_fifo/u_ad_da_t/u_clock_div/counter_reg[2]/D
                            (rising edge-triggered cell FDCE clocked by clk_out1_pll_ip  {rise@0.000ns fall@10.417ns period=20.833ns})
  Path Group:             clk_out1_pll_ip
  Path Type:              Setup (Max at Slow Process Corner)
  Requirement:            20.833ns  (clk_out1_pll_ip rise@20.833ns - clk_out1_pll_ip rise@0.000ns)
  Data Path Delay:        1.675ns  (logic 0.603ns (36.001%)  route 1.072ns (63.999%))
  Logic Levels:           1  (LUT3=1)
  Clock Path Skew:        -0.024ns (DCD - SCD + CPR)
    Destination Clock Delay (DCD):    4.322ns = ( 25.155 - 20.833 ) 
    Source Clock Delay      (SCD):    4.717ns
    Clock Pessimism Removal (CPR):    0.371ns
  Clock Uncertainty:      0.084ns  ((TSJ^2 + DJ^2)^1/2) / 2 + PE
    Total System Jitter     (TSJ):    0.071ns
    Discrete Jitter          (DJ):    0.151ns
    Phase Error              (PE):    0.000ns

    Location             Delay type                Incr(ns)  Path(ns)    Netlist Resource(s)
  -------------------------------------------------------------------    -------------------
                         (clock clk_out1_pll_ip rise edge)
                                                      0.000     0.000 r  
    N18                                               0.000     0.000 r  sys_clk (IN)
                         net (fo=0)                   0.000     0.000    sys_clk
    N18                  IBUF (Prop_ibuf_I_O)         1.392     1.392 r  sys_clk_IBUF_inst/O
                         net (fo=1, routed)           1.873     3.265    sys_clk_IBUF
    BUFGCTRL_X0Y16       BUFG (Prop_bufg_I_O)         0.085     3.350 r  sys_clk_IBUF_BUFG_inst/O
                         net (fo=2986, routed)        1.573     4.923    u_FIFO_to_FFT/u_ad_fifo/u_ad_da_t/u_pll_ip/inst/clk_in1
    PLLE2_ADV_X1Y0       PLLE2_ADV (Prop_plle2_adv_CLKIN1_CLKOUT0)
                                                     -3.250     1.673 r  u_FIFO_to_FFT/u_ad_fifo/u_ad_da_t/u_pll_ip/inst/plle2_adv_inst/CLKOUT0
                         net (fo=1, routed)           1.594     3.267    u_FIFO_to_FFT/u_ad_fifo/u_ad_da_t/u_pll_ip/inst/clk_out1_pll_ip
    BUFGCTRL_X0Y2        BUFG (Prop_bufg_I_O)         0.085     3.352 r  u_FIFO_to_FFT/u_ad_fifo/u_ad_da_t/u_pll_ip/inst/clkout1_buf/O
                         net (fo=12, routed)          1.365     4.717    u_FIFO_to_FFT/u_ad_fifo/u_ad_da_t/u_clock_div/counter_reg[0]_0
    SLICE_X53Y71         FDCE                                         r  u_FIFO_to_FFT/u_ad_fifo/u_ad_da_t/u_clock_div/counter_reg[1]/C
  -------------------------------------------------------------------    -------------------
    SLICE_X53Y71         FDCE (Prop_fdce_C_Q)         0.348     5.065 r  u_FIFO_to_FFT/u_ad_fifo/u_ad_da_t/u_clock_div/counter_reg[1]/Q
                         net (fo=7, routed)           0.575     5.641    u_FIFO_to_FFT/u_ad_fifo/u_ad_da_t/u_clock_div/counter[1]
    SLICE_X52Y71         LUT3 (Prop_lut3_I0_O)        0.255     5.896 r  u_FIFO_to_FFT/u_ad_fifo/u_ad_da_t/u_clock_div/counter[2]_i_1/O
                         net (fo=1, routed)           0.497     6.392    u_FIFO_to_FFT/u_ad_fifo/u_ad_da_t/u_clock_div/counter_0[2]
    SLICE_X52Y71         FDCE                                         r  u_FIFO_to_FFT/u_ad_fifo/u_ad_da_t/u_clock_div/counter_reg[2]/D
  -------------------------------------------------------------------    -------------------

                         (clock clk_out1_pll_ip rise edge)
                                                     20.833    20.833 r  
    N18                                               0.000    20.833 r  sys_clk (IN)
                         net (fo=0)                   0.000    20.833    sys_clk
    N18                  IBUF (Prop_ibuf_I_O)         1.327    22.160 r  sys_clk_IBUF_inst/O
                         net (fo=1, routed)           1.701    23.861    sys_clk_IBUF
    BUFGCTRL_X0Y16       BUFG (Prop_bufg_I_O)         0.077    23.938 r  sys_clk_IBUF_BUFG_inst/O
                         net (fo=2986, routed)        1.405    25.343    u_FIFO_to_FFT/u_ad_fifo/u_ad_da_t/u_pll_ip/inst/clk_in1
    PLLE2_ADV_X1Y0       PLLE2_ADV (Prop_plle2_adv_CLKIN1_CLKOUT0)
                                                     -2.931    22.412 r  u_FIFO_to_FFT/u_ad_fifo/u_ad_da_t/u_pll_ip/inst/plle2_adv_inst/CLKOUT0
                         net (fo=1, routed)           1.451    23.863    u_FIFO_to_FFT/u_ad_fifo/u_ad_da_t/u_pll_ip/inst/clk_out1_pll_ip
    BUFGCTRL_X0Y2        BUFG (Prop_bufg_I_O)         0.077    23.940 r  u_FIFO_to_FFT/u_ad_fifo/u_ad_da_t/u_pll_ip/inst/clkout1_buf/O
                         net (fo=12, routed)          1.215    25.155    u_FIFO_to_FFT/u_ad_fifo/u_ad_da_t/u_clock_div/counter_reg[0]_0
    SLICE_X52Y71         FDCE                                         r  u_FIFO_to_FFT/u_ad_fifo/u_ad_da_t/u_clock_div/counter_reg[2]/C
                         clock pessimism              0.371    25.527    
                         clock uncertainty           -0.084    25.443    
    SLICE_X52Y71         FDCE (Setup_fdce_C_D)       -0.210    25.233    u_FIFO_to_FFT/u_ad_fifo/u_ad_da_t/u_clock_div/counter_reg[2]
  -------------------------------------------------------------------
                         required time                         25.233    
                         arrival time                          -6.392    
  -------------------------------------------------------------------
                         slack                                 18.841    

Slack (MET) :             18.895ns  (required time - arrival time)
  Source:                 u_FIFO_to_FFT/u_ad_fifo/u_ad_da_t/u_clock_div/counter_reg[9]/C
                            (rising edge-triggered cell FDCE clocked by clk_out1_pll_ip  {rise@0.000ns fall@10.417ns period=20.833ns})
  Destination:            u_FIFO_to_FFT/u_ad_fifo/u_ad_da_t/u_clock_div/counter_reg[5]/D
                            (rising edge-triggered cell FDCE clocked by clk_out1_pll_ip  {rise@0.000ns fall@10.417ns period=20.833ns})
  Path Group:             clk_out1_pll_ip
  Path Type:              Setup (Max at Slow Process Corner)
  Requirement:            20.833ns  (clk_out1_pll_ip rise@20.833ns - clk_out1_pll_ip rise@0.000ns)
  Data Path Delay:        1.862ns  (logic 0.876ns (47.049%)  route 0.986ns (52.951%))
  Logic Levels:           2  (LUT4=1 LUT6=1)
  Clock Path Skew:        -0.025ns (DCD - SCD + CPR)
    Destination Clock Delay (DCD):    4.322ns = ( 25.155 - 20.833 ) 
    Source Clock Delay      (SCD):    4.717ns
    Clock Pessimism Removal (CPR):    0.370ns
  Clock Uncertainty:      0.084ns  ((TSJ^2 + DJ^2)^1/2) / 2 + PE
    Total System Jitter     (TSJ):    0.071ns
    Discrete Jitter          (DJ):    0.151ns
    Phase Error              (PE):    0.000ns

    Location             Delay type                Incr(ns)  Path(ns)    Netlist Resource(s)
  -------------------------------------------------------------------    -------------------
                         (clock clk_out1_pll_ip rise edge)
                                                      0.000     0.000 r  
    N18                                               0.000     0.000 r  sys_clk (IN)
                         net (fo=0)                   0.000     0.000    sys_clk
    N18                  IBUF (Prop_ibuf_I_O)         1.392     1.392 r  sys_clk_IBUF_inst/O
                         net (fo=1, routed)           1.873     3.265    sys_clk_IBUF
    BUFGCTRL_X0Y16       BUFG (Prop_bufg_I_O)         0.085     3.350 r  sys_clk_IBUF_BUFG_inst/O
                         net (fo=2986, routed)        1.573     4.923    u_FIFO_to_FFT/u_ad_fifo/u_ad_da_t/u_pll_ip/inst/clk_in1
    PLLE2_ADV_X1Y0       PLLE2_ADV (Prop_plle2_adv_CLKIN1_CLKOUT0)
                                                     -3.250     1.673 r  u_FIFO_to_FFT/u_ad_fifo/u_ad_da_t/u_pll_ip/inst/plle2_adv_inst/CLKOUT0
                         net (fo=1, routed)           1.594     3.267    u_FIFO_to_FFT/u_ad_fifo/u_ad_da_t/u_pll_ip/inst/clk_out1_pll_ip
    BUFGCTRL_X0Y2        BUFG (Prop_bufg_I_O)         0.085     3.352 r  u_FIFO_to_FFT/u_ad_fifo/u_ad_da_t/u_pll_ip/inst/clkout1_buf/O
                         net (fo=12, routed)          1.365     4.717    u_FIFO_to_FFT/u_ad_fifo/u_ad_da_t/u_clock_div/counter_reg[0]_0
    SLICE_X51Y71         FDCE                                         r  u_FIFO_to_FFT/u_ad_fifo/u_ad_da_t/u_clock_div/counter_reg[9]/C
  -------------------------------------------------------------------    -------------------
    SLICE_X51Y71         FDCE (Prop_fdce_C_Q)         0.348     5.065 f  u_FIFO_to_FFT/u_ad_fifo/u_ad_da_t/u_clock_div/counter_reg[9]/Q
                         net (fo=6, routed)           0.594     5.659    u_FIFO_to_FFT/u_ad_fifo/u_ad_da_t/u_clock_div/counter[9]
    SLICE_X51Y71         LUT4 (Prop_lut4_I1_O)        0.254     5.913 r  u_FIFO_to_FFT/u_ad_fifo/u_ad_da_t/u_clock_div/counter[7]_i_2/O
                         net (fo=3, routed)           0.392     6.305    u_FIFO_to_FFT/u_ad_fifo/u_ad_da_t/u_clock_div/counter[7]_i_2_n_0
    SLICE_X52Y71         LUT6 (Prop_lut6_I0_O)        0.274     6.579 r  u_FIFO_to_FFT/u_ad_fifo/u_ad_da_t/u_clock_div/counter[5]_i_1/O
                         net (fo=1, routed)           0.000     6.579    u_FIFO_to_FFT/u_ad_fifo/u_ad_da_t/u_clock_div/counter_0[5]
    SLICE_X52Y71         FDCE                                         r  u_FIFO_to_FFT/u_ad_fifo/u_ad_da_t/u_clock_div/counter_reg[5]/D
  -------------------------------------------------------------------    -------------------

                         (clock clk_out1_pll_ip rise edge)
                                                     20.833    20.833 r  
    N18                                               0.000    20.833 r  sys_clk (IN)
                         net (fo=0)                   0.000    20.833    sys_clk
    N18                  IBUF (Prop_ibuf_I_O)         1.327    22.160 r  sys_clk_IBUF_inst/O
                         net (fo=1, routed)           1.701    23.861    sys_clk_IBUF
    BUFGCTRL_X0Y16       BUFG (Prop_bufg_I_O)         0.077    23.938 r  sys_clk_IBUF_BUFG_inst/O
                         net (fo=2986, routed)        1.405    25.343    u_FIFO_to_FFT/u_ad_fifo/u_ad_da_t/u_pll_ip/inst/clk_in1
    PLLE2_ADV_X1Y0       PLLE2_ADV (Prop_plle2_adv_CLKIN1_CLKOUT0)
                                                     -2.931    22.412 r  u_FIFO_to_FFT/u_ad_fifo/u_ad_da_t/u_pll_ip/inst/plle2_adv_inst/CLKOUT0
                         net (fo=1, routed)           1.451    23.863    u_FIFO_to_FFT/u_ad_fifo/u_ad_da_t/u_pll_ip/inst/clk_out1_pll_ip
    BUFGCTRL_X0Y2        BUFG (Prop_bufg_I_O)         0.077    23.940 r  u_FIFO_to_FFT/u_ad_fifo/u_ad_da_t/u_pll_ip/inst/clkout1_buf/O
                         net (fo=12, routed)          1.215    25.155    u_FIFO_to_FFT/u_ad_fifo/u_ad_da_t/u_clock_div/counter_reg[0]_0
    SLICE_X52Y71         FDCE                                         r  u_FIFO_to_FFT/u_ad_fifo/u_ad_da_t/u_clock_div/counter_reg[5]/C
                         clock pessimism              0.370    25.526    
                         clock uncertainty           -0.084    25.442    
    SLICE_X52Y71         FDCE (Setup_fdce_C_D)        0.032    25.474    u_FIFO_to_FFT/u_ad_fifo/u_ad_da_t/u_clock_div/counter_reg[5]
  -------------------------------------------------------------------
                         required time                         25.474    
                         arrival time                          -6.579    
  -------------------------------------------------------------------
                         slack                                 18.895    

Slack (MET) :             18.953ns  (required time - arrival time)
  Source:                 u_FIFO_to_FFT/u_ad_fifo/u_ad_da_t/u_clock_div/counter_reg[4]/C
                            (rising edge-triggered cell FDCE clocked by clk_out1_pll_ip  {rise@0.000ns fall@10.417ns period=20.833ns})
  Destination:            u_FIFO_to_FFT/u_ad_fifo/u_ad_da_t/u_clock_div/counter_reg[4]/D
                            (rising edge-triggered cell FDCE clocked by clk_out1_pll_ip  {rise@0.000ns fall@10.417ns period=20.833ns})
  Path Group:             clk_out1_pll_ip
  Path Type:              Setup (Max at Slow Process Corner)
  Requirement:            20.833ns  (clk_out1_pll_ip rise@20.833ns - clk_out1_pll_ip rise@0.000ns)
  Data Path Delay:        1.582ns  (logic 0.597ns (37.729%)  route 0.985ns (62.271%))
  Logic Levels:           1  (LUT5=1)
  Clock Path Skew:        0.000ns (DCD - SCD + CPR)
    Destination Clock Delay (DCD):    4.322ns = ( 25.155 - 20.833 ) 
    Source Clock Delay      (SCD):    4.717ns
    Clock Pessimism Removal (CPR):    0.395ns
  Clock Uncertainty:      0.084ns  ((TSJ^2 + DJ^2)^1/2) / 2 + PE
    Total System Jitter     (TSJ):    0.071ns
    Discrete Jitter          (DJ):    0.151ns
    Phase Error              (PE):    0.000ns

    Location             Delay type                Incr(ns)  Path(ns)    Netlist Resource(s)
  -------------------------------------------------------------------    -------------------
                         (clock clk_out1_pll_ip rise edge)
                                                      0.000     0.000 r  
    N18                                               0.000     0.000 r  sys_clk (IN)
                         net (fo=0)                   0.000     0.000    sys_clk
    N18                  IBUF (Prop_ibuf_I_O)         1.392     1.392 r  sys_clk_IBUF_inst/O
                         net (fo=1, routed)           1.873     3.265    sys_clk_IBUF
    BUFGCTRL_X0Y16       BUFG (Prop_bufg_I_O)         0.085     3.350 r  sys_clk_IBUF_BUFG_inst/O
                         net (fo=2986, routed)        1.573     4.923    u_FIFO_to_FFT/u_ad_fifo/u_ad_da_t/u_pll_ip/inst/clk_in1
    PLLE2_ADV_X1Y0       PLLE2_ADV (Prop_plle2_adv_CLKIN1_CLKOUT0)
                                                     -3.250     1.673 r  u_FIFO_to_FFT/u_ad_fifo/u_ad_da_t/u_pll_ip/inst/plle2_adv_inst/CLKOUT0
                         net (fo=1, routed)           1.594     3.267    u_FIFO_to_FFT/u_ad_fifo/u_ad_da_t/u_pll_ip/inst/clk_out1_pll_ip
    BUFGCTRL_X0Y2        BUFG (Prop_bufg_I_O)         0.085     3.352 r  u_FIFO_to_FFT/u_ad_fifo/u_ad_da_t/u_pll_ip/inst/clkout1_buf/O
                         net (fo=12, routed)          1.365     4.717    u_FIFO_to_FFT/u_ad_fifo/u_ad_da_t/u_clock_div/counter_reg[0]_0
    SLICE_X52Y71         FDCE                                         r  u_FIFO_to_FFT/u_ad_fifo/u_ad_da_t/u_clock_div/counter_reg[4]/C
  -------------------------------------------------------------------    -------------------
    SLICE_X52Y71         FDCE (Prop_fdce_C_Q)         0.348     5.065 r  u_FIFO_to_FFT/u_ad_fifo/u_ad_da_t/u_clock_div/counter_reg[4]/Q
                         net (fo=10, routed)          0.727     5.792    u_FIFO_to_FFT/u_ad_fifo/u_ad_da_t/u_clock_div/counter[4]
    SLICE_X53Y71         LUT5 (Prop_lut5_I4_O)        0.249     6.041 r  u_FIFO_to_FFT/u_ad_fifo/u_ad_da_t/u_clock_div/counter[4]_i_1/O
                         net (fo=1, routed)           0.259     6.300    u_FIFO_to_FFT/u_ad_fifo/u_ad_da_t/u_clock_div/counter_0[4]
    SLICE_X52Y71         FDCE                                         r  u_FIFO_to_FFT/u_ad_fifo/u_ad_da_t/u_clock_div/counter_reg[4]/D
  -------------------------------------------------------------------    -------------------

                         (clock clk_out1_pll_ip rise edge)
                                                     20.833    20.833 r  
    N18                                               0.000    20.833 r  sys_clk (IN)
                         net (fo=0)                   0.000    20.833    sys_clk
    N18                  IBUF (Prop_ibuf_I_O)         1.327    22.160 r  sys_clk_IBUF_inst/O
                         net (fo=1, routed)           1.701    23.861    sys_clk_IBUF
    BUFGCTRL_X0Y16       BUFG (Prop_bufg_I_O)         0.077    23.938 r  sys_clk_IBUF_BUFG_inst/O
                         net (fo=2986, routed)        1.405    25.343    u_FIFO_to_FFT/u_ad_fifo/u_ad_da_t/u_pll_ip/inst/clk_in1
    PLLE2_ADV_X1Y0       PLLE2_ADV (Prop_plle2_adv_CLKIN1_CLKOUT0)
                                                     -2.931    22.412 r  u_FIFO_to_FFT/u_ad_fifo/u_ad_da_t/u_pll_ip/inst/plle2_adv_inst/CLKOUT0
                         net (fo=1, routed)           1.451    23.863    u_FIFO_to_FFT/u_ad_fifo/u_ad_da_t/u_pll_ip/inst/clk_out1_pll_ip
    BUFGCTRL_X0Y2        BUFG (Prop_bufg_I_O)         0.077    23.940 r  u_FIFO_to_FFT/u_ad_fifo/u_ad_da_t/u_pll_ip/inst/clkout1_buf/O
                         net (fo=12, routed)          1.215    25.155    u_FIFO_to_FFT/u_ad_fifo/u_ad_da_t/u_clock_div/counter_reg[0]_0
    SLICE_X52Y71         FDCE                                         r  u_FIFO_to_FFT/u_ad_fifo/u_ad_da_t/u_clock_div/counter_reg[4]/C
                         clock pessimism              0.395    25.551    
                         clock uncertainty           -0.084    25.467    
    SLICE_X52Y71         FDCE (Setup_fdce_C_D)       -0.214    25.253    u_FIFO_to_FFT/u_ad_fifo/u_ad_da_t/u_clock_div/counter_reg[4]
  -------------------------------------------------------------------
                         required time                         25.253    
                         arrival time                          -6.300    
  -------------------------------------------------------------------
                         slack                                 18.953    

Slack (MET) :             19.044ns  (required time - arrival time)
  Source:                 u_FIFO_to_FFT/u_ad_fifo/u_ad_da_t/u_clock_div/counter_reg[2]/C
                            (rising edge-triggered cell FDCE clocked by clk_out1_pll_ip  {rise@0.000ns fall@10.417ns period=20.833ns})
  Destination:            u_FIFO_to_FFT/u_ad_fifo/u_ad_da_t/u_clock_div/counter_reg[3]/D
                            (rising edge-triggered cell FDCE clocked by clk_out1_pll_ip  {rise@0.000ns fall@10.417ns period=20.833ns})
  Path Group:             clk_out1_pll_ip
  Path Type:              Setup (Max at Slow Process Corner)
  Requirement:            20.833ns  (clk_out1_pll_ip rise@20.833ns - clk_out1_pll_ip rise@0.000ns)
  Data Path Delay:        1.713ns  (logic 0.589ns (34.386%)  route 1.124ns (65.614%))
  Logic Levels:           2  (LUT3=1 LUT6=1)
  Clock Path Skew:        -0.025ns (DCD - SCD + CPR)
    Destination Clock Delay (DCD):    4.322ns = ( 25.155 - 20.833 ) 
    Source Clock Delay      (SCD):    4.717ns
    Clock Pessimism Removal (CPR):    0.370ns
  Clock Uncertainty:      0.084ns  ((TSJ^2 + DJ^2)^1/2) / 2 + PE
    Total System Jitter     (TSJ):    0.071ns
    Discrete Jitter          (DJ):    0.151ns
    Phase Error              (PE):    0.000ns

    Location             Delay type                Incr(ns)  Path(ns)    Netlist Resource(s)
  -------------------------------------------------------------------    -------------------
                         (clock clk_out1_pll_ip rise edge)
                                                      0.000     0.000 r  
    N18                                               0.000     0.000 r  sys_clk (IN)
                         net (fo=0)                   0.000     0.000    sys_clk
    N18                  IBUF (Prop_ibuf_I_O)         1.392     1.392 r  sys_clk_IBUF_inst/O
                         net (fo=1, routed)           1.873     3.265    sys_clk_IBUF
    BUFGCTRL_X0Y16       BUFG (Prop_bufg_I_O)         0.085     3.350 r  sys_clk_IBUF_BUFG_inst/O
                         net (fo=2986, routed)        1.573     4.923    u_FIFO_to_FFT/u_ad_fifo/u_ad_da_t/u_pll_ip/inst/clk_in1
    PLLE2_ADV_X1Y0       PLLE2_ADV (Prop_plle2_adv_CLKIN1_CLKOUT0)
                                                     -3.250     1.673 r  u_FIFO_to_FFT/u_ad_fifo/u_ad_da_t/u_pll_ip/inst/plle2_adv_inst/CLKOUT0
                         net (fo=1, routed)           1.594     3.267    u_FIFO_to_FFT/u_ad_fifo/u_ad_da_t/u_pll_ip/inst/clk_out1_pll_ip
    BUFGCTRL_X0Y2        BUFG (Prop_bufg_I_O)         0.085     3.352 r  u_FIFO_to_FFT/u_ad_fifo/u_ad_da_t/u_pll_ip/inst/clkout1_buf/O
                         net (fo=12, routed)          1.365     4.717    u_FIFO_to_FFT/u_ad_fifo/u_ad_da_t/u_clock_div/counter_reg[0]_0
    SLICE_X52Y71         FDCE                                         r  u_FIFO_to_FFT/u_ad_fifo/u_ad_da_t/u_clock_div/counter_reg[2]/C
  -------------------------------------------------------------------    -------------------
    SLICE_X52Y71         FDCE (Prop_fdce_C_Q)         0.379     5.096 f  u_FIFO_to_FFT/u_ad_fifo/u_ad_da_t/u_clock_div/counter_reg[2]/Q
                         net (fo=6, routed)           0.681     5.777    u_FIFO_to_FFT/u_ad_fifo/u_ad_da_t/u_clock_div/counter[2]
    SLICE_X53Y71         LUT3 (Prop_lut3_I2_O)        0.105     5.882 r  u_FIFO_to_FFT/u_ad_fifo/u_ad_da_t/u_clock_div/counter[5]_i_3/O
                         net (fo=2, routed)           0.443     6.325    u_FIFO_to_FFT/u_ad_fifo/u_ad_da_t/u_clock_div/counter[5]_i_3_n_0
    SLICE_X51Y71         LUT6 (Prop_lut6_I4_O)        0.105     6.430 r  u_FIFO_to_FFT/u_ad_fifo/u_ad_da_t/u_clock_div/counter[3]_i_1/O
                         net (fo=1, routed)           0.000     6.430    u_FIFO_to_FFT/u_ad_fifo/u_ad_da_t/u_clock_div/counter_0[3]
    SLICE_X51Y71         FDCE                                         r  u_FIFO_to_FFT/u_ad_fifo/u_ad_da_t/u_clock_div/counter_reg[3]/D
  -------------------------------------------------------------------    -------------------

                         (clock clk_out1_pll_ip rise edge)
                                                     20.833    20.833 r  
    N18                                               0.000    20.833 r  sys_clk (IN)
                         net (fo=0)                   0.000    20.833    sys_clk
    N18                  IBUF (Prop_ibuf_I_O)         1.327    22.160 r  sys_clk_IBUF_inst/O
                         net (fo=1, routed)           1.701    23.861    sys_clk_IBUF
    BUFGCTRL_X0Y16       BUFG (Prop_bufg_I_O)         0.077    23.938 r  sys_clk_IBUF_BUFG_inst/O
                         net (fo=2986, routed)        1.405    25.343    u_FIFO_to_FFT/u_ad_fifo/u_ad_da_t/u_pll_ip/inst/clk_in1
    PLLE2_ADV_X1Y0       PLLE2_ADV (Prop_plle2_adv_CLKIN1_CLKOUT0)
                                                     -2.931    22.412 r  u_FIFO_to_FFT/u_ad_fifo/u_ad_da_t/u_pll_ip/inst/plle2_adv_inst/CLKOUT0
                         net (fo=1, routed)           1.451    23.863    u_FIFO_to_FFT/u_ad_fifo/u_ad_da_t/u_pll_ip/inst/clk_out1_pll_ip
    BUFGCTRL_X0Y2        BUFG (Prop_bufg_I_O)         0.077    23.940 r  u_FIFO_to_FFT/u_ad_fifo/u_ad_da_t/u_pll_ip/inst/clkout1_buf/O
                         net (fo=12, routed)          1.215    25.155    u_FIFO_to_FFT/u_ad_fifo/u_ad_da_t/u_clock_div/counter_reg[0]_0
    SLICE_X51Y71         FDCE                                         r  u_FIFO_to_FFT/u_ad_fifo/u_ad_da_t/u_clock_div/counter_reg[3]/C
                         clock pessimism              0.370    25.526    
                         clock uncertainty           -0.084    25.442    
    SLICE_X51Y71         FDCE (Setup_fdce_C_D)        0.032    25.474    u_FIFO_to_FFT/u_ad_fifo/u_ad_da_t/u_clock_div/counter_reg[3]
  -------------------------------------------------------------------
                         required time                         25.474    
                         arrival time                          -6.430    
  -------------------------------------------------------------------
                         slack                                 19.044    





Min Delay Paths
--------------------------------------------------------------------------------------
Slack (MET) :             0.241ns  (arrival time - required time)
  Source:                 u_FIFO_to_FFT/u_ad_fifo/u_ad_da_t/u_clock_div/counter_reg[6]/C
                            (rising edge-triggered cell FDCE clocked by clk_out1_pll_ip  {rise@0.000ns fall@10.417ns period=20.833ns})
  Destination:            u_FIFO_to_FFT/u_ad_fifo/u_ad_da_t/u_clock_div/counter_reg[6]/D
                            (rising edge-triggered cell FDCE clocked by clk_out1_pll_ip  {rise@0.000ns fall@10.417ns period=20.833ns})
  Path Group:             clk_out1_pll_ip
  Path Type:              Hold (Min at Fast Process Corner)
  Requirement:            0.000ns  (clk_out1_pll_ip rise@0.000ns - clk_out1_pll_ip rise@0.000ns)
  Data Path Delay:        0.333ns  (logic 0.186ns (55.884%)  route 0.147ns (44.116%))
  Logic Levels:           1  (LUT6=1)
  Clock Path Skew:        0.000ns (DCD - SCD - CPR)
    Destination Clock Delay (DCD):    1.989ns
    Source Clock Delay      (SCD):    1.475ns
    Clock Pessimism Removal (CPR):    0.514ns

    Location             Delay type                Incr(ns)  Path(ns)    Netlist Resource(s)
  -------------------------------------------------------------------    -------------------
                         (clock clk_out1_pll_ip rise edge)
                                                      0.000     0.000 r  
    N18                                               0.000     0.000 r  sys_clk (IN)
                         net (fo=0)                   0.000     0.000    sys_clk
    N18                  IBUF (Prop_ibuf_I_O)         0.229     0.229 r  sys_clk_IBUF_inst/O
                         net (fo=1, routed)           0.674     0.903    sys_clk_IBUF
    BUFGCTRL_X0Y16       BUFG (Prop_bufg_I_O)         0.026     0.929 r  sys_clk_IBUF_BUFG_inst/O
                         net (fo=2986, routed)        0.602     1.531    u_FIFO_to_FFT/u_ad_fifo/u_ad_da_t/u_pll_ip/inst/clk_in1
    PLLE2_ADV_X1Y0       PLLE2_ADV (Prop_plle2_adv_CLKIN1_CLKOUT0)
                                                     -1.169     0.361 r  u_FIFO_to_FFT/u_ad_fifo/u_ad_da_t/u_pll_ip/inst/plle2_adv_inst/CLKOUT0
                         net (fo=1, routed)           0.544     0.905    u_FIFO_to_FFT/u_ad_fifo/u_ad_da_t/u_pll_ip/inst/clk_out1_pll_ip
    BUFGCTRL_X0Y2        BUFG (Prop_bufg_I_O)         0.026     0.931 r  u_FIFO_to_FFT/u_ad_fifo/u_ad_da_t/u_pll_ip/inst/clkout1_buf/O
                         net (fo=12, routed)          0.544     1.475    u_FIFO_to_FFT/u_ad_fifo/u_ad_da_t/u_clock_div/counter_reg[0]_0
    SLICE_X53Y71         FDCE                                         r  u_FIFO_to_FFT/u_ad_fifo/u_ad_da_t/u_clock_div/counter_reg[6]/C
  -------------------------------------------------------------------    -------------------
    SLICE_X53Y71         FDCE (Prop_fdce_C_Q)         0.141     1.616 r  u_FIFO_to_FFT/u_ad_fifo/u_ad_da_t/u_clock_div/counter_reg[6]/Q
                         net (fo=6, routed)           0.147     1.763    u_FIFO_to_FFT/u_ad_fifo/u_ad_da_t/u_clock_div/counter[6]
    SLICE_X53Y71         LUT6 (Prop_lut6_I3_O)        0.045     1.808 r  u_FIFO_to_FFT/u_ad_fifo/u_ad_da_t/u_clock_div/counter[6]_i_1/O
                         net (fo=1, routed)           0.000     1.808    u_FIFO_to_FFT/u_ad_fifo/u_ad_da_t/u_clock_div/counter_0[6]
    SLICE_X53Y71         FDCE                                         r  u_FIFO_to_FFT/u_ad_fifo/u_ad_da_t/u_clock_div/counter_reg[6]/D
  -------------------------------------------------------------------    -------------------

                         (clock clk_out1_pll_ip rise edge)
                                                      0.000     0.000 r  
    N18                                               0.000     0.000 r  sys_clk (IN)
                         net (fo=0)                   0.000     0.000    sys_clk
    N18                  IBUF (Prop_ibuf_I_O)         0.417     0.417 r  sys_clk_IBUF_inst/O
                         net (fo=1, routed)           0.731     1.148    sys_clk_IBUF
    BUFGCTRL_X0Y16       BUFG (Prop_bufg_I_O)         0.029     1.177 r  sys_clk_IBUF_BUFG_inst/O
                         net (fo=2986, routed)        0.869     2.046    u_FIFO_to_FFT/u_ad_fifo/u_ad_da_t/u_pll_ip/inst/clk_in1
    PLLE2_ADV_X1Y0       PLLE2_ADV (Prop_plle2_adv_CLKIN1_CLKOUT0)
                                                     -1.488     0.558 r  u_FIFO_to_FFT/u_ad_fifo/u_ad_da_t/u_pll_ip/inst/plle2_adv_inst/CLKOUT0
                         net (fo=1, routed)           0.592     1.150    u_FIFO_to_FFT/u_ad_fifo/u_ad_da_t/u_pll_ip/inst/clk_out1_pll_ip
    BUFGCTRL_X0Y2        BUFG (Prop_bufg_I_O)         0.029     1.179 r  u_FIFO_to_FFT/u_ad_fifo/u_ad_da_t/u_pll_ip/inst/clkout1_buf/O
                         net (fo=12, routed)          0.810     1.989    u_FIFO_to_FFT/u_ad_fifo/u_ad_da_t/u_clock_div/counter_reg[0]_0
    SLICE_X53Y71         FDCE                                         r  u_FIFO_to_FFT/u_ad_fifo/u_ad_da_t/u_clock_div/counter_reg[6]/C
                         clock pessimism             -0.514     1.475    
    SLICE_X53Y71         FDCE (Hold_fdce_C_D)         0.092     1.567    u_FIFO_to_FFT/u_ad_fifo/u_ad_da_t/u_clock_div/counter_reg[6]
  -------------------------------------------------------------------
                         required time                         -1.567    
                         arrival time                           1.808    
  -------------------------------------------------------------------
                         slack                                  0.241    

Slack (MET) :             0.244ns  (arrival time - required time)
  Source:                 u_FIFO_to_FFT/u_ad_fifo/u_ad_da_t/u_clock_div/counter_reg[6]/C
                            (rising edge-triggered cell FDCE clocked by clk_out1_pll_ip  {rise@0.000ns fall@10.417ns period=20.833ns})
  Destination:            u_FIFO_to_FFT/u_ad_fifo/u_ad_da_t/u_clock_div/counter_reg[7]/D
                            (rising edge-triggered cell FDCE clocked by clk_out1_pll_ip  {rise@0.000ns fall@10.417ns period=20.833ns})
  Path Group:             clk_out1_pll_ip
  Path Type:              Hold (Min at Fast Process Corner)
  Requirement:            0.000ns  (clk_out1_pll_ip rise@0.000ns - clk_out1_pll_ip rise@0.000ns)
  Data Path Delay:        0.336ns  (logic 0.186ns (55.385%)  route 0.150ns (44.615%))
  Logic Levels:           1  (LUT6=1)
  Clock Path Skew:        0.000ns (DCD - SCD - CPR)
    Destination Clock Delay (DCD):    1.989ns
    Source Clock Delay      (SCD):    1.475ns
    Clock Pessimism Removal (CPR):    0.514ns

    Location             Delay type                Incr(ns)  Path(ns)    Netlist Resource(s)
  -------------------------------------------------------------------    -------------------
                         (clock clk_out1_pll_ip rise edge)
                                                      0.000     0.000 r  
    N18                                               0.000     0.000 r  sys_clk (IN)
                         net (fo=0)                   0.000     0.000    sys_clk
    N18                  IBUF (Prop_ibuf_I_O)         0.229     0.229 r  sys_clk_IBUF_inst/O
                         net (fo=1, routed)           0.674     0.903    sys_clk_IBUF
    BUFGCTRL_X0Y16       BUFG (Prop_bufg_I_O)         0.026     0.929 r  sys_clk_IBUF_BUFG_inst/O
                         net (fo=2986, routed)        0.602     1.531    u_FIFO_to_FFT/u_ad_fifo/u_ad_da_t/u_pll_ip/inst/clk_in1
    PLLE2_ADV_X1Y0       PLLE2_ADV (Prop_plle2_adv_CLKIN1_CLKOUT0)
                                                     -1.169     0.361 r  u_FIFO_to_FFT/u_ad_fifo/u_ad_da_t/u_pll_ip/inst/plle2_adv_inst/CLKOUT0
                         net (fo=1, routed)           0.544     0.905    u_FIFO_to_FFT/u_ad_fifo/u_ad_da_t/u_pll_ip/inst/clk_out1_pll_ip
    BUFGCTRL_X0Y2        BUFG (Prop_bufg_I_O)         0.026     0.931 r  u_FIFO_to_FFT/u_ad_fifo/u_ad_da_t/u_pll_ip/inst/clkout1_buf/O
                         net (fo=12, routed)          0.544     1.475    u_FIFO_to_FFT/u_ad_fifo/u_ad_da_t/u_clock_div/counter_reg[0]_0
    SLICE_X53Y71         FDCE                                         r  u_FIFO_to_FFT/u_ad_fifo/u_ad_da_t/u_clock_div/counter_reg[6]/C
  -------------------------------------------------------------------    -------------------
    SLICE_X53Y71         FDCE (Prop_fdce_C_Q)         0.141     1.616 r  u_FIFO_to_FFT/u_ad_fifo/u_ad_da_t/u_clock_div/counter_reg[6]/Q
                         net (fo=6, routed)           0.150     1.766    u_FIFO_to_FFT/u_ad_fifo/u_ad_da_t/u_clock_div/counter[6]
    SLICE_X53Y71         LUT6 (Prop_lut6_I2_O)        0.045     1.811 r  u_FIFO_to_FFT/u_ad_fifo/u_ad_da_t/u_clock_div/counter[7]_i_1/O
                         net (fo=1, routed)           0.000     1.811    u_FIFO_to_FFT/u_ad_fifo/u_ad_da_t/u_clock_div/counter_0[7]
    SLICE_X53Y71         FDCE                                         r  u_FIFO_to_FFT/u_ad_fifo/u_ad_da_t/u_clock_div/counter_reg[7]/D
  -------------------------------------------------------------------    -------------------

                         (clock clk_out1_pll_ip rise edge)
                                                      0.000     0.000 r  
    N18                                               0.000     0.000 r  sys_clk (IN)
                         net (fo=0)                   0.000     0.000    sys_clk
    N18                  IBUF (Prop_ibuf_I_O)         0.417     0.417 r  sys_clk_IBUF_inst/O
                         net (fo=1, routed)           0.731     1.148    sys_clk_IBUF
    BUFGCTRL_X0Y16       BUFG (Prop_bufg_I_O)         0.029     1.177 r  sys_clk_IBUF_BUFG_inst/O
                         net (fo=2986, routed)        0.869     2.046    u_FIFO_to_FFT/u_ad_fifo/u_ad_da_t/u_pll_ip/inst/clk_in1
    PLLE2_ADV_X1Y0       PLLE2_ADV (Prop_plle2_adv_CLKIN1_CLKOUT0)
                                                     -1.488     0.558 r  u_FIFO_to_FFT/u_ad_fifo/u_ad_da_t/u_pll_ip/inst/plle2_adv_inst/CLKOUT0
                         net (fo=1, routed)           0.592     1.150    u_FIFO_to_FFT/u_ad_fifo/u_ad_da_t/u_pll_ip/inst/clk_out1_pll_ip
    BUFGCTRL_X0Y2        BUFG (Prop_bufg_I_O)         0.029     1.179 r  u_FIFO_to_FFT/u_ad_fifo/u_ad_da_t/u_pll_ip/inst/clkout1_buf/O
                         net (fo=12, routed)          0.810     1.989    u_FIFO_to_FFT/u_ad_fifo/u_ad_da_t/u_clock_div/counter_reg[0]_0
    SLICE_X53Y71         FDCE                                         r  u_FIFO_to_FFT/u_ad_fifo/u_ad_da_t/u_clock_div/counter_reg[7]/C
                         clock pessimism             -0.514     1.475    
    SLICE_X53Y71         FDCE (Hold_fdce_C_D)         0.092     1.567    u_FIFO_to_FFT/u_ad_fifo/u_ad_da_t/u_clock_div/counter_reg[7]
  -------------------------------------------------------------------
                         required time                         -1.567    
                         arrival time                           1.811    
  -------------------------------------------------------------------
                         slack                                  0.244    

Slack (MET) :             0.258ns  (arrival time - required time)
  Source:                 u_FIFO_to_FFT/u_ad_fifo/u_ad_da_t/u_clock_div/counter_reg[9]/C
                            (rising edge-triggered cell FDCE clocked by clk_out1_pll_ip  {rise@0.000ns fall@10.417ns period=20.833ns})
  Destination:            u_FIFO_to_FFT/u_ad_fifo/u_ad_da_t/u_clock_div/clk_out_reg_reg/D
                            (rising edge-triggered cell FDCE clocked by clk_out1_pll_ip  {rise@0.000ns fall@10.417ns period=20.833ns})
  Path Group:             clk_out1_pll_ip
  Path Type:              Hold (Min at Fast Process Corner)
  Requirement:            0.000ns  (clk_out1_pll_ip rise@0.000ns - clk_out1_pll_ip rise@0.000ns)
  Data Path Delay:        0.349ns  (logic 0.226ns (64.842%)  route 0.123ns (35.158%))
  Logic Levels:           1  (LUT6=1)
  Clock Path Skew:        0.000ns (DCD - SCD - CPR)
    Destination Clock Delay (DCD):    1.989ns
    Source Clock Delay      (SCD):    1.475ns
    Clock Pessimism Removal (CPR):    0.514ns

    Location             Delay type                Incr(ns)  Path(ns)    Netlist Resource(s)
  -------------------------------------------------------------------    -------------------
                         (clock clk_out1_pll_ip rise edge)
                                                      0.000     0.000 r  
    N18                                               0.000     0.000 r  sys_clk (IN)
                         net (fo=0)                   0.000     0.000    sys_clk
    N18                  IBUF (Prop_ibuf_I_O)         0.229     0.229 r  sys_clk_IBUF_inst/O
                         net (fo=1, routed)           0.674     0.903    sys_clk_IBUF
    BUFGCTRL_X0Y16       BUFG (Prop_bufg_I_O)         0.026     0.929 r  sys_clk_IBUF_BUFG_inst/O
                         net (fo=2986, routed)        0.602     1.531    u_FIFO_to_FFT/u_ad_fifo/u_ad_da_t/u_pll_ip/inst/clk_in1
    PLLE2_ADV_X1Y0       PLLE2_ADV (Prop_plle2_adv_CLKIN1_CLKOUT0)
                                                     -1.169     0.361 r  u_FIFO_to_FFT/u_ad_fifo/u_ad_da_t/u_pll_ip/inst/plle2_adv_inst/CLKOUT0
                         net (fo=1, routed)           0.544     0.905    u_FIFO_to_FFT/u_ad_fifo/u_ad_da_t/u_pll_ip/inst/clk_out1_pll_ip
    BUFGCTRL_X0Y2        BUFG (Prop_bufg_I_O)         0.026     0.931 r  u_FIFO_to_FFT/u_ad_fifo/u_ad_da_t/u_pll_ip/inst/clkout1_buf/O
                         net (fo=12, routed)          0.544     1.475    u_FIFO_to_FFT/u_ad_fifo/u_ad_da_t/u_clock_div/counter_reg[0]_0
    SLICE_X51Y71         FDCE                                         r  u_FIFO_to_FFT/u_ad_fifo/u_ad_da_t/u_clock_div/counter_reg[9]/C
  -------------------------------------------------------------------    -------------------
    SLICE_X51Y71         FDCE (Prop_fdce_C_Q)         0.128     1.603 r  u_FIFO_to_FFT/u_ad_fifo/u_ad_da_t/u_clock_div/counter_reg[9]/Q
                         net (fo=6, routed)           0.123     1.726    u_FIFO_to_FFT/u_ad_fifo/u_ad_da_t/u_clock_div/counter[9]
    SLICE_X51Y71         LUT6 (Prop_lut6_I3_O)        0.098     1.824 r  u_FIFO_to_FFT/u_ad_fifo/u_ad_da_t/u_clock_div/clk_out_reg_i_1/O
                         net (fo=1, routed)           0.000     1.824    u_FIFO_to_FFT/u_ad_fifo/u_ad_da_t/u_clock_div/clk_out_reg_i_1_n_0
    SLICE_X51Y71         FDCE                                         r  u_FIFO_to_FFT/u_ad_fifo/u_ad_da_t/u_clock_div/clk_out_reg_reg/D
  -------------------------------------------------------------------    -------------------

                         (clock clk_out1_pll_ip rise edge)
                                                      0.000     0.000 r  
    N18                                               0.000     0.000 r  sys_clk (IN)
                         net (fo=0)                   0.000     0.000    sys_clk
    N18                  IBUF (Prop_ibuf_I_O)         0.417     0.417 r  sys_clk_IBUF_inst/O
                         net (fo=1, routed)           0.731     1.148    sys_clk_IBUF
    BUFGCTRL_X0Y16       BUFG (Prop_bufg_I_O)         0.029     1.177 r  sys_clk_IBUF_BUFG_inst/O
                         net (fo=2986, routed)        0.869     2.046    u_FIFO_to_FFT/u_ad_fifo/u_ad_da_t/u_pll_ip/inst/clk_in1
    PLLE2_ADV_X1Y0       PLLE2_ADV (Prop_plle2_adv_CLKIN1_CLKOUT0)
                                                     -1.488     0.558 r  u_FIFO_to_FFT/u_ad_fifo/u_ad_da_t/u_pll_ip/inst/plle2_adv_inst/CLKOUT0
                         net (fo=1, routed)           0.592     1.150    u_FIFO_to_FFT/u_ad_fifo/u_ad_da_t/u_pll_ip/inst/clk_out1_pll_ip
    BUFGCTRL_X0Y2        BUFG (Prop_bufg_I_O)         0.029     1.179 r  u_FIFO_to_FFT/u_ad_fifo/u_ad_da_t/u_pll_ip/inst/clkout1_buf/O
                         net (fo=12, routed)          0.810     1.989    u_FIFO_to_FFT/u_ad_fifo/u_ad_da_t/u_clock_div/counter_reg[0]_0
    SLICE_X51Y71         FDCE                                         r  u_FIFO_to_FFT/u_ad_fifo/u_ad_da_t/u_clock_div/clk_out_reg_reg/C
                         clock pessimism             -0.514     1.475    
    SLICE_X51Y71         FDCE (Hold_fdce_C_D)         0.091     1.566    u_FIFO_to_FFT/u_ad_fifo/u_ad_da_t/u_clock_div/clk_out_reg_reg
  -------------------------------------------------------------------
                         required time                         -1.566    
                         arrival time                           1.824    
  -------------------------------------------------------------------
                         slack                                  0.258    

Slack (MET) :             0.264ns  (arrival time - required time)
  Source:                 u_FIFO_to_FFT/u_ad_fifo/u_ad_da_t/u_clock_div/counter_reg[0]/C
                            (rising edge-triggered cell FDCE clocked by clk_out1_pll_ip  {rise@0.000ns fall@10.417ns period=20.833ns})
  Destination:            u_FIFO_to_FFT/u_ad_fifo/u_ad_da_t/u_clock_div/counter_reg[1]/D
                            (rising edge-triggered cell FDCE clocked by clk_out1_pll_ip  {rise@0.000ns fall@10.417ns period=20.833ns})
  Path Group:             clk_out1_pll_ip
  Path Type:              Hold (Min at Fast Process Corner)
  Requirement:            0.000ns  (clk_out1_pll_ip rise@0.000ns - clk_out1_pll_ip rise@0.000ns)
  Data Path Delay:        0.371ns  (logic 0.183ns (49.336%)  route 0.188ns (50.664%))
  Logic Levels:           1  (LUT2=1)
  Clock Path Skew:        0.000ns (DCD - SCD - CPR)
    Destination Clock Delay (DCD):    1.989ns
    Source Clock Delay      (SCD):    1.475ns
    Clock Pessimism Removal (CPR):    0.514ns

    Location             Delay type                Incr(ns)  Path(ns)    Netlist Resource(s)
  -------------------------------------------------------------------    -------------------
                         (clock clk_out1_pll_ip rise edge)
                                                      0.000     0.000 r  
    N18                                               0.000     0.000 r  sys_clk (IN)
                         net (fo=0)                   0.000     0.000    sys_clk
    N18                  IBUF (Prop_ibuf_I_O)         0.229     0.229 r  sys_clk_IBUF_inst/O
                         net (fo=1, routed)           0.674     0.903    sys_clk_IBUF
    BUFGCTRL_X0Y16       BUFG (Prop_bufg_I_O)         0.026     0.929 r  sys_clk_IBUF_BUFG_inst/O
                         net (fo=2986, routed)        0.602     1.531    u_FIFO_to_FFT/u_ad_fifo/u_ad_da_t/u_pll_ip/inst/clk_in1
    PLLE2_ADV_X1Y0       PLLE2_ADV (Prop_plle2_adv_CLKIN1_CLKOUT0)
                                                     -1.169     0.361 r  u_FIFO_to_FFT/u_ad_fifo/u_ad_da_t/u_pll_ip/inst/plle2_adv_inst/CLKOUT0
                         net (fo=1, routed)           0.544     0.905    u_FIFO_to_FFT/u_ad_fifo/u_ad_da_t/u_pll_ip/inst/clk_out1_pll_ip
    BUFGCTRL_X0Y2        BUFG (Prop_bufg_I_O)         0.026     0.931 r  u_FIFO_to_FFT/u_ad_fifo/u_ad_da_t/u_pll_ip/inst/clkout1_buf/O
                         net (fo=12, routed)          0.544     1.475    u_FIFO_to_FFT/u_ad_fifo/u_ad_da_t/u_clock_div/counter_reg[0]_0
    SLICE_X53Y71         FDCE                                         r  u_FIFO_to_FFT/u_ad_fifo/u_ad_da_t/u_clock_div/counter_reg[0]/C
  -------------------------------------------------------------------    -------------------
    SLICE_X53Y71         FDCE (Prop_fdce_C_Q)         0.141     1.616 r  u_FIFO_to_FFT/u_ad_fifo/u_ad_da_t/u_clock_div/counter_reg[0]/Q
                         net (fo=8, routed)           0.188     1.804    u_FIFO_to_FFT/u_ad_fifo/u_ad_da_t/u_clock_div/counter[0]
    SLICE_X53Y71         LUT2 (Prop_lut2_I0_O)        0.042     1.846 r  u_FIFO_to_FFT/u_ad_fifo/u_ad_da_t/u_clock_div/counter[1]_i_1/O
                         net (fo=1, routed)           0.000     1.846    u_FIFO_to_FFT/u_ad_fifo/u_ad_da_t/u_clock_div/counter_0[1]
    SLICE_X53Y71         FDCE                                         r  u_FIFO_to_FFT/u_ad_fifo/u_ad_da_t/u_clock_div/counter_reg[1]/D
  -------------------------------------------------------------------    -------------------

                         (clock clk_out1_pll_ip rise edge)
                                                      0.000     0.000 r  
    N18                                               0.000     0.000 r  sys_clk (IN)
                         net (fo=0)                   0.000     0.000    sys_clk
    N18                  IBUF (Prop_ibuf_I_O)         0.417     0.417 r  sys_clk_IBUF_inst/O
                         net (fo=1, routed)           0.731     1.148    sys_clk_IBUF
    BUFGCTRL_X0Y16       BUFG (Prop_bufg_I_O)         0.029     1.177 r  sys_clk_IBUF_BUFG_inst/O
                         net (fo=2986, routed)        0.869     2.046    u_FIFO_to_FFT/u_ad_fifo/u_ad_da_t/u_pll_ip/inst/clk_in1
    PLLE2_ADV_X1Y0       PLLE2_ADV (Prop_plle2_adv_CLKIN1_CLKOUT0)
                                                     -1.488     0.558 r  u_FIFO_to_FFT/u_ad_fifo/u_ad_da_t/u_pll_ip/inst/plle2_adv_inst/CLKOUT0
                         net (fo=1, routed)           0.592     1.150    u_FIFO_to_FFT/u_ad_fifo/u_ad_da_t/u_pll_ip/inst/clk_out1_pll_ip
    BUFGCTRL_X0Y2        BUFG (Prop_bufg_I_O)         0.029     1.179 r  u_FIFO_to_FFT/u_ad_fifo/u_ad_da_t/u_pll_ip/inst/clkout1_buf/O
                         net (fo=12, routed)          0.810     1.989    u_FIFO_to_FFT/u_ad_fifo/u_ad_da_t/u_clock_div/counter_reg[0]_0
    SLICE_X53Y71         FDCE                                         r  u_FIFO_to_FFT/u_ad_fifo/u_ad_da_t/u_clock_div/counter_reg[1]/C
                         clock pessimism             -0.514     1.475    
    SLICE_X53Y71         FDCE (Hold_fdce_C_D)         0.107     1.582    u_FIFO_to_FFT/u_ad_fifo/u_ad_da_t/u_clock_div/counter_reg[1]
  -------------------------------------------------------------------
                         required time                         -1.582    
                         arrival time                           1.846    
  -------------------------------------------------------------------
                         slack                                  0.264    

Slack (MET) :             0.283ns  (arrival time - required time)
  Source:                 u_FIFO_to_FFT/u_ad_fifo/u_ad_da_t/u_clock_div/counter_reg[0]/C
                            (rising edge-triggered cell FDCE clocked by clk_out1_pll_ip  {rise@0.000ns fall@10.417ns period=20.833ns})
  Destination:            u_FIFO_to_FFT/u_ad_fifo/u_ad_da_t/u_clock_div/counter_reg[0]/D
                            (rising edge-triggered cell FDCE clocked by clk_out1_pll_ip  {rise@0.000ns fall@10.417ns period=20.833ns})
  Path Group:             clk_out1_pll_ip
  Path Type:              Hold (Min at Fast Process Corner)
  Requirement:            0.000ns  (clk_out1_pll_ip rise@0.000ns - clk_out1_pll_ip rise@0.000ns)
  Data Path Delay:        0.374ns  (logic 0.186ns (49.743%)  route 0.188ns (50.257%))
  Logic Levels:           1  (LUT1=1)
  Clock Path Skew:        0.000ns (DCD - SCD - CPR)
    Destination Clock Delay (DCD):    1.989ns
    Source Clock Delay      (SCD):    1.475ns
    Clock Pessimism Removal (CPR):    0.514ns

    Location             Delay type                Incr(ns)  Path(ns)    Netlist Resource(s)
  -------------------------------------------------------------------    -------------------
                         (clock clk_out1_pll_ip rise edge)
                                                      0.000     0.000 r  
    N18                                               0.000     0.000 r  sys_clk (IN)
                         net (fo=0)                   0.000     0.000    sys_clk
    N18                  IBUF (Prop_ibuf_I_O)         0.229     0.229 r  sys_clk_IBUF_inst/O
                         net (fo=1, routed)           0.674     0.903    sys_clk_IBUF
    BUFGCTRL_X0Y16       BUFG (Prop_bufg_I_O)         0.026     0.929 r  sys_clk_IBUF_BUFG_inst/O
                         net (fo=2986, routed)        0.602     1.531    u_FIFO_to_FFT/u_ad_fifo/u_ad_da_t/u_pll_ip/inst/clk_in1
    PLLE2_ADV_X1Y0       PLLE2_ADV (Prop_plle2_adv_CLKIN1_CLKOUT0)
                                                     -1.169     0.361 r  u_FIFO_to_FFT/u_ad_fifo/u_ad_da_t/u_pll_ip/inst/plle2_adv_inst/CLKOUT0
                         net (fo=1, routed)           0.544     0.905    u_FIFO_to_FFT/u_ad_fifo/u_ad_da_t/u_pll_ip/inst/clk_out1_pll_ip
    BUFGCTRL_X0Y2        BUFG (Prop_bufg_I_O)         0.026     0.931 r  u_FIFO_to_FFT/u_ad_fifo/u_ad_da_t/u_pll_ip/inst/clkout1_buf/O
                         net (fo=12, routed)          0.544     1.475    u_FIFO_to_FFT/u_ad_fifo/u_ad_da_t/u_clock_div/counter_reg[0]_0
    SLICE_X53Y71         FDCE                                         r  u_FIFO_to_FFT/u_ad_fifo/u_ad_da_t/u_clock_div/counter_reg[0]/C
  -------------------------------------------------------------------    -------------------
    SLICE_X53Y71         FDCE (Prop_fdce_C_Q)         0.141     1.616 f  u_FIFO_to_FFT/u_ad_fifo/u_ad_da_t/u_clock_div/counter_reg[0]/Q
                         net (fo=8, routed)           0.188     1.804    u_FIFO_to_FFT/u_ad_fifo/u_ad_da_t/u_clock_div/counter[0]
    SLICE_X53Y71         LUT1 (Prop_lut1_I0_O)        0.045     1.849 r  u_FIFO_to_FFT/u_ad_fifo/u_ad_da_t/u_clock_div/counter[0]_i_1/O
                         net (fo=1, routed)           0.000     1.849    u_FIFO_to_FFT/u_ad_fifo/u_ad_da_t/u_clock_div/counter_0[0]
    SLICE_X53Y71         FDCE                                         r  u_FIFO_to_FFT/u_ad_fifo/u_ad_da_t/u_clock_div/counter_reg[0]/D
  -------------------------------------------------------------------    -------------------

                         (clock clk_out1_pll_ip rise edge)
                                                      0.000     0.000 r  
    N18                                               0.000     0.000 r  sys_clk (IN)
                         net (fo=0)                   0.000     0.000    sys_clk
    N18                  IBUF (Prop_ibuf_I_O)         0.417     0.417 r  sys_clk_IBUF_inst/O
                         net (fo=1, routed)           0.731     1.148    sys_clk_IBUF
    BUFGCTRL_X0Y16       BUFG (Prop_bufg_I_O)         0.029     1.177 r  sys_clk_IBUF_BUFG_inst/O
                         net (fo=2986, routed)        0.869     2.046    u_FIFO_to_FFT/u_ad_fifo/u_ad_da_t/u_pll_ip/inst/clk_in1
    PLLE2_ADV_X1Y0       PLLE2_ADV (Prop_plle2_adv_CLKIN1_CLKOUT0)
                                                     -1.488     0.558 r  u_FIFO_to_FFT/u_ad_fifo/u_ad_da_t/u_pll_ip/inst/plle2_adv_inst/CLKOUT0
                         net (fo=1, routed)           0.592     1.150    u_FIFO_to_FFT/u_ad_fifo/u_ad_da_t/u_pll_ip/inst/clk_out1_pll_ip
    BUFGCTRL_X0Y2        BUFG (Prop_bufg_I_O)         0.029     1.179 r  u_FIFO_to_FFT/u_ad_fifo/u_ad_da_t/u_pll_ip/inst/clkout1_buf/O
                         net (fo=12, routed)          0.810     1.989    u_FIFO_to_FFT/u_ad_fifo/u_ad_da_t/u_clock_div/counter_reg[0]_0
    SLICE_X53Y71         FDCE                                         r  u_FIFO_to_FFT/u_ad_fifo/u_ad_da_t/u_clock_div/counter_reg[0]/C
                         clock pessimism             -0.514     1.475    
    SLICE_X53Y71         FDCE (Hold_fdce_C_D)         0.091     1.566    u_FIFO_to_FFT/u_ad_fifo/u_ad_da_t/u_clock_div/counter_reg[0]
  -------------------------------------------------------------------
                         required time                         -1.566    
                         arrival time                           1.849    
  -------------------------------------------------------------------
                         slack                                  0.283    

Slack (MET) :             0.285ns  (arrival time - required time)
  Source:                 u_FIFO_to_FFT/u_ad_fifo/u_ad_da_t/u_clock_div/counter_reg[9]/C
                            (rising edge-triggered cell FDCE clocked by clk_out1_pll_ip  {rise@0.000ns fall@10.417ns period=20.833ns})
  Destination:            u_FIFO_to_FFT/u_ad_fifo/u_ad_da_t/u_clock_div/counter_reg[3]/D
                            (rising edge-triggered cell FDCE clocked by clk_out1_pll_ip  {rise@0.000ns fall@10.417ns period=20.833ns})
  Path Group:             clk_out1_pll_ip
  Path Type:              Hold (Min at Fast Process Corner)
  Requirement:            0.000ns  (clk_out1_pll_ip rise@0.000ns - clk_out1_pll_ip rise@0.000ns)
  Data Path Delay:        0.377ns  (logic 0.226ns (60.025%)  route 0.151ns (39.975%))
  Logic Levels:           1  (LUT6=1)
  Clock Path Skew:        0.000ns (DCD - SCD - CPR)
    Destination Clock Delay (DCD):    1.989ns
    Source Clock Delay      (SCD):    1.475ns
    Clock Pessimism Removal (CPR):    0.514ns

    Location             Delay type                Incr(ns)  Path(ns)    Netlist Resource(s)
  -------------------------------------------------------------------    -------------------
                         (clock clk_out1_pll_ip rise edge)
                                                      0.000     0.000 r  
    N18                                               0.000     0.000 r  sys_clk (IN)
                         net (fo=0)                   0.000     0.000    sys_clk
    N18                  IBUF (Prop_ibuf_I_O)         0.229     0.229 r  sys_clk_IBUF_inst/O
                         net (fo=1, routed)           0.674     0.903    sys_clk_IBUF
    BUFGCTRL_X0Y16       BUFG (Prop_bufg_I_O)         0.026     0.929 r  sys_clk_IBUF_BUFG_inst/O
                         net (fo=2986, routed)        0.602     1.531    u_FIFO_to_FFT/u_ad_fifo/u_ad_da_t/u_pll_ip/inst/clk_in1
    PLLE2_ADV_X1Y0       PLLE2_ADV (Prop_plle2_adv_CLKIN1_CLKOUT0)
                                                     -1.169     0.361 r  u_FIFO_to_FFT/u_ad_fifo/u_ad_da_t/u_pll_ip/inst/plle2_adv_inst/CLKOUT0
                         net (fo=1, routed)           0.544     0.905    u_FIFO_to_FFT/u_ad_fifo/u_ad_da_t/u_pll_ip/inst/clk_out1_pll_ip
    BUFGCTRL_X0Y2        BUFG (Prop_bufg_I_O)         0.026     0.931 r  u_FIFO_to_FFT/u_ad_fifo/u_ad_da_t/u_pll_ip/inst/clkout1_buf/O
                         net (fo=12, routed)          0.544     1.475    u_FIFO_to_FFT/u_ad_fifo/u_ad_da_t/u_clock_div/counter_reg[0]_0
    SLICE_X51Y71         FDCE                                         r  u_FIFO_to_FFT/u_ad_fifo/u_ad_da_t/u_clock_div/counter_reg[9]/C
  -------------------------------------------------------------------    -------------------
    SLICE_X51Y71         FDCE (Prop_fdce_C_Q)         0.128     1.603 f  u_FIFO_to_FFT/u_ad_fifo/u_ad_da_t/u_clock_div/counter_reg[9]/Q
                         net (fo=6, routed)           0.151     1.754    u_FIFO_to_FFT/u_ad_fifo/u_ad_da_t/u_clock_div/counter[9]
    SLICE_X51Y71         LUT6 (Prop_lut6_I2_O)        0.098     1.852 r  u_FIFO_to_FFT/u_ad_fifo/u_ad_da_t/u_clock_div/counter[3]_i_1/O
                         net (fo=1, routed)           0.000     1.852    u_FIFO_to_FFT/u_ad_fifo/u_ad_da_t/u_clock_div/counter_0[3]
    SLICE_X51Y71         FDCE                                         r  u_FIFO_to_FFT/u_ad_fifo/u_ad_da_t/u_clock_div/counter_reg[3]/D
  -------------------------------------------------------------------    -------------------

                         (clock clk_out1_pll_ip rise edge)
                                                      0.000     0.000 r  
    N18                                               0.000     0.000 r  sys_clk (IN)
                         net (fo=0)                   0.000     0.000    sys_clk
    N18                  IBUF (Prop_ibuf_I_O)         0.417     0.417 r  sys_clk_IBUF_inst/O
                         net (fo=1, routed)           0.731     1.148    sys_clk_IBUF
    BUFGCTRL_X0Y16       BUFG (Prop_bufg_I_O)         0.029     1.177 r  sys_clk_IBUF_BUFG_inst/O
                         net (fo=2986, routed)        0.869     2.046    u_FIFO_to_FFT/u_ad_fifo/u_ad_da_t/u_pll_ip/inst/clk_in1
    PLLE2_ADV_X1Y0       PLLE2_ADV (Prop_plle2_adv_CLKIN1_CLKOUT0)
                                                     -1.488     0.558 r  u_FIFO_to_FFT/u_ad_fifo/u_ad_da_t/u_pll_ip/inst/plle2_adv_inst/CLKOUT0
                         net (fo=1, routed)           0.592     1.150    u_FIFO_to_FFT/u_ad_fifo/u_ad_da_t/u_pll_ip/inst/clk_out1_pll_ip
    BUFGCTRL_X0Y2        BUFG (Prop_bufg_I_O)         0.029     1.179 r  u_FIFO_to_FFT/u_ad_fifo/u_ad_da_t/u_pll_ip/inst/clkout1_buf/O
                         net (fo=12, routed)          0.810     1.989    u_FIFO_to_FFT/u_ad_fifo/u_ad_da_t/u_clock_div/counter_reg[0]_0
    SLICE_X51Y71         FDCE                                         r  u_FIFO_to_FFT/u_ad_fifo/u_ad_da_t/u_clock_div/counter_reg[3]/C
                         clock pessimism             -0.514     1.475    
    SLICE_X51Y71         FDCE (Hold_fdce_C_D)         0.092     1.567    u_FIFO_to_FFT/u_ad_fifo/u_ad_da_t/u_clock_div/counter_reg[3]
  -------------------------------------------------------------------
                         required time                         -1.567    
                         arrival time                           1.852    
  -------------------------------------------------------------------
                         slack                                  0.285    

Slack (MET) :             0.308ns  (arrival time - required time)
  Source:                 u_FIFO_to_FFT/u_ad_fifo/u_ad_da_t/u_clock_div/counter_reg[9]/C
                            (rising edge-triggered cell FDCE clocked by clk_out1_pll_ip  {rise@0.000ns fall@10.417ns period=20.833ns})
  Destination:            u_FIFO_to_FFT/u_ad_fifo/u_ad_da_t/u_clock_div/counter_reg[9]/D
                            (rising edge-triggered cell FDCE clocked by clk_out1_pll_ip  {rise@0.000ns fall@10.417ns period=20.833ns})
  Path Group:             clk_out1_pll_ip
  Path Type:              Hold (Min at Fast Process Corner)
  Requirement:            0.000ns  (clk_out1_pll_ip rise@0.000ns - clk_out1_pll_ip rise@0.000ns)
  Data Path Delay:        0.415ns  (logic 0.232ns (55.970%)  route 0.183ns (44.030%))
  Logic Levels:           1  (LUT5=1)
  Clock Path Skew:        0.000ns (DCD - SCD - CPR)
    Destination Clock Delay (DCD):    1.989ns
    Source Clock Delay      (SCD):    1.475ns
    Clock Pessimism Removal (CPR):    0.514ns

    Location             Delay type                Incr(ns)  Path(ns)    Netlist Resource(s)
  -------------------------------------------------------------------    -------------------
                         (clock clk_out1_pll_ip rise edge)
                                                      0.000     0.000 r  
    N18                                               0.000     0.000 r  sys_clk (IN)
                         net (fo=0)                   0.000     0.000    sys_clk
    N18                  IBUF (Prop_ibuf_I_O)         0.229     0.229 r  sys_clk_IBUF_inst/O
                         net (fo=1, routed)           0.674     0.903    sys_clk_IBUF
    BUFGCTRL_X0Y16       BUFG (Prop_bufg_I_O)         0.026     0.929 r  sys_clk_IBUF_BUFG_inst/O
                         net (fo=2986, routed)        0.602     1.531    u_FIFO_to_FFT/u_ad_fifo/u_ad_da_t/u_pll_ip/inst/clk_in1
    PLLE2_ADV_X1Y0       PLLE2_ADV (Prop_plle2_adv_CLKIN1_CLKOUT0)
                                                     -1.169     0.361 r  u_FIFO_to_FFT/u_ad_fifo/u_ad_da_t/u_pll_ip/inst/plle2_adv_inst/CLKOUT0
                         net (fo=1, routed)           0.544     0.905    u_FIFO_to_FFT/u_ad_fifo/u_ad_da_t/u_pll_ip/inst/clk_out1_pll_ip
    BUFGCTRL_X0Y2        BUFG (Prop_bufg_I_O)         0.026     0.931 r  u_FIFO_to_FFT/u_ad_fifo/u_ad_da_t/u_pll_ip/inst/clkout1_buf/O
                         net (fo=12, routed)          0.544     1.475    u_FIFO_to_FFT/u_ad_fifo/u_ad_da_t/u_clock_div/counter_reg[0]_0
    SLICE_X51Y71         FDCE                                         r  u_FIFO_to_FFT/u_ad_fifo/u_ad_da_t/u_clock_div/counter_reg[9]/C
  -------------------------------------------------------------------    -------------------
    SLICE_X51Y71         FDCE (Prop_fdce_C_Q)         0.128     1.603 r  u_FIFO_to_FFT/u_ad_fifo/u_ad_da_t/u_clock_div/counter_reg[9]/Q
                         net (fo=6, routed)           0.183     1.786    u_FIFO_to_FFT/u_ad_fifo/u_ad_da_t/u_clock_div/counter[9]
    SLICE_X51Y71         LUT5 (Prop_lut5_I1_O)        0.104     1.890 r  u_FIFO_to_FFT/u_ad_fifo/u_ad_da_t/u_clock_div/counter[9]_i_1/O
                         net (fo=1, routed)           0.000     1.890    u_FIFO_to_FFT/u_ad_fifo/u_ad_da_t/u_clock_div/counter_0[9]
    SLICE_X51Y71         FDCE                                         r  u_FIFO_to_FFT/u_ad_fifo/u_ad_da_t/u_clock_div/counter_reg[9]/D
  -------------------------------------------------------------------    -------------------

                         (clock clk_out1_pll_ip rise edge)
                                                      0.000     0.000 r  
    N18                                               0.000     0.000 r  sys_clk (IN)
                         net (fo=0)                   0.000     0.000    sys_clk
    N18                  IBUF (Prop_ibuf_I_O)         0.417     0.417 r  sys_clk_IBUF_inst/O
                         net (fo=1, routed)           0.731     1.148    sys_clk_IBUF
    BUFGCTRL_X0Y16       BUFG (Prop_bufg_I_O)         0.029     1.177 r  sys_clk_IBUF_BUFG_inst/O
                         net (fo=2986, routed)        0.869     2.046    u_FIFO_to_FFT/u_ad_fifo/u_ad_da_t/u_pll_ip/inst/clk_in1
    PLLE2_ADV_X1Y0       PLLE2_ADV (Prop_plle2_adv_CLKIN1_CLKOUT0)
                                                     -1.488     0.558 r  u_FIFO_to_FFT/u_ad_fifo/u_ad_da_t/u_pll_ip/inst/plle2_adv_inst/CLKOUT0
                         net (fo=1, routed)           0.592     1.150    u_FIFO_to_FFT/u_ad_fifo/u_ad_da_t/u_pll_ip/inst/clk_out1_pll_ip
    BUFGCTRL_X0Y2        BUFG (Prop_bufg_I_O)         0.029     1.179 r  u_FIFO_to_FFT/u_ad_fifo/u_ad_da_t/u_pll_ip/inst/clkout1_buf/O
                         net (fo=12, routed)          0.810     1.989    u_FIFO_to_FFT/u_ad_fifo/u_ad_da_t/u_clock_div/counter_reg[0]_0
    SLICE_X51Y71         FDCE                                         r  u_FIFO_to_FFT/u_ad_fifo/u_ad_da_t/u_clock_div/counter_reg[9]/C
                         clock pessimism             -0.514     1.475    
    SLICE_X51Y71         FDCE (Hold_fdce_C_D)         0.107     1.582    u_FIFO_to_FFT/u_ad_fifo/u_ad_da_t/u_clock_div/counter_reg[9]
  -------------------------------------------------------------------
                         required time                         -1.582    
                         arrival time                           1.890    
  -------------------------------------------------------------------
                         slack                                  0.308    

Slack (MET) :             0.317ns  (arrival time - required time)
  Source:                 u_FIFO_to_FFT/u_ad_fifo/u_ad_da_t/u_clock_div/counter_reg[9]/C
                            (rising edge-triggered cell FDCE clocked by clk_out1_pll_ip  {rise@0.000ns fall@10.417ns period=20.833ns})
  Destination:            u_FIFO_to_FFT/u_ad_fifo/u_ad_da_t/u_clock_div/counter_reg[8]/D
                            (rising edge-triggered cell FDCE clocked by clk_out1_pll_ip  {rise@0.000ns fall@10.417ns period=20.833ns})
  Path Group:             clk_out1_pll_ip
  Path Type:              Hold (Min at Fast Process Corner)
  Requirement:            0.000ns  (clk_out1_pll_ip rise@0.000ns - clk_out1_pll_ip rise@0.000ns)
  Data Path Delay:        0.409ns  (logic 0.226ns (55.323%)  route 0.183ns (44.677%))
  Logic Levels:           1  (LUT5=1)
  Clock Path Skew:        0.000ns (DCD - SCD - CPR)
    Destination Clock Delay (DCD):    1.989ns
    Source Clock Delay      (SCD):    1.475ns
    Clock Pessimism Removal (CPR):    0.514ns

    Location             Delay type                Incr(ns)  Path(ns)    Netlist Resource(s)
  -------------------------------------------------------------------    -------------------
                         (clock clk_out1_pll_ip rise edge)
                                                      0.000     0.000 r  
    N18                                               0.000     0.000 r  sys_clk (IN)
                         net (fo=0)                   0.000     0.000    sys_clk
    N18                  IBUF (Prop_ibuf_I_O)         0.229     0.229 r  sys_clk_IBUF_inst/O
                         net (fo=1, routed)           0.674     0.903    sys_clk_IBUF
    BUFGCTRL_X0Y16       BUFG (Prop_bufg_I_O)         0.026     0.929 r  sys_clk_IBUF_BUFG_inst/O
                         net (fo=2986, routed)        0.602     1.531    u_FIFO_to_FFT/u_ad_fifo/u_ad_da_t/u_pll_ip/inst/clk_in1
    PLLE2_ADV_X1Y0       PLLE2_ADV (Prop_plle2_adv_CLKIN1_CLKOUT0)
                                                     -1.169     0.361 r  u_FIFO_to_FFT/u_ad_fifo/u_ad_da_t/u_pll_ip/inst/plle2_adv_inst/CLKOUT0
                         net (fo=1, routed)           0.544     0.905    u_FIFO_to_FFT/u_ad_fifo/u_ad_da_t/u_pll_ip/inst/clk_out1_pll_ip
    BUFGCTRL_X0Y2        BUFG (Prop_bufg_I_O)         0.026     0.931 r  u_FIFO_to_FFT/u_ad_fifo/u_ad_da_t/u_pll_ip/inst/clkout1_buf/O
                         net (fo=12, routed)          0.544     1.475    u_FIFO_to_FFT/u_ad_fifo/u_ad_da_t/u_clock_div/counter_reg[0]_0
    SLICE_X51Y71         FDCE                                         r  u_FIFO_to_FFT/u_ad_fifo/u_ad_da_t/u_clock_div/counter_reg[9]/C
  -------------------------------------------------------------------    -------------------
    SLICE_X51Y71         FDCE (Prop_fdce_C_Q)         0.128     1.603 f  u_FIFO_to_FFT/u_ad_fifo/u_ad_da_t/u_clock_div/counter_reg[9]/Q
                         net (fo=6, routed)           0.183     1.786    u_FIFO_to_FFT/u_ad_fifo/u_ad_da_t/u_clock_div/counter[9]
    SLICE_X51Y71         LUT5 (Prop_lut5_I0_O)        0.098     1.884 r  u_FIFO_to_FFT/u_ad_fifo/u_ad_da_t/u_clock_div/counter[8]_i_1/O
                         net (fo=1, routed)           0.000     1.884    u_FIFO_to_FFT/u_ad_fifo/u_ad_da_t/u_clock_div/counter_0[8]
    SLICE_X51Y71         FDCE                                         r  u_FIFO_to_FFT/u_ad_fifo/u_ad_da_t/u_clock_div/counter_reg[8]/D
  -------------------------------------------------------------------    -------------------

                         (clock clk_out1_pll_ip rise edge)
                                                      0.000     0.000 r  
    N18                                               0.000     0.000 r  sys_clk (IN)
                         net (fo=0)                   0.000     0.000    sys_clk
    N18                  IBUF (Prop_ibuf_I_O)         0.417     0.417 r  sys_clk_IBUF_inst/O
                         net (fo=1, routed)           0.731     1.148    sys_clk_IBUF
    BUFGCTRL_X0Y16       BUFG (Prop_bufg_I_O)         0.029     1.177 r  sys_clk_IBUF_BUFG_inst/O
                         net (fo=2986, routed)        0.869     2.046    u_FIFO_to_FFT/u_ad_fifo/u_ad_da_t/u_pll_ip/inst/clk_in1
    PLLE2_ADV_X1Y0       PLLE2_ADV (Prop_plle2_adv_CLKIN1_CLKOUT0)
                                                     -1.488     0.558 r  u_FIFO_to_FFT/u_ad_fifo/u_ad_da_t/u_pll_ip/inst/plle2_adv_inst/CLKOUT0
                         net (fo=1, routed)           0.592     1.150    u_FIFO_to_FFT/u_ad_fifo/u_ad_da_t/u_pll_ip/inst/clk_out1_pll_ip
    BUFGCTRL_X0Y2        BUFG (Prop_bufg_I_O)         0.029     1.179 r  u_FIFO_to_FFT/u_ad_fifo/u_ad_da_t/u_pll_ip/inst/clkout1_buf/O
                         net (fo=12, routed)          0.810     1.989    u_FIFO_to_FFT/u_ad_fifo/u_ad_da_t/u_clock_div/counter_reg[0]_0
    SLICE_X51Y71         FDCE                                         r  u_FIFO_to_FFT/u_ad_fifo/u_ad_da_t/u_clock_div/counter_reg[8]/C
                         clock pessimism             -0.514     1.475    
    SLICE_X51Y71         FDCE (Hold_fdce_C_D)         0.092     1.567    u_FIFO_to_FFT/u_ad_fifo/u_ad_da_t/u_clock_div/counter_reg[8]
  -------------------------------------------------------------------
                         required time                         -1.567    
                         arrival time                           1.884    
  -------------------------------------------------------------------
                         slack                                  0.317    

Slack (MET) :             0.328ns  (arrival time - required time)
  Source:                 u_FIFO_to_FFT/u_ad_fifo/u_ad_da_t/u_clock_div/counter_reg[3]/C
                            (rising edge-triggered cell FDCE clocked by clk_out1_pll_ip  {rise@0.000ns fall@10.417ns period=20.833ns})
  Destination:            u_FIFO_to_FFT/u_ad_fifo/u_ad_da_t/u_clock_div/counter_reg[5]/D
                            (rising edge-triggered cell FDCE clocked by clk_out1_pll_ip  {rise@0.000ns fall@10.417ns period=20.833ns})
  Path Group:             clk_out1_pll_ip
  Path Type:              Hold (Min at Fast Process Corner)
  Requirement:            0.000ns  (clk_out1_pll_ip rise@0.000ns - clk_out1_pll_ip rise@0.000ns)
  Data Path Delay:        0.434ns  (logic 0.186ns (42.814%)  route 0.248ns (57.186%))
  Logic Levels:           1  (LUT6=1)
  Clock Path Skew:        0.014ns (DCD - SCD - CPR)
    Destination Clock Delay (DCD):    1.989ns
    Source Clock Delay      (SCD):    1.475ns
    Clock Pessimism Removal (CPR):    0.500ns

    Location             Delay type                Incr(ns)  Path(ns)    Netlist Resource(s)
  -------------------------------------------------------------------    -------------------
                         (clock clk_out1_pll_ip rise edge)
                                                      0.000     0.000 r  
    N18                                               0.000     0.000 r  sys_clk (IN)
                         net (fo=0)                   0.000     0.000    sys_clk
    N18                  IBUF (Prop_ibuf_I_O)         0.229     0.229 r  sys_clk_IBUF_inst/O
                         net (fo=1, routed)           0.674     0.903    sys_clk_IBUF
    BUFGCTRL_X0Y16       BUFG (Prop_bufg_I_O)         0.026     0.929 r  sys_clk_IBUF_BUFG_inst/O
                         net (fo=2986, routed)        0.602     1.531    u_FIFO_to_FFT/u_ad_fifo/u_ad_da_t/u_pll_ip/inst/clk_in1
    PLLE2_ADV_X1Y0       PLLE2_ADV (Prop_plle2_adv_CLKIN1_CLKOUT0)
                                                     -1.169     0.361 r  u_FIFO_to_FFT/u_ad_fifo/u_ad_da_t/u_pll_ip/inst/plle2_adv_inst/CLKOUT0
                         net (fo=1, routed)           0.544     0.905    u_FIFO_to_FFT/u_ad_fifo/u_ad_da_t/u_pll_ip/inst/clk_out1_pll_ip
    BUFGCTRL_X0Y2        BUFG (Prop_bufg_I_O)         0.026     0.931 r  u_FIFO_to_FFT/u_ad_fifo/u_ad_da_t/u_pll_ip/inst/clkout1_buf/O
                         net (fo=12, routed)          0.544     1.475    u_FIFO_to_FFT/u_ad_fifo/u_ad_da_t/u_clock_div/counter_reg[0]_0
    SLICE_X51Y71         FDCE                                         r  u_FIFO_to_FFT/u_ad_fifo/u_ad_da_t/u_clock_div/counter_reg[3]/C
  -------------------------------------------------------------------    -------------------
    SLICE_X51Y71         FDCE (Prop_fdce_C_Q)         0.141     1.616 r  u_FIFO_to_FFT/u_ad_fifo/u_ad_da_t/u_clock_div/counter_reg[3]/Q
                         net (fo=10, routed)          0.248     1.865    u_FIFO_to_FFT/u_ad_fifo/u_ad_da_t/u_clock_div/counter[3]
    SLICE_X52Y71         LUT6 (Prop_lut6_I1_O)        0.045     1.910 r  u_FIFO_to_FFT/u_ad_fifo/u_ad_da_t/u_clock_div/counter[5]_i_1/O
                         net (fo=1, routed)           0.000     1.910    u_FIFO_to_FFT/u_ad_fifo/u_ad_da_t/u_clock_div/counter_0[5]
    SLICE_X52Y71         FDCE                                         r  u_FIFO_to_FFT/u_ad_fifo/u_ad_da_t/u_clock_div/counter_reg[5]/D
  -------------------------------------------------------------------    -------------------

                         (clock clk_out1_pll_ip rise edge)
                                                      0.000     0.000 r  
    N18                                               0.000     0.000 r  sys_clk (IN)
                         net (fo=0)                   0.000     0.000    sys_clk
    N18                  IBUF (Prop_ibuf_I_O)         0.417     0.417 r  sys_clk_IBUF_inst/O
                         net (fo=1, routed)           0.731     1.148    sys_clk_IBUF
    BUFGCTRL_X0Y16       BUFG (Prop_bufg_I_O)         0.029     1.177 r  sys_clk_IBUF_BUFG_inst/O
                         net (fo=2986, routed)        0.869     2.046    u_FIFO_to_FFT/u_ad_fifo/u_ad_da_t/u_pll_ip/inst/clk_in1
    PLLE2_ADV_X1Y0       PLLE2_ADV (Prop_plle2_adv_CLKIN1_CLKOUT0)
                                                     -1.488     0.558 r  u_FIFO_to_FFT/u_ad_fifo/u_ad_da_t/u_pll_ip/inst/plle2_adv_inst/CLKOUT0
                         net (fo=1, routed)           0.592     1.150    u_FIFO_to_FFT/u_ad_fifo/u_ad_da_t/u_pll_ip/inst/clk_out1_pll_ip
    BUFGCTRL_X0Y2        BUFG (Prop_bufg_I_O)         0.029     1.179 r  u_FIFO_to_FFT/u_ad_fifo/u_ad_da_t/u_pll_ip/inst/clkout1_buf/O
                         net (fo=12, routed)          0.810     1.989    u_FIFO_to_FFT/u_ad_fifo/u_ad_da_t/u_clock_div/counter_reg[0]_0
    SLICE_X52Y71         FDCE                                         r  u_FIFO_to_FFT/u_ad_fifo/u_ad_da_t/u_clock_div/counter_reg[5]/C
                         clock pessimism             -0.500     1.489    
    SLICE_X52Y71         FDCE (Hold_fdce_C_D)         0.092     1.581    u_FIFO_to_FFT/u_ad_fifo/u_ad_da_t/u_clock_div/counter_reg[5]
  -------------------------------------------------------------------
                         required time                         -1.581    
                         arrival time                           1.910    
  -------------------------------------------------------------------
                         slack                                  0.328    

Slack (MET) :             0.470ns  (arrival time - required time)
  Source:                 u_FIFO_to_FFT/u_ad_fifo/u_ad_da_t/u_clock_div/counter_reg[0]/C
                            (rising edge-triggered cell FDCE clocked by clk_out1_pll_ip  {rise@0.000ns fall@10.417ns period=20.833ns})
  Destination:            u_FIFO_to_FFT/u_ad_fifo/u_ad_da_t/u_clock_div/counter_reg[4]/D
                            (rising edge-triggered cell FDCE clocked by clk_out1_pll_ip  {rise@0.000ns fall@10.417ns period=20.833ns})
  Path Group:             clk_out1_pll_ip
  Path Type:              Hold (Min at Fast Process Corner)
  Requirement:            0.000ns  (clk_out1_pll_ip rise@0.000ns - clk_out1_pll_ip rise@0.000ns)
  Data Path Delay:        0.487ns  (logic 0.184ns (37.812%)  route 0.303ns (62.188%))
  Logic Levels:           1  (LUT5=1)
  Clock Path Skew:        0.013ns (DCD - SCD - CPR)
    Destination Clock Delay (DCD):    1.989ns
    Source Clock Delay      (SCD):    1.475ns
    Clock Pessimism Removal (CPR):    0.501ns

    Location             Delay type                Incr(ns)  Path(ns)    Netlist Resource(s)
  -------------------------------------------------------------------    -------------------
                         (clock clk_out1_pll_ip rise edge)
                                                      0.000     0.000 r  
    N18                                               0.000     0.000 r  sys_clk (IN)
                         net (fo=0)                   0.000     0.000    sys_clk
    N18                  IBUF (Prop_ibuf_I_O)         0.229     0.229 r  sys_clk_IBUF_inst/O
                         net (fo=1, routed)           0.674     0.903    sys_clk_IBUF
    BUFGCTRL_X0Y16       BUFG (Prop_bufg_I_O)         0.026     0.929 r  sys_clk_IBUF_BUFG_inst/O
                         net (fo=2986, routed)        0.602     1.531    u_FIFO_to_FFT/u_ad_fifo/u_ad_da_t/u_pll_ip/inst/clk_in1
    PLLE2_ADV_X1Y0       PLLE2_ADV (Prop_plle2_adv_CLKIN1_CLKOUT0)
                                                     -1.169     0.361 r  u_FIFO_to_FFT/u_ad_fifo/u_ad_da_t/u_pll_ip/inst/plle2_adv_inst/CLKOUT0
                         net (fo=1, routed)           0.544     0.905    u_FIFO_to_FFT/u_ad_fifo/u_ad_da_t/u_pll_ip/inst/clk_out1_pll_ip
    BUFGCTRL_X0Y2        BUFG (Prop_bufg_I_O)         0.026     0.931 r  u_FIFO_to_FFT/u_ad_fifo/u_ad_da_t/u_pll_ip/inst/clkout1_buf/O
                         net (fo=12, routed)          0.544     1.475    u_FIFO_to_FFT/u_ad_fifo/u_ad_da_t/u_clock_div/counter_reg[0]_0
    SLICE_X53Y71         FDCE                                         r  u_FIFO_to_FFT/u_ad_fifo/u_ad_da_t/u_clock_div/counter_reg[0]/C
  -------------------------------------------------------------------    -------------------
    SLICE_X53Y71         FDCE (Prop_fdce_C_Q)         0.141     1.616 r  u_FIFO_to_FFT/u_ad_fifo/u_ad_da_t/u_clock_div/counter_reg[0]/Q
                         net (fo=8, routed)           0.190     1.806    u_FIFO_to_FFT/u_ad_fifo/u_ad_da_t/u_clock_div/counter[0]
    SLICE_X53Y71         LUT5 (Prop_lut5_I2_O)        0.043     1.849 r  u_FIFO_to_FFT/u_ad_fifo/u_ad_da_t/u_clock_div/counter[4]_i_1/O
                         net (fo=1, routed)           0.113     1.962    u_FIFO_to_FFT/u_ad_fifo/u_ad_da_t/u_clock_div/counter_0[4]
    SLICE_X52Y71         FDCE                                         r  u_FIFO_to_FFT/u_ad_fifo/u_ad_da_t/u_clock_div/counter_reg[4]/D
  -------------------------------------------------------------------    -------------------

                         (clock clk_out1_pll_ip rise edge)
                                                      0.000     0.000 r  
    N18                                               0.000     0.000 r  sys_clk (IN)
                         net (fo=0)                   0.000     0.000    sys_clk
    N18                  IBUF (Prop_ibuf_I_O)         0.417     0.417 r  sys_clk_IBUF_inst/O
                         net (fo=1, routed)           0.731     1.148    sys_clk_IBUF
    BUFGCTRL_X0Y16       BUFG (Prop_bufg_I_O)         0.029     1.177 r  sys_clk_IBUF_BUFG_inst/O
                         net (fo=2986, routed)        0.869     2.046    u_FIFO_to_FFT/u_ad_fifo/u_ad_da_t/u_pll_ip/inst/clk_in1
    PLLE2_ADV_X1Y0       PLLE2_ADV (Prop_plle2_adv_CLKIN1_CLKOUT0)
                                                     -1.488     0.558 r  u_FIFO_to_FFT/u_ad_fifo/u_ad_da_t/u_pll_ip/inst/plle2_adv_inst/CLKOUT0
                         net (fo=1, routed)           0.592     1.150    u_FIFO_to_FFT/u_ad_fifo/u_ad_da_t/u_pll_ip/inst/clk_out1_pll_ip
    BUFGCTRL_X0Y2        BUFG (Prop_bufg_I_O)         0.029     1.179 r  u_FIFO_to_FFT/u_ad_fifo/u_ad_da_t/u_pll_ip/inst/clkout1_buf/O
                         net (fo=12, routed)          0.810     1.989    u_FIFO_to_FFT/u_ad_fifo/u_ad_da_t/u_clock_div/counter_reg[0]_0
    SLICE_X52Y71         FDCE                                         r  u_FIFO_to_FFT/u_ad_fifo/u_ad_da_t/u_clock_div/counter_reg[4]/C
                         clock pessimism             -0.501     1.488    
    SLICE_X52Y71         FDCE (Hold_fdce_C_D)         0.004     1.492    u_FIFO_to_FFT/u_ad_fifo/u_ad_da_t/u_clock_div/counter_reg[4]
  -------------------------------------------------------------------
                         required time                         -1.492    
                         arrival time                           1.962    
  -------------------------------------------------------------------
                         slack                                  0.470    





Pulse Width Checks
--------------------------------------------------------------------------------------
Clock Name:         clk_out1_pll_ip
Waveform(ns):       { 0.000 10.417 }
Period(ns):         20.833
Sources:            { u_FIFO_to_FFT/u_ad_fifo/u_ad_da_t/u_pll_ip/inst/plle2_adv_inst/CLKOUT0 }

Check Type        Corner  Lib Pin            Reference Pin  Required(ns)  Actual(ns)  Slack(ns)  Location        Pin
Min Period        n/a     BUFG/I             n/a            1.592         20.833      19.241     BUFGCTRL_X0Y2   u_FIFO_to_FFT/u_ad_fifo/u_ad_da_t/u_pll_ip/inst/clkout1_buf/I
Min Period        n/a     PLLE2_ADV/CLKOUT0  n/a            1.249         20.833      19.584     PLLE2_ADV_X1Y0  u_FIFO_to_FFT/u_ad_fifo/u_ad_da_t/u_pll_ip/inst/plle2_adv_inst/CLKOUT0
Min Period        n/a     FDCE/C             n/a            1.000         20.833      19.833     SLICE_X51Y71    u_FIFO_to_FFT/u_ad_fifo/u_ad_da_t/u_clock_div/clk_out_reg_reg/C
Min Period        n/a     FDCE/C             n/a            1.000         20.833      19.833     SLICE_X53Y71    u_FIFO_to_FFT/u_ad_fifo/u_ad_da_t/u_clock_div/counter_reg[0]/C
Min Period        n/a     FDCE/C             n/a            1.000         20.833      19.833     SLICE_X53Y71    u_FIFO_to_FFT/u_ad_fifo/u_ad_da_t/u_clock_div/counter_reg[1]/C
Min Period        n/a     FDCE/C             n/a            1.000         20.833      19.833     SLICE_X52Y71    u_FIFO_to_FFT/u_ad_fifo/u_ad_da_t/u_clock_div/counter_reg[2]/C
Min Period        n/a     FDCE/C             n/a            1.000         20.833      19.833     SLICE_X51Y71    u_FIFO_to_FFT/u_ad_fifo/u_ad_da_t/u_clock_div/counter_reg[3]/C
Min Period        n/a     FDCE/C             n/a            1.000         20.833      19.833     SLICE_X52Y71    u_FIFO_to_FFT/u_ad_fifo/u_ad_da_t/u_clock_div/counter_reg[4]/C
Min Period        n/a     FDCE/C             n/a            1.000         20.833      19.833     SLICE_X52Y71    u_FIFO_to_FFT/u_ad_fifo/u_ad_da_t/u_clock_div/counter_reg[5]/C
Min Period        n/a     FDCE/C             n/a            1.000         20.833      19.833     SLICE_X53Y71    u_FIFO_to_FFT/u_ad_fifo/u_ad_da_t/u_clock_div/counter_reg[6]/C
Max Period        n/a     PLLE2_ADV/CLKOUT0  n/a            160.000       20.833      139.167    PLLE2_ADV_X1Y0  u_FIFO_to_FFT/u_ad_fifo/u_ad_da_t/u_pll_ip/inst/plle2_adv_inst/CLKOUT0
Low Pulse Width   Slow    FDCE/C             n/a            0.500         10.417      9.917      SLICE_X51Y71    u_FIFO_to_FFT/u_ad_fifo/u_ad_da_t/u_clock_div/clk_out_reg_reg/C
Low Pulse Width   Fast    FDCE/C             n/a            0.500         10.417      9.917      SLICE_X51Y71    u_FIFO_to_FFT/u_ad_fifo/u_ad_da_t/u_clock_div/clk_out_reg_reg/C
Low Pulse Width   Slow    FDCE/C             n/a            0.500         10.417      9.917      SLICE_X53Y71    u_FIFO_to_FFT/u_ad_fifo/u_ad_da_t/u_clock_div/counter_reg[0]/C
Low Pulse Width   Fast    FDCE/C             n/a            0.500         10.417      9.917      SLICE_X53Y71    u_FIFO_to_FFT/u_ad_fifo/u_ad_da_t/u_clock_div/counter_reg[0]/C
Low Pulse Width   Slow    FDCE/C             n/a            0.500         10.417      9.917      SLICE_X53Y71    u_FIFO_to_FFT/u_ad_fifo/u_ad_da_t/u_clock_div/counter_reg[1]/C
Low Pulse Width   Fast    FDCE/C             n/a            0.500         10.417      9.917      SLICE_X53Y71    u_FIFO_to_FFT/u_ad_fifo/u_ad_da_t/u_clock_div/counter_reg[1]/C
Low Pulse Width   Slow    FDCE/C             n/a            0.500         10.417      9.917      SLICE_X52Y71    u_FIFO_to_FFT/u_ad_fifo/u_ad_da_t/u_clock_div/counter_reg[2]/C
Low Pulse Width   Fast    FDCE/C             n/a            0.500         10.417      9.917      SLICE_X52Y71    u_FIFO_to_FFT/u_ad_fifo/u_ad_da_t/u_clock_div/counter_reg[2]/C
Low Pulse Width   Slow    FDCE/C             n/a            0.500         10.417      9.917      SLICE_X51Y71    u_FIFO_to_FFT/u_ad_fifo/u_ad_da_t/u_clock_div/counter_reg[3]/C
Low Pulse Width   Fast    FDCE/C             n/a            0.500         10.417      9.917      SLICE_X51Y71    u_FIFO_to_FFT/u_ad_fifo/u_ad_da_t/u_clock_div/counter_reg[3]/C
High Pulse Width  Fast    FDCE/C             n/a            0.500         10.417      9.917      SLICE_X51Y71    u_FIFO_to_FFT/u_ad_fifo/u_ad_da_t/u_clock_div/clk_out_reg_reg/C
High Pulse Width  Fast    FDCE/C             n/a            0.500         10.417      9.917      SLICE_X53Y71    u_FIFO_to_FFT/u_ad_fifo/u_ad_da_t/u_clock_div/counter_reg[0]/C
High Pulse Width  Fast    FDCE/C             n/a            0.500         10.417      9.917      SLICE_X53Y71    u_FIFO_to_FFT/u_ad_fifo/u_ad_da_t/u_clock_div/counter_reg[1]/C
High Pulse Width  Fast    FDCE/C             n/a            0.500         10.417      9.917      SLICE_X52Y71    u_FIFO_to_FFT/u_ad_fifo/u_ad_da_t/u_clock_div/counter_reg[2]/C
High Pulse Width  Fast    FDCE/C             n/a            0.500         10.417      9.917      SLICE_X51Y71    u_FIFO_to_FFT/u_ad_fifo/u_ad_da_t/u_clock_div/counter_reg[3]/C
High Pulse Width  Fast    FDCE/C             n/a            0.500         10.417      9.917      SLICE_X52Y71    u_FIFO_to_FFT/u_ad_fifo/u_ad_da_t/u_clock_div/counter_reg[4]/C
High Pulse Width  Fast    FDCE/C             n/a            0.500         10.417      9.917      SLICE_X52Y71    u_FIFO_to_FFT/u_ad_fifo/u_ad_da_t/u_clock_div/counter_reg[5]/C
High Pulse Width  Fast    FDCE/C             n/a            0.500         10.417      9.917      SLICE_X53Y71    u_FIFO_to_FFT/u_ad_fifo/u_ad_da_t/u_clock_div/counter_reg[6]/C
High Pulse Width  Fast    FDCE/C             n/a            0.500         10.417      9.917      SLICE_X53Y71    u_FIFO_to_FFT/u_ad_fifo/u_ad_da_t/u_clock_div/counter_reg[7]/C
High Pulse Width  Fast    FDCE/C             n/a            0.500         10.417      9.917      SLICE_X51Y71    u_FIFO_to_FFT/u_ad_fifo/u_ad_da_t/u_clock_div/counter_reg[8]/C



---------------------------------------------------------------------------------------------------
From Clock:  clkfbout_pll_ip
  To Clock:  clkfbout_pll_ip

Setup :           NA  Failing Endpoints,  Worst Slack           NA  ,  Total Violation           NA
Hold  :           NA  Failing Endpoints,  Worst Slack           NA  ,  Total Violation           NA
PW    :            0  Failing Endpoints,  Worst Slack       18.408ns,  Total Violation        0.000ns
---------------------------------------------------------------------------------------------------


Pulse Width Checks
--------------------------------------------------------------------------------------
Clock Name:         clkfbout_pll_ip
Waveform(ns):       { 0.000 10.000 }
Period(ns):         20.000
Sources:            { u_FIFO_to_FFT/u_ad_fifo/u_ad_da_t/u_pll_ip/inst/plle2_adv_inst/CLKFBOUT }

Check Type  Corner  Lib Pin             Reference Pin  Required(ns)  Actual(ns)  Slack(ns)  Location        Pin
Min Period  n/a     BUFG/I              n/a            1.592         20.000      18.408     BUFGCTRL_X0Y3   u_FIFO_to_FFT/u_ad_fifo/u_ad_da_t/u_pll_ip/inst/clkf_buf/I
Min Period  n/a     PLLE2_ADV/CLKFBOUT  n/a            1.249         20.000      18.751     PLLE2_ADV_X1Y0  u_FIFO_to_FFT/u_ad_fifo/u_ad_da_t/u_pll_ip/inst/plle2_adv_inst/CLKFBOUT
Min Period  n/a     PLLE2_ADV/CLKFBIN   n/a            1.249         20.000      18.751     PLLE2_ADV_X1Y0  u_FIFO_to_FFT/u_ad_fifo/u_ad_da_t/u_pll_ip/inst/plle2_adv_inst/CLKFBIN
Max Period  n/a     PLLE2_ADV/CLKFBIN   n/a            52.633        20.000      32.633     PLLE2_ADV_X1Y0  u_FIFO_to_FFT/u_ad_fifo/u_ad_da_t/u_pll_ip/inst/plle2_adv_inst/CLKFBIN
Max Period  n/a     PLLE2_ADV/CLKFBOUT  n/a            160.000       20.000      140.000    PLLE2_ADV_X1Y0  u_FIFO_to_FFT/u_ad_fifo/u_ad_da_t/u_pll_ip/inst/plle2_adv_inst/CLKFBOUT



---------------------------------------------------------------------------------------------------
From Clock:  sys_clk
  To Clock:  dbg_hub/inst/BSCANID.u_xsdbm_id/SWITCH_N_EXT_BSCAN.bscan_inst/SERIES7_BSCAN.bscan_inst/TCK

Setup :            0  Failing Endpoints,  Worst Slack       18.923ns,  Total Violation        0.000ns
Hold  :           NA  Failing Endpoints,  Worst Slack           NA  ,  Total Violation           NA
---------------------------------------------------------------------------------------------------


Max Delay Paths
--------------------------------------------------------------------------------------
Slack (MET) :             18.923ns  (required time - arrival time)
  Source:                 dbg_hub/inst/BSCANID.u_xsdbm_id/CORE_XSDB.UUT_MASTER/U_ICON_INTERFACE/U_CMD6_WR/U_WR_FIFO/SUBCORE_FIFO.xsdbm_v3_0_0_wrfifo_inst/inst_fifo_gen/gconvfifo.rf/grf.rf/gntv_or_sync_fifo.gcx.clkx/gnxpm_cdc.rd_pntr_gc_reg[3]/C
                            (rising edge-triggered cell FDCE clocked by sys_clk  {rise@0.000ns fall@10.000ns period=20.000ns})
  Destination:            dbg_hub/inst/BSCANID.u_xsdbm_id/CORE_XSDB.UUT_MASTER/U_ICON_INTERFACE/U_CMD6_WR/U_WR_FIFO/SUBCORE_FIFO.xsdbm_v3_0_0_wrfifo_inst/inst_fifo_gen/gconvfifo.rf/grf.rf/gntv_or_sync_fifo.gcx.clkx/gnxpm_cdc.gsync_stage[1].wr_stg_inst/Q_reg_reg[3]/D
                            (rising edge-triggered cell FDCE clocked by dbg_hub/inst/BSCANID.u_xsdbm_id/SWITCH_N_EXT_BSCAN.bscan_inst/SERIES7_BSCAN.bscan_inst/TCK  {rise@0.000ns fall@16.500ns period=33.000ns})
  Path Group:             dbg_hub/inst/BSCANID.u_xsdbm_id/SWITCH_N_EXT_BSCAN.bscan_inst/SERIES7_BSCAN.bscan_inst/TCK
  Path Type:              Setup (Max at Slow Process Corner)
  Requirement:            20.000ns  (MaxDelay Path 20.000ns)
  Data Path Delay:        0.869ns  (logic 0.348ns (40.053%)  route 0.521ns (59.947%))
  Logic Levels:           0  
  Timing Exception:       MaxDelay Path 20.000ns -datapath_only

    Location             Delay type                Incr(ns)  Path(ns)    Netlist Resource(s)
  -------------------------------------------------------------------    -------------------
    SLICE_X64Y62                                      0.000     0.000 r  dbg_hub/inst/BSCANID.u_xsdbm_id/CORE_XSDB.UUT_MASTER/U_ICON_INTERFACE/U_CMD6_WR/U_WR_FIFO/SUBCORE_FIFO.xsdbm_v3_0_0_wrfifo_inst/inst_fifo_gen/gconvfifo.rf/grf.rf/gntv_or_sync_fifo.gcx.clkx/gnxpm_cdc.rd_pntr_gc_reg[3]/C
    SLICE_X64Y62         FDCE (Prop_fdce_C_Q)         0.348     0.348 r  dbg_hub/inst/BSCANID.u_xsdbm_id/CORE_XSDB.UUT_MASTER/U_ICON_INTERFACE/U_CMD6_WR/U_WR_FIFO/SUBCORE_FIFO.xsdbm_v3_0_0_wrfifo_inst/inst_fifo_gen/gconvfifo.rf/grf.rf/gntv_or_sync_fifo.gcx.clkx/gnxpm_cdc.rd_pntr_gc_reg[3]/Q
                         net (fo=1, routed)           0.521     0.869    dbg_hub/inst/BSCANID.u_xsdbm_id/CORE_XSDB.UUT_MASTER/U_ICON_INTERFACE/U_CMD6_WR/U_WR_FIFO/SUBCORE_FIFO.xsdbm_v3_0_0_wrfifo_inst/inst_fifo_gen/gconvfifo.rf/grf.rf/gntv_or_sync_fifo.gcx.clkx/gnxpm_cdc.gsync_stage[1].wr_stg_inst/Q[3]
    SLICE_X65Y62         FDCE                                         r  dbg_hub/inst/BSCANID.u_xsdbm_id/CORE_XSDB.UUT_MASTER/U_ICON_INTERFACE/U_CMD6_WR/U_WR_FIFO/SUBCORE_FIFO.xsdbm_v3_0_0_wrfifo_inst/inst_fifo_gen/gconvfifo.rf/grf.rf/gntv_or_sync_fifo.gcx.clkx/gnxpm_cdc.gsync_stage[1].wr_stg_inst/Q_reg_reg[3]/D
  -------------------------------------------------------------------    -------------------

                         max delay                   20.000    20.000    
    SLICE_X65Y62         FDCE (Setup_fdce_C_D)       -0.208    19.792    dbg_hub/inst/BSCANID.u_xsdbm_id/CORE_XSDB.UUT_MASTER/U_ICON_INTERFACE/U_CMD6_WR/U_WR_FIFO/SUBCORE_FIFO.xsdbm_v3_0_0_wrfifo_inst/inst_fifo_gen/gconvfifo.rf/grf.rf/gntv_or_sync_fifo.gcx.clkx/gnxpm_cdc.gsync_stage[1].wr_stg_inst/Q_reg_reg[3]
  -------------------------------------------------------------------
                         required time                         19.792    
                         arrival time                          -0.869    
  -------------------------------------------------------------------
                         slack                                 18.923    

Slack (MET) :             18.941ns  (required time - arrival time)
  Source:                 dbg_hub/inst/BSCANID.u_xsdbm_id/CORE_XSDB.UUT_MASTER/U_ICON_INTERFACE/U_CMD6_RD/U_RD_FIFO/SUBCORE_FIFO.xsdbm_v3_0_0_rdfifo_inst/inst_fifo_gen/gconvfifo.rf/grf.rf/gntv_or_sync_fifo.gcx.clkx/gnxpm_cdc.wr_pntr_gc_reg[2]/C
                            (rising edge-triggered cell FDCE clocked by sys_clk  {rise@0.000ns fall@10.000ns period=20.000ns})
  Destination:            dbg_hub/inst/BSCANID.u_xsdbm_id/CORE_XSDB.UUT_MASTER/U_ICON_INTERFACE/U_CMD6_RD/U_RD_FIFO/SUBCORE_FIFO.xsdbm_v3_0_0_rdfifo_inst/inst_fifo_gen/gconvfifo.rf/grf.rf/gntv_or_sync_fifo.gcx.clkx/gnxpm_cdc.gsync_stage[1].rd_stg_inst/Q_reg_reg[2]/D
                            (rising edge-triggered cell FDCE clocked by dbg_hub/inst/BSCANID.u_xsdbm_id/SWITCH_N_EXT_BSCAN.bscan_inst/SERIES7_BSCAN.bscan_inst/TCK  {rise@0.000ns fall@16.500ns period=33.000ns})
  Path Group:             dbg_hub/inst/BSCANID.u_xsdbm_id/SWITCH_N_EXT_BSCAN.bscan_inst/SERIES7_BSCAN.bscan_inst/TCK
  Path Type:              Setup (Max at Slow Process Corner)
  Requirement:            20.000ns  (MaxDelay Path 20.000ns)
  Data Path Delay:        0.849ns  (logic 0.348ns (40.975%)  route 0.501ns (59.025%))
  Logic Levels:           0  
  Timing Exception:       MaxDelay Path 20.000ns -datapath_only

    Location             Delay type                Incr(ns)  Path(ns)    Netlist Resource(s)
  -------------------------------------------------------------------    -------------------
    SLICE_X56Y65                                      0.000     0.000 r  dbg_hub/inst/BSCANID.u_xsdbm_id/CORE_XSDB.UUT_MASTER/U_ICON_INTERFACE/U_CMD6_RD/U_RD_FIFO/SUBCORE_FIFO.xsdbm_v3_0_0_rdfifo_inst/inst_fifo_gen/gconvfifo.rf/grf.rf/gntv_or_sync_fifo.gcx.clkx/gnxpm_cdc.wr_pntr_gc_reg[2]/C
    SLICE_X56Y65         FDCE (Prop_fdce_C_Q)         0.348     0.348 r  dbg_hub/inst/BSCANID.u_xsdbm_id/CORE_XSDB.UUT_MASTER/U_ICON_INTERFACE/U_CMD6_RD/U_RD_FIFO/SUBCORE_FIFO.xsdbm_v3_0_0_rdfifo_inst/inst_fifo_gen/gconvfifo.rf/grf.rf/gntv_or_sync_fifo.gcx.clkx/gnxpm_cdc.wr_pntr_gc_reg[2]/Q
                         net (fo=1, routed)           0.501     0.849    dbg_hub/inst/BSCANID.u_xsdbm_id/CORE_XSDB.UUT_MASTER/U_ICON_INTERFACE/U_CMD6_RD/U_RD_FIFO/SUBCORE_FIFO.xsdbm_v3_0_0_rdfifo_inst/inst_fifo_gen/gconvfifo.rf/grf.rf/gntv_or_sync_fifo.gcx.clkx/gnxpm_cdc.gsync_stage[1].rd_stg_inst/Q[2]
    SLICE_X56Y64         FDCE                                         r  dbg_hub/inst/BSCANID.u_xsdbm_id/CORE_XSDB.UUT_MASTER/U_ICON_INTERFACE/U_CMD6_RD/U_RD_FIFO/SUBCORE_FIFO.xsdbm_v3_0_0_rdfifo_inst/inst_fifo_gen/gconvfifo.rf/grf.rf/gntv_or_sync_fifo.gcx.clkx/gnxpm_cdc.gsync_stage[1].rd_stg_inst/Q_reg_reg[2]/D
  -------------------------------------------------------------------    -------------------

                         max delay                   20.000    20.000    
    SLICE_X56Y64         FDCE (Setup_fdce_C_D)       -0.210    19.790    dbg_hub/inst/BSCANID.u_xsdbm_id/CORE_XSDB.UUT_MASTER/U_ICON_INTERFACE/U_CMD6_RD/U_RD_FIFO/SUBCORE_FIFO.xsdbm_v3_0_0_rdfifo_inst/inst_fifo_gen/gconvfifo.rf/grf.rf/gntv_or_sync_fifo.gcx.clkx/gnxpm_cdc.gsync_stage[1].rd_stg_inst/Q_reg_reg[2]
  -------------------------------------------------------------------
                         required time                         19.790    
                         arrival time                          -0.849    
  -------------------------------------------------------------------
                         slack                                 18.941    

Slack (MET) :             19.051ns  (required time - arrival time)
  Source:                 dbg_hub/inst/BSCANID.u_xsdbm_id/CORE_XSDB.UUT_MASTER/U_ICON_INTERFACE/U_CMD6_RD/U_RD_FIFO/SUBCORE_FIFO.xsdbm_v3_0_0_rdfifo_inst/inst_fifo_gen/gconvfifo.rf/grf.rf/gntv_or_sync_fifo.gcx.clkx/gnxpm_cdc.wr_pntr_gc_reg[3]/C
                            (rising edge-triggered cell FDCE clocked by sys_clk  {rise@0.000ns fall@10.000ns period=20.000ns})
  Destination:            dbg_hub/inst/BSCANID.u_xsdbm_id/CORE_XSDB.UUT_MASTER/U_ICON_INTERFACE/U_CMD6_RD/U_RD_FIFO/SUBCORE_FIFO.xsdbm_v3_0_0_rdfifo_inst/inst_fifo_gen/gconvfifo.rf/grf.rf/gntv_or_sync_fifo.gcx.clkx/gnxpm_cdc.gsync_stage[1].rd_stg_inst/Q_reg_reg[3]/D
                            (rising edge-triggered cell FDCE clocked by dbg_hub/inst/BSCANID.u_xsdbm_id/SWITCH_N_EXT_BSCAN.bscan_inst/SERIES7_BSCAN.bscan_inst/TCK  {rise@0.000ns fall@16.500ns period=33.000ns})
  Path Group:             dbg_hub/inst/BSCANID.u_xsdbm_id/SWITCH_N_EXT_BSCAN.bscan_inst/SERIES7_BSCAN.bscan_inst/TCK
  Path Type:              Setup (Max at Slow Process Corner)
  Requirement:            20.000ns  (MaxDelay Path 20.000ns)
  Data Path Delay:        0.741ns  (logic 0.348ns (46.949%)  route 0.393ns (53.051%))
  Logic Levels:           0  
  Timing Exception:       MaxDelay Path 20.000ns -datapath_only

    Location             Delay type                Incr(ns)  Path(ns)    Netlist Resource(s)
  -------------------------------------------------------------------    -------------------
    SLICE_X56Y65                                      0.000     0.000 r  dbg_hub/inst/BSCANID.u_xsdbm_id/CORE_XSDB.UUT_MASTER/U_ICON_INTERFACE/U_CMD6_RD/U_RD_FIFO/SUBCORE_FIFO.xsdbm_v3_0_0_rdfifo_inst/inst_fifo_gen/gconvfifo.rf/grf.rf/gntv_or_sync_fifo.gcx.clkx/gnxpm_cdc.wr_pntr_gc_reg[3]/C
    SLICE_X56Y65         FDCE (Prop_fdce_C_Q)         0.348     0.348 r  dbg_hub/inst/BSCANID.u_xsdbm_id/CORE_XSDB.UUT_MASTER/U_ICON_INTERFACE/U_CMD6_RD/U_RD_FIFO/SUBCORE_FIFO.xsdbm_v3_0_0_rdfifo_inst/inst_fifo_gen/gconvfifo.rf/grf.rf/gntv_or_sync_fifo.gcx.clkx/gnxpm_cdc.wr_pntr_gc_reg[3]/Q
                         net (fo=1, routed)           0.393     0.741    dbg_hub/inst/BSCANID.u_xsdbm_id/CORE_XSDB.UUT_MASTER/U_ICON_INTERFACE/U_CMD6_RD/U_RD_FIFO/SUBCORE_FIFO.xsdbm_v3_0_0_rdfifo_inst/inst_fifo_gen/gconvfifo.rf/grf.rf/gntv_or_sync_fifo.gcx.clkx/gnxpm_cdc.gsync_stage[1].rd_stg_inst/Q[3]
    SLICE_X56Y64         FDCE                                         r  dbg_hub/inst/BSCANID.u_xsdbm_id/CORE_XSDB.UUT_MASTER/U_ICON_INTERFACE/U_CMD6_RD/U_RD_FIFO/SUBCORE_FIFO.xsdbm_v3_0_0_rdfifo_inst/inst_fifo_gen/gconvfifo.rf/grf.rf/gntv_or_sync_fifo.gcx.clkx/gnxpm_cdc.gsync_stage[1].rd_stg_inst/Q_reg_reg[3]/D
  -------------------------------------------------------------------    -------------------

                         max delay                   20.000    20.000    
    SLICE_X56Y64         FDCE (Setup_fdce_C_D)       -0.208    19.792    dbg_hub/inst/BSCANID.u_xsdbm_id/CORE_XSDB.UUT_MASTER/U_ICON_INTERFACE/U_CMD6_RD/U_RD_FIFO/SUBCORE_FIFO.xsdbm_v3_0_0_rdfifo_inst/inst_fifo_gen/gconvfifo.rf/grf.rf/gntv_or_sync_fifo.gcx.clkx/gnxpm_cdc.gsync_stage[1].rd_stg_inst/Q_reg_reg[3]
  -------------------------------------------------------------------
                         required time                         19.792    
                         arrival time                          -0.741    
  -------------------------------------------------------------------
                         slack                                 19.051    

Slack (MET) :             19.069ns  (required time - arrival time)
  Source:                 dbg_hub/inst/BSCANID.u_xsdbm_id/CORE_XSDB.UUT_MASTER/U_ICON_INTERFACE/U_CMD6_WR/U_WR_FIFO/SUBCORE_FIFO.xsdbm_v3_0_0_wrfifo_inst/inst_fifo_gen/gconvfifo.rf/grf.rf/gntv_or_sync_fifo.gcx.clkx/gnxpm_cdc.rd_pntr_gc_reg[2]/C
                            (rising edge-triggered cell FDCE clocked by sys_clk  {rise@0.000ns fall@10.000ns period=20.000ns})
  Destination:            dbg_hub/inst/BSCANID.u_xsdbm_id/CORE_XSDB.UUT_MASTER/U_ICON_INTERFACE/U_CMD6_WR/U_WR_FIFO/SUBCORE_FIFO.xsdbm_v3_0_0_wrfifo_inst/inst_fifo_gen/gconvfifo.rf/grf.rf/gntv_or_sync_fifo.gcx.clkx/gnxpm_cdc.gsync_stage[1].wr_stg_inst/Q_reg_reg[2]/D
                            (rising edge-triggered cell FDCE clocked by dbg_hub/inst/BSCANID.u_xsdbm_id/SWITCH_N_EXT_BSCAN.bscan_inst/SERIES7_BSCAN.bscan_inst/TCK  {rise@0.000ns fall@16.500ns period=33.000ns})
  Path Group:             dbg_hub/inst/BSCANID.u_xsdbm_id/SWITCH_N_EXT_BSCAN.bscan_inst/SERIES7_BSCAN.bscan_inst/TCK
  Path Type:              Setup (Max at Slow Process Corner)
  Requirement:            20.000ns  (MaxDelay Path 20.000ns)
  Data Path Delay:        0.721ns  (logic 0.348ns (48.237%)  route 0.373ns (51.763%))
  Logic Levels:           0  
  Timing Exception:       MaxDelay Path 20.000ns -datapath_only

    Location             Delay type                Incr(ns)  Path(ns)    Netlist Resource(s)
  -------------------------------------------------------------------    -------------------
    SLICE_X64Y63                                      0.000     0.000 r  dbg_hub/inst/BSCANID.u_xsdbm_id/CORE_XSDB.UUT_MASTER/U_ICON_INTERFACE/U_CMD6_WR/U_WR_FIFO/SUBCORE_FIFO.xsdbm_v3_0_0_wrfifo_inst/inst_fifo_gen/gconvfifo.rf/grf.rf/gntv_or_sync_fifo.gcx.clkx/gnxpm_cdc.rd_pntr_gc_reg[2]/C
    SLICE_X64Y63         FDCE (Prop_fdce_C_Q)         0.348     0.348 r  dbg_hub/inst/BSCANID.u_xsdbm_id/CORE_XSDB.UUT_MASTER/U_ICON_INTERFACE/U_CMD6_WR/U_WR_FIFO/SUBCORE_FIFO.xsdbm_v3_0_0_wrfifo_inst/inst_fifo_gen/gconvfifo.rf/grf.rf/gntv_or_sync_fifo.gcx.clkx/gnxpm_cdc.rd_pntr_gc_reg[2]/Q
                         net (fo=1, routed)           0.373     0.721    dbg_hub/inst/BSCANID.u_xsdbm_id/CORE_XSDB.UUT_MASTER/U_ICON_INTERFACE/U_CMD6_WR/U_WR_FIFO/SUBCORE_FIFO.xsdbm_v3_0_0_wrfifo_inst/inst_fifo_gen/gconvfifo.rf/grf.rf/gntv_or_sync_fifo.gcx.clkx/gnxpm_cdc.gsync_stage[1].wr_stg_inst/Q[2]
    SLICE_X65Y63         FDCE                                         r  dbg_hub/inst/BSCANID.u_xsdbm_id/CORE_XSDB.UUT_MASTER/U_ICON_INTERFACE/U_CMD6_WR/U_WR_FIFO/SUBCORE_FIFO.xsdbm_v3_0_0_wrfifo_inst/inst_fifo_gen/gconvfifo.rf/grf.rf/gntv_or_sync_fifo.gcx.clkx/gnxpm_cdc.gsync_stage[1].wr_stg_inst/Q_reg_reg[2]/D
  -------------------------------------------------------------------    -------------------

                         max delay                   20.000    20.000    
    SLICE_X65Y63         FDCE (Setup_fdce_C_D)       -0.210    19.790    dbg_hub/inst/BSCANID.u_xsdbm_id/CORE_XSDB.UUT_MASTER/U_ICON_INTERFACE/U_CMD6_WR/U_WR_FIFO/SUBCORE_FIFO.xsdbm_v3_0_0_wrfifo_inst/inst_fifo_gen/gconvfifo.rf/grf.rf/gntv_or_sync_fifo.gcx.clkx/gnxpm_cdc.gsync_stage[1].wr_stg_inst/Q_reg_reg[2]
  -------------------------------------------------------------------
                         required time                         19.790    
                         arrival time                          -0.721    
  -------------------------------------------------------------------
                         slack                                 19.069    

Slack (MET) :             19.069ns  (required time - arrival time)
  Source:                 dbg_hub/inst/BSCANID.u_xsdbm_id/CORE_XSDB.UUT_MASTER/U_ICON_INTERFACE/U_CMD6_WR/U_WR_FIFO/SUBCORE_FIFO.xsdbm_v3_0_0_wrfifo_inst/inst_fifo_gen/gconvfifo.rf/grf.rf/gntv_or_sync_fifo.gcx.clkx/gnxpm_cdc.rd_pntr_gc_reg[1]/C
                            (rising edge-triggered cell FDCE clocked by sys_clk  {rise@0.000ns fall@10.000ns period=20.000ns})
  Destination:            dbg_hub/inst/BSCANID.u_xsdbm_id/CORE_XSDB.UUT_MASTER/U_ICON_INTERFACE/U_CMD6_WR/U_WR_FIFO/SUBCORE_FIFO.xsdbm_v3_0_0_wrfifo_inst/inst_fifo_gen/gconvfifo.rf/grf.rf/gntv_or_sync_fifo.gcx.clkx/gnxpm_cdc.gsync_stage[1].wr_stg_inst/Q_reg_reg[1]/D
                            (rising edge-triggered cell FDCE clocked by dbg_hub/inst/BSCANID.u_xsdbm_id/SWITCH_N_EXT_BSCAN.bscan_inst/SERIES7_BSCAN.bscan_inst/TCK  {rise@0.000ns fall@16.500ns period=33.000ns})
  Path Group:             dbg_hub/inst/BSCANID.u_xsdbm_id/SWITCH_N_EXT_BSCAN.bscan_inst/SERIES7_BSCAN.bscan_inst/TCK
  Path Type:              Setup (Max at Slow Process Corner)
  Requirement:            20.000ns  (MaxDelay Path 20.000ns)
  Data Path Delay:        0.856ns  (logic 0.379ns (44.282%)  route 0.477ns (55.718%))
  Logic Levels:           0  
  Timing Exception:       MaxDelay Path 20.000ns -datapath_only

    Location             Delay type                Incr(ns)  Path(ns)    Netlist Resource(s)
  -------------------------------------------------------------------    -------------------
    SLICE_X64Y62                                      0.000     0.000 r  dbg_hub/inst/BSCANID.u_xsdbm_id/CORE_XSDB.UUT_MASTER/U_ICON_INTERFACE/U_CMD6_WR/U_WR_FIFO/SUBCORE_FIFO.xsdbm_v3_0_0_wrfifo_inst/inst_fifo_gen/gconvfifo.rf/grf.rf/gntv_or_sync_fifo.gcx.clkx/gnxpm_cdc.rd_pntr_gc_reg[1]/C
    SLICE_X64Y62         FDCE (Prop_fdce_C_Q)         0.379     0.379 r  dbg_hub/inst/BSCANID.u_xsdbm_id/CORE_XSDB.UUT_MASTER/U_ICON_INTERFACE/U_CMD6_WR/U_WR_FIFO/SUBCORE_FIFO.xsdbm_v3_0_0_wrfifo_inst/inst_fifo_gen/gconvfifo.rf/grf.rf/gntv_or_sync_fifo.gcx.clkx/gnxpm_cdc.rd_pntr_gc_reg[1]/Q
                         net (fo=1, routed)           0.477     0.856    dbg_hub/inst/BSCANID.u_xsdbm_id/CORE_XSDB.UUT_MASTER/U_ICON_INTERFACE/U_CMD6_WR/U_WR_FIFO/SUBCORE_FIFO.xsdbm_v3_0_0_wrfifo_inst/inst_fifo_gen/gconvfifo.rf/grf.rf/gntv_or_sync_fifo.gcx.clkx/gnxpm_cdc.gsync_stage[1].wr_stg_inst/Q[1]
    SLICE_X65Y62         FDCE                                         r  dbg_hub/inst/BSCANID.u_xsdbm_id/CORE_XSDB.UUT_MASTER/U_ICON_INTERFACE/U_CMD6_WR/U_WR_FIFO/SUBCORE_FIFO.xsdbm_v3_0_0_wrfifo_inst/inst_fifo_gen/gconvfifo.rf/grf.rf/gntv_or_sync_fifo.gcx.clkx/gnxpm_cdc.gsync_stage[1].wr_stg_inst/Q_reg_reg[1]/D
  -------------------------------------------------------------------    -------------------

                         max delay                   20.000    20.000    
    SLICE_X65Y62         FDCE (Setup_fdce_C_D)       -0.075    19.925    dbg_hub/inst/BSCANID.u_xsdbm_id/CORE_XSDB.UUT_MASTER/U_ICON_INTERFACE/U_CMD6_WR/U_WR_FIFO/SUBCORE_FIFO.xsdbm_v3_0_0_wrfifo_inst/inst_fifo_gen/gconvfifo.rf/grf.rf/gntv_or_sync_fifo.gcx.clkx/gnxpm_cdc.gsync_stage[1].wr_stg_inst/Q_reg_reg[1]
  -------------------------------------------------------------------
                         required time                         19.925    
                         arrival time                          -0.856    
  -------------------------------------------------------------------
                         slack                                 19.069    

Slack (MET) :             19.087ns  (required time - arrival time)
  Source:                 dbg_hub/inst/BSCANID.u_xsdbm_id/CORE_XSDB.UUT_MASTER/U_ICON_INTERFACE/U_CMD6_WR/U_WR_FIFO/SUBCORE_FIFO.xsdbm_v3_0_0_wrfifo_inst/inst_fifo_gen/gconvfifo.rf/grf.rf/gntv_or_sync_fifo.gcx.clkx/gnxpm_cdc.rd_pntr_gc_reg[0]/C
                            (rising edge-triggered cell FDCE clocked by sys_clk  {rise@0.000ns fall@10.000ns period=20.000ns})
  Destination:            dbg_hub/inst/BSCANID.u_xsdbm_id/CORE_XSDB.UUT_MASTER/U_ICON_INTERFACE/U_CMD6_WR/U_WR_FIFO/SUBCORE_FIFO.xsdbm_v3_0_0_wrfifo_inst/inst_fifo_gen/gconvfifo.rf/grf.rf/gntv_or_sync_fifo.gcx.clkx/gnxpm_cdc.gsync_stage[1].wr_stg_inst/Q_reg_reg[0]/D
                            (rising edge-triggered cell FDCE clocked by dbg_hub/inst/BSCANID.u_xsdbm_id/SWITCH_N_EXT_BSCAN.bscan_inst/SERIES7_BSCAN.bscan_inst/TCK  {rise@0.000ns fall@16.500ns period=33.000ns})
  Path Group:             dbg_hub/inst/BSCANID.u_xsdbm_id/SWITCH_N_EXT_BSCAN.bscan_inst/SERIES7_BSCAN.bscan_inst/TCK
  Path Type:              Setup (Max at Slow Process Corner)
  Requirement:            20.000ns  (MaxDelay Path 20.000ns)
  Data Path Delay:        0.840ns  (logic 0.379ns (45.126%)  route 0.461ns (54.874%))
  Logic Levels:           0  
  Timing Exception:       MaxDelay Path 20.000ns -datapath_only

    Location             Delay type                Incr(ns)  Path(ns)    Netlist Resource(s)
  -------------------------------------------------------------------    -------------------
    SLICE_X63Y63                                      0.000     0.000 r  dbg_hub/inst/BSCANID.u_xsdbm_id/CORE_XSDB.UUT_MASTER/U_ICON_INTERFACE/U_CMD6_WR/U_WR_FIFO/SUBCORE_FIFO.xsdbm_v3_0_0_wrfifo_inst/inst_fifo_gen/gconvfifo.rf/grf.rf/gntv_or_sync_fifo.gcx.clkx/gnxpm_cdc.rd_pntr_gc_reg[0]/C
    SLICE_X63Y63         FDCE (Prop_fdce_C_Q)         0.379     0.379 r  dbg_hub/inst/BSCANID.u_xsdbm_id/CORE_XSDB.UUT_MASTER/U_ICON_INTERFACE/U_CMD6_WR/U_WR_FIFO/SUBCORE_FIFO.xsdbm_v3_0_0_wrfifo_inst/inst_fifo_gen/gconvfifo.rf/grf.rf/gntv_or_sync_fifo.gcx.clkx/gnxpm_cdc.rd_pntr_gc_reg[0]/Q
                         net (fo=1, routed)           0.461     0.840    dbg_hub/inst/BSCANID.u_xsdbm_id/CORE_XSDB.UUT_MASTER/U_ICON_INTERFACE/U_CMD6_WR/U_WR_FIFO/SUBCORE_FIFO.xsdbm_v3_0_0_wrfifo_inst/inst_fifo_gen/gconvfifo.rf/grf.rf/gntv_or_sync_fifo.gcx.clkx/gnxpm_cdc.gsync_stage[1].wr_stg_inst/Q[0]
    SLICE_X65Y63         FDCE                                         r  dbg_hub/inst/BSCANID.u_xsdbm_id/CORE_XSDB.UUT_MASTER/U_ICON_INTERFACE/U_CMD6_WR/U_WR_FIFO/SUBCORE_FIFO.xsdbm_v3_0_0_wrfifo_inst/inst_fifo_gen/gconvfifo.rf/grf.rf/gntv_or_sync_fifo.gcx.clkx/gnxpm_cdc.gsync_stage[1].wr_stg_inst/Q_reg_reg[0]/D
  -------------------------------------------------------------------    -------------------

                         max delay                   20.000    20.000    
    SLICE_X65Y63         FDCE (Setup_fdce_C_D)       -0.073    19.927    dbg_hub/inst/BSCANID.u_xsdbm_id/CORE_XSDB.UUT_MASTER/U_ICON_INTERFACE/U_CMD6_WR/U_WR_FIFO/SUBCORE_FIFO.xsdbm_v3_0_0_wrfifo_inst/inst_fifo_gen/gconvfifo.rf/grf.rf/gntv_or_sync_fifo.gcx.clkx/gnxpm_cdc.gsync_stage[1].wr_stg_inst/Q_reg_reg[0]
  -------------------------------------------------------------------
                         required time                         19.927    
                         arrival time                          -0.840    
  -------------------------------------------------------------------
                         slack                                 19.087    

Slack (MET) :             19.197ns  (required time - arrival time)
  Source:                 dbg_hub/inst/BSCANID.u_xsdbm_id/CORE_XSDB.UUT_MASTER/U_ICON_INTERFACE/U_CMD6_RD/U_RD_FIFO/SUBCORE_FIFO.xsdbm_v3_0_0_rdfifo_inst/inst_fifo_gen/gconvfifo.rf/grf.rf/gntv_or_sync_fifo.gcx.clkx/gnxpm_cdc.wr_pntr_gc_reg[0]/C
                            (rising edge-triggered cell FDCE clocked by sys_clk  {rise@0.000ns fall@10.000ns period=20.000ns})
  Destination:            dbg_hub/inst/BSCANID.u_xsdbm_id/CORE_XSDB.UUT_MASTER/U_ICON_INTERFACE/U_CMD6_RD/U_RD_FIFO/SUBCORE_FIFO.xsdbm_v3_0_0_rdfifo_inst/inst_fifo_gen/gconvfifo.rf/grf.rf/gntv_or_sync_fifo.gcx.clkx/gnxpm_cdc.gsync_stage[1].rd_stg_inst/Q_reg_reg[0]/D
                            (rising edge-triggered cell FDCE clocked by dbg_hub/inst/BSCANID.u_xsdbm_id/SWITCH_N_EXT_BSCAN.bscan_inst/SERIES7_BSCAN.bscan_inst/TCK  {rise@0.000ns fall@16.500ns period=33.000ns})
  Path Group:             dbg_hub/inst/BSCANID.u_xsdbm_id/SWITCH_N_EXT_BSCAN.bscan_inst/SERIES7_BSCAN.bscan_inst/TCK
  Path Type:              Setup (Max at Slow Process Corner)
  Requirement:            20.000ns  (MaxDelay Path 20.000ns)
  Data Path Delay:        0.728ns  (logic 0.379ns (52.026%)  route 0.349ns (47.974%))
  Logic Levels:           0  
  Timing Exception:       MaxDelay Path 20.000ns -datapath_only

    Location             Delay type                Incr(ns)  Path(ns)    Netlist Resource(s)
  -------------------------------------------------------------------    -------------------
    SLICE_X56Y65                                      0.000     0.000 r  dbg_hub/inst/BSCANID.u_xsdbm_id/CORE_XSDB.UUT_MASTER/U_ICON_INTERFACE/U_CMD6_RD/U_RD_FIFO/SUBCORE_FIFO.xsdbm_v3_0_0_rdfifo_inst/inst_fifo_gen/gconvfifo.rf/grf.rf/gntv_or_sync_fifo.gcx.clkx/gnxpm_cdc.wr_pntr_gc_reg[0]/C
    SLICE_X56Y65         FDCE (Prop_fdce_C_Q)         0.379     0.379 r  dbg_hub/inst/BSCANID.u_xsdbm_id/CORE_XSDB.UUT_MASTER/U_ICON_INTERFACE/U_CMD6_RD/U_RD_FIFO/SUBCORE_FIFO.xsdbm_v3_0_0_rdfifo_inst/inst_fifo_gen/gconvfifo.rf/grf.rf/gntv_or_sync_fifo.gcx.clkx/gnxpm_cdc.wr_pntr_gc_reg[0]/Q
                         net (fo=1, routed)           0.349     0.728    dbg_hub/inst/BSCANID.u_xsdbm_id/CORE_XSDB.UUT_MASTER/U_ICON_INTERFACE/U_CMD6_RD/U_RD_FIFO/SUBCORE_FIFO.xsdbm_v3_0_0_rdfifo_inst/inst_fifo_gen/gconvfifo.rf/grf.rf/gntv_or_sync_fifo.gcx.clkx/gnxpm_cdc.gsync_stage[1].rd_stg_inst/Q[0]
    SLICE_X57Y64         FDCE                                         r  dbg_hub/inst/BSCANID.u_xsdbm_id/CORE_XSDB.UUT_MASTER/U_ICON_INTERFACE/U_CMD6_RD/U_RD_FIFO/SUBCORE_FIFO.xsdbm_v3_0_0_rdfifo_inst/inst_fifo_gen/gconvfifo.rf/grf.rf/gntv_or_sync_fifo.gcx.clkx/gnxpm_cdc.gsync_stage[1].rd_stg_inst/Q_reg_reg[0]/D
  -------------------------------------------------------------------    -------------------

                         max delay                   20.000    20.000    
    SLICE_X57Y64         FDCE (Setup_fdce_C_D)       -0.075    19.925    dbg_hub/inst/BSCANID.u_xsdbm_id/CORE_XSDB.UUT_MASTER/U_ICON_INTERFACE/U_CMD6_RD/U_RD_FIFO/SUBCORE_FIFO.xsdbm_v3_0_0_rdfifo_inst/inst_fifo_gen/gconvfifo.rf/grf.rf/gntv_or_sync_fifo.gcx.clkx/gnxpm_cdc.gsync_stage[1].rd_stg_inst/Q_reg_reg[0]
  -------------------------------------------------------------------
                         required time                         19.925    
                         arrival time                          -0.728    
  -------------------------------------------------------------------
                         slack                                 19.197    

Slack (MET) :             19.197ns  (required time - arrival time)
  Source:                 dbg_hub/inst/BSCANID.u_xsdbm_id/CORE_XSDB.UUT_MASTER/U_ICON_INTERFACE/U_CMD6_RD/U_RD_FIFO/SUBCORE_FIFO.xsdbm_v3_0_0_rdfifo_inst/inst_fifo_gen/gconvfifo.rf/grf.rf/gntv_or_sync_fifo.gcx.clkx/gnxpm_cdc.wr_pntr_gc_reg[1]/C
                            (rising edge-triggered cell FDCE clocked by sys_clk  {rise@0.000ns fall@10.000ns period=20.000ns})
  Destination:            dbg_hub/inst/BSCANID.u_xsdbm_id/CORE_XSDB.UUT_MASTER/U_ICON_INTERFACE/U_CMD6_RD/U_RD_FIFO/SUBCORE_FIFO.xsdbm_v3_0_0_rdfifo_inst/inst_fifo_gen/gconvfifo.rf/grf.rf/gntv_or_sync_fifo.gcx.clkx/gnxpm_cdc.gsync_stage[1].rd_stg_inst/Q_reg_reg[1]/D
                            (rising edge-triggered cell FDCE clocked by dbg_hub/inst/BSCANID.u_xsdbm_id/SWITCH_N_EXT_BSCAN.bscan_inst/SERIES7_BSCAN.bscan_inst/TCK  {rise@0.000ns fall@16.500ns period=33.000ns})
  Path Group:             dbg_hub/inst/BSCANID.u_xsdbm_id/SWITCH_N_EXT_BSCAN.bscan_inst/SERIES7_BSCAN.bscan_inst/TCK
  Path Type:              Setup (Max at Slow Process Corner)
  Requirement:            20.000ns  (MaxDelay Path 20.000ns)
  Data Path Delay:        0.728ns  (logic 0.379ns (52.048%)  route 0.349ns (47.952%))
  Logic Levels:           0  
  Timing Exception:       MaxDelay Path 20.000ns -datapath_only

    Location             Delay type                Incr(ns)  Path(ns)    Netlist Resource(s)
  -------------------------------------------------------------------    -------------------
    SLICE_X56Y65                                      0.000     0.000 r  dbg_hub/inst/BSCANID.u_xsdbm_id/CORE_XSDB.UUT_MASTER/U_ICON_INTERFACE/U_CMD6_RD/U_RD_FIFO/SUBCORE_FIFO.xsdbm_v3_0_0_rdfifo_inst/inst_fifo_gen/gconvfifo.rf/grf.rf/gntv_or_sync_fifo.gcx.clkx/gnxpm_cdc.wr_pntr_gc_reg[1]/C
    SLICE_X56Y65         FDCE (Prop_fdce_C_Q)         0.379     0.379 r  dbg_hub/inst/BSCANID.u_xsdbm_id/CORE_XSDB.UUT_MASTER/U_ICON_INTERFACE/U_CMD6_RD/U_RD_FIFO/SUBCORE_FIFO.xsdbm_v3_0_0_rdfifo_inst/inst_fifo_gen/gconvfifo.rf/grf.rf/gntv_or_sync_fifo.gcx.clkx/gnxpm_cdc.wr_pntr_gc_reg[1]/Q
                         net (fo=1, routed)           0.349     0.728    dbg_hub/inst/BSCANID.u_xsdbm_id/CORE_XSDB.UUT_MASTER/U_ICON_INTERFACE/U_CMD6_RD/U_RD_FIFO/SUBCORE_FIFO.xsdbm_v3_0_0_rdfifo_inst/inst_fifo_gen/gconvfifo.rf/grf.rf/gntv_or_sync_fifo.gcx.clkx/gnxpm_cdc.gsync_stage[1].rd_stg_inst/Q[1]
    SLICE_X56Y64         FDCE                                         r  dbg_hub/inst/BSCANID.u_xsdbm_id/CORE_XSDB.UUT_MASTER/U_ICON_INTERFACE/U_CMD6_RD/U_RD_FIFO/SUBCORE_FIFO.xsdbm_v3_0_0_rdfifo_inst/inst_fifo_gen/gconvfifo.rf/grf.rf/gntv_or_sync_fifo.gcx.clkx/gnxpm_cdc.gsync_stage[1].rd_stg_inst/Q_reg_reg[1]/D
  -------------------------------------------------------------------    -------------------

                         max delay                   20.000    20.000    
    SLICE_X56Y64         FDCE (Setup_fdce_C_D)       -0.075    19.925    dbg_hub/inst/BSCANID.u_xsdbm_id/CORE_XSDB.UUT_MASTER/U_ICON_INTERFACE/U_CMD6_RD/U_RD_FIFO/SUBCORE_FIFO.xsdbm_v3_0_0_rdfifo_inst/inst_fifo_gen/gconvfifo.rf/grf.rf/gntv_or_sync_fifo.gcx.clkx/gnxpm_cdc.gsync_stage[1].rd_stg_inst/Q_reg_reg[1]
  -------------------------------------------------------------------
                         required time                         19.925    
                         arrival time                          -0.728    
  -------------------------------------------------------------------
                         slack                                 19.197    





---------------------------------------------------------------------------------------------------
From Clock:  dbg_hub/inst/BSCANID.u_xsdbm_id/SWITCH_N_EXT_BSCAN.bscan_inst/SERIES7_BSCAN.bscan_inst/TCK
  To Clock:  sys_clk

Setup :            0  Failing Endpoints,  Worst Slack       31.947ns,  Total Violation        0.000ns
Hold  :           NA  Failing Endpoints,  Worst Slack           NA  ,  Total Violation           NA
---------------------------------------------------------------------------------------------------


Max Delay Paths
--------------------------------------------------------------------------------------
Slack (MET) :             31.947ns  (required time - arrival time)
  Source:                 dbg_hub/inst/BSCANID.u_xsdbm_id/CORE_XSDB.UUT_MASTER/U_ICON_INTERFACE/U_CMD6_RD/U_RD_FIFO/SUBCORE_FIFO.xsdbm_v3_0_0_rdfifo_inst/inst_fifo_gen/gconvfifo.rf/grf.rf/gntv_or_sync_fifo.gcx.clkx/gnxpm_cdc.rd_pntr_gc_reg[2]/C
                            (rising edge-triggered cell FDCE clocked by dbg_hub/inst/BSCANID.u_xsdbm_id/SWITCH_N_EXT_BSCAN.bscan_inst/SERIES7_BSCAN.bscan_inst/TCK  {rise@0.000ns fall@16.500ns period=33.000ns})
  Destination:            dbg_hub/inst/BSCANID.u_xsdbm_id/CORE_XSDB.UUT_MASTER/U_ICON_INTERFACE/U_CMD6_RD/U_RD_FIFO/SUBCORE_FIFO.xsdbm_v3_0_0_rdfifo_inst/inst_fifo_gen/gconvfifo.rf/grf.rf/gntv_or_sync_fifo.gcx.clkx/gnxpm_cdc.gsync_stage[1].wr_stg_inst/Q_reg_reg[2]/D
                            (rising edge-triggered cell FDCE clocked by sys_clk  {rise@0.000ns fall@10.000ns period=20.000ns})
  Path Group:             sys_clk
  Path Type:              Setup (Max at Slow Process Corner)
  Requirement:            33.000ns  (MaxDelay Path 33.000ns)
  Data Path Delay:        1.020ns  (logic 0.433ns (42.449%)  route 0.587ns (57.551%))
  Logic Levels:           0  
  Timing Exception:       MaxDelay Path 33.000ns -datapath_only

    Location             Delay type                Incr(ns)  Path(ns)    Netlist Resource(s)
  -------------------------------------------------------------------    -------------------
    SLICE_X58Y64                                      0.000     0.000 r  dbg_hub/inst/BSCANID.u_xsdbm_id/CORE_XSDB.UUT_MASTER/U_ICON_INTERFACE/U_CMD6_RD/U_RD_FIFO/SUBCORE_FIFO.xsdbm_v3_0_0_rdfifo_inst/inst_fifo_gen/gconvfifo.rf/grf.rf/gntv_or_sync_fifo.gcx.clkx/gnxpm_cdc.rd_pntr_gc_reg[2]/C
    SLICE_X58Y64         FDCE (Prop_fdce_C_Q)         0.433     0.433 r  dbg_hub/inst/BSCANID.u_xsdbm_id/CORE_XSDB.UUT_MASTER/U_ICON_INTERFACE/U_CMD6_RD/U_RD_FIFO/SUBCORE_FIFO.xsdbm_v3_0_0_rdfifo_inst/inst_fifo_gen/gconvfifo.rf/grf.rf/gntv_or_sync_fifo.gcx.clkx/gnxpm_cdc.rd_pntr_gc_reg[2]/Q
                         net (fo=1, routed)           0.587     1.020    dbg_hub/inst/BSCANID.u_xsdbm_id/CORE_XSDB.UUT_MASTER/U_ICON_INTERFACE/U_CMD6_RD/U_RD_FIFO/SUBCORE_FIFO.xsdbm_v3_0_0_rdfifo_inst/inst_fifo_gen/gconvfifo.rf/grf.rf/gntv_or_sync_fifo.gcx.clkx/gnxpm_cdc.gsync_stage[1].wr_stg_inst/Q[2]
    SLICE_X54Y65         FDCE                                         r  dbg_hub/inst/BSCANID.u_xsdbm_id/CORE_XSDB.UUT_MASTER/U_ICON_INTERFACE/U_CMD6_RD/U_RD_FIFO/SUBCORE_FIFO.xsdbm_v3_0_0_rdfifo_inst/inst_fifo_gen/gconvfifo.rf/grf.rf/gntv_or_sync_fifo.gcx.clkx/gnxpm_cdc.gsync_stage[1].wr_stg_inst/Q_reg_reg[2]/D
  -------------------------------------------------------------------    -------------------

                         max delay                   33.000    33.000    
    SLICE_X54Y65         FDCE (Setup_fdce_C_D)       -0.033    32.967    dbg_hub/inst/BSCANID.u_xsdbm_id/CORE_XSDB.UUT_MASTER/U_ICON_INTERFACE/U_CMD6_RD/U_RD_FIFO/SUBCORE_FIFO.xsdbm_v3_0_0_rdfifo_inst/inst_fifo_gen/gconvfifo.rf/grf.rf/gntv_or_sync_fifo.gcx.clkx/gnxpm_cdc.gsync_stage[1].wr_stg_inst/Q_reg_reg[2]
  -------------------------------------------------------------------
                         required time                         32.967    
                         arrival time                          -1.020    
  -------------------------------------------------------------------
                         slack                                 31.947    

Slack (MET) :             31.950ns  (required time - arrival time)
  Source:                 dbg_hub/inst/BSCANID.u_xsdbm_id/CORE_XSDB.UUT_MASTER/U_ICON_INTERFACE/U_CMD6_RD/U_RD_FIFO/SUBCORE_FIFO.xsdbm_v3_0_0_rdfifo_inst/inst_fifo_gen/gconvfifo.rf/grf.rf/gntv_or_sync_fifo.gcx.clkx/gnxpm_cdc.rd_pntr_gc_reg[3]/C
                            (rising edge-triggered cell FDCE clocked by dbg_hub/inst/BSCANID.u_xsdbm_id/SWITCH_N_EXT_BSCAN.bscan_inst/SERIES7_BSCAN.bscan_inst/TCK  {rise@0.000ns fall@16.500ns period=33.000ns})
  Destination:            dbg_hub/inst/BSCANID.u_xsdbm_id/CORE_XSDB.UUT_MASTER/U_ICON_INTERFACE/U_CMD6_RD/U_RD_FIFO/SUBCORE_FIFO.xsdbm_v3_0_0_rdfifo_inst/inst_fifo_gen/gconvfifo.rf/grf.rf/gntv_or_sync_fifo.gcx.clkx/gnxpm_cdc.gsync_stage[1].wr_stg_inst/Q_reg_reg[3]/D
                            (rising edge-triggered cell FDCE clocked by sys_clk  {rise@0.000ns fall@10.000ns period=20.000ns})
  Path Group:             sys_clk
  Path Type:              Setup (Max at Slow Process Corner)
  Requirement:            33.000ns  (MaxDelay Path 33.000ns)
  Data Path Delay:        0.840ns  (logic 0.348ns (41.430%)  route 0.492ns (58.570%))
  Logic Levels:           0  
  Timing Exception:       MaxDelay Path 33.000ns -datapath_only

    Location             Delay type                Incr(ns)  Path(ns)    Netlist Resource(s)
  -------------------------------------------------------------------    -------------------
    SLICE_X56Y64                                      0.000     0.000 r  dbg_hub/inst/BSCANID.u_xsdbm_id/CORE_XSDB.UUT_MASTER/U_ICON_INTERFACE/U_CMD6_RD/U_RD_FIFO/SUBCORE_FIFO.xsdbm_v3_0_0_rdfifo_inst/inst_fifo_gen/gconvfifo.rf/grf.rf/gntv_or_sync_fifo.gcx.clkx/gnxpm_cdc.rd_pntr_gc_reg[3]/C
    SLICE_X56Y64         FDCE (Prop_fdce_C_Q)         0.348     0.348 r  dbg_hub/inst/BSCANID.u_xsdbm_id/CORE_XSDB.UUT_MASTER/U_ICON_INTERFACE/U_CMD6_RD/U_RD_FIFO/SUBCORE_FIFO.xsdbm_v3_0_0_rdfifo_inst/inst_fifo_gen/gconvfifo.rf/grf.rf/gntv_or_sync_fifo.gcx.clkx/gnxpm_cdc.rd_pntr_gc_reg[3]/Q
                         net (fo=1, routed)           0.492     0.840    dbg_hub/inst/BSCANID.u_xsdbm_id/CORE_XSDB.UUT_MASTER/U_ICON_INTERFACE/U_CMD6_RD/U_RD_FIFO/SUBCORE_FIFO.xsdbm_v3_0_0_rdfifo_inst/inst_fifo_gen/gconvfifo.rf/grf.rf/gntv_or_sync_fifo.gcx.clkx/gnxpm_cdc.gsync_stage[1].wr_stg_inst/Q[3]
    SLICE_X56Y66         FDCE                                         r  dbg_hub/inst/BSCANID.u_xsdbm_id/CORE_XSDB.UUT_MASTER/U_ICON_INTERFACE/U_CMD6_RD/U_RD_FIFO/SUBCORE_FIFO.xsdbm_v3_0_0_rdfifo_inst/inst_fifo_gen/gconvfifo.rf/grf.rf/gntv_or_sync_fifo.gcx.clkx/gnxpm_cdc.gsync_stage[1].wr_stg_inst/Q_reg_reg[3]/D
  -------------------------------------------------------------------    -------------------

                         max delay                   33.000    33.000    
    SLICE_X56Y66         FDCE (Setup_fdce_C_D)       -0.210    32.790    dbg_hub/inst/BSCANID.u_xsdbm_id/CORE_XSDB.UUT_MASTER/U_ICON_INTERFACE/U_CMD6_RD/U_RD_FIFO/SUBCORE_FIFO.xsdbm_v3_0_0_rdfifo_inst/inst_fifo_gen/gconvfifo.rf/grf.rf/gntv_or_sync_fifo.gcx.clkx/gnxpm_cdc.gsync_stage[1].wr_stg_inst/Q_reg_reg[3]
  -------------------------------------------------------------------
                         required time                         32.790    
                         arrival time                          -0.840    
  -------------------------------------------------------------------
                         slack                                 31.950    

Slack (MET) :             32.049ns  (required time - arrival time)
  Source:                 dbg_hub/inst/BSCANID.u_xsdbm_id/CORE_XSDB.UUT_MASTER/U_ICON_INTERFACE/U_CMD6_RD/U_RD_FIFO/SUBCORE_FIFO.xsdbm_v3_0_0_rdfifo_inst/inst_fifo_gen/gconvfifo.rf/grf.rf/gntv_or_sync_fifo.gcx.clkx/gnxpm_cdc.rd_pntr_gc_reg[0]/C
                            (rising edge-triggered cell FDCE clocked by dbg_hub/inst/BSCANID.u_xsdbm_id/SWITCH_N_EXT_BSCAN.bscan_inst/SERIES7_BSCAN.bscan_inst/TCK  {rise@0.000ns fall@16.500ns period=33.000ns})
  Destination:            dbg_hub/inst/BSCANID.u_xsdbm_id/CORE_XSDB.UUT_MASTER/U_ICON_INTERFACE/U_CMD6_RD/U_RD_FIFO/SUBCORE_FIFO.xsdbm_v3_0_0_rdfifo_inst/inst_fifo_gen/gconvfifo.rf/grf.rf/gntv_or_sync_fifo.gcx.clkx/gnxpm_cdc.gsync_stage[1].wr_stg_inst/Q_reg_reg[0]/D
                            (rising edge-triggered cell FDCE clocked by sys_clk  {rise@0.000ns fall@10.000ns period=20.000ns})
  Path Group:             sys_clk
  Path Type:              Setup (Max at Slow Process Corner)
  Requirement:            33.000ns  (MaxDelay Path 33.000ns)
  Data Path Delay:        0.742ns  (logic 0.348ns (46.872%)  route 0.394ns (53.128%))
  Logic Levels:           0  
  Timing Exception:       MaxDelay Path 33.000ns -datapath_only

    Location             Delay type                Incr(ns)  Path(ns)    Netlist Resource(s)
  -------------------------------------------------------------------    -------------------
    SLICE_X57Y64                                      0.000     0.000 r  dbg_hub/inst/BSCANID.u_xsdbm_id/CORE_XSDB.UUT_MASTER/U_ICON_INTERFACE/U_CMD6_RD/U_RD_FIFO/SUBCORE_FIFO.xsdbm_v3_0_0_rdfifo_inst/inst_fifo_gen/gconvfifo.rf/grf.rf/gntv_or_sync_fifo.gcx.clkx/gnxpm_cdc.rd_pntr_gc_reg[0]/C
    SLICE_X57Y64         FDCE (Prop_fdce_C_Q)         0.348     0.348 r  dbg_hub/inst/BSCANID.u_xsdbm_id/CORE_XSDB.UUT_MASTER/U_ICON_INTERFACE/U_CMD6_RD/U_RD_FIFO/SUBCORE_FIFO.xsdbm_v3_0_0_rdfifo_inst/inst_fifo_gen/gconvfifo.rf/grf.rf/gntv_or_sync_fifo.gcx.clkx/gnxpm_cdc.rd_pntr_gc_reg[0]/Q
                         net (fo=1, routed)           0.394     0.742    dbg_hub/inst/BSCANID.u_xsdbm_id/CORE_XSDB.UUT_MASTER/U_ICON_INTERFACE/U_CMD6_RD/U_RD_FIFO/SUBCORE_FIFO.xsdbm_v3_0_0_rdfifo_inst/inst_fifo_gen/gconvfifo.rf/grf.rf/gntv_or_sync_fifo.gcx.clkx/gnxpm_cdc.gsync_stage[1].wr_stg_inst/Q[0]
    SLICE_X56Y65         FDCE                                         r  dbg_hub/inst/BSCANID.u_xsdbm_id/CORE_XSDB.UUT_MASTER/U_ICON_INTERFACE/U_CMD6_RD/U_RD_FIFO/SUBCORE_FIFO.xsdbm_v3_0_0_rdfifo_inst/inst_fifo_gen/gconvfifo.rf/grf.rf/gntv_or_sync_fifo.gcx.clkx/gnxpm_cdc.gsync_stage[1].wr_stg_inst/Q_reg_reg[0]/D
  -------------------------------------------------------------------    -------------------

                         max delay                   33.000    33.000    
    SLICE_X56Y65         FDCE (Setup_fdce_C_D)       -0.209    32.791    dbg_hub/inst/BSCANID.u_xsdbm_id/CORE_XSDB.UUT_MASTER/U_ICON_INTERFACE/U_CMD6_RD/U_RD_FIFO/SUBCORE_FIFO.xsdbm_v3_0_0_rdfifo_inst/inst_fifo_gen/gconvfifo.rf/grf.rf/gntv_or_sync_fifo.gcx.clkx/gnxpm_cdc.gsync_stage[1].wr_stg_inst/Q_reg_reg[0]
  -------------------------------------------------------------------
                         required time                         32.791    
                         arrival time                          -0.742    
  -------------------------------------------------------------------
                         slack                                 32.049    

Slack (MET) :             32.071ns  (required time - arrival time)
  Source:                 dbg_hub/inst/BSCANID.u_xsdbm_id/CORE_XSDB.UUT_MASTER/U_ICON_INTERFACE/U_CMD6_WR/U_WR_FIFO/SUBCORE_FIFO.xsdbm_v3_0_0_wrfifo_inst/inst_fifo_gen/gconvfifo.rf/grf.rf/gntv_or_sync_fifo.gcx.clkx/gnxpm_cdc.wr_pntr_gc_reg[3]/C
                            (rising edge-triggered cell FDCE clocked by dbg_hub/inst/BSCANID.u_xsdbm_id/SWITCH_N_EXT_BSCAN.bscan_inst/SERIES7_BSCAN.bscan_inst/TCK  {rise@0.000ns fall@16.500ns period=33.000ns})
  Destination:            dbg_hub/inst/BSCANID.u_xsdbm_id/CORE_XSDB.UUT_MASTER/U_ICON_INTERFACE/U_CMD6_WR/U_WR_FIFO/SUBCORE_FIFO.xsdbm_v3_0_0_wrfifo_inst/inst_fifo_gen/gconvfifo.rf/grf.rf/gntv_or_sync_fifo.gcx.clkx/gnxpm_cdc.gsync_stage[1].rd_stg_inst/Q_reg_reg[3]/D
                            (rising edge-triggered cell FDCE clocked by sys_clk  {rise@0.000ns fall@10.000ns period=20.000ns})
  Path Group:             sys_clk
  Path Type:              Setup (Max at Slow Process Corner)
  Requirement:            33.000ns  (MaxDelay Path 33.000ns)
  Data Path Delay:        0.719ns  (logic 0.348ns (48.368%)  route 0.371ns (51.632%))
  Logic Levels:           0  
  Timing Exception:       MaxDelay Path 33.000ns -datapath_only

    Location             Delay type                Incr(ns)  Path(ns)    Netlist Resource(s)
  -------------------------------------------------------------------    -------------------
    SLICE_X63Y62                                      0.000     0.000 r  dbg_hub/inst/BSCANID.u_xsdbm_id/CORE_XSDB.UUT_MASTER/U_ICON_INTERFACE/U_CMD6_WR/U_WR_FIFO/SUBCORE_FIFO.xsdbm_v3_0_0_wrfifo_inst/inst_fifo_gen/gconvfifo.rf/grf.rf/gntv_or_sync_fifo.gcx.clkx/gnxpm_cdc.wr_pntr_gc_reg[3]/C
    SLICE_X63Y62         FDCE (Prop_fdce_C_Q)         0.348     0.348 r  dbg_hub/inst/BSCANID.u_xsdbm_id/CORE_XSDB.UUT_MASTER/U_ICON_INTERFACE/U_CMD6_WR/U_WR_FIFO/SUBCORE_FIFO.xsdbm_v3_0_0_wrfifo_inst/inst_fifo_gen/gconvfifo.rf/grf.rf/gntv_or_sync_fifo.gcx.clkx/gnxpm_cdc.wr_pntr_gc_reg[3]/Q
                         net (fo=1, routed)           0.371     0.719    dbg_hub/inst/BSCANID.u_xsdbm_id/CORE_XSDB.UUT_MASTER/U_ICON_INTERFACE/U_CMD6_WR/U_WR_FIFO/SUBCORE_FIFO.xsdbm_v3_0_0_wrfifo_inst/inst_fifo_gen/gconvfifo.rf/grf.rf/gntv_or_sync_fifo.gcx.clkx/gnxpm_cdc.gsync_stage[1].rd_stg_inst/Q[3]
    SLICE_X64Y62         FDCE                                         r  dbg_hub/inst/BSCANID.u_xsdbm_id/CORE_XSDB.UUT_MASTER/U_ICON_INTERFACE/U_CMD6_WR/U_WR_FIFO/SUBCORE_FIFO.xsdbm_v3_0_0_wrfifo_inst/inst_fifo_gen/gconvfifo.rf/grf.rf/gntv_or_sync_fifo.gcx.clkx/gnxpm_cdc.gsync_stage[1].rd_stg_inst/Q_reg_reg[3]/D
  -------------------------------------------------------------------    -------------------

                         max delay                   33.000    33.000    
    SLICE_X64Y62         FDCE (Setup_fdce_C_D)       -0.210    32.790    dbg_hub/inst/BSCANID.u_xsdbm_id/CORE_XSDB.UUT_MASTER/U_ICON_INTERFACE/U_CMD6_WR/U_WR_FIFO/SUBCORE_FIFO.xsdbm_v3_0_0_wrfifo_inst/inst_fifo_gen/gconvfifo.rf/grf.rf/gntv_or_sync_fifo.gcx.clkx/gnxpm_cdc.gsync_stage[1].rd_stg_inst/Q_reg_reg[3]
  -------------------------------------------------------------------
                         required time                         32.790    
                         arrival time                          -0.719    
  -------------------------------------------------------------------
                         slack                                 32.071    

Slack (MET) :             32.095ns  (required time - arrival time)
  Source:                 dbg_hub/inst/BSCANID.u_xsdbm_id/CORE_XSDB.UUT_MASTER/U_ICON_INTERFACE/U_CMD6_WR/U_WR_FIFO/SUBCORE_FIFO.xsdbm_v3_0_0_wrfifo_inst/inst_fifo_gen/gconvfifo.rf/grf.rf/gntv_or_sync_fifo.gcx.clkx/gnxpm_cdc.wr_pntr_gc_reg[2]/C
                            (rising edge-triggered cell FDCE clocked by dbg_hub/inst/BSCANID.u_xsdbm_id/SWITCH_N_EXT_BSCAN.bscan_inst/SERIES7_BSCAN.bscan_inst/TCK  {rise@0.000ns fall@16.500ns period=33.000ns})
  Destination:            dbg_hub/inst/BSCANID.u_xsdbm_id/CORE_XSDB.UUT_MASTER/U_ICON_INTERFACE/U_CMD6_WR/U_WR_FIFO/SUBCORE_FIFO.xsdbm_v3_0_0_wrfifo_inst/inst_fifo_gen/gconvfifo.rf/grf.rf/gntv_or_sync_fifo.gcx.clkx/gnxpm_cdc.gsync_stage[1].rd_stg_inst/Q_reg_reg[2]/D
                            (rising edge-triggered cell FDCE clocked by sys_clk  {rise@0.000ns fall@10.000ns period=20.000ns})
  Path Group:             sys_clk
  Path Type:              Setup (Max at Slow Process Corner)
  Requirement:            33.000ns  (MaxDelay Path 33.000ns)
  Data Path Delay:        0.698ns  (logic 0.348ns (49.855%)  route 0.350ns (50.145%))
  Logic Levels:           0  
  Timing Exception:       MaxDelay Path 33.000ns -datapath_only

    Location             Delay type                Incr(ns)  Path(ns)    Netlist Resource(s)
  -------------------------------------------------------------------    -------------------
    SLICE_X63Y62                                      0.000     0.000 r  dbg_hub/inst/BSCANID.u_xsdbm_id/CORE_XSDB.UUT_MASTER/U_ICON_INTERFACE/U_CMD6_WR/U_WR_FIFO/SUBCORE_FIFO.xsdbm_v3_0_0_wrfifo_inst/inst_fifo_gen/gconvfifo.rf/grf.rf/gntv_or_sync_fifo.gcx.clkx/gnxpm_cdc.wr_pntr_gc_reg[2]/C
    SLICE_X63Y62         FDCE (Prop_fdce_C_Q)         0.348     0.348 r  dbg_hub/inst/BSCANID.u_xsdbm_id/CORE_XSDB.UUT_MASTER/U_ICON_INTERFACE/U_CMD6_WR/U_WR_FIFO/SUBCORE_FIFO.xsdbm_v3_0_0_wrfifo_inst/inst_fifo_gen/gconvfifo.rf/grf.rf/gntv_or_sync_fifo.gcx.clkx/gnxpm_cdc.wr_pntr_gc_reg[2]/Q
                         net (fo=1, routed)           0.350     0.698    dbg_hub/inst/BSCANID.u_xsdbm_id/CORE_XSDB.UUT_MASTER/U_ICON_INTERFACE/U_CMD6_WR/U_WR_FIFO/SUBCORE_FIFO.xsdbm_v3_0_0_wrfifo_inst/inst_fifo_gen/gconvfifo.rf/grf.rf/gntv_or_sync_fifo.gcx.clkx/gnxpm_cdc.gsync_stage[1].rd_stg_inst/Q[2]
    SLICE_X63Y63         FDCE                                         r  dbg_hub/inst/BSCANID.u_xsdbm_id/CORE_XSDB.UUT_MASTER/U_ICON_INTERFACE/U_CMD6_WR/U_WR_FIFO/SUBCORE_FIFO.xsdbm_v3_0_0_wrfifo_inst/inst_fifo_gen/gconvfifo.rf/grf.rf/gntv_or_sync_fifo.gcx.clkx/gnxpm_cdc.gsync_stage[1].rd_stg_inst/Q_reg_reg[2]/D
  -------------------------------------------------------------------    -------------------

                         max delay                   33.000    33.000    
    SLICE_X63Y63         FDCE (Setup_fdce_C_D)       -0.207    32.793    dbg_hub/inst/BSCANID.u_xsdbm_id/CORE_XSDB.UUT_MASTER/U_ICON_INTERFACE/U_CMD6_WR/U_WR_FIFO/SUBCORE_FIFO.xsdbm_v3_0_0_wrfifo_inst/inst_fifo_gen/gconvfifo.rf/grf.rf/gntv_or_sync_fifo.gcx.clkx/gnxpm_cdc.gsync_stage[1].rd_stg_inst/Q_reg_reg[2]
  -------------------------------------------------------------------
                         required time                         32.793    
                         arrival time                          -0.698    
  -------------------------------------------------------------------
                         slack                                 32.095    

Slack (MET) :             32.171ns  (required time - arrival time)
  Source:                 dbg_hub/inst/BSCANID.u_xsdbm_id/CORE_XSDB.UUT_MASTER/U_ICON_INTERFACE/U_CMD6_RD/U_RD_FIFO/SUBCORE_FIFO.xsdbm_v3_0_0_rdfifo_inst/inst_fifo_gen/gconvfifo.rf/grf.rf/gntv_or_sync_fifo.gcx.clkx/gnxpm_cdc.rd_pntr_gc_reg[1]/C
                            (rising edge-triggered cell FDCE clocked by dbg_hub/inst/BSCANID.u_xsdbm_id/SWITCH_N_EXT_BSCAN.bscan_inst/SERIES7_BSCAN.bscan_inst/TCK  {rise@0.000ns fall@16.500ns period=33.000ns})
  Destination:            dbg_hub/inst/BSCANID.u_xsdbm_id/CORE_XSDB.UUT_MASTER/U_ICON_INTERFACE/U_CMD6_RD/U_RD_FIFO/SUBCORE_FIFO.xsdbm_v3_0_0_rdfifo_inst/inst_fifo_gen/gconvfifo.rf/grf.rf/gntv_or_sync_fifo.gcx.clkx/gnxpm_cdc.gsync_stage[1].wr_stg_inst/Q_reg_reg[1]/D
                            (rising edge-triggered cell FDCE clocked by sys_clk  {rise@0.000ns fall@10.000ns period=20.000ns})
  Path Group:             sys_clk
  Path Type:              Setup (Max at Slow Process Corner)
  Requirement:            33.000ns  (MaxDelay Path 33.000ns)
  Data Path Delay:        0.756ns  (logic 0.379ns (50.119%)  route 0.377ns (49.881%))
  Logic Levels:           0  
  Timing Exception:       MaxDelay Path 33.000ns -datapath_only

    Location             Delay type                Incr(ns)  Path(ns)    Netlist Resource(s)
  -------------------------------------------------------------------    -------------------
    SLICE_X56Y64                                      0.000     0.000 r  dbg_hub/inst/BSCANID.u_xsdbm_id/CORE_XSDB.UUT_MASTER/U_ICON_INTERFACE/U_CMD6_RD/U_RD_FIFO/SUBCORE_FIFO.xsdbm_v3_0_0_rdfifo_inst/inst_fifo_gen/gconvfifo.rf/grf.rf/gntv_or_sync_fifo.gcx.clkx/gnxpm_cdc.rd_pntr_gc_reg[1]/C
    SLICE_X56Y64         FDCE (Prop_fdce_C_Q)         0.379     0.379 r  dbg_hub/inst/BSCANID.u_xsdbm_id/CORE_XSDB.UUT_MASTER/U_ICON_INTERFACE/U_CMD6_RD/U_RD_FIFO/SUBCORE_FIFO.xsdbm_v3_0_0_rdfifo_inst/inst_fifo_gen/gconvfifo.rf/grf.rf/gntv_or_sync_fifo.gcx.clkx/gnxpm_cdc.rd_pntr_gc_reg[1]/Q
                         net (fo=1, routed)           0.377     0.756    dbg_hub/inst/BSCANID.u_xsdbm_id/CORE_XSDB.UUT_MASTER/U_ICON_INTERFACE/U_CMD6_RD/U_RD_FIFO/SUBCORE_FIFO.xsdbm_v3_0_0_rdfifo_inst/inst_fifo_gen/gconvfifo.rf/grf.rf/gntv_or_sync_fifo.gcx.clkx/gnxpm_cdc.gsync_stage[1].wr_stg_inst/Q[1]
    SLICE_X56Y65         FDCE                                         r  dbg_hub/inst/BSCANID.u_xsdbm_id/CORE_XSDB.UUT_MASTER/U_ICON_INTERFACE/U_CMD6_RD/U_RD_FIFO/SUBCORE_FIFO.xsdbm_v3_0_0_rdfifo_inst/inst_fifo_gen/gconvfifo.rf/grf.rf/gntv_or_sync_fifo.gcx.clkx/gnxpm_cdc.gsync_stage[1].wr_stg_inst/Q_reg_reg[1]/D
  -------------------------------------------------------------------    -------------------

                         max delay                   33.000    33.000    
    SLICE_X56Y65         FDCE (Setup_fdce_C_D)       -0.073    32.927    dbg_hub/inst/BSCANID.u_xsdbm_id/CORE_XSDB.UUT_MASTER/U_ICON_INTERFACE/U_CMD6_RD/U_RD_FIFO/SUBCORE_FIFO.xsdbm_v3_0_0_rdfifo_inst/inst_fifo_gen/gconvfifo.rf/grf.rf/gntv_or_sync_fifo.gcx.clkx/gnxpm_cdc.gsync_stage[1].wr_stg_inst/Q_reg_reg[1]
  -------------------------------------------------------------------
                         required time                         32.927    
                         arrival time                          -0.756    
  -------------------------------------------------------------------
                         slack                                 32.171    

Slack (MET) :             32.193ns  (required time - arrival time)
  Source:                 dbg_hub/inst/BSCANID.u_xsdbm_id/CORE_XSDB.UUT_MASTER/U_ICON_INTERFACE/U_CMD6_WR/U_WR_FIFO/SUBCORE_FIFO.xsdbm_v3_0_0_wrfifo_inst/inst_fifo_gen/gconvfifo.rf/grf.rf/gntv_or_sync_fifo.gcx.clkx/gnxpm_cdc.wr_pntr_gc_reg[1]/C
                            (rising edge-triggered cell FDCE clocked by dbg_hub/inst/BSCANID.u_xsdbm_id/SWITCH_N_EXT_BSCAN.bscan_inst/SERIES7_BSCAN.bscan_inst/TCK  {rise@0.000ns fall@16.500ns period=33.000ns})
  Destination:            dbg_hub/inst/BSCANID.u_xsdbm_id/CORE_XSDB.UUT_MASTER/U_ICON_INTERFACE/U_CMD6_WR/U_WR_FIFO/SUBCORE_FIFO.xsdbm_v3_0_0_wrfifo_inst/inst_fifo_gen/gconvfifo.rf/grf.rf/gntv_or_sync_fifo.gcx.clkx/gnxpm_cdc.gsync_stage[1].rd_stg_inst/Q_reg_reg[1]/D
                            (rising edge-triggered cell FDCE clocked by sys_clk  {rise@0.000ns fall@10.000ns period=20.000ns})
  Path Group:             sys_clk
  Path Type:              Setup (Max at Slow Process Corner)
  Requirement:            33.000ns  (MaxDelay Path 33.000ns)
  Data Path Delay:        0.732ns  (logic 0.379ns (51.792%)  route 0.353ns (48.208%))
  Logic Levels:           0  
  Timing Exception:       MaxDelay Path 33.000ns -datapath_only

    Location             Delay type                Incr(ns)  Path(ns)    Netlist Resource(s)
  -------------------------------------------------------------------    -------------------
    SLICE_X63Y62                                      0.000     0.000 r  dbg_hub/inst/BSCANID.u_xsdbm_id/CORE_XSDB.UUT_MASTER/U_ICON_INTERFACE/U_CMD6_WR/U_WR_FIFO/SUBCORE_FIFO.xsdbm_v3_0_0_wrfifo_inst/inst_fifo_gen/gconvfifo.rf/grf.rf/gntv_or_sync_fifo.gcx.clkx/gnxpm_cdc.wr_pntr_gc_reg[1]/C
    SLICE_X63Y62         FDCE (Prop_fdce_C_Q)         0.379     0.379 r  dbg_hub/inst/BSCANID.u_xsdbm_id/CORE_XSDB.UUT_MASTER/U_ICON_INTERFACE/U_CMD6_WR/U_WR_FIFO/SUBCORE_FIFO.xsdbm_v3_0_0_wrfifo_inst/inst_fifo_gen/gconvfifo.rf/grf.rf/gntv_or_sync_fifo.gcx.clkx/gnxpm_cdc.wr_pntr_gc_reg[1]/Q
                         net (fo=1, routed)           0.353     0.732    dbg_hub/inst/BSCANID.u_xsdbm_id/CORE_XSDB.UUT_MASTER/U_ICON_INTERFACE/U_CMD6_WR/U_WR_FIFO/SUBCORE_FIFO.xsdbm_v3_0_0_wrfifo_inst/inst_fifo_gen/gconvfifo.rf/grf.rf/gntv_or_sync_fifo.gcx.clkx/gnxpm_cdc.gsync_stage[1].rd_stg_inst/Q[1]
    SLICE_X64Y62         FDCE                                         r  dbg_hub/inst/BSCANID.u_xsdbm_id/CORE_XSDB.UUT_MASTER/U_ICON_INTERFACE/U_CMD6_WR/U_WR_FIFO/SUBCORE_FIFO.xsdbm_v3_0_0_wrfifo_inst/inst_fifo_gen/gconvfifo.rf/grf.rf/gntv_or_sync_fifo.gcx.clkx/gnxpm_cdc.gsync_stage[1].rd_stg_inst/Q_reg_reg[1]/D
  -------------------------------------------------------------------    -------------------

                         max delay                   33.000    33.000    
    SLICE_X64Y62         FDCE (Setup_fdce_C_D)       -0.075    32.925    dbg_hub/inst/BSCANID.u_xsdbm_id/CORE_XSDB.UUT_MASTER/U_ICON_INTERFACE/U_CMD6_WR/U_WR_FIFO/SUBCORE_FIFO.xsdbm_v3_0_0_wrfifo_inst/inst_fifo_gen/gconvfifo.rf/grf.rf/gntv_or_sync_fifo.gcx.clkx/gnxpm_cdc.gsync_stage[1].rd_stg_inst/Q_reg_reg[1]
  -------------------------------------------------------------------
                         required time                         32.925    
                         arrival time                          -0.732    
  -------------------------------------------------------------------
                         slack                                 32.193    

Slack (MET) :             32.208ns  (required time - arrival time)
  Source:                 dbg_hub/inst/BSCANID.u_xsdbm_id/CORE_XSDB.UUT_MASTER/U_ICON_INTERFACE/U_CMD6_WR/U_WR_FIFO/SUBCORE_FIFO.xsdbm_v3_0_0_wrfifo_inst/inst_fifo_gen/gconvfifo.rf/grf.rf/gntv_or_sync_fifo.gcx.clkx/gnxpm_cdc.wr_pntr_gc_reg[0]/C
                            (rising edge-triggered cell FDCE clocked by dbg_hub/inst/BSCANID.u_xsdbm_id/SWITCH_N_EXT_BSCAN.bscan_inst/SERIES7_BSCAN.bscan_inst/TCK  {rise@0.000ns fall@16.500ns period=33.000ns})
  Destination:            dbg_hub/inst/BSCANID.u_xsdbm_id/CORE_XSDB.UUT_MASTER/U_ICON_INTERFACE/U_CMD6_WR/U_WR_FIFO/SUBCORE_FIFO.xsdbm_v3_0_0_wrfifo_inst/inst_fifo_gen/gconvfifo.rf/grf.rf/gntv_or_sync_fifo.gcx.clkx/gnxpm_cdc.gsync_stage[1].rd_stg_inst/Q_reg_reg[0]/D
                            (rising edge-triggered cell FDCE clocked by sys_clk  {rise@0.000ns fall@10.000ns period=20.000ns})
  Path Group:             sys_clk
  Path Type:              Setup (Max at Slow Process Corner)
  Requirement:            33.000ns  (MaxDelay Path 33.000ns)
  Data Path Delay:        0.717ns  (logic 0.379ns (52.828%)  route 0.338ns (47.172%))
  Logic Levels:           0  
  Timing Exception:       MaxDelay Path 33.000ns -datapath_only

    Location             Delay type                Incr(ns)  Path(ns)    Netlist Resource(s)
  -------------------------------------------------------------------    -------------------
    SLICE_X63Y62                                      0.000     0.000 r  dbg_hub/inst/BSCANID.u_xsdbm_id/CORE_XSDB.UUT_MASTER/U_ICON_INTERFACE/U_CMD6_WR/U_WR_FIFO/SUBCORE_FIFO.xsdbm_v3_0_0_wrfifo_inst/inst_fifo_gen/gconvfifo.rf/grf.rf/gntv_or_sync_fifo.gcx.clkx/gnxpm_cdc.wr_pntr_gc_reg[0]/C
    SLICE_X63Y62         FDCE (Prop_fdce_C_Q)         0.379     0.379 r  dbg_hub/inst/BSCANID.u_xsdbm_id/CORE_XSDB.UUT_MASTER/U_ICON_INTERFACE/U_CMD6_WR/U_WR_FIFO/SUBCORE_FIFO.xsdbm_v3_0_0_wrfifo_inst/inst_fifo_gen/gconvfifo.rf/grf.rf/gntv_or_sync_fifo.gcx.clkx/gnxpm_cdc.wr_pntr_gc_reg[0]/Q
                         net (fo=1, routed)           0.338     0.717    dbg_hub/inst/BSCANID.u_xsdbm_id/CORE_XSDB.UUT_MASTER/U_ICON_INTERFACE/U_CMD6_WR/U_WR_FIFO/SUBCORE_FIFO.xsdbm_v3_0_0_wrfifo_inst/inst_fifo_gen/gconvfifo.rf/grf.rf/gntv_or_sync_fifo.gcx.clkx/gnxpm_cdc.gsync_stage[1].rd_stg_inst/Q[0]
    SLICE_X63Y63         FDCE                                         r  dbg_hub/inst/BSCANID.u_xsdbm_id/CORE_XSDB.UUT_MASTER/U_ICON_INTERFACE/U_CMD6_WR/U_WR_FIFO/SUBCORE_FIFO.xsdbm_v3_0_0_wrfifo_inst/inst_fifo_gen/gconvfifo.rf/grf.rf/gntv_or_sync_fifo.gcx.clkx/gnxpm_cdc.gsync_stage[1].rd_stg_inst/Q_reg_reg[0]/D
  -------------------------------------------------------------------    -------------------

                         max delay                   33.000    33.000    
    SLICE_X63Y63         FDCE (Setup_fdce_C_D)       -0.075    32.925    dbg_hub/inst/BSCANID.u_xsdbm_id/CORE_XSDB.UUT_MASTER/U_ICON_INTERFACE/U_CMD6_WR/U_WR_FIFO/SUBCORE_FIFO.xsdbm_v3_0_0_wrfifo_inst/inst_fifo_gen/gconvfifo.rf/grf.rf/gntv_or_sync_fifo.gcx.clkx/gnxpm_cdc.gsync_stage[1].rd_stg_inst/Q_reg_reg[0]
  -------------------------------------------------------------------
                         required time                         32.925    
                         arrival time                          -0.717    
  -------------------------------------------------------------------
                         slack                                 32.208    





---------------------------------------------------------------------------------------------------
Path Group:  **async_default**
From Clock:  dbg_hub/inst/BSCANID.u_xsdbm_id/SWITCH_N_EXT_BSCAN.bscan_inst/SERIES7_BSCAN.bscan_inst/TCK
  To Clock:  dbg_hub/inst/BSCANID.u_xsdbm_id/SWITCH_N_EXT_BSCAN.bscan_inst/SERIES7_BSCAN.bscan_inst/TCK

Setup :            0  Failing Endpoints,  Worst Slack       29.571ns,  Total Violation        0.000ns
Hold  :            0  Failing Endpoints,  Worst Slack        0.377ns,  Total Violation        0.000ns
---------------------------------------------------------------------------------------------------


Max Delay Paths
--------------------------------------------------------------------------------------
Slack (MET) :             29.571ns  (required time - arrival time)
  Source:                 dbg_hub/inst/BSCANID.u_xsdbm_id/SWITCH_N_EXT_BSCAN.bscan_switch/state_reg[2]/C
                            (rising edge-triggered cell FDRE clocked by dbg_hub/inst/BSCANID.u_xsdbm_id/SWITCH_N_EXT_BSCAN.bscan_inst/SERIES7_BSCAN.bscan_inst/TCK  {rise@0.000ns fall@16.500ns period=33.000ns})
  Destination:            dbg_hub/inst/BSCANID.u_xsdbm_id/CORE_XSDB.U_ICON/U_CMD/iTARGET_reg[13]/CLR
                            (recovery check against rising-edge clock dbg_hub/inst/BSCANID.u_xsdbm_id/SWITCH_N_EXT_BSCAN.bscan_inst/SERIES7_BSCAN.bscan_inst/TCK  {rise@0.000ns fall@16.500ns period=33.000ns})
  Path Group:             **async_default**
  Path Type:              Recovery (Max at Slow Process Corner)
  Requirement:            33.000ns  (dbg_hub/inst/BSCANID.u_xsdbm_id/SWITCH_N_EXT_BSCAN.bscan_inst/SERIES7_BSCAN.bscan_inst/TCK rise@33.000ns - dbg_hub/inst/BSCANID.u_xsdbm_id/SWITCH_N_EXT_BSCAN.bscan_inst/SERIES7_BSCAN.bscan_inst/TCK rise@0.000ns)
  Data Path Delay:        3.007ns  (logic 0.693ns (23.048%)  route 2.314ns (76.952%))
  Logic Levels:           2  (LUT1=1 LUT4=1)
  Clock Path Skew:        -0.056ns (DCD - SCD + CPR)
    Destination Clock Delay (DCD):    3.027ns = ( 36.027 - 33.000 ) 
    Source Clock Delay      (SCD):    3.450ns
    Clock Pessimism Removal (CPR):    0.368ns
  Clock Uncertainty:      0.035ns  ((TSJ^2 + TIJ^2)^1/2 + DJ) / 2 + PE
    Total System Jitter     (TSJ):    0.071ns
    Total Input Jitter      (TIJ):    0.000ns
    Discrete Jitter          (DJ):    0.000ns
    Phase Error              (PE):    0.000ns

    Location             Delay type                Incr(ns)  Path(ns)    Netlist Resource(s)
  -------------------------------------------------------------------    -------------------
                         (clock dbg_hub/inst/BSCANID.u_xsdbm_id/SWITCH_N_EXT_BSCAN.bscan_inst/SERIES7_BSCAN.bscan_inst/TCK rise edge)
                                                      0.000     0.000 r  
    BSCAN_X0Y0           BSCANE2                      0.000     0.000 r  dbg_hub/inst/BSCANID.u_xsdbm_id/SWITCH_N_EXT_BSCAN.bscan_inst/SERIES7_BSCAN.bscan_inst/TCK
                         net (fo=1, routed)           1.937     1.937    dbg_hub/inst/BSCANID.u_xsdbm_id/tck_bs
    BUFGCTRL_X0Y1        BUFG (Prop_bufg_I_O)         0.085     2.022 r  dbg_hub/inst/BSCANID.u_xsdbm_id/SWITCH_N_EXT_BSCAN.u_bufg_icon_tck/O
                         net (fo=482, routed)         1.428     3.450    dbg_hub/inst/BSCANID.u_xsdbm_id/SWITCH_N_EXT_BSCAN.bscan_switch/s_bscan_tck
    SLICE_X63Y76         FDRE                                         r  dbg_hub/inst/BSCANID.u_xsdbm_id/SWITCH_N_EXT_BSCAN.bscan_switch/state_reg[2]/C
  -------------------------------------------------------------------    -------------------
    SLICE_X63Y76         FDRE (Prop_fdre_C_Q)         0.348     3.798 r  dbg_hub/inst/BSCANID.u_xsdbm_id/SWITCH_N_EXT_BSCAN.bscan_switch/state_reg[2]/Q
                         net (fo=50, routed)          1.374     5.173    dbg_hub/inst/BSCANID.u_xsdbm_id/SWITCH_N_EXT_BSCAN.bscan_switch/state[2]
    SLICE_X64Y72         LUT4 (Prop_lut4_I2_O)        0.240     5.413 r  dbg_hub/inst/BSCANID.u_xsdbm_id/SWITCH_N_EXT_BSCAN.bscan_switch/m_bscan_sel[0]_INST_0/O
                         net (fo=2, routed)           0.356     5.768    dbg_hub/inst/BSCANID.u_xsdbm_id/CORE_XSDB.U_ICON/U_CMD/iTARGET_reg[6]_0
    SLICE_X64Y72         LUT1 (Prop_lut1_I0_O)        0.105     5.873 f  dbg_hub/inst/BSCANID.u_xsdbm_id/CORE_XSDB.U_ICON/U_CMD/iTARGET[15]_i_2/O
                         net (fo=10, routed)          0.584     6.457    dbg_hub/inst/BSCANID.u_xsdbm_id/CORE_XSDB.U_ICON/U_CMD/iSEL_n
    SLICE_X63Y71         FDCE                                         f  dbg_hub/inst/BSCANID.u_xsdbm_id/CORE_XSDB.U_ICON/U_CMD/iTARGET_reg[13]/CLR
  -------------------------------------------------------------------    -------------------

                         (clock dbg_hub/inst/BSCANID.u_xsdbm_id/SWITCH_N_EXT_BSCAN.bscan_inst/SERIES7_BSCAN.bscan_inst/TCK rise edge)
                                                     33.000    33.000 r  
    BSCAN_X0Y0           BSCANE2                      0.000    33.000 r  dbg_hub/inst/BSCANID.u_xsdbm_id/SWITCH_N_EXT_BSCAN.bscan_inst/SERIES7_BSCAN.bscan_inst/TCK
                         net (fo=1, routed)           1.673    34.673    dbg_hub/inst/BSCANID.u_xsdbm_id/tck_bs
    BUFGCTRL_X0Y1        BUFG (Prop_bufg_I_O)         0.077    34.750 r  dbg_hub/inst/BSCANID.u_xsdbm_id/SWITCH_N_EXT_BSCAN.u_bufg_icon_tck/O
                         net (fo=482, routed)         1.276    36.027    dbg_hub/inst/BSCANID.u_xsdbm_id/CORE_XSDB.U_ICON/U_CMD/m_bscan_tck[0]
    SLICE_X63Y71         FDCE                                         r  dbg_hub/inst/BSCANID.u_xsdbm_id/CORE_XSDB.U_ICON/U_CMD/iTARGET_reg[13]/C
                         clock pessimism              0.368    36.394    
                         clock uncertainty           -0.035    36.359    
    SLICE_X63Y71         FDCE (Recov_fdce_C_CLR)     -0.331    36.028    dbg_hub/inst/BSCANID.u_xsdbm_id/CORE_XSDB.U_ICON/U_CMD/iTARGET_reg[13]
  -------------------------------------------------------------------
                         required time                         36.028    
                         arrival time                          -6.457    
  -------------------------------------------------------------------
                         slack                                 29.571    

Slack (MET) :             29.571ns  (required time - arrival time)
  Source:                 dbg_hub/inst/BSCANID.u_xsdbm_id/SWITCH_N_EXT_BSCAN.bscan_switch/state_reg[2]/C
                            (rising edge-triggered cell FDRE clocked by dbg_hub/inst/BSCANID.u_xsdbm_id/SWITCH_N_EXT_BSCAN.bscan_inst/SERIES7_BSCAN.bscan_inst/TCK  {rise@0.000ns fall@16.500ns period=33.000ns})
  Destination:            dbg_hub/inst/BSCANID.u_xsdbm_id/CORE_XSDB.U_ICON/U_CMD/iTARGET_reg[15]/CLR
                            (recovery check against rising-edge clock dbg_hub/inst/BSCANID.u_xsdbm_id/SWITCH_N_EXT_BSCAN.bscan_inst/SERIES7_BSCAN.bscan_inst/TCK  {rise@0.000ns fall@16.500ns period=33.000ns})
  Path Group:             **async_default**
  Path Type:              Recovery (Max at Slow Process Corner)
  Requirement:            33.000ns  (dbg_hub/inst/BSCANID.u_xsdbm_id/SWITCH_N_EXT_BSCAN.bscan_inst/SERIES7_BSCAN.bscan_inst/TCK rise@33.000ns - dbg_hub/inst/BSCANID.u_xsdbm_id/SWITCH_N_EXT_BSCAN.bscan_inst/SERIES7_BSCAN.bscan_inst/TCK rise@0.000ns)
  Data Path Delay:        3.007ns  (logic 0.693ns (23.048%)  route 2.314ns (76.952%))
  Logic Levels:           2  (LUT1=1 LUT4=1)
  Clock Path Skew:        -0.056ns (DCD - SCD + CPR)
    Destination Clock Delay (DCD):    3.027ns = ( 36.027 - 33.000 ) 
    Source Clock Delay      (SCD):    3.450ns
    Clock Pessimism Removal (CPR):    0.368ns
  Clock Uncertainty:      0.035ns  ((TSJ^2 + TIJ^2)^1/2 + DJ) / 2 + PE
    Total System Jitter     (TSJ):    0.071ns
    Total Input Jitter      (TIJ):    0.000ns
    Discrete Jitter          (DJ):    0.000ns
    Phase Error              (PE):    0.000ns

    Location             Delay type                Incr(ns)  Path(ns)    Netlist Resource(s)
  -------------------------------------------------------------------    -------------------
                         (clock dbg_hub/inst/BSCANID.u_xsdbm_id/SWITCH_N_EXT_BSCAN.bscan_inst/SERIES7_BSCAN.bscan_inst/TCK rise edge)
                                                      0.000     0.000 r  
    BSCAN_X0Y0           BSCANE2                      0.000     0.000 r  dbg_hub/inst/BSCANID.u_xsdbm_id/SWITCH_N_EXT_BSCAN.bscan_inst/SERIES7_BSCAN.bscan_inst/TCK
                         net (fo=1, routed)           1.937     1.937    dbg_hub/inst/BSCANID.u_xsdbm_id/tck_bs
    BUFGCTRL_X0Y1        BUFG (Prop_bufg_I_O)         0.085     2.022 r  dbg_hub/inst/BSCANID.u_xsdbm_id/SWITCH_N_EXT_BSCAN.u_bufg_icon_tck/O
                         net (fo=482, routed)         1.428     3.450    dbg_hub/inst/BSCANID.u_xsdbm_id/SWITCH_N_EXT_BSCAN.bscan_switch/s_bscan_tck
    SLICE_X63Y76         FDRE                                         r  dbg_hub/inst/BSCANID.u_xsdbm_id/SWITCH_N_EXT_BSCAN.bscan_switch/state_reg[2]/C
  -------------------------------------------------------------------    -------------------
    SLICE_X63Y76         FDRE (Prop_fdre_C_Q)         0.348     3.798 r  dbg_hub/inst/BSCANID.u_xsdbm_id/SWITCH_N_EXT_BSCAN.bscan_switch/state_reg[2]/Q
                         net (fo=50, routed)          1.374     5.173    dbg_hub/inst/BSCANID.u_xsdbm_id/SWITCH_N_EXT_BSCAN.bscan_switch/state[2]
    SLICE_X64Y72         LUT4 (Prop_lut4_I2_O)        0.240     5.413 r  dbg_hub/inst/BSCANID.u_xsdbm_id/SWITCH_N_EXT_BSCAN.bscan_switch/m_bscan_sel[0]_INST_0/O
                         net (fo=2, routed)           0.356     5.768    dbg_hub/inst/BSCANID.u_xsdbm_id/CORE_XSDB.U_ICON/U_CMD/iTARGET_reg[6]_0
    SLICE_X64Y72         LUT1 (Prop_lut1_I0_O)        0.105     5.873 f  dbg_hub/inst/BSCANID.u_xsdbm_id/CORE_XSDB.U_ICON/U_CMD/iTARGET[15]_i_2/O
                         net (fo=10, routed)          0.584     6.457    dbg_hub/inst/BSCANID.u_xsdbm_id/CORE_XSDB.U_ICON/U_CMD/iSEL_n
    SLICE_X63Y71         FDCE                                         f  dbg_hub/inst/BSCANID.u_xsdbm_id/CORE_XSDB.U_ICON/U_CMD/iTARGET_reg[15]/CLR
  -------------------------------------------------------------------    -------------------

                         (clock dbg_hub/inst/BSCANID.u_xsdbm_id/SWITCH_N_EXT_BSCAN.bscan_inst/SERIES7_BSCAN.bscan_inst/TCK rise edge)
                                                     33.000    33.000 r  
    BSCAN_X0Y0           BSCANE2                      0.000    33.000 r  dbg_hub/inst/BSCANID.u_xsdbm_id/SWITCH_N_EXT_BSCAN.bscan_inst/SERIES7_BSCAN.bscan_inst/TCK
                         net (fo=1, routed)           1.673    34.673    dbg_hub/inst/BSCANID.u_xsdbm_id/tck_bs
    BUFGCTRL_X0Y1        BUFG (Prop_bufg_I_O)         0.077    34.750 r  dbg_hub/inst/BSCANID.u_xsdbm_id/SWITCH_N_EXT_BSCAN.u_bufg_icon_tck/O
                         net (fo=482, routed)         1.276    36.027    dbg_hub/inst/BSCANID.u_xsdbm_id/CORE_XSDB.U_ICON/U_CMD/m_bscan_tck[0]
    SLICE_X63Y71         FDCE                                         r  dbg_hub/inst/BSCANID.u_xsdbm_id/CORE_XSDB.U_ICON/U_CMD/iTARGET_reg[15]/C
                         clock pessimism              0.368    36.394    
                         clock uncertainty           -0.035    36.359    
    SLICE_X63Y71         FDCE (Recov_fdce_C_CLR)     -0.331    36.028    dbg_hub/inst/BSCANID.u_xsdbm_id/CORE_XSDB.U_ICON/U_CMD/iTARGET_reg[15]
  -------------------------------------------------------------------
                         required time                         36.028    
                         arrival time                          -6.457    
  -------------------------------------------------------------------
                         slack                                 29.571    

Slack (MET) :             29.644ns  (required time - arrival time)
  Source:                 dbg_hub/inst/BSCANID.u_xsdbm_id/SWITCH_N_EXT_BSCAN.bscan_switch/state_reg[2]/C
                            (rising edge-triggered cell FDRE clocked by dbg_hub/inst/BSCANID.u_xsdbm_id/SWITCH_N_EXT_BSCAN.bscan_inst/SERIES7_BSCAN.bscan_inst/TCK  {rise@0.000ns fall@16.500ns period=33.000ns})
  Destination:            dbg_hub/inst/BSCANID.u_xsdbm_id/CORE_XSDB.U_ICON/U_CMD/iTARGET_reg[14]/CLR
                            (recovery check against rising-edge clock dbg_hub/inst/BSCANID.u_xsdbm_id/SWITCH_N_EXT_BSCAN.bscan_inst/SERIES7_BSCAN.bscan_inst/TCK  {rise@0.000ns fall@16.500ns period=33.000ns})
  Path Group:             **async_default**
  Path Type:              Recovery (Max at Slow Process Corner)
  Requirement:            33.000ns  (dbg_hub/inst/BSCANID.u_xsdbm_id/SWITCH_N_EXT_BSCAN.bscan_inst/SERIES7_BSCAN.bscan_inst/TCK rise@33.000ns - dbg_hub/inst/BSCANID.u_xsdbm_id/SWITCH_N_EXT_BSCAN.bscan_inst/SERIES7_BSCAN.bscan_inst/TCK rise@0.000ns)
  Data Path Delay:        3.007ns  (logic 0.693ns (23.048%)  route 2.314ns (76.952%))
  Logic Levels:           2  (LUT1=1 LUT4=1)
  Clock Path Skew:        -0.056ns (DCD - SCD + CPR)
    Destination Clock Delay (DCD):    3.027ns = ( 36.027 - 33.000 ) 
    Source Clock Delay      (SCD):    3.450ns
    Clock Pessimism Removal (CPR):    0.368ns
  Clock Uncertainty:      0.035ns  ((TSJ^2 + TIJ^2)^1/2 + DJ) / 2 + PE
    Total System Jitter     (TSJ):    0.071ns
    Total Input Jitter      (TIJ):    0.000ns
    Discrete Jitter          (DJ):    0.000ns
    Phase Error              (PE):    0.000ns

    Location             Delay type                Incr(ns)  Path(ns)    Netlist Resource(s)
  -------------------------------------------------------------------    -------------------
                         (clock dbg_hub/inst/BSCANID.u_xsdbm_id/SWITCH_N_EXT_BSCAN.bscan_inst/SERIES7_BSCAN.bscan_inst/TCK rise edge)
                                                      0.000     0.000 r  
    BSCAN_X0Y0           BSCANE2                      0.000     0.000 r  dbg_hub/inst/BSCANID.u_xsdbm_id/SWITCH_N_EXT_BSCAN.bscan_inst/SERIES7_BSCAN.bscan_inst/TCK
                         net (fo=1, routed)           1.937     1.937    dbg_hub/inst/BSCANID.u_xsdbm_id/tck_bs
    BUFGCTRL_X0Y1        BUFG (Prop_bufg_I_O)         0.085     2.022 r  dbg_hub/inst/BSCANID.u_xsdbm_id/SWITCH_N_EXT_BSCAN.u_bufg_icon_tck/O
                         net (fo=482, routed)         1.428     3.450    dbg_hub/inst/BSCANID.u_xsdbm_id/SWITCH_N_EXT_BSCAN.bscan_switch/s_bscan_tck
    SLICE_X63Y76         FDRE                                         r  dbg_hub/inst/BSCANID.u_xsdbm_id/SWITCH_N_EXT_BSCAN.bscan_switch/state_reg[2]/C
  -------------------------------------------------------------------    -------------------
    SLICE_X63Y76         FDRE (Prop_fdre_C_Q)         0.348     3.798 r  dbg_hub/inst/BSCANID.u_xsdbm_id/SWITCH_N_EXT_BSCAN.bscan_switch/state_reg[2]/Q
                         net (fo=50, routed)          1.374     5.173    dbg_hub/inst/BSCANID.u_xsdbm_id/SWITCH_N_EXT_BSCAN.bscan_switch/state[2]
    SLICE_X64Y72         LUT4 (Prop_lut4_I2_O)        0.240     5.413 r  dbg_hub/inst/BSCANID.u_xsdbm_id/SWITCH_N_EXT_BSCAN.bscan_switch/m_bscan_sel[0]_INST_0/O
                         net (fo=2, routed)           0.356     5.768    dbg_hub/inst/BSCANID.u_xsdbm_id/CORE_XSDB.U_ICON/U_CMD/iTARGET_reg[6]_0
    SLICE_X64Y72         LUT1 (Prop_lut1_I0_O)        0.105     5.873 f  dbg_hub/inst/BSCANID.u_xsdbm_id/CORE_XSDB.U_ICON/U_CMD/iTARGET[15]_i_2/O
                         net (fo=10, routed)          0.584     6.457    dbg_hub/inst/BSCANID.u_xsdbm_id/CORE_XSDB.U_ICON/U_CMD/iSEL_n
    SLICE_X62Y71         FDCE                                         f  dbg_hub/inst/BSCANID.u_xsdbm_id/CORE_XSDB.U_ICON/U_CMD/iTARGET_reg[14]/CLR
  -------------------------------------------------------------------    -------------------

                         (clock dbg_hub/inst/BSCANID.u_xsdbm_id/SWITCH_N_EXT_BSCAN.bscan_inst/SERIES7_BSCAN.bscan_inst/TCK rise edge)
                                                     33.000    33.000 r  
    BSCAN_X0Y0           BSCANE2                      0.000    33.000 r  dbg_hub/inst/BSCANID.u_xsdbm_id/SWITCH_N_EXT_BSCAN.bscan_inst/SERIES7_BSCAN.bscan_inst/TCK
                         net (fo=1, routed)           1.673    34.673    dbg_hub/inst/BSCANID.u_xsdbm_id/tck_bs
    BUFGCTRL_X0Y1        BUFG (Prop_bufg_I_O)         0.077    34.750 r  dbg_hub/inst/BSCANID.u_xsdbm_id/SWITCH_N_EXT_BSCAN.u_bufg_icon_tck/O
                         net (fo=482, routed)         1.276    36.027    dbg_hub/inst/BSCANID.u_xsdbm_id/CORE_XSDB.U_ICON/U_CMD/m_bscan_tck[0]
    SLICE_X62Y71         FDCE                                         r  dbg_hub/inst/BSCANID.u_xsdbm_id/CORE_XSDB.U_ICON/U_CMD/iTARGET_reg[14]/C
                         clock pessimism              0.368    36.394    
                         clock uncertainty           -0.035    36.359    
    SLICE_X62Y71         FDCE (Recov_fdce_C_CLR)     -0.258    36.101    dbg_hub/inst/BSCANID.u_xsdbm_id/CORE_XSDB.U_ICON/U_CMD/iTARGET_reg[14]
  -------------------------------------------------------------------
                         required time                         36.101    
                         arrival time                          -6.457    
  -------------------------------------------------------------------
                         slack                                 29.644    

Slack (MET) :             29.644ns  (required time - arrival time)
  Source:                 dbg_hub/inst/BSCANID.u_xsdbm_id/SWITCH_N_EXT_BSCAN.bscan_switch/state_reg[2]/C
                            (rising edge-triggered cell FDRE clocked by dbg_hub/inst/BSCANID.u_xsdbm_id/SWITCH_N_EXT_BSCAN.bscan_inst/SERIES7_BSCAN.bscan_inst/TCK  {rise@0.000ns fall@16.500ns period=33.000ns})
  Destination:            dbg_hub/inst/BSCANID.u_xsdbm_id/CORE_XSDB.U_ICON/U_CMD/iTARGET_reg[6]/CLR
                            (recovery check against rising-edge clock dbg_hub/inst/BSCANID.u_xsdbm_id/SWITCH_N_EXT_BSCAN.bscan_inst/SERIES7_BSCAN.bscan_inst/TCK  {rise@0.000ns fall@16.500ns period=33.000ns})
  Path Group:             **async_default**
  Path Type:              Recovery (Max at Slow Process Corner)
  Requirement:            33.000ns  (dbg_hub/inst/BSCANID.u_xsdbm_id/SWITCH_N_EXT_BSCAN.bscan_inst/SERIES7_BSCAN.bscan_inst/TCK rise@33.000ns - dbg_hub/inst/BSCANID.u_xsdbm_id/SWITCH_N_EXT_BSCAN.bscan_inst/SERIES7_BSCAN.bscan_inst/TCK rise@0.000ns)
  Data Path Delay:        3.007ns  (logic 0.693ns (23.048%)  route 2.314ns (76.952%))
  Logic Levels:           2  (LUT1=1 LUT4=1)
  Clock Path Skew:        -0.056ns (DCD - SCD + CPR)
    Destination Clock Delay (DCD):    3.027ns = ( 36.027 - 33.000 ) 
    Source Clock Delay      (SCD):    3.450ns
    Clock Pessimism Removal (CPR):    0.368ns
  Clock Uncertainty:      0.035ns  ((TSJ^2 + TIJ^2)^1/2 + DJ) / 2 + PE
    Total System Jitter     (TSJ):    0.071ns
    Total Input Jitter      (TIJ):    0.000ns
    Discrete Jitter          (DJ):    0.000ns
    Phase Error              (PE):    0.000ns

    Location             Delay type                Incr(ns)  Path(ns)    Netlist Resource(s)
  -------------------------------------------------------------------    -------------------
                         (clock dbg_hub/inst/BSCANID.u_xsdbm_id/SWITCH_N_EXT_BSCAN.bscan_inst/SERIES7_BSCAN.bscan_inst/TCK rise edge)
                                                      0.000     0.000 r  
    BSCAN_X0Y0           BSCANE2                      0.000     0.000 r  dbg_hub/inst/BSCANID.u_xsdbm_id/SWITCH_N_EXT_BSCAN.bscan_inst/SERIES7_BSCAN.bscan_inst/TCK
                         net (fo=1, routed)           1.937     1.937    dbg_hub/inst/BSCANID.u_xsdbm_id/tck_bs
    BUFGCTRL_X0Y1        BUFG (Prop_bufg_I_O)         0.085     2.022 r  dbg_hub/inst/BSCANID.u_xsdbm_id/SWITCH_N_EXT_BSCAN.u_bufg_icon_tck/O
                         net (fo=482, routed)         1.428     3.450    dbg_hub/inst/BSCANID.u_xsdbm_id/SWITCH_N_EXT_BSCAN.bscan_switch/s_bscan_tck
    SLICE_X63Y76         FDRE                                         r  dbg_hub/inst/BSCANID.u_xsdbm_id/SWITCH_N_EXT_BSCAN.bscan_switch/state_reg[2]/C
  -------------------------------------------------------------------    -------------------
    SLICE_X63Y76         FDRE (Prop_fdre_C_Q)         0.348     3.798 r  dbg_hub/inst/BSCANID.u_xsdbm_id/SWITCH_N_EXT_BSCAN.bscan_switch/state_reg[2]/Q
                         net (fo=50, routed)          1.374     5.173    dbg_hub/inst/BSCANID.u_xsdbm_id/SWITCH_N_EXT_BSCAN.bscan_switch/state[2]
    SLICE_X64Y72         LUT4 (Prop_lut4_I2_O)        0.240     5.413 r  dbg_hub/inst/BSCANID.u_xsdbm_id/SWITCH_N_EXT_BSCAN.bscan_switch/m_bscan_sel[0]_INST_0/O
                         net (fo=2, routed)           0.356     5.768    dbg_hub/inst/BSCANID.u_xsdbm_id/CORE_XSDB.U_ICON/U_CMD/iTARGET_reg[6]_0
    SLICE_X64Y72         LUT1 (Prop_lut1_I0_O)        0.105     5.873 f  dbg_hub/inst/BSCANID.u_xsdbm_id/CORE_XSDB.U_ICON/U_CMD/iTARGET[15]_i_2/O
                         net (fo=10, routed)          0.584     6.457    dbg_hub/inst/BSCANID.u_xsdbm_id/CORE_XSDB.U_ICON/U_CMD/iSEL_n
    SLICE_X62Y71         FDCE                                         f  dbg_hub/inst/BSCANID.u_xsdbm_id/CORE_XSDB.U_ICON/U_CMD/iTARGET_reg[6]/CLR
  -------------------------------------------------------------------    -------------------

                         (clock dbg_hub/inst/BSCANID.u_xsdbm_id/SWITCH_N_EXT_BSCAN.bscan_inst/SERIES7_BSCAN.bscan_inst/TCK rise edge)
                                                     33.000    33.000 r  
    BSCAN_X0Y0           BSCANE2                      0.000    33.000 r  dbg_hub/inst/BSCANID.u_xsdbm_id/SWITCH_N_EXT_BSCAN.bscan_inst/SERIES7_BSCAN.bscan_inst/TCK
                         net (fo=1, routed)           1.673    34.673    dbg_hub/inst/BSCANID.u_xsdbm_id/tck_bs
    BUFGCTRL_X0Y1        BUFG (Prop_bufg_I_O)         0.077    34.750 r  dbg_hub/inst/BSCANID.u_xsdbm_id/SWITCH_N_EXT_BSCAN.u_bufg_icon_tck/O
                         net (fo=482, routed)         1.276    36.027    dbg_hub/inst/BSCANID.u_xsdbm_id/CORE_XSDB.U_ICON/U_CMD/m_bscan_tck[0]
    SLICE_X62Y71         FDCE                                         r  dbg_hub/inst/BSCANID.u_xsdbm_id/CORE_XSDB.U_ICON/U_CMD/iTARGET_reg[6]/C
                         clock pessimism              0.368    36.394    
                         clock uncertainty           -0.035    36.359    
    SLICE_X62Y71         FDCE (Recov_fdce_C_CLR)     -0.258    36.101    dbg_hub/inst/BSCANID.u_xsdbm_id/CORE_XSDB.U_ICON/U_CMD/iTARGET_reg[6]
  -------------------------------------------------------------------
                         required time                         36.101    
                         arrival time                          -6.457    
  -------------------------------------------------------------------
                         slack                                 29.644    

Slack (MET) :             29.644ns  (required time - arrival time)
  Source:                 dbg_hub/inst/BSCANID.u_xsdbm_id/SWITCH_N_EXT_BSCAN.bscan_switch/state_reg[2]/C
                            (rising edge-triggered cell FDRE clocked by dbg_hub/inst/BSCANID.u_xsdbm_id/SWITCH_N_EXT_BSCAN.bscan_inst/SERIES7_BSCAN.bscan_inst/TCK  {rise@0.000ns fall@16.500ns period=33.000ns})
  Destination:            dbg_hub/inst/BSCANID.u_xsdbm_id/CORE_XSDB.U_ICON/U_CMD/iTARGET_reg[7]/CLR
                            (recovery check against rising-edge clock dbg_hub/inst/BSCANID.u_xsdbm_id/SWITCH_N_EXT_BSCAN.bscan_inst/SERIES7_BSCAN.bscan_inst/TCK  {rise@0.000ns fall@16.500ns period=33.000ns})
  Path Group:             **async_default**
  Path Type:              Recovery (Max at Slow Process Corner)
  Requirement:            33.000ns  (dbg_hub/inst/BSCANID.u_xsdbm_id/SWITCH_N_EXT_BSCAN.bscan_inst/SERIES7_BSCAN.bscan_inst/TCK rise@33.000ns - dbg_hub/inst/BSCANID.u_xsdbm_id/SWITCH_N_EXT_BSCAN.bscan_inst/SERIES7_BSCAN.bscan_inst/TCK rise@0.000ns)
  Data Path Delay:        3.007ns  (logic 0.693ns (23.048%)  route 2.314ns (76.952%))
  Logic Levels:           2  (LUT1=1 LUT4=1)
  Clock Path Skew:        -0.056ns (DCD - SCD + CPR)
    Destination Clock Delay (DCD):    3.027ns = ( 36.027 - 33.000 ) 
    Source Clock Delay      (SCD):    3.450ns
    Clock Pessimism Removal (CPR):    0.368ns
  Clock Uncertainty:      0.035ns  ((TSJ^2 + TIJ^2)^1/2 + DJ) / 2 + PE
    Total System Jitter     (TSJ):    0.071ns
    Total Input Jitter      (TIJ):    0.000ns
    Discrete Jitter          (DJ):    0.000ns
    Phase Error              (PE):    0.000ns

    Location             Delay type                Incr(ns)  Path(ns)    Netlist Resource(s)
  -------------------------------------------------------------------    -------------------
                         (clock dbg_hub/inst/BSCANID.u_xsdbm_id/SWITCH_N_EXT_BSCAN.bscan_inst/SERIES7_BSCAN.bscan_inst/TCK rise edge)
                                                      0.000     0.000 r  
    BSCAN_X0Y0           BSCANE2                      0.000     0.000 r  dbg_hub/inst/BSCANID.u_xsdbm_id/SWITCH_N_EXT_BSCAN.bscan_inst/SERIES7_BSCAN.bscan_inst/TCK
                         net (fo=1, routed)           1.937     1.937    dbg_hub/inst/BSCANID.u_xsdbm_id/tck_bs
    BUFGCTRL_X0Y1        BUFG (Prop_bufg_I_O)         0.085     2.022 r  dbg_hub/inst/BSCANID.u_xsdbm_id/SWITCH_N_EXT_BSCAN.u_bufg_icon_tck/O
                         net (fo=482, routed)         1.428     3.450    dbg_hub/inst/BSCANID.u_xsdbm_id/SWITCH_N_EXT_BSCAN.bscan_switch/s_bscan_tck
    SLICE_X63Y76         FDRE                                         r  dbg_hub/inst/BSCANID.u_xsdbm_id/SWITCH_N_EXT_BSCAN.bscan_switch/state_reg[2]/C
  -------------------------------------------------------------------    -------------------
    SLICE_X63Y76         FDRE (Prop_fdre_C_Q)         0.348     3.798 r  dbg_hub/inst/BSCANID.u_xsdbm_id/SWITCH_N_EXT_BSCAN.bscan_switch/state_reg[2]/Q
                         net (fo=50, routed)          1.374     5.173    dbg_hub/inst/BSCANID.u_xsdbm_id/SWITCH_N_EXT_BSCAN.bscan_switch/state[2]
    SLICE_X64Y72         LUT4 (Prop_lut4_I2_O)        0.240     5.413 r  dbg_hub/inst/BSCANID.u_xsdbm_id/SWITCH_N_EXT_BSCAN.bscan_switch/m_bscan_sel[0]_INST_0/O
                         net (fo=2, routed)           0.356     5.768    dbg_hub/inst/BSCANID.u_xsdbm_id/CORE_XSDB.U_ICON/U_CMD/iTARGET_reg[6]_0
    SLICE_X64Y72         LUT1 (Prop_lut1_I0_O)        0.105     5.873 f  dbg_hub/inst/BSCANID.u_xsdbm_id/CORE_XSDB.U_ICON/U_CMD/iTARGET[15]_i_2/O
                         net (fo=10, routed)          0.584     6.457    dbg_hub/inst/BSCANID.u_xsdbm_id/CORE_XSDB.U_ICON/U_CMD/iSEL_n
    SLICE_X62Y71         FDCE                                         f  dbg_hub/inst/BSCANID.u_xsdbm_id/CORE_XSDB.U_ICON/U_CMD/iTARGET_reg[7]/CLR
  -------------------------------------------------------------------    -------------------

                         (clock dbg_hub/inst/BSCANID.u_xsdbm_id/SWITCH_N_EXT_BSCAN.bscan_inst/SERIES7_BSCAN.bscan_inst/TCK rise edge)
                                                     33.000    33.000 r  
    BSCAN_X0Y0           BSCANE2                      0.000    33.000 r  dbg_hub/inst/BSCANID.u_xsdbm_id/SWITCH_N_EXT_BSCAN.bscan_inst/SERIES7_BSCAN.bscan_inst/TCK
                         net (fo=1, routed)           1.673    34.673    dbg_hub/inst/BSCANID.u_xsdbm_id/tck_bs
    BUFGCTRL_X0Y1        BUFG (Prop_bufg_I_O)         0.077    34.750 r  dbg_hub/inst/BSCANID.u_xsdbm_id/SWITCH_N_EXT_BSCAN.u_bufg_icon_tck/O
                         net (fo=482, routed)         1.276    36.027    dbg_hub/inst/BSCANID.u_xsdbm_id/CORE_XSDB.U_ICON/U_CMD/m_bscan_tck[0]
    SLICE_X62Y71         FDCE                                         r  dbg_hub/inst/BSCANID.u_xsdbm_id/CORE_XSDB.U_ICON/U_CMD/iTARGET_reg[7]/C
                         clock pessimism              0.368    36.394    
                         clock uncertainty           -0.035    36.359    
    SLICE_X62Y71         FDCE (Recov_fdce_C_CLR)     -0.258    36.101    dbg_hub/inst/BSCANID.u_xsdbm_id/CORE_XSDB.U_ICON/U_CMD/iTARGET_reg[7]
  -------------------------------------------------------------------
                         required time                         36.101    
                         arrival time                          -6.457    
  -------------------------------------------------------------------
                         slack                                 29.644    

Slack (MET) :             29.644ns  (required time - arrival time)
  Source:                 dbg_hub/inst/BSCANID.u_xsdbm_id/SWITCH_N_EXT_BSCAN.bscan_switch/state_reg[2]/C
                            (rising edge-triggered cell FDRE clocked by dbg_hub/inst/BSCANID.u_xsdbm_id/SWITCH_N_EXT_BSCAN.bscan_inst/SERIES7_BSCAN.bscan_inst/TCK  {rise@0.000ns fall@16.500ns period=33.000ns})
  Destination:            dbg_hub/inst/BSCANID.u_xsdbm_id/CORE_XSDB.U_ICON/U_CMD/iTARGET_reg[8]/CLR
                            (recovery check against rising-edge clock dbg_hub/inst/BSCANID.u_xsdbm_id/SWITCH_N_EXT_BSCAN.bscan_inst/SERIES7_BSCAN.bscan_inst/TCK  {rise@0.000ns fall@16.500ns period=33.000ns})
  Path Group:             **async_default**
  Path Type:              Recovery (Max at Slow Process Corner)
  Requirement:            33.000ns  (dbg_hub/inst/BSCANID.u_xsdbm_id/SWITCH_N_EXT_BSCAN.bscan_inst/SERIES7_BSCAN.bscan_inst/TCK rise@33.000ns - dbg_hub/inst/BSCANID.u_xsdbm_id/SWITCH_N_EXT_BSCAN.bscan_inst/SERIES7_BSCAN.bscan_inst/TCK rise@0.000ns)
  Data Path Delay:        3.007ns  (logic 0.693ns (23.048%)  route 2.314ns (76.952%))
  Logic Levels:           2  (LUT1=1 LUT4=1)
  Clock Path Skew:        -0.056ns (DCD - SCD + CPR)
    Destination Clock Delay (DCD):    3.027ns = ( 36.027 - 33.000 ) 
    Source Clock Delay      (SCD):    3.450ns
    Clock Pessimism Removal (CPR):    0.368ns
  Clock Uncertainty:      0.035ns  ((TSJ^2 + TIJ^2)^1/2 + DJ) / 2 + PE
    Total System Jitter     (TSJ):    0.071ns
    Total Input Jitter      (TIJ):    0.000ns
    Discrete Jitter          (DJ):    0.000ns
    Phase Error              (PE):    0.000ns

    Location             Delay type                Incr(ns)  Path(ns)    Netlist Resource(s)
  -------------------------------------------------------------------    -------------------
                         (clock dbg_hub/inst/BSCANID.u_xsdbm_id/SWITCH_N_EXT_BSCAN.bscan_inst/SERIES7_BSCAN.bscan_inst/TCK rise edge)
                                                      0.000     0.000 r  
    BSCAN_X0Y0           BSCANE2                      0.000     0.000 r  dbg_hub/inst/BSCANID.u_xsdbm_id/SWITCH_N_EXT_BSCAN.bscan_inst/SERIES7_BSCAN.bscan_inst/TCK
                         net (fo=1, routed)           1.937     1.937    dbg_hub/inst/BSCANID.u_xsdbm_id/tck_bs
    BUFGCTRL_X0Y1        BUFG (Prop_bufg_I_O)         0.085     2.022 r  dbg_hub/inst/BSCANID.u_xsdbm_id/SWITCH_N_EXT_BSCAN.u_bufg_icon_tck/O
                         net (fo=482, routed)         1.428     3.450    dbg_hub/inst/BSCANID.u_xsdbm_id/SWITCH_N_EXT_BSCAN.bscan_switch/s_bscan_tck
    SLICE_X63Y76         FDRE                                         r  dbg_hub/inst/BSCANID.u_xsdbm_id/SWITCH_N_EXT_BSCAN.bscan_switch/state_reg[2]/C
  -------------------------------------------------------------------    -------------------
    SLICE_X63Y76         FDRE (Prop_fdre_C_Q)         0.348     3.798 r  dbg_hub/inst/BSCANID.u_xsdbm_id/SWITCH_N_EXT_BSCAN.bscan_switch/state_reg[2]/Q
                         net (fo=50, routed)          1.374     5.173    dbg_hub/inst/BSCANID.u_xsdbm_id/SWITCH_N_EXT_BSCAN.bscan_switch/state[2]
    SLICE_X64Y72         LUT4 (Prop_lut4_I2_O)        0.240     5.413 r  dbg_hub/inst/BSCANID.u_xsdbm_id/SWITCH_N_EXT_BSCAN.bscan_switch/m_bscan_sel[0]_INST_0/O
                         net (fo=2, routed)           0.356     5.768    dbg_hub/inst/BSCANID.u_xsdbm_id/CORE_XSDB.U_ICON/U_CMD/iTARGET_reg[6]_0
    SLICE_X64Y72         LUT1 (Prop_lut1_I0_O)        0.105     5.873 f  dbg_hub/inst/BSCANID.u_xsdbm_id/CORE_XSDB.U_ICON/U_CMD/iTARGET[15]_i_2/O
                         net (fo=10, routed)          0.584     6.457    dbg_hub/inst/BSCANID.u_xsdbm_id/CORE_XSDB.U_ICON/U_CMD/iSEL_n
    SLICE_X62Y71         FDCE                                         f  dbg_hub/inst/BSCANID.u_xsdbm_id/CORE_XSDB.U_ICON/U_CMD/iTARGET_reg[8]/CLR
  -------------------------------------------------------------------    -------------------

                         (clock dbg_hub/inst/BSCANID.u_xsdbm_id/SWITCH_N_EXT_BSCAN.bscan_inst/SERIES7_BSCAN.bscan_inst/TCK rise edge)
                                                     33.000    33.000 r  
    BSCAN_X0Y0           BSCANE2                      0.000    33.000 r  dbg_hub/inst/BSCANID.u_xsdbm_id/SWITCH_N_EXT_BSCAN.bscan_inst/SERIES7_BSCAN.bscan_inst/TCK
                         net (fo=1, routed)           1.673    34.673    dbg_hub/inst/BSCANID.u_xsdbm_id/tck_bs
    BUFGCTRL_X0Y1        BUFG (Prop_bufg_I_O)         0.077    34.750 r  dbg_hub/inst/BSCANID.u_xsdbm_id/SWITCH_N_EXT_BSCAN.u_bufg_icon_tck/O
                         net (fo=482, routed)         1.276    36.027    dbg_hub/inst/BSCANID.u_xsdbm_id/CORE_XSDB.U_ICON/U_CMD/m_bscan_tck[0]
    SLICE_X62Y71         FDCE                                         r  dbg_hub/inst/BSCANID.u_xsdbm_id/CORE_XSDB.U_ICON/U_CMD/iTARGET_reg[8]/C
                         clock pessimism              0.368    36.394    
                         clock uncertainty           -0.035    36.359    
    SLICE_X62Y71         FDCE (Recov_fdce_C_CLR)     -0.258    36.101    dbg_hub/inst/BSCANID.u_xsdbm_id/CORE_XSDB.U_ICON/U_CMD/iTARGET_reg[8]
  -------------------------------------------------------------------
                         required time                         36.101    
                         arrival time                          -6.457    
  -------------------------------------------------------------------
                         slack                                 29.644    

Slack (MET) :             29.764ns  (required time - arrival time)
  Source:                 dbg_hub/inst/BSCANID.u_xsdbm_id/SWITCH_N_EXT_BSCAN.bscan_switch/state_reg[2]/C
                            (rising edge-triggered cell FDRE clocked by dbg_hub/inst/BSCANID.u_xsdbm_id/SWITCH_N_EXT_BSCAN.bscan_inst/SERIES7_BSCAN.bscan_inst/TCK  {rise@0.000ns fall@16.500ns period=33.000ns})
  Destination:            dbg_hub/inst/BSCANID.u_xsdbm_id/CORE_XSDB.U_ICON/U_CMD/iTARGET_reg[10]/CLR
                            (recovery check against rising-edge clock dbg_hub/inst/BSCANID.u_xsdbm_id/SWITCH_N_EXT_BSCAN.bscan_inst/SERIES7_BSCAN.bscan_inst/TCK  {rise@0.000ns fall@16.500ns period=33.000ns})
  Path Group:             **async_default**
  Path Type:              Recovery (Max at Slow Process Corner)
  Requirement:            33.000ns  (dbg_hub/inst/BSCANID.u_xsdbm_id/SWITCH_N_EXT_BSCAN.bscan_inst/SERIES7_BSCAN.bscan_inst/TCK rise@33.000ns - dbg_hub/inst/BSCANID.u_xsdbm_id/SWITCH_N_EXT_BSCAN.bscan_inst/SERIES7_BSCAN.bscan_inst/TCK rise@0.000ns)
  Data Path Delay:        2.887ns  (logic 0.693ns (24.005%)  route 2.194ns (75.995%))
  Logic Levels:           2  (LUT1=1 LUT4=1)
  Clock Path Skew:        -0.056ns (DCD - SCD + CPR)
    Destination Clock Delay (DCD):    3.027ns = ( 36.027 - 33.000 ) 
    Source Clock Delay      (SCD):    3.450ns
    Clock Pessimism Removal (CPR):    0.368ns
  Clock Uncertainty:      0.035ns  ((TSJ^2 + TIJ^2)^1/2 + DJ) / 2 + PE
    Total System Jitter     (TSJ):    0.071ns
    Total Input Jitter      (TIJ):    0.000ns
    Discrete Jitter          (DJ):    0.000ns
    Phase Error              (PE):    0.000ns

    Location             Delay type                Incr(ns)  Path(ns)    Netlist Resource(s)
  -------------------------------------------------------------------    -------------------
                         (clock dbg_hub/inst/BSCANID.u_xsdbm_id/SWITCH_N_EXT_BSCAN.bscan_inst/SERIES7_BSCAN.bscan_inst/TCK rise edge)
                                                      0.000     0.000 r  
    BSCAN_X0Y0           BSCANE2                      0.000     0.000 r  dbg_hub/inst/BSCANID.u_xsdbm_id/SWITCH_N_EXT_BSCAN.bscan_inst/SERIES7_BSCAN.bscan_inst/TCK
                         net (fo=1, routed)           1.937     1.937    dbg_hub/inst/BSCANID.u_xsdbm_id/tck_bs
    BUFGCTRL_X0Y1        BUFG (Prop_bufg_I_O)         0.085     2.022 r  dbg_hub/inst/BSCANID.u_xsdbm_id/SWITCH_N_EXT_BSCAN.u_bufg_icon_tck/O
                         net (fo=482, routed)         1.428     3.450    dbg_hub/inst/BSCANID.u_xsdbm_id/SWITCH_N_EXT_BSCAN.bscan_switch/s_bscan_tck
    SLICE_X63Y76         FDRE                                         r  dbg_hub/inst/BSCANID.u_xsdbm_id/SWITCH_N_EXT_BSCAN.bscan_switch/state_reg[2]/C
  -------------------------------------------------------------------    -------------------
    SLICE_X63Y76         FDRE (Prop_fdre_C_Q)         0.348     3.798 r  dbg_hub/inst/BSCANID.u_xsdbm_id/SWITCH_N_EXT_BSCAN.bscan_switch/state_reg[2]/Q
                         net (fo=50, routed)          1.374     5.173    dbg_hub/inst/BSCANID.u_xsdbm_id/SWITCH_N_EXT_BSCAN.bscan_switch/state[2]
    SLICE_X64Y72         LUT4 (Prop_lut4_I2_O)        0.240     5.413 r  dbg_hub/inst/BSCANID.u_xsdbm_id/SWITCH_N_EXT_BSCAN.bscan_switch/m_bscan_sel[0]_INST_0/O
                         net (fo=2, routed)           0.356     5.768    dbg_hub/inst/BSCANID.u_xsdbm_id/CORE_XSDB.U_ICON/U_CMD/iTARGET_reg[6]_0
    SLICE_X64Y72         LUT1 (Prop_lut1_I0_O)        0.105     5.873 f  dbg_hub/inst/BSCANID.u_xsdbm_id/CORE_XSDB.U_ICON/U_CMD/iTARGET[15]_i_2/O
                         net (fo=10, routed)          0.464     6.337    dbg_hub/inst/BSCANID.u_xsdbm_id/CORE_XSDB.U_ICON/U_CMD/iSEL_n
    SLICE_X62Y72         FDCE                                         f  dbg_hub/inst/BSCANID.u_xsdbm_id/CORE_XSDB.U_ICON/U_CMD/iTARGET_reg[10]/CLR
  -------------------------------------------------------------------    -------------------

                         (clock dbg_hub/inst/BSCANID.u_xsdbm_id/SWITCH_N_EXT_BSCAN.bscan_inst/SERIES7_BSCAN.bscan_inst/TCK rise edge)
                                                     33.000    33.000 r  
    BSCAN_X0Y0           BSCANE2                      0.000    33.000 r  dbg_hub/inst/BSCANID.u_xsdbm_id/SWITCH_N_EXT_BSCAN.bscan_inst/SERIES7_BSCAN.bscan_inst/TCK
                         net (fo=1, routed)           1.673    34.673    dbg_hub/inst/BSCANID.u_xsdbm_id/tck_bs
    BUFGCTRL_X0Y1        BUFG (Prop_bufg_I_O)         0.077    34.750 r  dbg_hub/inst/BSCANID.u_xsdbm_id/SWITCH_N_EXT_BSCAN.u_bufg_icon_tck/O
                         net (fo=482, routed)         1.276    36.027    dbg_hub/inst/BSCANID.u_xsdbm_id/CORE_XSDB.U_ICON/U_CMD/m_bscan_tck[0]
    SLICE_X62Y72         FDCE                                         r  dbg_hub/inst/BSCANID.u_xsdbm_id/CORE_XSDB.U_ICON/U_CMD/iTARGET_reg[10]/C
                         clock pessimism              0.368    36.394    
                         clock uncertainty           -0.035    36.359    
    SLICE_X62Y72         FDCE (Recov_fdce_C_CLR)     -0.258    36.101    dbg_hub/inst/BSCANID.u_xsdbm_id/CORE_XSDB.U_ICON/U_CMD/iTARGET_reg[10]
  -------------------------------------------------------------------
                         required time                         36.101    
                         arrival time                          -6.337    
  -------------------------------------------------------------------
                         slack                                 29.764    

Slack (MET) :             29.764ns  (required time - arrival time)
  Source:                 dbg_hub/inst/BSCANID.u_xsdbm_id/SWITCH_N_EXT_BSCAN.bscan_switch/state_reg[2]/C
                            (rising edge-triggered cell FDRE clocked by dbg_hub/inst/BSCANID.u_xsdbm_id/SWITCH_N_EXT_BSCAN.bscan_inst/SERIES7_BSCAN.bscan_inst/TCK  {rise@0.000ns fall@16.500ns period=33.000ns})
  Destination:            dbg_hub/inst/BSCANID.u_xsdbm_id/CORE_XSDB.U_ICON/U_CMD/iTARGET_reg[11]/CLR
                            (recovery check against rising-edge clock dbg_hub/inst/BSCANID.u_xsdbm_id/SWITCH_N_EXT_BSCAN.bscan_inst/SERIES7_BSCAN.bscan_inst/TCK  {rise@0.000ns fall@16.500ns period=33.000ns})
  Path Group:             **async_default**
  Path Type:              Recovery (Max at Slow Process Corner)
  Requirement:            33.000ns  (dbg_hub/inst/BSCANID.u_xsdbm_id/SWITCH_N_EXT_BSCAN.bscan_inst/SERIES7_BSCAN.bscan_inst/TCK rise@33.000ns - dbg_hub/inst/BSCANID.u_xsdbm_id/SWITCH_N_EXT_BSCAN.bscan_inst/SERIES7_BSCAN.bscan_inst/TCK rise@0.000ns)
  Data Path Delay:        2.887ns  (logic 0.693ns (24.005%)  route 2.194ns (75.995%))
  Logic Levels:           2  (LUT1=1 LUT4=1)
  Clock Path Skew:        -0.056ns (DCD - SCD + CPR)
    Destination Clock Delay (DCD):    3.027ns = ( 36.027 - 33.000 ) 
    Source Clock Delay      (SCD):    3.450ns
    Clock Pessimism Removal (CPR):    0.368ns
  Clock Uncertainty:      0.035ns  ((TSJ^2 + TIJ^2)^1/2 + DJ) / 2 + PE
    Total System Jitter     (TSJ):    0.071ns
    Total Input Jitter      (TIJ):    0.000ns
    Discrete Jitter          (DJ):    0.000ns
    Phase Error              (PE):    0.000ns

    Location             Delay type                Incr(ns)  Path(ns)    Netlist Resource(s)
  -------------------------------------------------------------------    -------------------
                         (clock dbg_hub/inst/BSCANID.u_xsdbm_id/SWITCH_N_EXT_BSCAN.bscan_inst/SERIES7_BSCAN.bscan_inst/TCK rise edge)
                                                      0.000     0.000 r  
    BSCAN_X0Y0           BSCANE2                      0.000     0.000 r  dbg_hub/inst/BSCANID.u_xsdbm_id/SWITCH_N_EXT_BSCAN.bscan_inst/SERIES7_BSCAN.bscan_inst/TCK
                         net (fo=1, routed)           1.937     1.937    dbg_hub/inst/BSCANID.u_xsdbm_id/tck_bs
    BUFGCTRL_X0Y1        BUFG (Prop_bufg_I_O)         0.085     2.022 r  dbg_hub/inst/BSCANID.u_xsdbm_id/SWITCH_N_EXT_BSCAN.u_bufg_icon_tck/O
                         net (fo=482, routed)         1.428     3.450    dbg_hub/inst/BSCANID.u_xsdbm_id/SWITCH_N_EXT_BSCAN.bscan_switch/s_bscan_tck
    SLICE_X63Y76         FDRE                                         r  dbg_hub/inst/BSCANID.u_xsdbm_id/SWITCH_N_EXT_BSCAN.bscan_switch/state_reg[2]/C
  -------------------------------------------------------------------    -------------------
    SLICE_X63Y76         FDRE (Prop_fdre_C_Q)         0.348     3.798 r  dbg_hub/inst/BSCANID.u_xsdbm_id/SWITCH_N_EXT_BSCAN.bscan_switch/state_reg[2]/Q
                         net (fo=50, routed)          1.374     5.173    dbg_hub/inst/BSCANID.u_xsdbm_id/SWITCH_N_EXT_BSCAN.bscan_switch/state[2]
    SLICE_X64Y72         LUT4 (Prop_lut4_I2_O)        0.240     5.413 r  dbg_hub/inst/BSCANID.u_xsdbm_id/SWITCH_N_EXT_BSCAN.bscan_switch/m_bscan_sel[0]_INST_0/O
                         net (fo=2, routed)           0.356     5.768    dbg_hub/inst/BSCANID.u_xsdbm_id/CORE_XSDB.U_ICON/U_CMD/iTARGET_reg[6]_0
    SLICE_X64Y72         LUT1 (Prop_lut1_I0_O)        0.105     5.873 f  dbg_hub/inst/BSCANID.u_xsdbm_id/CORE_XSDB.U_ICON/U_CMD/iTARGET[15]_i_2/O
                         net (fo=10, routed)          0.464     6.337    dbg_hub/inst/BSCANID.u_xsdbm_id/CORE_XSDB.U_ICON/U_CMD/iSEL_n
    SLICE_X62Y72         FDCE                                         f  dbg_hub/inst/BSCANID.u_xsdbm_id/CORE_XSDB.U_ICON/U_CMD/iTARGET_reg[11]/CLR
  -------------------------------------------------------------------    -------------------

                         (clock dbg_hub/inst/BSCANID.u_xsdbm_id/SWITCH_N_EXT_BSCAN.bscan_inst/SERIES7_BSCAN.bscan_inst/TCK rise edge)
                                                     33.000    33.000 r  
    BSCAN_X0Y0           BSCANE2                      0.000    33.000 r  dbg_hub/inst/BSCANID.u_xsdbm_id/SWITCH_N_EXT_BSCAN.bscan_inst/SERIES7_BSCAN.bscan_inst/TCK
                         net (fo=1, routed)           1.673    34.673    dbg_hub/inst/BSCANID.u_xsdbm_id/tck_bs
    BUFGCTRL_X0Y1        BUFG (Prop_bufg_I_O)         0.077    34.750 r  dbg_hub/inst/BSCANID.u_xsdbm_id/SWITCH_N_EXT_BSCAN.u_bufg_icon_tck/O
                         net (fo=482, routed)         1.276    36.027    dbg_hub/inst/BSCANID.u_xsdbm_id/CORE_XSDB.U_ICON/U_CMD/m_bscan_tck[0]
    SLICE_X62Y72         FDCE                                         r  dbg_hub/inst/BSCANID.u_xsdbm_id/CORE_XSDB.U_ICON/U_CMD/iTARGET_reg[11]/C
                         clock pessimism              0.368    36.394    
                         clock uncertainty           -0.035    36.359    
    SLICE_X62Y72         FDCE (Recov_fdce_C_CLR)     -0.258    36.101    dbg_hub/inst/BSCANID.u_xsdbm_id/CORE_XSDB.U_ICON/U_CMD/iTARGET_reg[11]
  -------------------------------------------------------------------
                         required time                         36.101    
                         arrival time                          -6.337    
  -------------------------------------------------------------------
                         slack                                 29.764    

Slack (MET) :             29.764ns  (required time - arrival time)
  Source:                 dbg_hub/inst/BSCANID.u_xsdbm_id/SWITCH_N_EXT_BSCAN.bscan_switch/state_reg[2]/C
                            (rising edge-triggered cell FDRE clocked by dbg_hub/inst/BSCANID.u_xsdbm_id/SWITCH_N_EXT_BSCAN.bscan_inst/SERIES7_BSCAN.bscan_inst/TCK  {rise@0.000ns fall@16.500ns period=33.000ns})
  Destination:            dbg_hub/inst/BSCANID.u_xsdbm_id/CORE_XSDB.U_ICON/U_CMD/iTARGET_reg[12]/CLR
                            (recovery check against rising-edge clock dbg_hub/inst/BSCANID.u_xsdbm_id/SWITCH_N_EXT_BSCAN.bscan_inst/SERIES7_BSCAN.bscan_inst/TCK  {rise@0.000ns fall@16.500ns period=33.000ns})
  Path Group:             **async_default**
  Path Type:              Recovery (Max at Slow Process Corner)
  Requirement:            33.000ns  (dbg_hub/inst/BSCANID.u_xsdbm_id/SWITCH_N_EXT_BSCAN.bscan_inst/SERIES7_BSCAN.bscan_inst/TCK rise@33.000ns - dbg_hub/inst/BSCANID.u_xsdbm_id/SWITCH_N_EXT_BSCAN.bscan_inst/SERIES7_BSCAN.bscan_inst/TCK rise@0.000ns)
  Data Path Delay:        2.887ns  (logic 0.693ns (24.005%)  route 2.194ns (75.995%))
  Logic Levels:           2  (LUT1=1 LUT4=1)
  Clock Path Skew:        -0.056ns (DCD - SCD + CPR)
    Destination Clock Delay (DCD):    3.027ns = ( 36.027 - 33.000 ) 
    Source Clock Delay      (SCD):    3.450ns
    Clock Pessimism Removal (CPR):    0.368ns
  Clock Uncertainty:      0.035ns  ((TSJ^2 + TIJ^2)^1/2 + DJ) / 2 + PE
    Total System Jitter     (TSJ):    0.071ns
    Total Input Jitter      (TIJ):    0.000ns
    Discrete Jitter          (DJ):    0.000ns
    Phase Error              (PE):    0.000ns

    Location             Delay type                Incr(ns)  Path(ns)    Netlist Resource(s)
  -------------------------------------------------------------------    -------------------
                         (clock dbg_hub/inst/BSCANID.u_xsdbm_id/SWITCH_N_EXT_BSCAN.bscan_inst/SERIES7_BSCAN.bscan_inst/TCK rise edge)
                                                      0.000     0.000 r  
    BSCAN_X0Y0           BSCANE2                      0.000     0.000 r  dbg_hub/inst/BSCANID.u_xsdbm_id/SWITCH_N_EXT_BSCAN.bscan_inst/SERIES7_BSCAN.bscan_inst/TCK
                         net (fo=1, routed)           1.937     1.937    dbg_hub/inst/BSCANID.u_xsdbm_id/tck_bs
    BUFGCTRL_X0Y1        BUFG (Prop_bufg_I_O)         0.085     2.022 r  dbg_hub/inst/BSCANID.u_xsdbm_id/SWITCH_N_EXT_BSCAN.u_bufg_icon_tck/O
                         net (fo=482, routed)         1.428     3.450    dbg_hub/inst/BSCANID.u_xsdbm_id/SWITCH_N_EXT_BSCAN.bscan_switch/s_bscan_tck
    SLICE_X63Y76         FDRE                                         r  dbg_hub/inst/BSCANID.u_xsdbm_id/SWITCH_N_EXT_BSCAN.bscan_switch/state_reg[2]/C
  -------------------------------------------------------------------    -------------------
    SLICE_X63Y76         FDRE (Prop_fdre_C_Q)         0.348     3.798 r  dbg_hub/inst/BSCANID.u_xsdbm_id/SWITCH_N_EXT_BSCAN.bscan_switch/state_reg[2]/Q
                         net (fo=50, routed)          1.374     5.173    dbg_hub/inst/BSCANID.u_xsdbm_id/SWITCH_N_EXT_BSCAN.bscan_switch/state[2]
    SLICE_X64Y72         LUT4 (Prop_lut4_I2_O)        0.240     5.413 r  dbg_hub/inst/BSCANID.u_xsdbm_id/SWITCH_N_EXT_BSCAN.bscan_switch/m_bscan_sel[0]_INST_0/O
                         net (fo=2, routed)           0.356     5.768    dbg_hub/inst/BSCANID.u_xsdbm_id/CORE_XSDB.U_ICON/U_CMD/iTARGET_reg[6]_0
    SLICE_X64Y72         LUT1 (Prop_lut1_I0_O)        0.105     5.873 f  dbg_hub/inst/BSCANID.u_xsdbm_id/CORE_XSDB.U_ICON/U_CMD/iTARGET[15]_i_2/O
                         net (fo=10, routed)          0.464     6.337    dbg_hub/inst/BSCANID.u_xsdbm_id/CORE_XSDB.U_ICON/U_CMD/iSEL_n
    SLICE_X62Y72         FDCE                                         f  dbg_hub/inst/BSCANID.u_xsdbm_id/CORE_XSDB.U_ICON/U_CMD/iTARGET_reg[12]/CLR
  -------------------------------------------------------------------    -------------------

                         (clock dbg_hub/inst/BSCANID.u_xsdbm_id/SWITCH_N_EXT_BSCAN.bscan_inst/SERIES7_BSCAN.bscan_inst/TCK rise edge)
                                                     33.000    33.000 r  
    BSCAN_X0Y0           BSCANE2                      0.000    33.000 r  dbg_hub/inst/BSCANID.u_xsdbm_id/SWITCH_N_EXT_BSCAN.bscan_inst/SERIES7_BSCAN.bscan_inst/TCK
                         net (fo=1, routed)           1.673    34.673    dbg_hub/inst/BSCANID.u_xsdbm_id/tck_bs
    BUFGCTRL_X0Y1        BUFG (Prop_bufg_I_O)         0.077    34.750 r  dbg_hub/inst/BSCANID.u_xsdbm_id/SWITCH_N_EXT_BSCAN.u_bufg_icon_tck/O
                         net (fo=482, routed)         1.276    36.027    dbg_hub/inst/BSCANID.u_xsdbm_id/CORE_XSDB.U_ICON/U_CMD/m_bscan_tck[0]
    SLICE_X62Y72         FDCE                                         r  dbg_hub/inst/BSCANID.u_xsdbm_id/CORE_XSDB.U_ICON/U_CMD/iTARGET_reg[12]/C
                         clock pessimism              0.368    36.394    
                         clock uncertainty           -0.035    36.359    
    SLICE_X62Y72         FDCE (Recov_fdce_C_CLR)     -0.258    36.101    dbg_hub/inst/BSCANID.u_xsdbm_id/CORE_XSDB.U_ICON/U_CMD/iTARGET_reg[12]
  -------------------------------------------------------------------
                         required time                         36.101    
                         arrival time                          -6.337    
  -------------------------------------------------------------------
                         slack                                 29.764    

Slack (MET) :             29.764ns  (required time - arrival time)
  Source:                 dbg_hub/inst/BSCANID.u_xsdbm_id/SWITCH_N_EXT_BSCAN.bscan_switch/state_reg[2]/C
                            (rising edge-triggered cell FDRE clocked by dbg_hub/inst/BSCANID.u_xsdbm_id/SWITCH_N_EXT_BSCAN.bscan_inst/SERIES7_BSCAN.bscan_inst/TCK  {rise@0.000ns fall@16.500ns period=33.000ns})
  Destination:            dbg_hub/inst/BSCANID.u_xsdbm_id/CORE_XSDB.U_ICON/U_CMD/iTARGET_reg[9]/CLR
                            (recovery check against rising-edge clock dbg_hub/inst/BSCANID.u_xsdbm_id/SWITCH_N_EXT_BSCAN.bscan_inst/SERIES7_BSCAN.bscan_inst/TCK  {rise@0.000ns fall@16.500ns period=33.000ns})
  Path Group:             **async_default**
  Path Type:              Recovery (Max at Slow Process Corner)
  Requirement:            33.000ns  (dbg_hub/inst/BSCANID.u_xsdbm_id/SWITCH_N_EXT_BSCAN.bscan_inst/SERIES7_BSCAN.bscan_inst/TCK rise@33.000ns - dbg_hub/inst/BSCANID.u_xsdbm_id/SWITCH_N_EXT_BSCAN.bscan_inst/SERIES7_BSCAN.bscan_inst/TCK rise@0.000ns)
  Data Path Delay:        2.887ns  (logic 0.693ns (24.005%)  route 2.194ns (75.995%))
  Logic Levels:           2  (LUT1=1 LUT4=1)
  Clock Path Skew:        -0.056ns (DCD - SCD + CPR)
    Destination Clock Delay (DCD):    3.027ns = ( 36.027 - 33.000 ) 
    Source Clock Delay      (SCD):    3.450ns
    Clock Pessimism Removal (CPR):    0.368ns
  Clock Uncertainty:      0.035ns  ((TSJ^2 + TIJ^2)^1/2 + DJ) / 2 + PE
    Total System Jitter     (TSJ):    0.071ns
    Total Input Jitter      (TIJ):    0.000ns
    Discrete Jitter          (DJ):    0.000ns
    Phase Error              (PE):    0.000ns

    Location             Delay type                Incr(ns)  Path(ns)    Netlist Resource(s)
  -------------------------------------------------------------------    -------------------
                         (clock dbg_hub/inst/BSCANID.u_xsdbm_id/SWITCH_N_EXT_BSCAN.bscan_inst/SERIES7_BSCAN.bscan_inst/TCK rise edge)
                                                      0.000     0.000 r  
    BSCAN_X0Y0           BSCANE2                      0.000     0.000 r  dbg_hub/inst/BSCANID.u_xsdbm_id/SWITCH_N_EXT_BSCAN.bscan_inst/SERIES7_BSCAN.bscan_inst/TCK
                         net (fo=1, routed)           1.937     1.937    dbg_hub/inst/BSCANID.u_xsdbm_id/tck_bs
    BUFGCTRL_X0Y1        BUFG (Prop_bufg_I_O)         0.085     2.022 r  dbg_hub/inst/BSCANID.u_xsdbm_id/SWITCH_N_EXT_BSCAN.u_bufg_icon_tck/O
                         net (fo=482, routed)         1.428     3.450    dbg_hub/inst/BSCANID.u_xsdbm_id/SWITCH_N_EXT_BSCAN.bscan_switch/s_bscan_tck
    SLICE_X63Y76         FDRE                                         r  dbg_hub/inst/BSCANID.u_xsdbm_id/SWITCH_N_EXT_BSCAN.bscan_switch/state_reg[2]/C
  -------------------------------------------------------------------    -------------------
    SLICE_X63Y76         FDRE (Prop_fdre_C_Q)         0.348     3.798 r  dbg_hub/inst/BSCANID.u_xsdbm_id/SWITCH_N_EXT_BSCAN.bscan_switch/state_reg[2]/Q
                         net (fo=50, routed)          1.374     5.173    dbg_hub/inst/BSCANID.u_xsdbm_id/SWITCH_N_EXT_BSCAN.bscan_switch/state[2]
    SLICE_X64Y72         LUT4 (Prop_lut4_I2_O)        0.240     5.413 r  dbg_hub/inst/BSCANID.u_xsdbm_id/SWITCH_N_EXT_BSCAN.bscan_switch/m_bscan_sel[0]_INST_0/O
                         net (fo=2, routed)           0.356     5.768    dbg_hub/inst/BSCANID.u_xsdbm_id/CORE_XSDB.U_ICON/U_CMD/iTARGET_reg[6]_0
    SLICE_X64Y72         LUT1 (Prop_lut1_I0_O)        0.105     5.873 f  dbg_hub/inst/BSCANID.u_xsdbm_id/CORE_XSDB.U_ICON/U_CMD/iTARGET[15]_i_2/O
                         net (fo=10, routed)          0.464     6.337    dbg_hub/inst/BSCANID.u_xsdbm_id/CORE_XSDB.U_ICON/U_CMD/iSEL_n
    SLICE_X62Y72         FDCE                                         f  dbg_hub/inst/BSCANID.u_xsdbm_id/CORE_XSDB.U_ICON/U_CMD/iTARGET_reg[9]/CLR
  -------------------------------------------------------------------    -------------------

                         (clock dbg_hub/inst/BSCANID.u_xsdbm_id/SWITCH_N_EXT_BSCAN.bscan_inst/SERIES7_BSCAN.bscan_inst/TCK rise edge)
                                                     33.000    33.000 r  
    BSCAN_X0Y0           BSCANE2                      0.000    33.000 r  dbg_hub/inst/BSCANID.u_xsdbm_id/SWITCH_N_EXT_BSCAN.bscan_inst/SERIES7_BSCAN.bscan_inst/TCK
                         net (fo=1, routed)           1.673    34.673    dbg_hub/inst/BSCANID.u_xsdbm_id/tck_bs
    BUFGCTRL_X0Y1        BUFG (Prop_bufg_I_O)         0.077    34.750 r  dbg_hub/inst/BSCANID.u_xsdbm_id/SWITCH_N_EXT_BSCAN.u_bufg_icon_tck/O
                         net (fo=482, routed)         1.276    36.027    dbg_hub/inst/BSCANID.u_xsdbm_id/CORE_XSDB.U_ICON/U_CMD/m_bscan_tck[0]
    SLICE_X62Y72         FDCE                                         r  dbg_hub/inst/BSCANID.u_xsdbm_id/CORE_XSDB.U_ICON/U_CMD/iTARGET_reg[9]/C
                         clock pessimism              0.368    36.394    
                         clock uncertainty           -0.035    36.359    
    SLICE_X62Y72         FDCE (Recov_fdce_C_CLR)     -0.258    36.101    dbg_hub/inst/BSCANID.u_xsdbm_id/CORE_XSDB.U_ICON/U_CMD/iTARGET_reg[9]
  -------------------------------------------------------------------
                         required time                         36.101    
                         arrival time                          -6.337    
  -------------------------------------------------------------------
                         slack                                 29.764    





Min Delay Paths
--------------------------------------------------------------------------------------
Slack (MET) :             0.377ns  (arrival time - required time)
  Source:                 dbg_hub/inst/BSCANID.u_xsdbm_id/CORE_XSDB.UUT_MASTER/U_ICON_INTERFACE/U_CMD6_WR/U_WR_FIFO/SUBCORE_FIFO.xsdbm_v3_0_0_wrfifo_inst/inst_fifo_gen/gconvfifo.rf/grf.rf/rstblk/ngwrdrst.grst.g7serrst.rst_wr_reg2_reg/C
                            (rising edge-triggered cell FDPE clocked by dbg_hub/inst/BSCANID.u_xsdbm_id/SWITCH_N_EXT_BSCAN.bscan_inst/SERIES7_BSCAN.bscan_inst/TCK  {rise@0.000ns fall@16.500ns period=33.000ns})
  Destination:            dbg_hub/inst/BSCANID.u_xsdbm_id/CORE_XSDB.UUT_MASTER/U_ICON_INTERFACE/U_CMD6_WR/U_WR_FIFO/SUBCORE_FIFO.xsdbm_v3_0_0_wrfifo_inst/inst_fifo_gen/gconvfifo.rf/grf.rf/rstblk/ngwrdrst.grst.g7serrst.wr_rst_asreg_reg/PRE
                            (removal check against rising-edge clock dbg_hub/inst/BSCANID.u_xsdbm_id/SWITCH_N_EXT_BSCAN.bscan_inst/SERIES7_BSCAN.bscan_inst/TCK  {rise@0.000ns fall@16.500ns period=33.000ns})
  Path Group:             **async_default**
  Path Type:              Removal (Min at Fast Process Corner)
  Requirement:            0.000ns  (dbg_hub/inst/BSCANID.u_xsdbm_id/SWITCH_N_EXT_BSCAN.bscan_inst/SERIES7_BSCAN.bscan_inst/TCK rise@0.000ns - dbg_hub/inst/BSCANID.u_xsdbm_id/SWITCH_N_EXT_BSCAN.bscan_inst/SERIES7_BSCAN.bscan_inst/TCK rise@0.000ns)
  Data Path Delay:        0.244ns  (logic 0.128ns (52.419%)  route 0.116ns (47.581%))
  Logic Levels:           0  
  Clock Path Skew:        0.016ns (DCD - SCD - CPR)
    Destination Clock Delay (DCD):    2.017ns
    Source Clock Delay      (SCD):    1.611ns
    Clock Pessimism Removal (CPR):    0.390ns

    Location             Delay type                Incr(ns)  Path(ns)    Netlist Resource(s)
  -------------------------------------------------------------------    -------------------
                         (clock dbg_hub/inst/BSCANID.u_xsdbm_id/SWITCH_N_EXT_BSCAN.bscan_inst/SERIES7_BSCAN.bscan_inst/TCK rise edge)
                                                      0.000     0.000 r  
    BSCAN_X0Y0           BSCANE2                      0.000     0.000 r  dbg_hub/inst/BSCANID.u_xsdbm_id/SWITCH_N_EXT_BSCAN.bscan_inst/SERIES7_BSCAN.bscan_inst/TCK
                         net (fo=1, routed)           1.006     1.006    dbg_hub/inst/BSCANID.u_xsdbm_id/tck_bs
    BUFGCTRL_X0Y1        BUFG (Prop_bufg_I_O)         0.026     1.032 r  dbg_hub/inst/BSCANID.u_xsdbm_id/SWITCH_N_EXT_BSCAN.u_bufg_icon_tck/O
                         net (fo=482, routed)         0.579     1.611    dbg_hub/inst/BSCANID.u_xsdbm_id/CORE_XSDB.UUT_MASTER/U_ICON_INTERFACE/U_CMD6_WR/U_WR_FIFO/SUBCORE_FIFO.xsdbm_v3_0_0_wrfifo_inst/inst_fifo_gen/gconvfifo.rf/grf.rf/rstblk/wr_clk
    SLICE_X67Y60         FDPE                                         r  dbg_hub/inst/BSCANID.u_xsdbm_id/CORE_XSDB.UUT_MASTER/U_ICON_INTERFACE/U_CMD6_WR/U_WR_FIFO/SUBCORE_FIFO.xsdbm_v3_0_0_wrfifo_inst/inst_fifo_gen/gconvfifo.rf/grf.rf/rstblk/ngwrdrst.grst.g7serrst.rst_wr_reg2_reg/C
  -------------------------------------------------------------------    -------------------
    SLICE_X67Y60         FDPE (Prop_fdpe_C_Q)         0.128     1.739 f  dbg_hub/inst/BSCANID.u_xsdbm_id/CORE_XSDB.UUT_MASTER/U_ICON_INTERFACE/U_CMD6_WR/U_WR_FIFO/SUBCORE_FIFO.xsdbm_v3_0_0_wrfifo_inst/inst_fifo_gen/gconvfifo.rf/grf.rf/rstblk/ngwrdrst.grst.g7serrst.rst_wr_reg2_reg/Q
                         net (fo=1, routed)           0.116     1.855    dbg_hub/inst/BSCANID.u_xsdbm_id/CORE_XSDB.UUT_MASTER/U_ICON_INTERFACE/U_CMD6_WR/U_WR_FIFO/SUBCORE_FIFO.xsdbm_v3_0_0_wrfifo_inst/inst_fifo_gen/gconvfifo.rf/grf.rf/rstblk/rst_wr_reg2
    SLICE_X67Y61         FDPE                                         f  dbg_hub/inst/BSCANID.u_xsdbm_id/CORE_XSDB.UUT_MASTER/U_ICON_INTERFACE/U_CMD6_WR/U_WR_FIFO/SUBCORE_FIFO.xsdbm_v3_0_0_wrfifo_inst/inst_fifo_gen/gconvfifo.rf/grf.rf/rstblk/ngwrdrst.grst.g7serrst.wr_rst_asreg_reg/PRE
  -------------------------------------------------------------------    -------------------

                         (clock dbg_hub/inst/BSCANID.u_xsdbm_id/SWITCH_N_EXT_BSCAN.bscan_inst/SERIES7_BSCAN.bscan_inst/TCK rise edge)
                                                      0.000     0.000 r  
    BSCAN_X0Y0           BSCANE2                      0.000     0.000 r  dbg_hub/inst/BSCANID.u_xsdbm_id/SWITCH_N_EXT_BSCAN.bscan_inst/SERIES7_BSCAN.bscan_inst/TCK
                         net (fo=1, routed)           1.140     1.140    dbg_hub/inst/BSCANID.u_xsdbm_id/tck_bs
    BUFGCTRL_X0Y1        BUFG (Prop_bufg_I_O)         0.029     1.169 r  dbg_hub/inst/BSCANID.u_xsdbm_id/SWITCH_N_EXT_BSCAN.u_bufg_icon_tck/O
                         net (fo=482, routed)         0.848     2.017    dbg_hub/inst/BSCANID.u_xsdbm_id/CORE_XSDB.UUT_MASTER/U_ICON_INTERFACE/U_CMD6_WR/U_WR_FIFO/SUBCORE_FIFO.xsdbm_v3_0_0_wrfifo_inst/inst_fifo_gen/gconvfifo.rf/grf.rf/rstblk/wr_clk
    SLICE_X67Y61         FDPE                                         r  dbg_hub/inst/BSCANID.u_xsdbm_id/CORE_XSDB.UUT_MASTER/U_ICON_INTERFACE/U_CMD6_WR/U_WR_FIFO/SUBCORE_FIFO.xsdbm_v3_0_0_wrfifo_inst/inst_fifo_gen/gconvfifo.rf/grf.rf/rstblk/ngwrdrst.grst.g7serrst.wr_rst_asreg_reg/C
                         clock pessimism             -0.390     1.627    
    SLICE_X67Y61         FDPE (Remov_fdpe_C_PRE)     -0.149     1.478    dbg_hub/inst/BSCANID.u_xsdbm_id/CORE_XSDB.UUT_MASTER/U_ICON_INTERFACE/U_CMD6_WR/U_WR_FIFO/SUBCORE_FIFO.xsdbm_v3_0_0_wrfifo_inst/inst_fifo_gen/gconvfifo.rf/grf.rf/rstblk/ngwrdrst.grst.g7serrst.wr_rst_asreg_reg
  -------------------------------------------------------------------
                         required time                         -1.478    
                         arrival time                           1.855    
  -------------------------------------------------------------------
                         slack                                  0.377    

Slack (MET) :             0.386ns  (arrival time - required time)
  Source:                 dbg_hub/inst/BSCANID.u_xsdbm_id/CORE_XSDB.UUT_MASTER/U_ICON_INTERFACE/U_CMD6_RD/U_RD_FIFO/SUBCORE_FIFO.xsdbm_v3_0_0_rdfifo_inst/inst_fifo_gen/gconvfifo.rf/grf.rf/rstblk/ngwrdrst.grst.g7serrst.rd_rst_reg_reg[1]/C
                            (rising edge-triggered cell FDPE clocked by dbg_hub/inst/BSCANID.u_xsdbm_id/SWITCH_N_EXT_BSCAN.bscan_inst/SERIES7_BSCAN.bscan_inst/TCK  {rise@0.000ns fall@16.500ns period=33.000ns})
  Destination:            dbg_hub/inst/BSCANID.u_xsdbm_id/CORE_XSDB.UUT_MASTER/U_ICON_INTERFACE/U_CMD6_RD/U_RD_FIFO/SUBCORE_FIFO.xsdbm_v3_0_0_rdfifo_inst/inst_fifo_gen/gconvfifo.rf/grf.rf/gntv_or_sync_fifo.gcx.clkx/gnxpm_cdc.rd_pntr_gc_reg[2]/CLR
                            (removal check against rising-edge clock dbg_hub/inst/BSCANID.u_xsdbm_id/SWITCH_N_EXT_BSCAN.bscan_inst/SERIES7_BSCAN.bscan_inst/TCK  {rise@0.000ns fall@16.500ns period=33.000ns})
  Path Group:             **async_default**
  Path Type:              Removal (Min at Fast Process Corner)
  Requirement:            0.000ns  (dbg_hub/inst/BSCANID.u_xsdbm_id/SWITCH_N_EXT_BSCAN.bscan_inst/SERIES7_BSCAN.bscan_inst/TCK rise@0.000ns - dbg_hub/inst/BSCANID.u_xsdbm_id/SWITCH_N_EXT_BSCAN.bscan_inst/SERIES7_BSCAN.bscan_inst/TCK rise@0.000ns)
  Data Path Delay:        0.352ns  (logic 0.164ns (46.623%)  route 0.188ns (53.377%))
  Logic Levels:           0  
  Clock Path Skew:        0.033ns (DCD - SCD - CPR)
    Destination Clock Delay (DCD):    2.013ns
    Source Clock Delay      (SCD):    1.609ns
    Clock Pessimism Removal (CPR):    0.371ns

    Location             Delay type                Incr(ns)  Path(ns)    Netlist Resource(s)
  -------------------------------------------------------------------    -------------------
                         (clock dbg_hub/inst/BSCANID.u_xsdbm_id/SWITCH_N_EXT_BSCAN.bscan_inst/SERIES7_BSCAN.bscan_inst/TCK rise edge)
                                                      0.000     0.000 r  
    BSCAN_X0Y0           BSCANE2                      0.000     0.000 r  dbg_hub/inst/BSCANID.u_xsdbm_id/SWITCH_N_EXT_BSCAN.bscan_inst/SERIES7_BSCAN.bscan_inst/TCK
                         net (fo=1, routed)           1.006     1.006    dbg_hub/inst/BSCANID.u_xsdbm_id/tck_bs
    BUFGCTRL_X0Y1        BUFG (Prop_bufg_I_O)         0.026     1.032 r  dbg_hub/inst/BSCANID.u_xsdbm_id/SWITCH_N_EXT_BSCAN.u_bufg_icon_tck/O
                         net (fo=482, routed)         0.577     1.609    dbg_hub/inst/BSCANID.u_xsdbm_id/CORE_XSDB.UUT_MASTER/U_ICON_INTERFACE/U_CMD6_RD/U_RD_FIFO/SUBCORE_FIFO.xsdbm_v3_0_0_rdfifo_inst/inst_fifo_gen/gconvfifo.rf/grf.rf/rstblk/rd_clk
    SLICE_X62Y65         FDPE                                         r  dbg_hub/inst/BSCANID.u_xsdbm_id/CORE_XSDB.UUT_MASTER/U_ICON_INTERFACE/U_CMD6_RD/U_RD_FIFO/SUBCORE_FIFO.xsdbm_v3_0_0_rdfifo_inst/inst_fifo_gen/gconvfifo.rf/grf.rf/rstblk/ngwrdrst.grst.g7serrst.rd_rst_reg_reg[1]/C
  -------------------------------------------------------------------    -------------------
    SLICE_X62Y65         FDPE (Prop_fdpe_C_Q)         0.164     1.773 f  dbg_hub/inst/BSCANID.u_xsdbm_id/CORE_XSDB.UUT_MASTER/U_ICON_INTERFACE/U_CMD6_RD/U_RD_FIFO/SUBCORE_FIFO.xsdbm_v3_0_0_rdfifo_inst/inst_fifo_gen/gconvfifo.rf/grf.rf/rstblk/ngwrdrst.grst.g7serrst.rd_rst_reg_reg[1]/Q
                         net (fo=16, routed)          0.188     1.961    dbg_hub/inst/BSCANID.u_xsdbm_id/CORE_XSDB.UUT_MASTER/U_ICON_INTERFACE/U_CMD6_RD/U_RD_FIFO/SUBCORE_FIFO.xsdbm_v3_0_0_rdfifo_inst/inst_fifo_gen/gconvfifo.rf/grf.rf/gntv_or_sync_fifo.gcx.clkx/Q_reg_reg[0][0]
    SLICE_X58Y64         FDCE                                         f  dbg_hub/inst/BSCANID.u_xsdbm_id/CORE_XSDB.UUT_MASTER/U_ICON_INTERFACE/U_CMD6_RD/U_RD_FIFO/SUBCORE_FIFO.xsdbm_v3_0_0_rdfifo_inst/inst_fifo_gen/gconvfifo.rf/grf.rf/gntv_or_sync_fifo.gcx.clkx/gnxpm_cdc.rd_pntr_gc_reg[2]/CLR
  -------------------------------------------------------------------    -------------------

                         (clock dbg_hub/inst/BSCANID.u_xsdbm_id/SWITCH_N_EXT_BSCAN.bscan_inst/SERIES7_BSCAN.bscan_inst/TCK rise edge)
                                                      0.000     0.000 r  
    BSCAN_X0Y0           BSCANE2                      0.000     0.000 r  dbg_hub/inst/BSCANID.u_xsdbm_id/SWITCH_N_EXT_BSCAN.bscan_inst/SERIES7_BSCAN.bscan_inst/TCK
                         net (fo=1, routed)           1.140     1.140    dbg_hub/inst/BSCANID.u_xsdbm_id/tck_bs
    BUFGCTRL_X0Y1        BUFG (Prop_bufg_I_O)         0.029     1.169 r  dbg_hub/inst/BSCANID.u_xsdbm_id/SWITCH_N_EXT_BSCAN.u_bufg_icon_tck/O
                         net (fo=482, routed)         0.844     2.013    dbg_hub/inst/BSCANID.u_xsdbm_id/CORE_XSDB.UUT_MASTER/U_ICON_INTERFACE/U_CMD6_RD/U_RD_FIFO/SUBCORE_FIFO.xsdbm_v3_0_0_rdfifo_inst/inst_fifo_gen/gconvfifo.rf/grf.rf/gntv_or_sync_fifo.gcx.clkx/rd_clk
    SLICE_X58Y64         FDCE                                         r  dbg_hub/inst/BSCANID.u_xsdbm_id/CORE_XSDB.UUT_MASTER/U_ICON_INTERFACE/U_CMD6_RD/U_RD_FIFO/SUBCORE_FIFO.xsdbm_v3_0_0_rdfifo_inst/inst_fifo_gen/gconvfifo.rf/grf.rf/gntv_or_sync_fifo.gcx.clkx/gnxpm_cdc.rd_pntr_gc_reg[2]/C
                         clock pessimism             -0.371     1.642    
    SLICE_X58Y64         FDCE (Remov_fdce_C_CLR)     -0.067     1.575    dbg_hub/inst/BSCANID.u_xsdbm_id/CORE_XSDB.UUT_MASTER/U_ICON_INTERFACE/U_CMD6_RD/U_RD_FIFO/SUBCORE_FIFO.xsdbm_v3_0_0_rdfifo_inst/inst_fifo_gen/gconvfifo.rf/grf.rf/gntv_or_sync_fifo.gcx.clkx/gnxpm_cdc.rd_pntr_gc_reg[2]
  -------------------------------------------------------------------
                         required time                         -1.575    
                         arrival time                           1.961    
  -------------------------------------------------------------------
                         slack                                  0.386    

Slack (MET) :             0.386ns  (arrival time - required time)
  Source:                 dbg_hub/inst/BSCANID.u_xsdbm_id/CORE_XSDB.UUT_MASTER/U_ICON_INTERFACE/U_CMD6_RD/U_RD_FIFO/SUBCORE_FIFO.xsdbm_v3_0_0_rdfifo_inst/inst_fifo_gen/gconvfifo.rf/grf.rf/rstblk/ngwrdrst.grst.g7serrst.rd_rst_reg_reg[1]/C
                            (rising edge-triggered cell FDPE clocked by dbg_hub/inst/BSCANID.u_xsdbm_id/SWITCH_N_EXT_BSCAN.bscan_inst/SERIES7_BSCAN.bscan_inst/TCK  {rise@0.000ns fall@16.500ns period=33.000ns})
  Destination:            dbg_hub/inst/BSCANID.u_xsdbm_id/CORE_XSDB.UUT_MASTER/U_ICON_INTERFACE/U_CMD6_RD/U_RD_FIFO/SUBCORE_FIFO.xsdbm_v3_0_0_rdfifo_inst/inst_fifo_gen/gconvfifo.rf/grf.rf/gntv_or_sync_fifo.gcx.clkx/gnxpm_cdc.wr_pntr_bin_reg[3]/CLR
                            (removal check against rising-edge clock dbg_hub/inst/BSCANID.u_xsdbm_id/SWITCH_N_EXT_BSCAN.bscan_inst/SERIES7_BSCAN.bscan_inst/TCK  {rise@0.000ns fall@16.500ns period=33.000ns})
  Path Group:             **async_default**
  Path Type:              Removal (Min at Fast Process Corner)
  Requirement:            0.000ns  (dbg_hub/inst/BSCANID.u_xsdbm_id/SWITCH_N_EXT_BSCAN.bscan_inst/SERIES7_BSCAN.bscan_inst/TCK rise@0.000ns - dbg_hub/inst/BSCANID.u_xsdbm_id/SWITCH_N_EXT_BSCAN.bscan_inst/SERIES7_BSCAN.bscan_inst/TCK rise@0.000ns)
  Data Path Delay:        0.352ns  (logic 0.164ns (46.623%)  route 0.188ns (53.377%))
  Logic Levels:           0  
  Clock Path Skew:        0.033ns (DCD - SCD - CPR)
    Destination Clock Delay (DCD):    2.013ns
    Source Clock Delay      (SCD):    1.609ns
    Clock Pessimism Removal (CPR):    0.371ns

    Location             Delay type                Incr(ns)  Path(ns)    Netlist Resource(s)
  -------------------------------------------------------------------    -------------------
                         (clock dbg_hub/inst/BSCANID.u_xsdbm_id/SWITCH_N_EXT_BSCAN.bscan_inst/SERIES7_BSCAN.bscan_inst/TCK rise edge)
                                                      0.000     0.000 r  
    BSCAN_X0Y0           BSCANE2                      0.000     0.000 r  dbg_hub/inst/BSCANID.u_xsdbm_id/SWITCH_N_EXT_BSCAN.bscan_inst/SERIES7_BSCAN.bscan_inst/TCK
                         net (fo=1, routed)           1.006     1.006    dbg_hub/inst/BSCANID.u_xsdbm_id/tck_bs
    BUFGCTRL_X0Y1        BUFG (Prop_bufg_I_O)         0.026     1.032 r  dbg_hub/inst/BSCANID.u_xsdbm_id/SWITCH_N_EXT_BSCAN.u_bufg_icon_tck/O
                         net (fo=482, routed)         0.577     1.609    dbg_hub/inst/BSCANID.u_xsdbm_id/CORE_XSDB.UUT_MASTER/U_ICON_INTERFACE/U_CMD6_RD/U_RD_FIFO/SUBCORE_FIFO.xsdbm_v3_0_0_rdfifo_inst/inst_fifo_gen/gconvfifo.rf/grf.rf/rstblk/rd_clk
    SLICE_X62Y65         FDPE                                         r  dbg_hub/inst/BSCANID.u_xsdbm_id/CORE_XSDB.UUT_MASTER/U_ICON_INTERFACE/U_CMD6_RD/U_RD_FIFO/SUBCORE_FIFO.xsdbm_v3_0_0_rdfifo_inst/inst_fifo_gen/gconvfifo.rf/grf.rf/rstblk/ngwrdrst.grst.g7serrst.rd_rst_reg_reg[1]/C
  -------------------------------------------------------------------    -------------------
    SLICE_X62Y65         FDPE (Prop_fdpe_C_Q)         0.164     1.773 f  dbg_hub/inst/BSCANID.u_xsdbm_id/CORE_XSDB.UUT_MASTER/U_ICON_INTERFACE/U_CMD6_RD/U_RD_FIFO/SUBCORE_FIFO.xsdbm_v3_0_0_rdfifo_inst/inst_fifo_gen/gconvfifo.rf/grf.rf/rstblk/ngwrdrst.grst.g7serrst.rd_rst_reg_reg[1]/Q
                         net (fo=16, routed)          0.188     1.961    dbg_hub/inst/BSCANID.u_xsdbm_id/CORE_XSDB.UUT_MASTER/U_ICON_INTERFACE/U_CMD6_RD/U_RD_FIFO/SUBCORE_FIFO.xsdbm_v3_0_0_rdfifo_inst/inst_fifo_gen/gconvfifo.rf/grf.rf/gntv_or_sync_fifo.gcx.clkx/Q_reg_reg[0][0]
    SLICE_X58Y64         FDCE                                         f  dbg_hub/inst/BSCANID.u_xsdbm_id/CORE_XSDB.UUT_MASTER/U_ICON_INTERFACE/U_CMD6_RD/U_RD_FIFO/SUBCORE_FIFO.xsdbm_v3_0_0_rdfifo_inst/inst_fifo_gen/gconvfifo.rf/grf.rf/gntv_or_sync_fifo.gcx.clkx/gnxpm_cdc.wr_pntr_bin_reg[3]/CLR
  -------------------------------------------------------------------    -------------------

                         (clock dbg_hub/inst/BSCANID.u_xsdbm_id/SWITCH_N_EXT_BSCAN.bscan_inst/SERIES7_BSCAN.bscan_inst/TCK rise edge)
                                                      0.000     0.000 r  
    BSCAN_X0Y0           BSCANE2                      0.000     0.000 r  dbg_hub/inst/BSCANID.u_xsdbm_id/SWITCH_N_EXT_BSCAN.bscan_inst/SERIES7_BSCAN.bscan_inst/TCK
                         net (fo=1, routed)           1.140     1.140    dbg_hub/inst/BSCANID.u_xsdbm_id/tck_bs
    BUFGCTRL_X0Y1        BUFG (Prop_bufg_I_O)         0.029     1.169 r  dbg_hub/inst/BSCANID.u_xsdbm_id/SWITCH_N_EXT_BSCAN.u_bufg_icon_tck/O
                         net (fo=482, routed)         0.844     2.013    dbg_hub/inst/BSCANID.u_xsdbm_id/CORE_XSDB.UUT_MASTER/U_ICON_INTERFACE/U_CMD6_RD/U_RD_FIFO/SUBCORE_FIFO.xsdbm_v3_0_0_rdfifo_inst/inst_fifo_gen/gconvfifo.rf/grf.rf/gntv_or_sync_fifo.gcx.clkx/rd_clk
    SLICE_X58Y64         FDCE                                         r  dbg_hub/inst/BSCANID.u_xsdbm_id/CORE_XSDB.UUT_MASTER/U_ICON_INTERFACE/U_CMD6_RD/U_RD_FIFO/SUBCORE_FIFO.xsdbm_v3_0_0_rdfifo_inst/inst_fifo_gen/gconvfifo.rf/grf.rf/gntv_or_sync_fifo.gcx.clkx/gnxpm_cdc.wr_pntr_bin_reg[3]/C
                         clock pessimism             -0.371     1.642    
    SLICE_X58Y64         FDCE (Remov_fdce_C_CLR)     -0.067     1.575    dbg_hub/inst/BSCANID.u_xsdbm_id/CORE_XSDB.UUT_MASTER/U_ICON_INTERFACE/U_CMD6_RD/U_RD_FIFO/SUBCORE_FIFO.xsdbm_v3_0_0_rdfifo_inst/inst_fifo_gen/gconvfifo.rf/grf.rf/gntv_or_sync_fifo.gcx.clkx/gnxpm_cdc.wr_pntr_bin_reg[3]
  -------------------------------------------------------------------
                         required time                         -1.575    
                         arrival time                           1.961    
  -------------------------------------------------------------------
                         slack                                  0.386    

Slack (MET) :             0.408ns  (arrival time - required time)
  Source:                 dbg_hub/inst/BSCANID.u_xsdbm_id/CORE_XSDB.UUT_MASTER/U_ICON_INTERFACE/U_CMD6_RD/U_RD_FIFO/SUBCORE_FIFO.xsdbm_v3_0_0_rdfifo_inst/inst_fifo_gen/gconvfifo.rf/grf.rf/rstblk/ngwrdrst.grst.g7serrst.rd_rst_reg_reg[2]/C
                            (rising edge-triggered cell FDPE clocked by dbg_hub/inst/BSCANID.u_xsdbm_id/SWITCH_N_EXT_BSCAN.bscan_inst/SERIES7_BSCAN.bscan_inst/TCK  {rise@0.000ns fall@16.500ns period=33.000ns})
  Destination:            dbg_hub/inst/BSCANID.u_xsdbm_id/CORE_XSDB.UUT_MASTER/U_ICON_INTERFACE/U_CMD6_RD/U_RD_FIFO/SUBCORE_FIFO.xsdbm_v3_0_0_rdfifo_inst/inst_fifo_gen/gconvfifo.rf/grf.rf/gntv_or_sync_fifo.gl0.rd/gr1.gr1_int.rfwft/gpregsm1.curr_fwft_state_reg[0]/CLR
                            (removal check against rising-edge clock dbg_hub/inst/BSCANID.u_xsdbm_id/SWITCH_N_EXT_BSCAN.bscan_inst/SERIES7_BSCAN.bscan_inst/TCK  {rise@0.000ns fall@16.500ns period=33.000ns})
  Path Group:             **async_default**
  Path Type:              Removal (Min at Fast Process Corner)
  Requirement:            0.000ns  (dbg_hub/inst/BSCANID.u_xsdbm_id/SWITCH_N_EXT_BSCAN.bscan_inst/SERIES7_BSCAN.bscan_inst/TCK rise@0.000ns - dbg_hub/inst/BSCANID.u_xsdbm_id/SWITCH_N_EXT_BSCAN.bscan_inst/SERIES7_BSCAN.bscan_inst/TCK rise@0.000ns)
  Data Path Delay:        0.356ns  (logic 0.164ns (46.090%)  route 0.192ns (53.910%))
  Logic Levels:           0  
  Clock Path Skew:        0.015ns (DCD - SCD - CPR)
    Destination Clock Delay (DCD):    2.014ns
    Source Clock Delay      (SCD):    1.609ns
    Clock Pessimism Removal (CPR):    0.390ns

    Location             Delay type                Incr(ns)  Path(ns)    Netlist Resource(s)
  -------------------------------------------------------------------    -------------------
                         (clock dbg_hub/inst/BSCANID.u_xsdbm_id/SWITCH_N_EXT_BSCAN.bscan_inst/SERIES7_BSCAN.bscan_inst/TCK rise edge)
                                                      0.000     0.000 r  
    BSCAN_X0Y0           BSCANE2                      0.000     0.000 r  dbg_hub/inst/BSCANID.u_xsdbm_id/SWITCH_N_EXT_BSCAN.bscan_inst/SERIES7_BSCAN.bscan_inst/TCK
                         net (fo=1, routed)           1.006     1.006    dbg_hub/inst/BSCANID.u_xsdbm_id/tck_bs
    BUFGCTRL_X0Y1        BUFG (Prop_bufg_I_O)         0.026     1.032 r  dbg_hub/inst/BSCANID.u_xsdbm_id/SWITCH_N_EXT_BSCAN.u_bufg_icon_tck/O
                         net (fo=482, routed)         0.577     1.609    dbg_hub/inst/BSCANID.u_xsdbm_id/CORE_XSDB.UUT_MASTER/U_ICON_INTERFACE/U_CMD6_RD/U_RD_FIFO/SUBCORE_FIFO.xsdbm_v3_0_0_rdfifo_inst/inst_fifo_gen/gconvfifo.rf/grf.rf/rstblk/rd_clk
    SLICE_X62Y65         FDPE                                         r  dbg_hub/inst/BSCANID.u_xsdbm_id/CORE_XSDB.UUT_MASTER/U_ICON_INTERFACE/U_CMD6_RD/U_RD_FIFO/SUBCORE_FIFO.xsdbm_v3_0_0_rdfifo_inst/inst_fifo_gen/gconvfifo.rf/grf.rf/rstblk/ngwrdrst.grst.g7serrst.rd_rst_reg_reg[2]/C
  -------------------------------------------------------------------    -------------------
    SLICE_X62Y65         FDPE (Prop_fdpe_C_Q)         0.164     1.773 f  dbg_hub/inst/BSCANID.u_xsdbm_id/CORE_XSDB.UUT_MASTER/U_ICON_INTERFACE/U_CMD6_RD/U_RD_FIFO/SUBCORE_FIFO.xsdbm_v3_0_0_rdfifo_inst/inst_fifo_gen/gconvfifo.rf/grf.rf/rstblk/ngwrdrst.grst.g7serrst.rd_rst_reg_reg[2]/Q
                         net (fo=18, routed)          0.192     1.965    dbg_hub/inst/BSCANID.u_xsdbm_id/CORE_XSDB.UUT_MASTER/U_ICON_INTERFACE/U_CMD6_RD/U_RD_FIFO/SUBCORE_FIFO.xsdbm_v3_0_0_rdfifo_inst/inst_fifo_gen/gconvfifo.rf/grf.rf/gntv_or_sync_fifo.gl0.rd/gr1.gr1_int.rfwft/out[1]
    SLICE_X62Y64         FDCE                                         f  dbg_hub/inst/BSCANID.u_xsdbm_id/CORE_XSDB.UUT_MASTER/U_ICON_INTERFACE/U_CMD6_RD/U_RD_FIFO/SUBCORE_FIFO.xsdbm_v3_0_0_rdfifo_inst/inst_fifo_gen/gconvfifo.rf/grf.rf/gntv_or_sync_fifo.gl0.rd/gr1.gr1_int.rfwft/gpregsm1.curr_fwft_state_reg[0]/CLR
  -------------------------------------------------------------------    -------------------

                         (clock dbg_hub/inst/BSCANID.u_xsdbm_id/SWITCH_N_EXT_BSCAN.bscan_inst/SERIES7_BSCAN.bscan_inst/TCK rise edge)
                                                      0.000     0.000 r  
    BSCAN_X0Y0           BSCANE2                      0.000     0.000 r  dbg_hub/inst/BSCANID.u_xsdbm_id/SWITCH_N_EXT_BSCAN.bscan_inst/SERIES7_BSCAN.bscan_inst/TCK
                         net (fo=1, routed)           1.140     1.140    dbg_hub/inst/BSCANID.u_xsdbm_id/tck_bs
    BUFGCTRL_X0Y1        BUFG (Prop_bufg_I_O)         0.029     1.169 r  dbg_hub/inst/BSCANID.u_xsdbm_id/SWITCH_N_EXT_BSCAN.u_bufg_icon_tck/O
                         net (fo=482, routed)         0.845     2.014    dbg_hub/inst/BSCANID.u_xsdbm_id/CORE_XSDB.UUT_MASTER/U_ICON_INTERFACE/U_CMD6_RD/U_RD_FIFO/SUBCORE_FIFO.xsdbm_v3_0_0_rdfifo_inst/inst_fifo_gen/gconvfifo.rf/grf.rf/gntv_or_sync_fifo.gl0.rd/gr1.gr1_int.rfwft/rd_clk
    SLICE_X62Y64         FDCE                                         r  dbg_hub/inst/BSCANID.u_xsdbm_id/CORE_XSDB.UUT_MASTER/U_ICON_INTERFACE/U_CMD6_RD/U_RD_FIFO/SUBCORE_FIFO.xsdbm_v3_0_0_rdfifo_inst/inst_fifo_gen/gconvfifo.rf/grf.rf/gntv_or_sync_fifo.gl0.rd/gr1.gr1_int.rfwft/gpregsm1.curr_fwft_state_reg[0]/C
                         clock pessimism             -0.390     1.624    
    SLICE_X62Y64         FDCE (Remov_fdce_C_CLR)     -0.067     1.557    dbg_hub/inst/BSCANID.u_xsdbm_id/CORE_XSDB.UUT_MASTER/U_ICON_INTERFACE/U_CMD6_RD/U_RD_FIFO/SUBCORE_FIFO.xsdbm_v3_0_0_rdfifo_inst/inst_fifo_gen/gconvfifo.rf/grf.rf/gntv_or_sync_fifo.gl0.rd/gr1.gr1_int.rfwft/gpregsm1.curr_fwft_state_reg[0]
  -------------------------------------------------------------------
                         required time                         -1.557    
                         arrival time                           1.965    
  -------------------------------------------------------------------
                         slack                                  0.408    

Slack (MET) :             0.408ns  (arrival time - required time)
  Source:                 dbg_hub/inst/BSCANID.u_xsdbm_id/CORE_XSDB.UUT_MASTER/U_ICON_INTERFACE/U_CMD6_RD/U_RD_FIFO/SUBCORE_FIFO.xsdbm_v3_0_0_rdfifo_inst/inst_fifo_gen/gconvfifo.rf/grf.rf/rstblk/ngwrdrst.grst.g7serrst.rd_rst_reg_reg[2]/C
                            (rising edge-triggered cell FDPE clocked by dbg_hub/inst/BSCANID.u_xsdbm_id/SWITCH_N_EXT_BSCAN.bscan_inst/SERIES7_BSCAN.bscan_inst/TCK  {rise@0.000ns fall@16.500ns period=33.000ns})
  Destination:            dbg_hub/inst/BSCANID.u_xsdbm_id/CORE_XSDB.UUT_MASTER/U_ICON_INTERFACE/U_CMD6_RD/U_RD_FIFO/SUBCORE_FIFO.xsdbm_v3_0_0_rdfifo_inst/inst_fifo_gen/gconvfifo.rf/grf.rf/gntv_or_sync_fifo.gl0.rd/gr1.gr1_int.rfwft/gpregsm1.curr_fwft_state_reg[1]/CLR
                            (removal check against rising-edge clock dbg_hub/inst/BSCANID.u_xsdbm_id/SWITCH_N_EXT_BSCAN.bscan_inst/SERIES7_BSCAN.bscan_inst/TCK  {rise@0.000ns fall@16.500ns period=33.000ns})
  Path Group:             **async_default**
  Path Type:              Removal (Min at Fast Process Corner)
  Requirement:            0.000ns  (dbg_hub/inst/BSCANID.u_xsdbm_id/SWITCH_N_EXT_BSCAN.bscan_inst/SERIES7_BSCAN.bscan_inst/TCK rise@0.000ns - dbg_hub/inst/BSCANID.u_xsdbm_id/SWITCH_N_EXT_BSCAN.bscan_inst/SERIES7_BSCAN.bscan_inst/TCK rise@0.000ns)
  Data Path Delay:        0.356ns  (logic 0.164ns (46.090%)  route 0.192ns (53.910%))
  Logic Levels:           0  
  Clock Path Skew:        0.015ns (DCD - SCD - CPR)
    Destination Clock Delay (DCD):    2.014ns
    Source Clock Delay      (SCD):    1.609ns
    Clock Pessimism Removal (CPR):    0.390ns

    Location             Delay type                Incr(ns)  Path(ns)    Netlist Resource(s)
  -------------------------------------------------------------------    -------------------
                         (clock dbg_hub/inst/BSCANID.u_xsdbm_id/SWITCH_N_EXT_BSCAN.bscan_inst/SERIES7_BSCAN.bscan_inst/TCK rise edge)
                                                      0.000     0.000 r  
    BSCAN_X0Y0           BSCANE2                      0.000     0.000 r  dbg_hub/inst/BSCANID.u_xsdbm_id/SWITCH_N_EXT_BSCAN.bscan_inst/SERIES7_BSCAN.bscan_inst/TCK
                         net (fo=1, routed)           1.006     1.006    dbg_hub/inst/BSCANID.u_xsdbm_id/tck_bs
    BUFGCTRL_X0Y1        BUFG (Prop_bufg_I_O)         0.026     1.032 r  dbg_hub/inst/BSCANID.u_xsdbm_id/SWITCH_N_EXT_BSCAN.u_bufg_icon_tck/O
                         net (fo=482, routed)         0.577     1.609    dbg_hub/inst/BSCANID.u_xsdbm_id/CORE_XSDB.UUT_MASTER/U_ICON_INTERFACE/U_CMD6_RD/U_RD_FIFO/SUBCORE_FIFO.xsdbm_v3_0_0_rdfifo_inst/inst_fifo_gen/gconvfifo.rf/grf.rf/rstblk/rd_clk
    SLICE_X62Y65         FDPE                                         r  dbg_hub/inst/BSCANID.u_xsdbm_id/CORE_XSDB.UUT_MASTER/U_ICON_INTERFACE/U_CMD6_RD/U_RD_FIFO/SUBCORE_FIFO.xsdbm_v3_0_0_rdfifo_inst/inst_fifo_gen/gconvfifo.rf/grf.rf/rstblk/ngwrdrst.grst.g7serrst.rd_rst_reg_reg[2]/C
  -------------------------------------------------------------------    -------------------
    SLICE_X62Y65         FDPE (Prop_fdpe_C_Q)         0.164     1.773 f  dbg_hub/inst/BSCANID.u_xsdbm_id/CORE_XSDB.UUT_MASTER/U_ICON_INTERFACE/U_CMD6_RD/U_RD_FIFO/SUBCORE_FIFO.xsdbm_v3_0_0_rdfifo_inst/inst_fifo_gen/gconvfifo.rf/grf.rf/rstblk/ngwrdrst.grst.g7serrst.rd_rst_reg_reg[2]/Q
                         net (fo=18, routed)          0.192     1.965    dbg_hub/inst/BSCANID.u_xsdbm_id/CORE_XSDB.UUT_MASTER/U_ICON_INTERFACE/U_CMD6_RD/U_RD_FIFO/SUBCORE_FIFO.xsdbm_v3_0_0_rdfifo_inst/inst_fifo_gen/gconvfifo.rf/grf.rf/gntv_or_sync_fifo.gl0.rd/gr1.gr1_int.rfwft/out[1]
    SLICE_X62Y64         FDCE                                         f  dbg_hub/inst/BSCANID.u_xsdbm_id/CORE_XSDB.UUT_MASTER/U_ICON_INTERFACE/U_CMD6_RD/U_RD_FIFO/SUBCORE_FIFO.xsdbm_v3_0_0_rdfifo_inst/inst_fifo_gen/gconvfifo.rf/grf.rf/gntv_or_sync_fifo.gl0.rd/gr1.gr1_int.rfwft/gpregsm1.curr_fwft_state_reg[1]/CLR
  -------------------------------------------------------------------    -------------------

                         (clock dbg_hub/inst/BSCANID.u_xsdbm_id/SWITCH_N_EXT_BSCAN.bscan_inst/SERIES7_BSCAN.bscan_inst/TCK rise edge)
                                                      0.000     0.000 r  
    BSCAN_X0Y0           BSCANE2                      0.000     0.000 r  dbg_hub/inst/BSCANID.u_xsdbm_id/SWITCH_N_EXT_BSCAN.bscan_inst/SERIES7_BSCAN.bscan_inst/TCK
                         net (fo=1, routed)           1.140     1.140    dbg_hub/inst/BSCANID.u_xsdbm_id/tck_bs
    BUFGCTRL_X0Y1        BUFG (Prop_bufg_I_O)         0.029     1.169 r  dbg_hub/inst/BSCANID.u_xsdbm_id/SWITCH_N_EXT_BSCAN.u_bufg_icon_tck/O
                         net (fo=482, routed)         0.845     2.014    dbg_hub/inst/BSCANID.u_xsdbm_id/CORE_XSDB.UUT_MASTER/U_ICON_INTERFACE/U_CMD6_RD/U_RD_FIFO/SUBCORE_FIFO.xsdbm_v3_0_0_rdfifo_inst/inst_fifo_gen/gconvfifo.rf/grf.rf/gntv_or_sync_fifo.gl0.rd/gr1.gr1_int.rfwft/rd_clk
    SLICE_X62Y64         FDCE                                         r  dbg_hub/inst/BSCANID.u_xsdbm_id/CORE_XSDB.UUT_MASTER/U_ICON_INTERFACE/U_CMD6_RD/U_RD_FIFO/SUBCORE_FIFO.xsdbm_v3_0_0_rdfifo_inst/inst_fifo_gen/gconvfifo.rf/grf.rf/gntv_or_sync_fifo.gl0.rd/gr1.gr1_int.rfwft/gpregsm1.curr_fwft_state_reg[1]/C
                         clock pessimism             -0.390     1.624    
    SLICE_X62Y64         FDCE (Remov_fdce_C_CLR)     -0.067     1.557    dbg_hub/inst/BSCANID.u_xsdbm_id/CORE_XSDB.UUT_MASTER/U_ICON_INTERFACE/U_CMD6_RD/U_RD_FIFO/SUBCORE_FIFO.xsdbm_v3_0_0_rdfifo_inst/inst_fifo_gen/gconvfifo.rf/grf.rf/gntv_or_sync_fifo.gl0.rd/gr1.gr1_int.rfwft/gpregsm1.curr_fwft_state_reg[1]
  -------------------------------------------------------------------
                         required time                         -1.557    
                         arrival time                           1.965    
  -------------------------------------------------------------------
                         slack                                  0.408    

Slack (MET) :             0.408ns  (arrival time - required time)
  Source:                 dbg_hub/inst/BSCANID.u_xsdbm_id/CORE_XSDB.UUT_MASTER/U_ICON_INTERFACE/U_CMD6_RD/U_RD_FIFO/SUBCORE_FIFO.xsdbm_v3_0_0_rdfifo_inst/inst_fifo_gen/gconvfifo.rf/grf.rf/rstblk/ngwrdrst.grst.g7serrst.rd_rst_reg_reg[2]/C
                            (rising edge-triggered cell FDPE clocked by dbg_hub/inst/BSCANID.u_xsdbm_id/SWITCH_N_EXT_BSCAN.bscan_inst/SERIES7_BSCAN.bscan_inst/TCK  {rise@0.000ns fall@16.500ns period=33.000ns})
  Destination:            dbg_hub/inst/BSCANID.u_xsdbm_id/CORE_XSDB.UUT_MASTER/U_ICON_INTERFACE/U_CMD6_RD/U_RD_FIFO/SUBCORE_FIFO.xsdbm_v3_0_0_rdfifo_inst/inst_fifo_gen/gconvfifo.rf/grf.rf/gntv_or_sync_fifo.gl0.rd/gr1.gr1_int.rfwft/gpregsm1.user_valid_reg/CLR
                            (removal check against rising-edge clock dbg_hub/inst/BSCANID.u_xsdbm_id/SWITCH_N_EXT_BSCAN.bscan_inst/SERIES7_BSCAN.bscan_inst/TCK  {rise@0.000ns fall@16.500ns period=33.000ns})
  Path Group:             **async_default**
  Path Type:              Removal (Min at Fast Process Corner)
  Requirement:            0.000ns  (dbg_hub/inst/BSCANID.u_xsdbm_id/SWITCH_N_EXT_BSCAN.bscan_inst/SERIES7_BSCAN.bscan_inst/TCK rise@0.000ns - dbg_hub/inst/BSCANID.u_xsdbm_id/SWITCH_N_EXT_BSCAN.bscan_inst/SERIES7_BSCAN.bscan_inst/TCK rise@0.000ns)
  Data Path Delay:        0.356ns  (logic 0.164ns (46.090%)  route 0.192ns (53.910%))
  Logic Levels:           0  
  Clock Path Skew:        0.015ns (DCD - SCD - CPR)
    Destination Clock Delay (DCD):    2.014ns
    Source Clock Delay      (SCD):    1.609ns
    Clock Pessimism Removal (CPR):    0.390ns

    Location             Delay type                Incr(ns)  Path(ns)    Netlist Resource(s)
  -------------------------------------------------------------------    -------------------
                         (clock dbg_hub/inst/BSCANID.u_xsdbm_id/SWITCH_N_EXT_BSCAN.bscan_inst/SERIES7_BSCAN.bscan_inst/TCK rise edge)
                                                      0.000     0.000 r  
    BSCAN_X0Y0           BSCANE2                      0.000     0.000 r  dbg_hub/inst/BSCANID.u_xsdbm_id/SWITCH_N_EXT_BSCAN.bscan_inst/SERIES7_BSCAN.bscan_inst/TCK
                         net (fo=1, routed)           1.006     1.006    dbg_hub/inst/BSCANID.u_xsdbm_id/tck_bs
    BUFGCTRL_X0Y1        BUFG (Prop_bufg_I_O)         0.026     1.032 r  dbg_hub/inst/BSCANID.u_xsdbm_id/SWITCH_N_EXT_BSCAN.u_bufg_icon_tck/O
                         net (fo=482, routed)         0.577     1.609    dbg_hub/inst/BSCANID.u_xsdbm_id/CORE_XSDB.UUT_MASTER/U_ICON_INTERFACE/U_CMD6_RD/U_RD_FIFO/SUBCORE_FIFO.xsdbm_v3_0_0_rdfifo_inst/inst_fifo_gen/gconvfifo.rf/grf.rf/rstblk/rd_clk
    SLICE_X62Y65         FDPE                                         r  dbg_hub/inst/BSCANID.u_xsdbm_id/CORE_XSDB.UUT_MASTER/U_ICON_INTERFACE/U_CMD6_RD/U_RD_FIFO/SUBCORE_FIFO.xsdbm_v3_0_0_rdfifo_inst/inst_fifo_gen/gconvfifo.rf/grf.rf/rstblk/ngwrdrst.grst.g7serrst.rd_rst_reg_reg[2]/C
  -------------------------------------------------------------------    -------------------
    SLICE_X62Y65         FDPE (Prop_fdpe_C_Q)         0.164     1.773 f  dbg_hub/inst/BSCANID.u_xsdbm_id/CORE_XSDB.UUT_MASTER/U_ICON_INTERFACE/U_CMD6_RD/U_RD_FIFO/SUBCORE_FIFO.xsdbm_v3_0_0_rdfifo_inst/inst_fifo_gen/gconvfifo.rf/grf.rf/rstblk/ngwrdrst.grst.g7serrst.rd_rst_reg_reg[2]/Q
                         net (fo=18, routed)          0.192     1.965    dbg_hub/inst/BSCANID.u_xsdbm_id/CORE_XSDB.UUT_MASTER/U_ICON_INTERFACE/U_CMD6_RD/U_RD_FIFO/SUBCORE_FIFO.xsdbm_v3_0_0_rdfifo_inst/inst_fifo_gen/gconvfifo.rf/grf.rf/gntv_or_sync_fifo.gl0.rd/gr1.gr1_int.rfwft/out[1]
    SLICE_X62Y64         FDCE                                         f  dbg_hub/inst/BSCANID.u_xsdbm_id/CORE_XSDB.UUT_MASTER/U_ICON_INTERFACE/U_CMD6_RD/U_RD_FIFO/SUBCORE_FIFO.xsdbm_v3_0_0_rdfifo_inst/inst_fifo_gen/gconvfifo.rf/grf.rf/gntv_or_sync_fifo.gl0.rd/gr1.gr1_int.rfwft/gpregsm1.user_valid_reg/CLR
  -------------------------------------------------------------------    -------------------

                         (clock dbg_hub/inst/BSCANID.u_xsdbm_id/SWITCH_N_EXT_BSCAN.bscan_inst/SERIES7_BSCAN.bscan_inst/TCK rise edge)
                                                      0.000     0.000 r  
    BSCAN_X0Y0           BSCANE2                      0.000     0.000 r  dbg_hub/inst/BSCANID.u_xsdbm_id/SWITCH_N_EXT_BSCAN.bscan_inst/SERIES7_BSCAN.bscan_inst/TCK
                         net (fo=1, routed)           1.140     1.140    dbg_hub/inst/BSCANID.u_xsdbm_id/tck_bs
    BUFGCTRL_X0Y1        BUFG (Prop_bufg_I_O)         0.029     1.169 r  dbg_hub/inst/BSCANID.u_xsdbm_id/SWITCH_N_EXT_BSCAN.u_bufg_icon_tck/O
                         net (fo=482, routed)         0.845     2.014    dbg_hub/inst/BSCANID.u_xsdbm_id/CORE_XSDB.UUT_MASTER/U_ICON_INTERFACE/U_CMD6_RD/U_RD_FIFO/SUBCORE_FIFO.xsdbm_v3_0_0_rdfifo_inst/inst_fifo_gen/gconvfifo.rf/grf.rf/gntv_or_sync_fifo.gl0.rd/gr1.gr1_int.rfwft/rd_clk
    SLICE_X62Y64         FDCE                                         r  dbg_hub/inst/BSCANID.u_xsdbm_id/CORE_XSDB.UUT_MASTER/U_ICON_INTERFACE/U_CMD6_RD/U_RD_FIFO/SUBCORE_FIFO.xsdbm_v3_0_0_rdfifo_inst/inst_fifo_gen/gconvfifo.rf/grf.rf/gntv_or_sync_fifo.gl0.rd/gr1.gr1_int.rfwft/gpregsm1.user_valid_reg/C
                         clock pessimism             -0.390     1.624    
    SLICE_X62Y64         FDCE (Remov_fdce_C_CLR)     -0.067     1.557    dbg_hub/inst/BSCANID.u_xsdbm_id/CORE_XSDB.UUT_MASTER/U_ICON_INTERFACE/U_CMD6_RD/U_RD_FIFO/SUBCORE_FIFO.xsdbm_v3_0_0_rdfifo_inst/inst_fifo_gen/gconvfifo.rf/grf.rf/gntv_or_sync_fifo.gl0.rd/gr1.gr1_int.rfwft/gpregsm1.user_valid_reg
  -------------------------------------------------------------------
                         required time                         -1.557    
                         arrival time                           1.965    
  -------------------------------------------------------------------
                         slack                                  0.408    

Slack (MET) :             0.411ns  (arrival time - required time)
  Source:                 dbg_hub/inst/BSCANID.u_xsdbm_id/CORE_XSDB.UUT_MASTER/U_ICON_INTERFACE/U_CMD6_RD/U_RD_FIFO/SUBCORE_FIFO.xsdbm_v3_0_0_rdfifo_inst/inst_fifo_gen/gconvfifo.rf/grf.rf/rstblk/ngwrdrst.grst.g7serrst.rd_rst_reg_reg[2]/C
                            (rising edge-triggered cell FDPE clocked by dbg_hub/inst/BSCANID.u_xsdbm_id/SWITCH_N_EXT_BSCAN.bscan_inst/SERIES7_BSCAN.bscan_inst/TCK  {rise@0.000ns fall@16.500ns period=33.000ns})
  Destination:            dbg_hub/inst/BSCANID.u_xsdbm_id/CORE_XSDB.UUT_MASTER/U_ICON_INTERFACE/U_CMD6_RD/U_RD_FIFO/SUBCORE_FIFO.xsdbm_v3_0_0_rdfifo_inst/inst_fifo_gen/gconvfifo.rf/grf.rf/gntv_or_sync_fifo.gl0.rd/rpntr/gc0.count_d1_reg[0]/CLR
                            (removal check against rising-edge clock dbg_hub/inst/BSCANID.u_xsdbm_id/SWITCH_N_EXT_BSCAN.bscan_inst/SERIES7_BSCAN.bscan_inst/TCK  {rise@0.000ns fall@16.500ns period=33.000ns})
  Path Group:             **async_default**
  Path Type:              Removal (Min at Fast Process Corner)
  Requirement:            0.000ns  (dbg_hub/inst/BSCANID.u_xsdbm_id/SWITCH_N_EXT_BSCAN.bscan_inst/SERIES7_BSCAN.bscan_inst/TCK rise@0.000ns - dbg_hub/inst/BSCANID.u_xsdbm_id/SWITCH_N_EXT_BSCAN.bscan_inst/SERIES7_BSCAN.bscan_inst/TCK rise@0.000ns)
  Data Path Delay:        0.334ns  (logic 0.164ns (49.172%)  route 0.170ns (50.828%))
  Logic Levels:           0  
  Clock Path Skew:        0.015ns (DCD - SCD - CPR)
    Destination Clock Delay (DCD):    2.014ns
    Source Clock Delay      (SCD):    1.609ns
    Clock Pessimism Removal (CPR):    0.390ns

    Location             Delay type                Incr(ns)  Path(ns)    Netlist Resource(s)
  -------------------------------------------------------------------    -------------------
                         (clock dbg_hub/inst/BSCANID.u_xsdbm_id/SWITCH_N_EXT_BSCAN.bscan_inst/SERIES7_BSCAN.bscan_inst/TCK rise edge)
                                                      0.000     0.000 r  
    BSCAN_X0Y0           BSCANE2                      0.000     0.000 r  dbg_hub/inst/BSCANID.u_xsdbm_id/SWITCH_N_EXT_BSCAN.bscan_inst/SERIES7_BSCAN.bscan_inst/TCK
                         net (fo=1, routed)           1.006     1.006    dbg_hub/inst/BSCANID.u_xsdbm_id/tck_bs
    BUFGCTRL_X0Y1        BUFG (Prop_bufg_I_O)         0.026     1.032 r  dbg_hub/inst/BSCANID.u_xsdbm_id/SWITCH_N_EXT_BSCAN.u_bufg_icon_tck/O
                         net (fo=482, routed)         0.577     1.609    dbg_hub/inst/BSCANID.u_xsdbm_id/CORE_XSDB.UUT_MASTER/U_ICON_INTERFACE/U_CMD6_RD/U_RD_FIFO/SUBCORE_FIFO.xsdbm_v3_0_0_rdfifo_inst/inst_fifo_gen/gconvfifo.rf/grf.rf/rstblk/rd_clk
    SLICE_X62Y65         FDPE                                         r  dbg_hub/inst/BSCANID.u_xsdbm_id/CORE_XSDB.UUT_MASTER/U_ICON_INTERFACE/U_CMD6_RD/U_RD_FIFO/SUBCORE_FIFO.xsdbm_v3_0_0_rdfifo_inst/inst_fifo_gen/gconvfifo.rf/grf.rf/rstblk/ngwrdrst.grst.g7serrst.rd_rst_reg_reg[2]/C
  -------------------------------------------------------------------    -------------------
    SLICE_X62Y65         FDPE (Prop_fdpe_C_Q)         0.164     1.773 f  dbg_hub/inst/BSCANID.u_xsdbm_id/CORE_XSDB.UUT_MASTER/U_ICON_INTERFACE/U_CMD6_RD/U_RD_FIFO/SUBCORE_FIFO.xsdbm_v3_0_0_rdfifo_inst/inst_fifo_gen/gconvfifo.rf/grf.rf/rstblk/ngwrdrst.grst.g7serrst.rd_rst_reg_reg[2]/Q
                         net (fo=18, routed)          0.170     1.943    dbg_hub/inst/BSCANID.u_xsdbm_id/CORE_XSDB.UUT_MASTER/U_ICON_INTERFACE/U_CMD6_RD/U_RD_FIFO/SUBCORE_FIFO.xsdbm_v3_0_0_rdfifo_inst/inst_fifo_gen/gconvfifo.rf/grf.rf/gntv_or_sync_fifo.gl0.rd/rpntr/out[0]
    SLICE_X61Y64         FDCE                                         f  dbg_hub/inst/BSCANID.u_xsdbm_id/CORE_XSDB.UUT_MASTER/U_ICON_INTERFACE/U_CMD6_RD/U_RD_FIFO/SUBCORE_FIFO.xsdbm_v3_0_0_rdfifo_inst/inst_fifo_gen/gconvfifo.rf/grf.rf/gntv_or_sync_fifo.gl0.rd/rpntr/gc0.count_d1_reg[0]/CLR
  -------------------------------------------------------------------    -------------------

                         (clock dbg_hub/inst/BSCANID.u_xsdbm_id/SWITCH_N_EXT_BSCAN.bscan_inst/SERIES7_BSCAN.bscan_inst/TCK rise edge)
                                                      0.000     0.000 r  
    BSCAN_X0Y0           BSCANE2                      0.000     0.000 r  dbg_hub/inst/BSCANID.u_xsdbm_id/SWITCH_N_EXT_BSCAN.bscan_inst/SERIES7_BSCAN.bscan_inst/TCK
                         net (fo=1, routed)           1.140     1.140    dbg_hub/inst/BSCANID.u_xsdbm_id/tck_bs
    BUFGCTRL_X0Y1        BUFG (Prop_bufg_I_O)         0.029     1.169 r  dbg_hub/inst/BSCANID.u_xsdbm_id/SWITCH_N_EXT_BSCAN.u_bufg_icon_tck/O
                         net (fo=482, routed)         0.845     2.014    dbg_hub/inst/BSCANID.u_xsdbm_id/CORE_XSDB.UUT_MASTER/U_ICON_INTERFACE/U_CMD6_RD/U_RD_FIFO/SUBCORE_FIFO.xsdbm_v3_0_0_rdfifo_inst/inst_fifo_gen/gconvfifo.rf/grf.rf/gntv_or_sync_fifo.gl0.rd/rpntr/rd_clk
    SLICE_X61Y64         FDCE                                         r  dbg_hub/inst/BSCANID.u_xsdbm_id/CORE_XSDB.UUT_MASTER/U_ICON_INTERFACE/U_CMD6_RD/U_RD_FIFO/SUBCORE_FIFO.xsdbm_v3_0_0_rdfifo_inst/inst_fifo_gen/gconvfifo.rf/grf.rf/gntv_or_sync_fifo.gl0.rd/rpntr/gc0.count_d1_reg[0]/C
                         clock pessimism             -0.390     1.624    
    SLICE_X61Y64         FDCE (Remov_fdce_C_CLR)     -0.092     1.532    dbg_hub/inst/BSCANID.u_xsdbm_id/CORE_XSDB.UUT_MASTER/U_ICON_INTERFACE/U_CMD6_RD/U_RD_FIFO/SUBCORE_FIFO.xsdbm_v3_0_0_rdfifo_inst/inst_fifo_gen/gconvfifo.rf/grf.rf/gntv_or_sync_fifo.gl0.rd/rpntr/gc0.count_d1_reg[0]
  -------------------------------------------------------------------
                         required time                         -1.532    
                         arrival time                           1.943    
  -------------------------------------------------------------------
                         slack                                  0.411    

Slack (MET) :             0.411ns  (arrival time - required time)
  Source:                 dbg_hub/inst/BSCANID.u_xsdbm_id/CORE_XSDB.UUT_MASTER/U_ICON_INTERFACE/U_CMD6_RD/U_RD_FIFO/SUBCORE_FIFO.xsdbm_v3_0_0_rdfifo_inst/inst_fifo_gen/gconvfifo.rf/grf.rf/rstblk/ngwrdrst.grst.g7serrst.rd_rst_reg_reg[2]/C
                            (rising edge-triggered cell FDPE clocked by dbg_hub/inst/BSCANID.u_xsdbm_id/SWITCH_N_EXT_BSCAN.bscan_inst/SERIES7_BSCAN.bscan_inst/TCK  {rise@0.000ns fall@16.500ns period=33.000ns})
  Destination:            dbg_hub/inst/BSCANID.u_xsdbm_id/CORE_XSDB.UUT_MASTER/U_ICON_INTERFACE/U_CMD6_RD/U_RD_FIFO/SUBCORE_FIFO.xsdbm_v3_0_0_rdfifo_inst/inst_fifo_gen/gconvfifo.rf/grf.rf/gntv_or_sync_fifo.gl0.rd/rpntr/gc0.count_d1_reg[1]/CLR
                            (removal check against rising-edge clock dbg_hub/inst/BSCANID.u_xsdbm_id/SWITCH_N_EXT_BSCAN.bscan_inst/SERIES7_BSCAN.bscan_inst/TCK  {rise@0.000ns fall@16.500ns period=33.000ns})
  Path Group:             **async_default**
  Path Type:              Removal (Min at Fast Process Corner)
  Requirement:            0.000ns  (dbg_hub/inst/BSCANID.u_xsdbm_id/SWITCH_N_EXT_BSCAN.bscan_inst/SERIES7_BSCAN.bscan_inst/TCK rise@0.000ns - dbg_hub/inst/BSCANID.u_xsdbm_id/SWITCH_N_EXT_BSCAN.bscan_inst/SERIES7_BSCAN.bscan_inst/TCK rise@0.000ns)
  Data Path Delay:        0.334ns  (logic 0.164ns (49.172%)  route 0.170ns (50.828%))
  Logic Levels:           0  
  Clock Path Skew:        0.015ns (DCD - SCD - CPR)
    Destination Clock Delay (DCD):    2.014ns
    Source Clock Delay      (SCD):    1.609ns
    Clock Pessimism Removal (CPR):    0.390ns

    Location             Delay type                Incr(ns)  Path(ns)    Netlist Resource(s)
  -------------------------------------------------------------------    -------------------
                         (clock dbg_hub/inst/BSCANID.u_xsdbm_id/SWITCH_N_EXT_BSCAN.bscan_inst/SERIES7_BSCAN.bscan_inst/TCK rise edge)
                                                      0.000     0.000 r  
    BSCAN_X0Y0           BSCANE2                      0.000     0.000 r  dbg_hub/inst/BSCANID.u_xsdbm_id/SWITCH_N_EXT_BSCAN.bscan_inst/SERIES7_BSCAN.bscan_inst/TCK
                         net (fo=1, routed)           1.006     1.006    dbg_hub/inst/BSCANID.u_xsdbm_id/tck_bs
    BUFGCTRL_X0Y1        BUFG (Prop_bufg_I_O)         0.026     1.032 r  dbg_hub/inst/BSCANID.u_xsdbm_id/SWITCH_N_EXT_BSCAN.u_bufg_icon_tck/O
                         net (fo=482, routed)         0.577     1.609    dbg_hub/inst/BSCANID.u_xsdbm_id/CORE_XSDB.UUT_MASTER/U_ICON_INTERFACE/U_CMD6_RD/U_RD_FIFO/SUBCORE_FIFO.xsdbm_v3_0_0_rdfifo_inst/inst_fifo_gen/gconvfifo.rf/grf.rf/rstblk/rd_clk
    SLICE_X62Y65         FDPE                                         r  dbg_hub/inst/BSCANID.u_xsdbm_id/CORE_XSDB.UUT_MASTER/U_ICON_INTERFACE/U_CMD6_RD/U_RD_FIFO/SUBCORE_FIFO.xsdbm_v3_0_0_rdfifo_inst/inst_fifo_gen/gconvfifo.rf/grf.rf/rstblk/ngwrdrst.grst.g7serrst.rd_rst_reg_reg[2]/C
  -------------------------------------------------------------------    -------------------
    SLICE_X62Y65         FDPE (Prop_fdpe_C_Q)         0.164     1.773 f  dbg_hub/inst/BSCANID.u_xsdbm_id/CORE_XSDB.UUT_MASTER/U_ICON_INTERFACE/U_CMD6_RD/U_RD_FIFO/SUBCORE_FIFO.xsdbm_v3_0_0_rdfifo_inst/inst_fifo_gen/gconvfifo.rf/grf.rf/rstblk/ngwrdrst.grst.g7serrst.rd_rst_reg_reg[2]/Q
                         net (fo=18, routed)          0.170     1.943    dbg_hub/inst/BSCANID.u_xsdbm_id/CORE_XSDB.UUT_MASTER/U_ICON_INTERFACE/U_CMD6_RD/U_RD_FIFO/SUBCORE_FIFO.xsdbm_v3_0_0_rdfifo_inst/inst_fifo_gen/gconvfifo.rf/grf.rf/gntv_or_sync_fifo.gl0.rd/rpntr/out[0]
    SLICE_X61Y64         FDCE                                         f  dbg_hub/inst/BSCANID.u_xsdbm_id/CORE_XSDB.UUT_MASTER/U_ICON_INTERFACE/U_CMD6_RD/U_RD_FIFO/SUBCORE_FIFO.xsdbm_v3_0_0_rdfifo_inst/inst_fifo_gen/gconvfifo.rf/grf.rf/gntv_or_sync_fifo.gl0.rd/rpntr/gc0.count_d1_reg[1]/CLR
  -------------------------------------------------------------------    -------------------

                         (clock dbg_hub/inst/BSCANID.u_xsdbm_id/SWITCH_N_EXT_BSCAN.bscan_inst/SERIES7_BSCAN.bscan_inst/TCK rise edge)
                                                      0.000     0.000 r  
    BSCAN_X0Y0           BSCANE2                      0.000     0.000 r  dbg_hub/inst/BSCANID.u_xsdbm_id/SWITCH_N_EXT_BSCAN.bscan_inst/SERIES7_BSCAN.bscan_inst/TCK
                         net (fo=1, routed)           1.140     1.140    dbg_hub/inst/BSCANID.u_xsdbm_id/tck_bs
    BUFGCTRL_X0Y1        BUFG (Prop_bufg_I_O)         0.029     1.169 r  dbg_hub/inst/BSCANID.u_xsdbm_id/SWITCH_N_EXT_BSCAN.u_bufg_icon_tck/O
                         net (fo=482, routed)         0.845     2.014    dbg_hub/inst/BSCANID.u_xsdbm_id/CORE_XSDB.UUT_MASTER/U_ICON_INTERFACE/U_CMD6_RD/U_RD_FIFO/SUBCORE_FIFO.xsdbm_v3_0_0_rdfifo_inst/inst_fifo_gen/gconvfifo.rf/grf.rf/gntv_or_sync_fifo.gl0.rd/rpntr/rd_clk
    SLICE_X61Y64         FDCE                                         r  dbg_hub/inst/BSCANID.u_xsdbm_id/CORE_XSDB.UUT_MASTER/U_ICON_INTERFACE/U_CMD6_RD/U_RD_FIFO/SUBCORE_FIFO.xsdbm_v3_0_0_rdfifo_inst/inst_fifo_gen/gconvfifo.rf/grf.rf/gntv_or_sync_fifo.gl0.rd/rpntr/gc0.count_d1_reg[1]/C
                         clock pessimism             -0.390     1.624    
    SLICE_X61Y64         FDCE (Remov_fdce_C_CLR)     -0.092     1.532    dbg_hub/inst/BSCANID.u_xsdbm_id/CORE_XSDB.UUT_MASTER/U_ICON_INTERFACE/U_CMD6_RD/U_RD_FIFO/SUBCORE_FIFO.xsdbm_v3_0_0_rdfifo_inst/inst_fifo_gen/gconvfifo.rf/grf.rf/gntv_or_sync_fifo.gl0.rd/rpntr/gc0.count_d1_reg[1]
  -------------------------------------------------------------------
                         required time                         -1.532    
                         arrival time                           1.943    
  -------------------------------------------------------------------
                         slack                                  0.411    

Slack (MET) :             0.411ns  (arrival time - required time)
  Source:                 dbg_hub/inst/BSCANID.u_xsdbm_id/CORE_XSDB.UUT_MASTER/U_ICON_INTERFACE/U_CMD6_RD/U_RD_FIFO/SUBCORE_FIFO.xsdbm_v3_0_0_rdfifo_inst/inst_fifo_gen/gconvfifo.rf/grf.rf/rstblk/ngwrdrst.grst.g7serrst.rd_rst_reg_reg[2]/C
                            (rising edge-triggered cell FDPE clocked by dbg_hub/inst/BSCANID.u_xsdbm_id/SWITCH_N_EXT_BSCAN.bscan_inst/SERIES7_BSCAN.bscan_inst/TCK  {rise@0.000ns fall@16.500ns period=33.000ns})
  Destination:            dbg_hub/inst/BSCANID.u_xsdbm_id/CORE_XSDB.UUT_MASTER/U_ICON_INTERFACE/U_CMD6_RD/U_RD_FIFO/SUBCORE_FIFO.xsdbm_v3_0_0_rdfifo_inst/inst_fifo_gen/gconvfifo.rf/grf.rf/gntv_or_sync_fifo.gl0.rd/rpntr/gc0.count_d1_reg[2]/CLR
                            (removal check against rising-edge clock dbg_hub/inst/BSCANID.u_xsdbm_id/SWITCH_N_EXT_BSCAN.bscan_inst/SERIES7_BSCAN.bscan_inst/TCK  {rise@0.000ns fall@16.500ns period=33.000ns})
  Path Group:             **async_default**
  Path Type:              Removal (Min at Fast Process Corner)
  Requirement:            0.000ns  (dbg_hub/inst/BSCANID.u_xsdbm_id/SWITCH_N_EXT_BSCAN.bscan_inst/SERIES7_BSCAN.bscan_inst/TCK rise@0.000ns - dbg_hub/inst/BSCANID.u_xsdbm_id/SWITCH_N_EXT_BSCAN.bscan_inst/SERIES7_BSCAN.bscan_inst/TCK rise@0.000ns)
  Data Path Delay:        0.334ns  (logic 0.164ns (49.172%)  route 0.170ns (50.828%))
  Logic Levels:           0  
  Clock Path Skew:        0.015ns (DCD - SCD - CPR)
    Destination Clock Delay (DCD):    2.014ns
    Source Clock Delay      (SCD):    1.609ns
    Clock Pessimism Removal (CPR):    0.390ns

    Location             Delay type                Incr(ns)  Path(ns)    Netlist Resource(s)
  -------------------------------------------------------------------    -------------------
                         (clock dbg_hub/inst/BSCANID.u_xsdbm_id/SWITCH_N_EXT_BSCAN.bscan_inst/SERIES7_BSCAN.bscan_inst/TCK rise edge)
                                                      0.000     0.000 r  
    BSCAN_X0Y0           BSCANE2                      0.000     0.000 r  dbg_hub/inst/BSCANID.u_xsdbm_id/SWITCH_N_EXT_BSCAN.bscan_inst/SERIES7_BSCAN.bscan_inst/TCK
                         net (fo=1, routed)           1.006     1.006    dbg_hub/inst/BSCANID.u_xsdbm_id/tck_bs
    BUFGCTRL_X0Y1        BUFG (Prop_bufg_I_O)         0.026     1.032 r  dbg_hub/inst/BSCANID.u_xsdbm_id/SWITCH_N_EXT_BSCAN.u_bufg_icon_tck/O
                         net (fo=482, routed)         0.577     1.609    dbg_hub/inst/BSCANID.u_xsdbm_id/CORE_XSDB.UUT_MASTER/U_ICON_INTERFACE/U_CMD6_RD/U_RD_FIFO/SUBCORE_FIFO.xsdbm_v3_0_0_rdfifo_inst/inst_fifo_gen/gconvfifo.rf/grf.rf/rstblk/rd_clk
    SLICE_X62Y65         FDPE                                         r  dbg_hub/inst/BSCANID.u_xsdbm_id/CORE_XSDB.UUT_MASTER/U_ICON_INTERFACE/U_CMD6_RD/U_RD_FIFO/SUBCORE_FIFO.xsdbm_v3_0_0_rdfifo_inst/inst_fifo_gen/gconvfifo.rf/grf.rf/rstblk/ngwrdrst.grst.g7serrst.rd_rst_reg_reg[2]/C
  -------------------------------------------------------------------    -------------------
    SLICE_X62Y65         FDPE (Prop_fdpe_C_Q)         0.164     1.773 f  dbg_hub/inst/BSCANID.u_xsdbm_id/CORE_XSDB.UUT_MASTER/U_ICON_INTERFACE/U_CMD6_RD/U_RD_FIFO/SUBCORE_FIFO.xsdbm_v3_0_0_rdfifo_inst/inst_fifo_gen/gconvfifo.rf/grf.rf/rstblk/ngwrdrst.grst.g7serrst.rd_rst_reg_reg[2]/Q
                         net (fo=18, routed)          0.170     1.943    dbg_hub/inst/BSCANID.u_xsdbm_id/CORE_XSDB.UUT_MASTER/U_ICON_INTERFACE/U_CMD6_RD/U_RD_FIFO/SUBCORE_FIFO.xsdbm_v3_0_0_rdfifo_inst/inst_fifo_gen/gconvfifo.rf/grf.rf/gntv_or_sync_fifo.gl0.rd/rpntr/out[0]
    SLICE_X61Y64         FDCE                                         f  dbg_hub/inst/BSCANID.u_xsdbm_id/CORE_XSDB.UUT_MASTER/U_ICON_INTERFACE/U_CMD6_RD/U_RD_FIFO/SUBCORE_FIFO.xsdbm_v3_0_0_rdfifo_inst/inst_fifo_gen/gconvfifo.rf/grf.rf/gntv_or_sync_fifo.gl0.rd/rpntr/gc0.count_d1_reg[2]/CLR
  -------------------------------------------------------------------    -------------------

                         (clock dbg_hub/inst/BSCANID.u_xsdbm_id/SWITCH_N_EXT_BSCAN.bscan_inst/SERIES7_BSCAN.bscan_inst/TCK rise edge)
                                                      0.000     0.000 r  
    BSCAN_X0Y0           BSCANE2                      0.000     0.000 r  dbg_hub/inst/BSCANID.u_xsdbm_id/SWITCH_N_EXT_BSCAN.bscan_inst/SERIES7_BSCAN.bscan_inst/TCK
                         net (fo=1, routed)           1.140     1.140    dbg_hub/inst/BSCANID.u_xsdbm_id/tck_bs
    BUFGCTRL_X0Y1        BUFG (Prop_bufg_I_O)         0.029     1.169 r  dbg_hub/inst/BSCANID.u_xsdbm_id/SWITCH_N_EXT_BSCAN.u_bufg_icon_tck/O
                         net (fo=482, routed)         0.845     2.014    dbg_hub/inst/BSCANID.u_xsdbm_id/CORE_XSDB.UUT_MASTER/U_ICON_INTERFACE/U_CMD6_RD/U_RD_FIFO/SUBCORE_FIFO.xsdbm_v3_0_0_rdfifo_inst/inst_fifo_gen/gconvfifo.rf/grf.rf/gntv_or_sync_fifo.gl0.rd/rpntr/rd_clk
    SLICE_X61Y64         FDCE                                         r  dbg_hub/inst/BSCANID.u_xsdbm_id/CORE_XSDB.UUT_MASTER/U_ICON_INTERFACE/U_CMD6_RD/U_RD_FIFO/SUBCORE_FIFO.xsdbm_v3_0_0_rdfifo_inst/inst_fifo_gen/gconvfifo.rf/grf.rf/gntv_or_sync_fifo.gl0.rd/rpntr/gc0.count_d1_reg[2]/C
                         clock pessimism             -0.390     1.624    
    SLICE_X61Y64         FDCE (Remov_fdce_C_CLR)     -0.092     1.532    dbg_hub/inst/BSCANID.u_xsdbm_id/CORE_XSDB.UUT_MASTER/U_ICON_INTERFACE/U_CMD6_RD/U_RD_FIFO/SUBCORE_FIFO.xsdbm_v3_0_0_rdfifo_inst/inst_fifo_gen/gconvfifo.rf/grf.rf/gntv_or_sync_fifo.gl0.rd/rpntr/gc0.count_d1_reg[2]
  -------------------------------------------------------------------
                         required time                         -1.532    
                         arrival time                           1.943    
  -------------------------------------------------------------------
                         slack                                  0.411    

Slack (MET) :             0.411ns  (arrival time - required time)
  Source:                 dbg_hub/inst/BSCANID.u_xsdbm_id/CORE_XSDB.UUT_MASTER/U_ICON_INTERFACE/U_CMD6_RD/U_RD_FIFO/SUBCORE_FIFO.xsdbm_v3_0_0_rdfifo_inst/inst_fifo_gen/gconvfifo.rf/grf.rf/rstblk/ngwrdrst.grst.g7serrst.rd_rst_reg_reg[2]/C
                            (rising edge-triggered cell FDPE clocked by dbg_hub/inst/BSCANID.u_xsdbm_id/SWITCH_N_EXT_BSCAN.bscan_inst/SERIES7_BSCAN.bscan_inst/TCK  {rise@0.000ns fall@16.500ns period=33.000ns})
  Destination:            dbg_hub/inst/BSCANID.u_xsdbm_id/CORE_XSDB.UUT_MASTER/U_ICON_INTERFACE/U_CMD6_RD/U_RD_FIFO/SUBCORE_FIFO.xsdbm_v3_0_0_rdfifo_inst/inst_fifo_gen/gconvfifo.rf/grf.rf/gntv_or_sync_fifo.gl0.rd/rpntr/gc0.count_d1_reg[3]/CLR
                            (removal check against rising-edge clock dbg_hub/inst/BSCANID.u_xsdbm_id/SWITCH_N_EXT_BSCAN.bscan_inst/SERIES7_BSCAN.bscan_inst/TCK  {rise@0.000ns fall@16.500ns period=33.000ns})
  Path Group:             **async_default**
  Path Type:              Removal (Min at Fast Process Corner)
  Requirement:            0.000ns  (dbg_hub/inst/BSCANID.u_xsdbm_id/SWITCH_N_EXT_BSCAN.bscan_inst/SERIES7_BSCAN.bscan_inst/TCK rise@0.000ns - dbg_hub/inst/BSCANID.u_xsdbm_id/SWITCH_N_EXT_BSCAN.bscan_inst/SERIES7_BSCAN.bscan_inst/TCK rise@0.000ns)
  Data Path Delay:        0.334ns  (logic 0.164ns (49.172%)  route 0.170ns (50.828%))
  Logic Levels:           0  
  Clock Path Skew:        0.015ns (DCD - SCD - CPR)
    Destination Clock Delay (DCD):    2.014ns
    Source Clock Delay      (SCD):    1.609ns
    Clock Pessimism Removal (CPR):    0.390ns

    Location             Delay type                Incr(ns)  Path(ns)    Netlist Resource(s)
  -------------------------------------------------------------------    -------------------
                         (clock dbg_hub/inst/BSCANID.u_xsdbm_id/SWITCH_N_EXT_BSCAN.bscan_inst/SERIES7_BSCAN.bscan_inst/TCK rise edge)
                                                      0.000     0.000 r  
    BSCAN_X0Y0           BSCANE2                      0.000     0.000 r  dbg_hub/inst/BSCANID.u_xsdbm_id/SWITCH_N_EXT_BSCAN.bscan_inst/SERIES7_BSCAN.bscan_inst/TCK
                         net (fo=1, routed)           1.006     1.006    dbg_hub/inst/BSCANID.u_xsdbm_id/tck_bs
    BUFGCTRL_X0Y1        BUFG (Prop_bufg_I_O)         0.026     1.032 r  dbg_hub/inst/BSCANID.u_xsdbm_id/SWITCH_N_EXT_BSCAN.u_bufg_icon_tck/O
                         net (fo=482, routed)         0.577     1.609    dbg_hub/inst/BSCANID.u_xsdbm_id/CORE_XSDB.UUT_MASTER/U_ICON_INTERFACE/U_CMD6_RD/U_RD_FIFO/SUBCORE_FIFO.xsdbm_v3_0_0_rdfifo_inst/inst_fifo_gen/gconvfifo.rf/grf.rf/rstblk/rd_clk
    SLICE_X62Y65         FDPE                                         r  dbg_hub/inst/BSCANID.u_xsdbm_id/CORE_XSDB.UUT_MASTER/U_ICON_INTERFACE/U_CMD6_RD/U_RD_FIFO/SUBCORE_FIFO.xsdbm_v3_0_0_rdfifo_inst/inst_fifo_gen/gconvfifo.rf/grf.rf/rstblk/ngwrdrst.grst.g7serrst.rd_rst_reg_reg[2]/C
  -------------------------------------------------------------------    -------------------
    SLICE_X62Y65         FDPE (Prop_fdpe_C_Q)         0.164     1.773 f  dbg_hub/inst/BSCANID.u_xsdbm_id/CORE_XSDB.UUT_MASTER/U_ICON_INTERFACE/U_CMD6_RD/U_RD_FIFO/SUBCORE_FIFO.xsdbm_v3_0_0_rdfifo_inst/inst_fifo_gen/gconvfifo.rf/grf.rf/rstblk/ngwrdrst.grst.g7serrst.rd_rst_reg_reg[2]/Q
                         net (fo=18, routed)          0.170     1.943    dbg_hub/inst/BSCANID.u_xsdbm_id/CORE_XSDB.UUT_MASTER/U_ICON_INTERFACE/U_CMD6_RD/U_RD_FIFO/SUBCORE_FIFO.xsdbm_v3_0_0_rdfifo_inst/inst_fifo_gen/gconvfifo.rf/grf.rf/gntv_or_sync_fifo.gl0.rd/rpntr/out[0]
    SLICE_X61Y64         FDCE                                         f  dbg_hub/inst/BSCANID.u_xsdbm_id/CORE_XSDB.UUT_MASTER/U_ICON_INTERFACE/U_CMD6_RD/U_RD_FIFO/SUBCORE_FIFO.xsdbm_v3_0_0_rdfifo_inst/inst_fifo_gen/gconvfifo.rf/grf.rf/gntv_or_sync_fifo.gl0.rd/rpntr/gc0.count_d1_reg[3]/CLR
  -------------------------------------------------------------------    -------------------

                         (clock dbg_hub/inst/BSCANID.u_xsdbm_id/SWITCH_N_EXT_BSCAN.bscan_inst/SERIES7_BSCAN.bscan_inst/TCK rise edge)
                                                      0.000     0.000 r  
    BSCAN_X0Y0           BSCANE2                      0.000     0.000 r  dbg_hub/inst/BSCANID.u_xsdbm_id/SWITCH_N_EXT_BSCAN.bscan_inst/SERIES7_BSCAN.bscan_inst/TCK
                         net (fo=1, routed)           1.140     1.140    dbg_hub/inst/BSCANID.u_xsdbm_id/tck_bs
    BUFGCTRL_X0Y1        BUFG (Prop_bufg_I_O)         0.029     1.169 r  dbg_hub/inst/BSCANID.u_xsdbm_id/SWITCH_N_EXT_BSCAN.u_bufg_icon_tck/O
                         net (fo=482, routed)         0.845     2.014    dbg_hub/inst/BSCANID.u_xsdbm_id/CORE_XSDB.UUT_MASTER/U_ICON_INTERFACE/U_CMD6_RD/U_RD_FIFO/SUBCORE_FIFO.xsdbm_v3_0_0_rdfifo_inst/inst_fifo_gen/gconvfifo.rf/grf.rf/gntv_or_sync_fifo.gl0.rd/rpntr/rd_clk
    SLICE_X61Y64         FDCE                                         r  dbg_hub/inst/BSCANID.u_xsdbm_id/CORE_XSDB.UUT_MASTER/U_ICON_INTERFACE/U_CMD6_RD/U_RD_FIFO/SUBCORE_FIFO.xsdbm_v3_0_0_rdfifo_inst/inst_fifo_gen/gconvfifo.rf/grf.rf/gntv_or_sync_fifo.gl0.rd/rpntr/gc0.count_d1_reg[3]/C
                         clock pessimism             -0.390     1.624    
    SLICE_X61Y64         FDCE (Remov_fdce_C_CLR)     -0.092     1.532    dbg_hub/inst/BSCANID.u_xsdbm_id/CORE_XSDB.UUT_MASTER/U_ICON_INTERFACE/U_CMD6_RD/U_RD_FIFO/SUBCORE_FIFO.xsdbm_v3_0_0_rdfifo_inst/inst_fifo_gen/gconvfifo.rf/grf.rf/gntv_or_sync_fifo.gl0.rd/rpntr/gc0.count_d1_reg[3]
  -------------------------------------------------------------------
                         required time                         -1.532    
                         arrival time                           1.943    
  -------------------------------------------------------------------
                         slack                                  0.411    





---------------------------------------------------------------------------------------------------
Path Group:  **async_default**
From Clock:  sys_clk
  To Clock:  sys_clk

Setup :            0  Failing Endpoints,  Worst Slack       17.795ns,  Total Violation        0.000ns
Hold  :            0  Failing Endpoints,  Worst Slack        0.368ns,  Total Violation        0.000ns
---------------------------------------------------------------------------------------------------


Max Delay Paths
--------------------------------------------------------------------------------------
Slack (MET) :             17.795ns  (required time - arrival time)
  Source:                 dbg_hub/inst/BSCANID.u_xsdbm_id/CORE_XSDB.UUT_MASTER/U_ICON_INTERFACE/U_CMD6_RD/U_RD_FIFO/SUBCORE_FIFO.xsdbm_v3_0_0_rdfifo_inst/inst_fifo_gen/gconvfifo.rf/grf.rf/rstblk/ngwrdrst.grst.g7serrst.gwrrd_rst_sync_stage[2].wrst_inst/Q_reg_reg[0]/C
                            (rising edge-triggered cell FDRE clocked by sys_clk  {rise@0.000ns fall@10.000ns period=20.000ns})
  Destination:            dbg_hub/inst/BSCANID.u_xsdbm_id/CORE_XSDB.UUT_MASTER/U_ICON_INTERFACE/U_CMD6_RD/U_RD_FIFO/SUBCORE_FIFO.xsdbm_v3_0_0_rdfifo_inst/inst_fifo_gen/gconvfifo.rf/grf.rf/rstblk/ngwrdrst.grst.g7serrst.wr_rst_reg_reg[0]/PRE
                            (recovery check against rising-edge clock sys_clk  {rise@0.000ns fall@10.000ns period=20.000ns})
  Path Group:             **async_default**
  Path Type:              Recovery (Max at Slow Process Corner)
  Requirement:            20.000ns  (sys_clk rise@20.000ns - sys_clk rise@0.000ns)
  Data Path Delay:        1.817ns  (logic 0.630ns (34.680%)  route 1.187ns (65.320%))
  Logic Levels:           1  (LUT2=1)
  Clock Path Skew:        -0.061ns (DCD - SCD + CPR)
    Destination Clock Delay (DCD):    4.385ns = ( 24.385 - 20.000 ) 
    Source Clock Delay      (SCD):    4.787ns
    Clock Pessimism Removal (CPR):    0.341ns
  Clock Uncertainty:      0.035ns  ((TSJ^2 + TIJ^2)^1/2 + DJ) / 2 + PE
    Total System Jitter     (TSJ):    0.071ns
    Total Input Jitter      (TIJ):    0.000ns
    Discrete Jitter          (DJ):    0.000ns
    Phase Error              (PE):    0.000ns

    Location             Delay type                Incr(ns)  Path(ns)    Netlist Resource(s)
  -------------------------------------------------------------------    -------------------
                         (clock sys_clk rise edge)    0.000     0.000 r  
    N18                                               0.000     0.000 r  sys_clk (IN)
                         net (fo=0)                   0.000     0.000    sys_clk
    N18                  IBUF (Prop_ibuf_I_O)         1.392     1.392 r  sys_clk_IBUF_inst/O
                         net (fo=1, routed)           1.873     3.265    sys_clk_IBUF
    BUFGCTRL_X0Y16       BUFG (Prop_bufg_I_O)         0.085     3.350 r  sys_clk_IBUF_BUFG_inst/O
                         net (fo=2986, routed)        1.437     4.787    dbg_hub/inst/BSCANID.u_xsdbm_id/CORE_XSDB.UUT_MASTER/U_ICON_INTERFACE/U_CMD6_RD/U_RD_FIFO/SUBCORE_FIFO.xsdbm_v3_0_0_rdfifo_inst/inst_fifo_gen/gconvfifo.rf/grf.rf/rstblk/ngwrdrst.grst.g7serrst.gwrrd_rst_sync_stage[2].wrst_inst/wr_clk
    SLICE_X66Y65         FDRE                                         r  dbg_hub/inst/BSCANID.u_xsdbm_id/CORE_XSDB.UUT_MASTER/U_ICON_INTERFACE/U_CMD6_RD/U_RD_FIFO/SUBCORE_FIFO.xsdbm_v3_0_0_rdfifo_inst/inst_fifo_gen/gconvfifo.rf/grf.rf/rstblk/ngwrdrst.grst.g7serrst.gwrrd_rst_sync_stage[2].wrst_inst/Q_reg_reg[0]/C
  -------------------------------------------------------------------    -------------------
    SLICE_X66Y65         FDRE (Prop_fdre_C_Q)         0.398     5.185 r  dbg_hub/inst/BSCANID.u_xsdbm_id/CORE_XSDB.UUT_MASTER/U_ICON_INTERFACE/U_CMD6_RD/U_RD_FIFO/SUBCORE_FIFO.xsdbm_v3_0_0_rdfifo_inst/inst_fifo_gen/gconvfifo.rf/grf.rf/rstblk/ngwrdrst.grst.g7serrst.gwrrd_rst_sync_stage[2].wrst_inst/Q_reg_reg[0]/Q
                         net (fo=1, routed)           0.692     5.877    dbg_hub/inst/BSCANID.u_xsdbm_id/CORE_XSDB.UUT_MASTER/U_ICON_INTERFACE/U_CMD6_RD/U_RD_FIFO/SUBCORE_FIFO.xsdbm_v3_0_0_rdfifo_inst/inst_fifo_gen/gconvfifo.rf/grf.rf/rstblk/ngwrdrst.grst.g7serrst.gwrrd_rst_sync_stage[2].wrst_inst/Q_reg
    SLICE_X67Y65         LUT2 (Prop_lut2_I1_O)        0.232     6.109 f  dbg_hub/inst/BSCANID.u_xsdbm_id/CORE_XSDB.UUT_MASTER/U_ICON_INTERFACE/U_CMD6_RD/U_RD_FIFO/SUBCORE_FIFO.xsdbm_v3_0_0_rdfifo_inst/inst_fifo_gen/gconvfifo.rf/grf.rf/rstblk/ngwrdrst.grst.g7serrst.gwrrd_rst_sync_stage[2].wrst_inst/ngwrdrst.grst.g7serrst.wr_rst_reg[2]_i_1/O
                         net (fo=3, routed)           0.495     6.604    dbg_hub/inst/BSCANID.u_xsdbm_id/CORE_XSDB.UUT_MASTER/U_ICON_INTERFACE/U_CMD6_RD/U_RD_FIFO/SUBCORE_FIFO.xsdbm_v3_0_0_rdfifo_inst/inst_fifo_gen/gconvfifo.rf/grf.rf/rstblk/wr_rst_comb
    SLICE_X60Y66         FDPE                                         f  dbg_hub/inst/BSCANID.u_xsdbm_id/CORE_XSDB.UUT_MASTER/U_ICON_INTERFACE/U_CMD6_RD/U_RD_FIFO/SUBCORE_FIFO.xsdbm_v3_0_0_rdfifo_inst/inst_fifo_gen/gconvfifo.rf/grf.rf/rstblk/ngwrdrst.grst.g7serrst.wr_rst_reg_reg[0]/PRE
  -------------------------------------------------------------------    -------------------

                         (clock sys_clk rise edge)   20.000    20.000 r  
    N18                                               0.000    20.000 r  sys_clk (IN)
                         net (fo=0)                   0.000    20.000    sys_clk
    N18                  IBUF (Prop_ibuf_I_O)         1.327    21.327 r  sys_clk_IBUF_inst/O
                         net (fo=1, routed)           1.701    23.028    sys_clk_IBUF
    BUFGCTRL_X0Y16       BUFG (Prop_bufg_I_O)         0.077    23.105 r  sys_clk_IBUF_BUFG_inst/O
                         net (fo=2986, routed)        1.280    24.385    dbg_hub/inst/BSCANID.u_xsdbm_id/CORE_XSDB.UUT_MASTER/U_ICON_INTERFACE/U_CMD6_RD/U_RD_FIFO/SUBCORE_FIFO.xsdbm_v3_0_0_rdfifo_inst/inst_fifo_gen/gconvfifo.rf/grf.rf/rstblk/wr_clk
    SLICE_X60Y66         FDPE                                         r  dbg_hub/inst/BSCANID.u_xsdbm_id/CORE_XSDB.UUT_MASTER/U_ICON_INTERFACE/U_CMD6_RD/U_RD_FIFO/SUBCORE_FIFO.xsdbm_v3_0_0_rdfifo_inst/inst_fifo_gen/gconvfifo.rf/grf.rf/rstblk/ngwrdrst.grst.g7serrst.wr_rst_reg_reg[0]/C
                         clock pessimism              0.341    24.726    
                         clock uncertainty           -0.035    24.691    
    SLICE_X60Y66         FDPE (Recov_fdpe_C_PRE)     -0.292    24.399    dbg_hub/inst/BSCANID.u_xsdbm_id/CORE_XSDB.UUT_MASTER/U_ICON_INTERFACE/U_CMD6_RD/U_RD_FIFO/SUBCORE_FIFO.xsdbm_v3_0_0_rdfifo_inst/inst_fifo_gen/gconvfifo.rf/grf.rf/rstblk/ngwrdrst.grst.g7serrst.wr_rst_reg_reg[0]
  -------------------------------------------------------------------
                         required time                         24.399    
                         arrival time                          -6.604    
  -------------------------------------------------------------------
                         slack                                 17.795    

Slack (MET) :             17.795ns  (required time - arrival time)
  Source:                 dbg_hub/inst/BSCANID.u_xsdbm_id/CORE_XSDB.UUT_MASTER/U_ICON_INTERFACE/U_CMD6_RD/U_RD_FIFO/SUBCORE_FIFO.xsdbm_v3_0_0_rdfifo_inst/inst_fifo_gen/gconvfifo.rf/grf.rf/rstblk/ngwrdrst.grst.g7serrst.gwrrd_rst_sync_stage[2].wrst_inst/Q_reg_reg[0]/C
                            (rising edge-triggered cell FDRE clocked by sys_clk  {rise@0.000ns fall@10.000ns period=20.000ns})
  Destination:            dbg_hub/inst/BSCANID.u_xsdbm_id/CORE_XSDB.UUT_MASTER/U_ICON_INTERFACE/U_CMD6_RD/U_RD_FIFO/SUBCORE_FIFO.xsdbm_v3_0_0_rdfifo_inst/inst_fifo_gen/gconvfifo.rf/grf.rf/rstblk/ngwrdrst.grst.g7serrst.wr_rst_reg_reg[1]/PRE
                            (recovery check against rising-edge clock sys_clk  {rise@0.000ns fall@10.000ns period=20.000ns})
  Path Group:             **async_default**
  Path Type:              Recovery (Max at Slow Process Corner)
  Requirement:            20.000ns  (sys_clk rise@20.000ns - sys_clk rise@0.000ns)
  Data Path Delay:        1.817ns  (logic 0.630ns (34.680%)  route 1.187ns (65.320%))
  Logic Levels:           1  (LUT2=1)
  Clock Path Skew:        -0.061ns (DCD - SCD + CPR)
    Destination Clock Delay (DCD):    4.385ns = ( 24.385 - 20.000 ) 
    Source Clock Delay      (SCD):    4.787ns
    Clock Pessimism Removal (CPR):    0.341ns
  Clock Uncertainty:      0.035ns  ((TSJ^2 + TIJ^2)^1/2 + DJ) / 2 + PE
    Total System Jitter     (TSJ):    0.071ns
    Total Input Jitter      (TIJ):    0.000ns
    Discrete Jitter          (DJ):    0.000ns
    Phase Error              (PE):    0.000ns

    Location             Delay type                Incr(ns)  Path(ns)    Netlist Resource(s)
  -------------------------------------------------------------------    -------------------
                         (clock sys_clk rise edge)    0.000     0.000 r  
    N18                                               0.000     0.000 r  sys_clk (IN)
                         net (fo=0)                   0.000     0.000    sys_clk
    N18                  IBUF (Prop_ibuf_I_O)         1.392     1.392 r  sys_clk_IBUF_inst/O
                         net (fo=1, routed)           1.873     3.265    sys_clk_IBUF
    BUFGCTRL_X0Y16       BUFG (Prop_bufg_I_O)         0.085     3.350 r  sys_clk_IBUF_BUFG_inst/O
                         net (fo=2986, routed)        1.437     4.787    dbg_hub/inst/BSCANID.u_xsdbm_id/CORE_XSDB.UUT_MASTER/U_ICON_INTERFACE/U_CMD6_RD/U_RD_FIFO/SUBCORE_FIFO.xsdbm_v3_0_0_rdfifo_inst/inst_fifo_gen/gconvfifo.rf/grf.rf/rstblk/ngwrdrst.grst.g7serrst.gwrrd_rst_sync_stage[2].wrst_inst/wr_clk
    SLICE_X66Y65         FDRE                                         r  dbg_hub/inst/BSCANID.u_xsdbm_id/CORE_XSDB.UUT_MASTER/U_ICON_INTERFACE/U_CMD6_RD/U_RD_FIFO/SUBCORE_FIFO.xsdbm_v3_0_0_rdfifo_inst/inst_fifo_gen/gconvfifo.rf/grf.rf/rstblk/ngwrdrst.grst.g7serrst.gwrrd_rst_sync_stage[2].wrst_inst/Q_reg_reg[0]/C
  -------------------------------------------------------------------    -------------------
    SLICE_X66Y65         FDRE (Prop_fdre_C_Q)         0.398     5.185 r  dbg_hub/inst/BSCANID.u_xsdbm_id/CORE_XSDB.UUT_MASTER/U_ICON_INTERFACE/U_CMD6_RD/U_RD_FIFO/SUBCORE_FIFO.xsdbm_v3_0_0_rdfifo_inst/inst_fifo_gen/gconvfifo.rf/grf.rf/rstblk/ngwrdrst.grst.g7serrst.gwrrd_rst_sync_stage[2].wrst_inst/Q_reg_reg[0]/Q
                         net (fo=1, routed)           0.692     5.877    dbg_hub/inst/BSCANID.u_xsdbm_id/CORE_XSDB.UUT_MASTER/U_ICON_INTERFACE/U_CMD6_RD/U_RD_FIFO/SUBCORE_FIFO.xsdbm_v3_0_0_rdfifo_inst/inst_fifo_gen/gconvfifo.rf/grf.rf/rstblk/ngwrdrst.grst.g7serrst.gwrrd_rst_sync_stage[2].wrst_inst/Q_reg
    SLICE_X67Y65         LUT2 (Prop_lut2_I1_O)        0.232     6.109 f  dbg_hub/inst/BSCANID.u_xsdbm_id/CORE_XSDB.UUT_MASTER/U_ICON_INTERFACE/U_CMD6_RD/U_RD_FIFO/SUBCORE_FIFO.xsdbm_v3_0_0_rdfifo_inst/inst_fifo_gen/gconvfifo.rf/grf.rf/rstblk/ngwrdrst.grst.g7serrst.gwrrd_rst_sync_stage[2].wrst_inst/ngwrdrst.grst.g7serrst.wr_rst_reg[2]_i_1/O
                         net (fo=3, routed)           0.495     6.604    dbg_hub/inst/BSCANID.u_xsdbm_id/CORE_XSDB.UUT_MASTER/U_ICON_INTERFACE/U_CMD6_RD/U_RD_FIFO/SUBCORE_FIFO.xsdbm_v3_0_0_rdfifo_inst/inst_fifo_gen/gconvfifo.rf/grf.rf/rstblk/wr_rst_comb
    SLICE_X60Y66         FDPE                                         f  dbg_hub/inst/BSCANID.u_xsdbm_id/CORE_XSDB.UUT_MASTER/U_ICON_INTERFACE/U_CMD6_RD/U_RD_FIFO/SUBCORE_FIFO.xsdbm_v3_0_0_rdfifo_inst/inst_fifo_gen/gconvfifo.rf/grf.rf/rstblk/ngwrdrst.grst.g7serrst.wr_rst_reg_reg[1]/PRE
  -------------------------------------------------------------------    -------------------

                         (clock sys_clk rise edge)   20.000    20.000 r  
    N18                                               0.000    20.000 r  sys_clk (IN)
                         net (fo=0)                   0.000    20.000    sys_clk
    N18                  IBUF (Prop_ibuf_I_O)         1.327    21.327 r  sys_clk_IBUF_inst/O
                         net (fo=1, routed)           1.701    23.028    sys_clk_IBUF
    BUFGCTRL_X0Y16       BUFG (Prop_bufg_I_O)         0.077    23.105 r  sys_clk_IBUF_BUFG_inst/O
                         net (fo=2986, routed)        1.280    24.385    dbg_hub/inst/BSCANID.u_xsdbm_id/CORE_XSDB.UUT_MASTER/U_ICON_INTERFACE/U_CMD6_RD/U_RD_FIFO/SUBCORE_FIFO.xsdbm_v3_0_0_rdfifo_inst/inst_fifo_gen/gconvfifo.rf/grf.rf/rstblk/wr_clk
    SLICE_X60Y66         FDPE                                         r  dbg_hub/inst/BSCANID.u_xsdbm_id/CORE_XSDB.UUT_MASTER/U_ICON_INTERFACE/U_CMD6_RD/U_RD_FIFO/SUBCORE_FIFO.xsdbm_v3_0_0_rdfifo_inst/inst_fifo_gen/gconvfifo.rf/grf.rf/rstblk/ngwrdrst.grst.g7serrst.wr_rst_reg_reg[1]/C
                         clock pessimism              0.341    24.726    
                         clock uncertainty           -0.035    24.691    
    SLICE_X60Y66         FDPE (Recov_fdpe_C_PRE)     -0.292    24.399    dbg_hub/inst/BSCANID.u_xsdbm_id/CORE_XSDB.UUT_MASTER/U_ICON_INTERFACE/U_CMD6_RD/U_RD_FIFO/SUBCORE_FIFO.xsdbm_v3_0_0_rdfifo_inst/inst_fifo_gen/gconvfifo.rf/grf.rf/rstblk/ngwrdrst.grst.g7serrst.wr_rst_reg_reg[1]
  -------------------------------------------------------------------
                         required time                         24.399    
                         arrival time                          -6.604    
  -------------------------------------------------------------------
                         slack                                 17.795    

Slack (MET) :             17.795ns  (required time - arrival time)
  Source:                 dbg_hub/inst/BSCANID.u_xsdbm_id/CORE_XSDB.UUT_MASTER/U_ICON_INTERFACE/U_CMD6_RD/U_RD_FIFO/SUBCORE_FIFO.xsdbm_v3_0_0_rdfifo_inst/inst_fifo_gen/gconvfifo.rf/grf.rf/rstblk/ngwrdrst.grst.g7serrst.gwrrd_rst_sync_stage[2].wrst_inst/Q_reg_reg[0]/C
                            (rising edge-triggered cell FDRE clocked by sys_clk  {rise@0.000ns fall@10.000ns period=20.000ns})
  Destination:            dbg_hub/inst/BSCANID.u_xsdbm_id/CORE_XSDB.UUT_MASTER/U_ICON_INTERFACE/U_CMD6_RD/U_RD_FIFO/SUBCORE_FIFO.xsdbm_v3_0_0_rdfifo_inst/inst_fifo_gen/gconvfifo.rf/grf.rf/rstblk/ngwrdrst.grst.g7serrst.wr_rst_reg_reg[2]/PRE
                            (recovery check against rising-edge clock sys_clk  {rise@0.000ns fall@10.000ns period=20.000ns})
  Path Group:             **async_default**
  Path Type:              Recovery (Max at Slow Process Corner)
  Requirement:            20.000ns  (sys_clk rise@20.000ns - sys_clk rise@0.000ns)
  Data Path Delay:        1.817ns  (logic 0.630ns (34.680%)  route 1.187ns (65.320%))
  Logic Levels:           1  (LUT2=1)
  Clock Path Skew:        -0.061ns (DCD - SCD + CPR)
    Destination Clock Delay (DCD):    4.385ns = ( 24.385 - 20.000 ) 
    Source Clock Delay      (SCD):    4.787ns
    Clock Pessimism Removal (CPR):    0.341ns
  Clock Uncertainty:      0.035ns  ((TSJ^2 + TIJ^2)^1/2 + DJ) / 2 + PE
    Total System Jitter     (TSJ):    0.071ns
    Total Input Jitter      (TIJ):    0.000ns
    Discrete Jitter          (DJ):    0.000ns
    Phase Error              (PE):    0.000ns

    Location             Delay type                Incr(ns)  Path(ns)    Netlist Resource(s)
  -------------------------------------------------------------------    -------------------
                         (clock sys_clk rise edge)    0.000     0.000 r  
    N18                                               0.000     0.000 r  sys_clk (IN)
                         net (fo=0)                   0.000     0.000    sys_clk
    N18                  IBUF (Prop_ibuf_I_O)         1.392     1.392 r  sys_clk_IBUF_inst/O
                         net (fo=1, routed)           1.873     3.265    sys_clk_IBUF
    BUFGCTRL_X0Y16       BUFG (Prop_bufg_I_O)         0.085     3.350 r  sys_clk_IBUF_BUFG_inst/O
                         net (fo=2986, routed)        1.437     4.787    dbg_hub/inst/BSCANID.u_xsdbm_id/CORE_XSDB.UUT_MASTER/U_ICON_INTERFACE/U_CMD6_RD/U_RD_FIFO/SUBCORE_FIFO.xsdbm_v3_0_0_rdfifo_inst/inst_fifo_gen/gconvfifo.rf/grf.rf/rstblk/ngwrdrst.grst.g7serrst.gwrrd_rst_sync_stage[2].wrst_inst/wr_clk
    SLICE_X66Y65         FDRE                                         r  dbg_hub/inst/BSCANID.u_xsdbm_id/CORE_XSDB.UUT_MASTER/U_ICON_INTERFACE/U_CMD6_RD/U_RD_FIFO/SUBCORE_FIFO.xsdbm_v3_0_0_rdfifo_inst/inst_fifo_gen/gconvfifo.rf/grf.rf/rstblk/ngwrdrst.grst.g7serrst.gwrrd_rst_sync_stage[2].wrst_inst/Q_reg_reg[0]/C
  -------------------------------------------------------------------    -------------------
    SLICE_X66Y65         FDRE (Prop_fdre_C_Q)         0.398     5.185 r  dbg_hub/inst/BSCANID.u_xsdbm_id/CORE_XSDB.UUT_MASTER/U_ICON_INTERFACE/U_CMD6_RD/U_RD_FIFO/SUBCORE_FIFO.xsdbm_v3_0_0_rdfifo_inst/inst_fifo_gen/gconvfifo.rf/grf.rf/rstblk/ngwrdrst.grst.g7serrst.gwrrd_rst_sync_stage[2].wrst_inst/Q_reg_reg[0]/Q
                         net (fo=1, routed)           0.692     5.877    dbg_hub/inst/BSCANID.u_xsdbm_id/CORE_XSDB.UUT_MASTER/U_ICON_INTERFACE/U_CMD6_RD/U_RD_FIFO/SUBCORE_FIFO.xsdbm_v3_0_0_rdfifo_inst/inst_fifo_gen/gconvfifo.rf/grf.rf/rstblk/ngwrdrst.grst.g7serrst.gwrrd_rst_sync_stage[2].wrst_inst/Q_reg
    SLICE_X67Y65         LUT2 (Prop_lut2_I1_O)        0.232     6.109 f  dbg_hub/inst/BSCANID.u_xsdbm_id/CORE_XSDB.UUT_MASTER/U_ICON_INTERFACE/U_CMD6_RD/U_RD_FIFO/SUBCORE_FIFO.xsdbm_v3_0_0_rdfifo_inst/inst_fifo_gen/gconvfifo.rf/grf.rf/rstblk/ngwrdrst.grst.g7serrst.gwrrd_rst_sync_stage[2].wrst_inst/ngwrdrst.grst.g7serrst.wr_rst_reg[2]_i_1/O
                         net (fo=3, routed)           0.495     6.604    dbg_hub/inst/BSCANID.u_xsdbm_id/CORE_XSDB.UUT_MASTER/U_ICON_INTERFACE/U_CMD6_RD/U_RD_FIFO/SUBCORE_FIFO.xsdbm_v3_0_0_rdfifo_inst/inst_fifo_gen/gconvfifo.rf/grf.rf/rstblk/wr_rst_comb
    SLICE_X60Y66         FDPE                                         f  dbg_hub/inst/BSCANID.u_xsdbm_id/CORE_XSDB.UUT_MASTER/U_ICON_INTERFACE/U_CMD6_RD/U_RD_FIFO/SUBCORE_FIFO.xsdbm_v3_0_0_rdfifo_inst/inst_fifo_gen/gconvfifo.rf/grf.rf/rstblk/ngwrdrst.grst.g7serrst.wr_rst_reg_reg[2]/PRE
  -------------------------------------------------------------------    -------------------

                         (clock sys_clk rise edge)   20.000    20.000 r  
    N18                                               0.000    20.000 r  sys_clk (IN)
                         net (fo=0)                   0.000    20.000    sys_clk
    N18                  IBUF (Prop_ibuf_I_O)         1.327    21.327 r  sys_clk_IBUF_inst/O
                         net (fo=1, routed)           1.701    23.028    sys_clk_IBUF
    BUFGCTRL_X0Y16       BUFG (Prop_bufg_I_O)         0.077    23.105 r  sys_clk_IBUF_BUFG_inst/O
                         net (fo=2986, routed)        1.280    24.385    dbg_hub/inst/BSCANID.u_xsdbm_id/CORE_XSDB.UUT_MASTER/U_ICON_INTERFACE/U_CMD6_RD/U_RD_FIFO/SUBCORE_FIFO.xsdbm_v3_0_0_rdfifo_inst/inst_fifo_gen/gconvfifo.rf/grf.rf/rstblk/wr_clk
    SLICE_X60Y66         FDPE                                         r  dbg_hub/inst/BSCANID.u_xsdbm_id/CORE_XSDB.UUT_MASTER/U_ICON_INTERFACE/U_CMD6_RD/U_RD_FIFO/SUBCORE_FIFO.xsdbm_v3_0_0_rdfifo_inst/inst_fifo_gen/gconvfifo.rf/grf.rf/rstblk/ngwrdrst.grst.g7serrst.wr_rst_reg_reg[2]/C
                         clock pessimism              0.341    24.726    
                         clock uncertainty           -0.035    24.691    
    SLICE_X60Y66         FDPE (Recov_fdpe_C_PRE)     -0.292    24.399    dbg_hub/inst/BSCANID.u_xsdbm_id/CORE_XSDB.UUT_MASTER/U_ICON_INTERFACE/U_CMD6_RD/U_RD_FIFO/SUBCORE_FIFO.xsdbm_v3_0_0_rdfifo_inst/inst_fifo_gen/gconvfifo.rf/grf.rf/rstblk/ngwrdrst.grst.g7serrst.wr_rst_reg_reg[2]
  -------------------------------------------------------------------
                         required time                         24.399    
                         arrival time                          -6.604    
  -------------------------------------------------------------------
                         slack                                 17.795    

Slack (MET) :             17.968ns  (required time - arrival time)
  Source:                 dbg_hub/inst/BSCANID.u_xsdbm_id/CORE_XSDB.UUT_MASTER/U_ICON_INTERFACE/U_CMD6_WR/U_WR_FIFO/SUBCORE_FIFO.xsdbm_v3_0_0_wrfifo_inst/inst_fifo_gen/gconvfifo.rf/grf.rf/rstblk/ngwrdrst.grst.g7serrst.gwrrd_rst_sync_stage[2].rrst_inst/Q_reg_reg[0]/C
                            (rising edge-triggered cell FDRE clocked by sys_clk  {rise@0.000ns fall@10.000ns period=20.000ns})
  Destination:            dbg_hub/inst/BSCANID.u_xsdbm_id/CORE_XSDB.UUT_MASTER/U_ICON_INTERFACE/U_CMD6_WR/U_WR_FIFO/SUBCORE_FIFO.xsdbm_v3_0_0_wrfifo_inst/inst_fifo_gen/gconvfifo.rf/grf.rf/rstblk/ngwrdrst.grst.g7serrst.rd_rst_reg_reg[0]/PRE
                            (recovery check against rising-edge clock sys_clk  {rise@0.000ns fall@10.000ns period=20.000ns})
  Path Group:             **async_default**
  Path Type:              Recovery (Max at Slow Process Corner)
  Requirement:            20.000ns  (sys_clk rise@20.000ns - sys_clk rise@0.000ns)
  Data Path Delay:        1.680ns  (logic 0.633ns (37.680%)  route 1.047ns (62.320%))
  Logic Levels:           1  (LUT2=1)
  Clock Path Skew:        -0.025ns (DCD - SCD + CPR)
    Destination Clock Delay (DCD):    4.389ns = ( 24.389 - 20.000 ) 
    Source Clock Delay      (SCD):    4.787ns
    Clock Pessimism Removal (CPR):    0.373ns
  Clock Uncertainty:      0.035ns  ((TSJ^2 + TIJ^2)^1/2 + DJ) / 2 + PE
    Total System Jitter     (TSJ):    0.071ns
    Total Input Jitter      (TIJ):    0.000ns
    Discrete Jitter          (DJ):    0.000ns
    Phase Error              (PE):    0.000ns

    Location             Delay type                Incr(ns)  Path(ns)    Netlist Resource(s)
  -------------------------------------------------------------------    -------------------
                         (clock sys_clk rise edge)    0.000     0.000 r  
    N18                                               0.000     0.000 r  sys_clk (IN)
                         net (fo=0)                   0.000     0.000    sys_clk
    N18                  IBUF (Prop_ibuf_I_O)         1.392     1.392 r  sys_clk_IBUF_inst/O
                         net (fo=1, routed)           1.873     3.265    sys_clk_IBUF
    BUFGCTRL_X0Y16       BUFG (Prop_bufg_I_O)         0.085     3.350 r  sys_clk_IBUF_BUFG_inst/O
                         net (fo=2986, routed)        1.437     4.787    dbg_hub/inst/BSCANID.u_xsdbm_id/CORE_XSDB.UUT_MASTER/U_ICON_INTERFACE/U_CMD6_WR/U_WR_FIFO/SUBCORE_FIFO.xsdbm_v3_0_0_wrfifo_inst/inst_fifo_gen/gconvfifo.rf/grf.rf/rstblk/ngwrdrst.grst.g7serrst.gwrrd_rst_sync_stage[2].rrst_inst/rd_clk
    SLICE_X66Y65         FDRE                                         r  dbg_hub/inst/BSCANID.u_xsdbm_id/CORE_XSDB.UUT_MASTER/U_ICON_INTERFACE/U_CMD6_WR/U_WR_FIFO/SUBCORE_FIFO.xsdbm_v3_0_0_wrfifo_inst/inst_fifo_gen/gconvfifo.rf/grf.rf/rstblk/ngwrdrst.grst.g7serrst.gwrrd_rst_sync_stage[2].rrst_inst/Q_reg_reg[0]/C
  -------------------------------------------------------------------    -------------------
    SLICE_X66Y65         FDRE (Prop_fdre_C_Q)         0.398     5.185 r  dbg_hub/inst/BSCANID.u_xsdbm_id/CORE_XSDB.UUT_MASTER/U_ICON_INTERFACE/U_CMD6_WR/U_WR_FIFO/SUBCORE_FIFO.xsdbm_v3_0_0_wrfifo_inst/inst_fifo_gen/gconvfifo.rf/grf.rf/rstblk/ngwrdrst.grst.g7serrst.gwrrd_rst_sync_stage[2].rrst_inst/Q_reg_reg[0]/Q
                         net (fo=1, routed)           0.563     5.748    dbg_hub/inst/BSCANID.u_xsdbm_id/CORE_XSDB.UUT_MASTER/U_ICON_INTERFACE/U_CMD6_WR/U_WR_FIFO/SUBCORE_FIFO.xsdbm_v3_0_0_wrfifo_inst/inst_fifo_gen/gconvfifo.rf/grf.rf/rstblk/ngwrdrst.grst.g7serrst.gwrrd_rst_sync_stage[2].rrst_inst/Q_reg
    SLICE_X66Y65         LUT2 (Prop_lut2_I1_O)        0.235     5.983 f  dbg_hub/inst/BSCANID.u_xsdbm_id/CORE_XSDB.UUT_MASTER/U_ICON_INTERFACE/U_CMD6_WR/U_WR_FIFO/SUBCORE_FIFO.xsdbm_v3_0_0_wrfifo_inst/inst_fifo_gen/gconvfifo.rf/grf.rf/rstblk/ngwrdrst.grst.g7serrst.gwrrd_rst_sync_stage[2].rrst_inst/ngwrdrst.grst.g7serrst.rd_rst_reg[2]_i_1/O
                         net (fo=3, routed)           0.484     6.467    dbg_hub/inst/BSCANID.u_xsdbm_id/CORE_XSDB.UUT_MASTER/U_ICON_INTERFACE/U_CMD6_WR/U_WR_FIFO/SUBCORE_FIFO.xsdbm_v3_0_0_wrfifo_inst/inst_fifo_gen/gconvfifo.rf/grf.rf/rstblk/rd_rst_comb
    SLICE_X66Y64         FDPE                                         f  dbg_hub/inst/BSCANID.u_xsdbm_id/CORE_XSDB.UUT_MASTER/U_ICON_INTERFACE/U_CMD6_WR/U_WR_FIFO/SUBCORE_FIFO.xsdbm_v3_0_0_wrfifo_inst/inst_fifo_gen/gconvfifo.rf/grf.rf/rstblk/ngwrdrst.grst.g7serrst.rd_rst_reg_reg[0]/PRE
  -------------------------------------------------------------------    -------------------

                         (clock sys_clk rise edge)   20.000    20.000 r  
    N18                                               0.000    20.000 r  sys_clk (IN)
                         net (fo=0)                   0.000    20.000    sys_clk
    N18                  IBUF (Prop_ibuf_I_O)         1.327    21.327 r  sys_clk_IBUF_inst/O
                         net (fo=1, routed)           1.701    23.028    sys_clk_IBUF
    BUFGCTRL_X0Y16       BUFG (Prop_bufg_I_O)         0.077    23.105 r  sys_clk_IBUF_BUFG_inst/O
                         net (fo=2986, routed)        1.284    24.389    dbg_hub/inst/BSCANID.u_xsdbm_id/CORE_XSDB.UUT_MASTER/U_ICON_INTERFACE/U_CMD6_WR/U_WR_FIFO/SUBCORE_FIFO.xsdbm_v3_0_0_wrfifo_inst/inst_fifo_gen/gconvfifo.rf/grf.rf/rstblk/rd_clk
    SLICE_X66Y64         FDPE                                         r  dbg_hub/inst/BSCANID.u_xsdbm_id/CORE_XSDB.UUT_MASTER/U_ICON_INTERFACE/U_CMD6_WR/U_WR_FIFO/SUBCORE_FIFO.xsdbm_v3_0_0_wrfifo_inst/inst_fifo_gen/gconvfifo.rf/grf.rf/rstblk/ngwrdrst.grst.g7serrst.rd_rst_reg_reg[0]/C
                         clock pessimism              0.373    24.762    
                         clock uncertainty           -0.035    24.727    
    SLICE_X66Y64         FDPE (Recov_fdpe_C_PRE)     -0.292    24.435    dbg_hub/inst/BSCANID.u_xsdbm_id/CORE_XSDB.UUT_MASTER/U_ICON_INTERFACE/U_CMD6_WR/U_WR_FIFO/SUBCORE_FIFO.xsdbm_v3_0_0_wrfifo_inst/inst_fifo_gen/gconvfifo.rf/grf.rf/rstblk/ngwrdrst.grst.g7serrst.rd_rst_reg_reg[0]
  -------------------------------------------------------------------
                         required time                         24.435    
                         arrival time                          -6.467    
  -------------------------------------------------------------------
                         slack                                 17.968    

Slack (MET) :             17.968ns  (required time - arrival time)
  Source:                 dbg_hub/inst/BSCANID.u_xsdbm_id/CORE_XSDB.UUT_MASTER/U_ICON_INTERFACE/U_CMD6_WR/U_WR_FIFO/SUBCORE_FIFO.xsdbm_v3_0_0_wrfifo_inst/inst_fifo_gen/gconvfifo.rf/grf.rf/rstblk/ngwrdrst.grst.g7serrst.gwrrd_rst_sync_stage[2].rrst_inst/Q_reg_reg[0]/C
                            (rising edge-triggered cell FDRE clocked by sys_clk  {rise@0.000ns fall@10.000ns period=20.000ns})
  Destination:            dbg_hub/inst/BSCANID.u_xsdbm_id/CORE_XSDB.UUT_MASTER/U_ICON_INTERFACE/U_CMD6_WR/U_WR_FIFO/SUBCORE_FIFO.xsdbm_v3_0_0_wrfifo_inst/inst_fifo_gen/gconvfifo.rf/grf.rf/rstblk/ngwrdrst.grst.g7serrst.rd_rst_reg_reg[1]/PRE
                            (recovery check against rising-edge clock sys_clk  {rise@0.000ns fall@10.000ns period=20.000ns})
  Path Group:             **async_default**
  Path Type:              Recovery (Max at Slow Process Corner)
  Requirement:            20.000ns  (sys_clk rise@20.000ns - sys_clk rise@0.000ns)
  Data Path Delay:        1.680ns  (logic 0.633ns (37.680%)  route 1.047ns (62.320%))
  Logic Levels:           1  (LUT2=1)
  Clock Path Skew:        -0.025ns (DCD - SCD + CPR)
    Destination Clock Delay (DCD):    4.389ns = ( 24.389 - 20.000 ) 
    Source Clock Delay      (SCD):    4.787ns
    Clock Pessimism Removal (CPR):    0.373ns
  Clock Uncertainty:      0.035ns  ((TSJ^2 + TIJ^2)^1/2 + DJ) / 2 + PE
    Total System Jitter     (TSJ):    0.071ns
    Total Input Jitter      (TIJ):    0.000ns
    Discrete Jitter          (DJ):    0.000ns
    Phase Error              (PE):    0.000ns

    Location             Delay type                Incr(ns)  Path(ns)    Netlist Resource(s)
  -------------------------------------------------------------------    -------------------
                         (clock sys_clk rise edge)    0.000     0.000 r  
    N18                                               0.000     0.000 r  sys_clk (IN)
                         net (fo=0)                   0.000     0.000    sys_clk
    N18                  IBUF (Prop_ibuf_I_O)         1.392     1.392 r  sys_clk_IBUF_inst/O
                         net (fo=1, routed)           1.873     3.265    sys_clk_IBUF
    BUFGCTRL_X0Y16       BUFG (Prop_bufg_I_O)         0.085     3.350 r  sys_clk_IBUF_BUFG_inst/O
                         net (fo=2986, routed)        1.437     4.787    dbg_hub/inst/BSCANID.u_xsdbm_id/CORE_XSDB.UUT_MASTER/U_ICON_INTERFACE/U_CMD6_WR/U_WR_FIFO/SUBCORE_FIFO.xsdbm_v3_0_0_wrfifo_inst/inst_fifo_gen/gconvfifo.rf/grf.rf/rstblk/ngwrdrst.grst.g7serrst.gwrrd_rst_sync_stage[2].rrst_inst/rd_clk
    SLICE_X66Y65         FDRE                                         r  dbg_hub/inst/BSCANID.u_xsdbm_id/CORE_XSDB.UUT_MASTER/U_ICON_INTERFACE/U_CMD6_WR/U_WR_FIFO/SUBCORE_FIFO.xsdbm_v3_0_0_wrfifo_inst/inst_fifo_gen/gconvfifo.rf/grf.rf/rstblk/ngwrdrst.grst.g7serrst.gwrrd_rst_sync_stage[2].rrst_inst/Q_reg_reg[0]/C
  -------------------------------------------------------------------    -------------------
    SLICE_X66Y65         FDRE (Prop_fdre_C_Q)         0.398     5.185 r  dbg_hub/inst/BSCANID.u_xsdbm_id/CORE_XSDB.UUT_MASTER/U_ICON_INTERFACE/U_CMD6_WR/U_WR_FIFO/SUBCORE_FIFO.xsdbm_v3_0_0_wrfifo_inst/inst_fifo_gen/gconvfifo.rf/grf.rf/rstblk/ngwrdrst.grst.g7serrst.gwrrd_rst_sync_stage[2].rrst_inst/Q_reg_reg[0]/Q
                         net (fo=1, routed)           0.563     5.748    dbg_hub/inst/BSCANID.u_xsdbm_id/CORE_XSDB.UUT_MASTER/U_ICON_INTERFACE/U_CMD6_WR/U_WR_FIFO/SUBCORE_FIFO.xsdbm_v3_0_0_wrfifo_inst/inst_fifo_gen/gconvfifo.rf/grf.rf/rstblk/ngwrdrst.grst.g7serrst.gwrrd_rst_sync_stage[2].rrst_inst/Q_reg
    SLICE_X66Y65         LUT2 (Prop_lut2_I1_O)        0.235     5.983 f  dbg_hub/inst/BSCANID.u_xsdbm_id/CORE_XSDB.UUT_MASTER/U_ICON_INTERFACE/U_CMD6_WR/U_WR_FIFO/SUBCORE_FIFO.xsdbm_v3_0_0_wrfifo_inst/inst_fifo_gen/gconvfifo.rf/grf.rf/rstblk/ngwrdrst.grst.g7serrst.gwrrd_rst_sync_stage[2].rrst_inst/ngwrdrst.grst.g7serrst.rd_rst_reg[2]_i_1/O
                         net (fo=3, routed)           0.484     6.467    dbg_hub/inst/BSCANID.u_xsdbm_id/CORE_XSDB.UUT_MASTER/U_ICON_INTERFACE/U_CMD6_WR/U_WR_FIFO/SUBCORE_FIFO.xsdbm_v3_0_0_wrfifo_inst/inst_fifo_gen/gconvfifo.rf/grf.rf/rstblk/rd_rst_comb
    SLICE_X66Y64         FDPE                                         f  dbg_hub/inst/BSCANID.u_xsdbm_id/CORE_XSDB.UUT_MASTER/U_ICON_INTERFACE/U_CMD6_WR/U_WR_FIFO/SUBCORE_FIFO.xsdbm_v3_0_0_wrfifo_inst/inst_fifo_gen/gconvfifo.rf/grf.rf/rstblk/ngwrdrst.grst.g7serrst.rd_rst_reg_reg[1]/PRE
  -------------------------------------------------------------------    -------------------

                         (clock sys_clk rise edge)   20.000    20.000 r  
    N18                                               0.000    20.000 r  sys_clk (IN)
                         net (fo=0)                   0.000    20.000    sys_clk
    N18                  IBUF (Prop_ibuf_I_O)         1.327    21.327 r  sys_clk_IBUF_inst/O
                         net (fo=1, routed)           1.701    23.028    sys_clk_IBUF
    BUFGCTRL_X0Y16       BUFG (Prop_bufg_I_O)         0.077    23.105 r  sys_clk_IBUF_BUFG_inst/O
                         net (fo=2986, routed)        1.284    24.389    dbg_hub/inst/BSCANID.u_xsdbm_id/CORE_XSDB.UUT_MASTER/U_ICON_INTERFACE/U_CMD6_WR/U_WR_FIFO/SUBCORE_FIFO.xsdbm_v3_0_0_wrfifo_inst/inst_fifo_gen/gconvfifo.rf/grf.rf/rstblk/rd_clk
    SLICE_X66Y64         FDPE                                         r  dbg_hub/inst/BSCANID.u_xsdbm_id/CORE_XSDB.UUT_MASTER/U_ICON_INTERFACE/U_CMD6_WR/U_WR_FIFO/SUBCORE_FIFO.xsdbm_v3_0_0_wrfifo_inst/inst_fifo_gen/gconvfifo.rf/grf.rf/rstblk/ngwrdrst.grst.g7serrst.rd_rst_reg_reg[1]/C
                         clock pessimism              0.373    24.762    
                         clock uncertainty           -0.035    24.727    
    SLICE_X66Y64         FDPE (Recov_fdpe_C_PRE)     -0.292    24.435    dbg_hub/inst/BSCANID.u_xsdbm_id/CORE_XSDB.UUT_MASTER/U_ICON_INTERFACE/U_CMD6_WR/U_WR_FIFO/SUBCORE_FIFO.xsdbm_v3_0_0_wrfifo_inst/inst_fifo_gen/gconvfifo.rf/grf.rf/rstblk/ngwrdrst.grst.g7serrst.rd_rst_reg_reg[1]
  -------------------------------------------------------------------
                         required time                         24.435    
                         arrival time                          -6.467    
  -------------------------------------------------------------------
                         slack                                 17.968    

Slack (MET) :             17.968ns  (required time - arrival time)
  Source:                 dbg_hub/inst/BSCANID.u_xsdbm_id/CORE_XSDB.UUT_MASTER/U_ICON_INTERFACE/U_CMD6_WR/U_WR_FIFO/SUBCORE_FIFO.xsdbm_v3_0_0_wrfifo_inst/inst_fifo_gen/gconvfifo.rf/grf.rf/rstblk/ngwrdrst.grst.g7serrst.gwrrd_rst_sync_stage[2].rrst_inst/Q_reg_reg[0]/C
                            (rising edge-triggered cell FDRE clocked by sys_clk  {rise@0.000ns fall@10.000ns period=20.000ns})
  Destination:            dbg_hub/inst/BSCANID.u_xsdbm_id/CORE_XSDB.UUT_MASTER/U_ICON_INTERFACE/U_CMD6_WR/U_WR_FIFO/SUBCORE_FIFO.xsdbm_v3_0_0_wrfifo_inst/inst_fifo_gen/gconvfifo.rf/grf.rf/rstblk/ngwrdrst.grst.g7serrst.rd_rst_reg_reg[2]/PRE
                            (recovery check against rising-edge clock sys_clk  {rise@0.000ns fall@10.000ns period=20.000ns})
  Path Group:             **async_default**
  Path Type:              Recovery (Max at Slow Process Corner)
  Requirement:            20.000ns  (sys_clk rise@20.000ns - sys_clk rise@0.000ns)
  Data Path Delay:        1.680ns  (logic 0.633ns (37.680%)  route 1.047ns (62.320%))
  Logic Levels:           1  (LUT2=1)
  Clock Path Skew:        -0.025ns (DCD - SCD + CPR)
    Destination Clock Delay (DCD):    4.389ns = ( 24.389 - 20.000 ) 
    Source Clock Delay      (SCD):    4.787ns
    Clock Pessimism Removal (CPR):    0.373ns
  Clock Uncertainty:      0.035ns  ((TSJ^2 + TIJ^2)^1/2 + DJ) / 2 + PE
    Total System Jitter     (TSJ):    0.071ns
    Total Input Jitter      (TIJ):    0.000ns
    Discrete Jitter          (DJ):    0.000ns
    Phase Error              (PE):    0.000ns

    Location             Delay type                Incr(ns)  Path(ns)    Netlist Resource(s)
  -------------------------------------------------------------------    -------------------
                         (clock sys_clk rise edge)    0.000     0.000 r  
    N18                                               0.000     0.000 r  sys_clk (IN)
                         net (fo=0)                   0.000     0.000    sys_clk
    N18                  IBUF (Prop_ibuf_I_O)         1.392     1.392 r  sys_clk_IBUF_inst/O
                         net (fo=1, routed)           1.873     3.265    sys_clk_IBUF
    BUFGCTRL_X0Y16       BUFG (Prop_bufg_I_O)         0.085     3.350 r  sys_clk_IBUF_BUFG_inst/O
                         net (fo=2986, routed)        1.437     4.787    dbg_hub/inst/BSCANID.u_xsdbm_id/CORE_XSDB.UUT_MASTER/U_ICON_INTERFACE/U_CMD6_WR/U_WR_FIFO/SUBCORE_FIFO.xsdbm_v3_0_0_wrfifo_inst/inst_fifo_gen/gconvfifo.rf/grf.rf/rstblk/ngwrdrst.grst.g7serrst.gwrrd_rst_sync_stage[2].rrst_inst/rd_clk
    SLICE_X66Y65         FDRE                                         r  dbg_hub/inst/BSCANID.u_xsdbm_id/CORE_XSDB.UUT_MASTER/U_ICON_INTERFACE/U_CMD6_WR/U_WR_FIFO/SUBCORE_FIFO.xsdbm_v3_0_0_wrfifo_inst/inst_fifo_gen/gconvfifo.rf/grf.rf/rstblk/ngwrdrst.grst.g7serrst.gwrrd_rst_sync_stage[2].rrst_inst/Q_reg_reg[0]/C
  -------------------------------------------------------------------    -------------------
    SLICE_X66Y65         FDRE (Prop_fdre_C_Q)         0.398     5.185 r  dbg_hub/inst/BSCANID.u_xsdbm_id/CORE_XSDB.UUT_MASTER/U_ICON_INTERFACE/U_CMD6_WR/U_WR_FIFO/SUBCORE_FIFO.xsdbm_v3_0_0_wrfifo_inst/inst_fifo_gen/gconvfifo.rf/grf.rf/rstblk/ngwrdrst.grst.g7serrst.gwrrd_rst_sync_stage[2].rrst_inst/Q_reg_reg[0]/Q
                         net (fo=1, routed)           0.563     5.748    dbg_hub/inst/BSCANID.u_xsdbm_id/CORE_XSDB.UUT_MASTER/U_ICON_INTERFACE/U_CMD6_WR/U_WR_FIFO/SUBCORE_FIFO.xsdbm_v3_0_0_wrfifo_inst/inst_fifo_gen/gconvfifo.rf/grf.rf/rstblk/ngwrdrst.grst.g7serrst.gwrrd_rst_sync_stage[2].rrst_inst/Q_reg
    SLICE_X66Y65         LUT2 (Prop_lut2_I1_O)        0.235     5.983 f  dbg_hub/inst/BSCANID.u_xsdbm_id/CORE_XSDB.UUT_MASTER/U_ICON_INTERFACE/U_CMD6_WR/U_WR_FIFO/SUBCORE_FIFO.xsdbm_v3_0_0_wrfifo_inst/inst_fifo_gen/gconvfifo.rf/grf.rf/rstblk/ngwrdrst.grst.g7serrst.gwrrd_rst_sync_stage[2].rrst_inst/ngwrdrst.grst.g7serrst.rd_rst_reg[2]_i_1/O
                         net (fo=3, routed)           0.484     6.467    dbg_hub/inst/BSCANID.u_xsdbm_id/CORE_XSDB.UUT_MASTER/U_ICON_INTERFACE/U_CMD6_WR/U_WR_FIFO/SUBCORE_FIFO.xsdbm_v3_0_0_wrfifo_inst/inst_fifo_gen/gconvfifo.rf/grf.rf/rstblk/rd_rst_comb
    SLICE_X66Y64         FDPE                                         f  dbg_hub/inst/BSCANID.u_xsdbm_id/CORE_XSDB.UUT_MASTER/U_ICON_INTERFACE/U_CMD6_WR/U_WR_FIFO/SUBCORE_FIFO.xsdbm_v3_0_0_wrfifo_inst/inst_fifo_gen/gconvfifo.rf/grf.rf/rstblk/ngwrdrst.grst.g7serrst.rd_rst_reg_reg[2]/PRE
  -------------------------------------------------------------------    -------------------

                         (clock sys_clk rise edge)   20.000    20.000 r  
    N18                                               0.000    20.000 r  sys_clk (IN)
                         net (fo=0)                   0.000    20.000    sys_clk
    N18                  IBUF (Prop_ibuf_I_O)         1.327    21.327 r  sys_clk_IBUF_inst/O
                         net (fo=1, routed)           1.701    23.028    sys_clk_IBUF
    BUFGCTRL_X0Y16       BUFG (Prop_bufg_I_O)         0.077    23.105 r  sys_clk_IBUF_BUFG_inst/O
                         net (fo=2986, routed)        1.284    24.389    dbg_hub/inst/BSCANID.u_xsdbm_id/CORE_XSDB.UUT_MASTER/U_ICON_INTERFACE/U_CMD6_WR/U_WR_FIFO/SUBCORE_FIFO.xsdbm_v3_0_0_wrfifo_inst/inst_fifo_gen/gconvfifo.rf/grf.rf/rstblk/rd_clk
    SLICE_X66Y64         FDPE                                         r  dbg_hub/inst/BSCANID.u_xsdbm_id/CORE_XSDB.UUT_MASTER/U_ICON_INTERFACE/U_CMD6_WR/U_WR_FIFO/SUBCORE_FIFO.xsdbm_v3_0_0_wrfifo_inst/inst_fifo_gen/gconvfifo.rf/grf.rf/rstblk/ngwrdrst.grst.g7serrst.rd_rst_reg_reg[2]/C
                         clock pessimism              0.373    24.762    
                         clock uncertainty           -0.035    24.727    
    SLICE_X66Y64         FDPE (Recov_fdpe_C_PRE)     -0.292    24.435    dbg_hub/inst/BSCANID.u_xsdbm_id/CORE_XSDB.UUT_MASTER/U_ICON_INTERFACE/U_CMD6_WR/U_WR_FIFO/SUBCORE_FIFO.xsdbm_v3_0_0_wrfifo_inst/inst_fifo_gen/gconvfifo.rf/grf.rf/rstblk/ngwrdrst.grst.g7serrst.rd_rst_reg_reg[2]
  -------------------------------------------------------------------
                         required time                         24.435    
                         arrival time                          -6.467    
  -------------------------------------------------------------------
                         slack                                 17.968    

Slack (MET) :             18.074ns  (required time - arrival time)
  Source:                 dbg_hub/inst/BSCANID.u_xsdbm_id/CORE_XSDB.UUT_MASTER/U_ICON_INTERFACE/U_CMD1/ctl_reg_reg[0]/C
                            (rising edge-triggered cell FDRE clocked by sys_clk  {rise@0.000ns fall@10.000ns period=20.000ns})
  Destination:            dbg_hub/inst/BSCANID.u_xsdbm_id/CORE_XSDB.UUT_MASTER/U_XSDB_BUS_CONTROLLER/current_state_reg[1]/CLR
                            (recovery check against rising-edge clock sys_clk  {rise@0.000ns fall@10.000ns period=20.000ns})
  Path Group:             **async_default**
  Path Type:              Recovery (Max at Slow Process Corner)
  Requirement:            20.000ns  (sys_clk rise@20.000ns - sys_clk rise@0.000ns)
  Data Path Delay:        1.507ns  (logic 0.433ns (28.731%)  route 1.074ns (71.269%))
  Logic Levels:           0  
  Clock Path Skew:        -0.053ns (DCD - SCD + CPR)
    Destination Clock Delay (DCD):    4.386ns = ( 24.386 - 20.000 ) 
    Source Clock Delay      (SCD):    4.780ns
    Clock Pessimism Removal (CPR):    0.341ns
  Clock Uncertainty:      0.035ns  ((TSJ^2 + TIJ^2)^1/2 + DJ) / 2 + PE
    Total System Jitter     (TSJ):    0.071ns
    Total Input Jitter      (TIJ):    0.000ns
    Discrete Jitter          (DJ):    0.000ns
    Phase Error              (PE):    0.000ns

    Location             Delay type                Incr(ns)  Path(ns)    Netlist Resource(s)
  -------------------------------------------------------------------    -------------------
                         (clock sys_clk rise edge)    0.000     0.000 r  
    N18                                               0.000     0.000 r  sys_clk (IN)
                         net (fo=0)                   0.000     0.000    sys_clk
    N18                  IBUF (Prop_ibuf_I_O)         1.392     1.392 r  sys_clk_IBUF_inst/O
                         net (fo=1, routed)           1.873     3.265    sys_clk_IBUF
    BUFGCTRL_X0Y16       BUFG (Prop_bufg_I_O)         0.085     3.350 r  sys_clk_IBUF_BUFG_inst/O
                         net (fo=2986, routed)        1.430     4.780    dbg_hub/inst/BSCANID.u_xsdbm_id/CORE_XSDB.UUT_MASTER/U_ICON_INTERFACE/U_CMD1/clk
    SLICE_X58Y68         FDRE                                         r  dbg_hub/inst/BSCANID.u_xsdbm_id/CORE_XSDB.UUT_MASTER/U_ICON_INTERFACE/U_CMD1/ctl_reg_reg[0]/C
  -------------------------------------------------------------------    -------------------
    SLICE_X58Y68         FDRE (Prop_fdre_C_Q)         0.433     5.213 f  dbg_hub/inst/BSCANID.u_xsdbm_id/CORE_XSDB.UUT_MASTER/U_ICON_INTERFACE/U_CMD1/ctl_reg_reg[0]/Q
                         net (fo=162, routed)         1.074     6.287    dbg_hub/inst/BSCANID.u_xsdbm_id/CORE_XSDB.UUT_MASTER/U_XSDB_BUS_CONTROLLER/out[0]
    SLICE_X64Y68         FDCE                                         f  dbg_hub/inst/BSCANID.u_xsdbm_id/CORE_XSDB.UUT_MASTER/U_XSDB_BUS_CONTROLLER/current_state_reg[1]/CLR
  -------------------------------------------------------------------    -------------------

                         (clock sys_clk rise edge)   20.000    20.000 r  
    N18                                               0.000    20.000 r  sys_clk (IN)
                         net (fo=0)                   0.000    20.000    sys_clk
    N18                  IBUF (Prop_ibuf_I_O)         1.327    21.327 r  sys_clk_IBUF_inst/O
                         net (fo=1, routed)           1.701    23.028    sys_clk_IBUF
    BUFGCTRL_X0Y16       BUFG (Prop_bufg_I_O)         0.077    23.105 r  sys_clk_IBUF_BUFG_inst/O
                         net (fo=2986, routed)        1.281    24.386    dbg_hub/inst/BSCANID.u_xsdbm_id/CORE_XSDB.UUT_MASTER/U_XSDB_BUS_CONTROLLER/clk
    SLICE_X64Y68         FDCE                                         r  dbg_hub/inst/BSCANID.u_xsdbm_id/CORE_XSDB.UUT_MASTER/U_XSDB_BUS_CONTROLLER/current_state_reg[1]/C
                         clock pessimism              0.341    24.727    
                         clock uncertainty           -0.035    24.692    
    SLICE_X64Y68         FDCE (Recov_fdce_C_CLR)     -0.331    24.361    dbg_hub/inst/BSCANID.u_xsdbm_id/CORE_XSDB.UUT_MASTER/U_XSDB_BUS_CONTROLLER/current_state_reg[1]
  -------------------------------------------------------------------
                         required time                         24.361    
                         arrival time                          -6.287    
  -------------------------------------------------------------------
                         slack                                 18.074    

Slack (MET) :             18.166ns  (required time - arrival time)
  Source:                 dbg_hub/inst/BSCANID.u_xsdbm_id/CORE_XSDB.UUT_MASTER/U_ICON_INTERFACE/U_CMD1/ctl_reg_reg[0]/C
                            (rising edge-triggered cell FDRE clocked by sys_clk  {rise@0.000ns fall@10.000ns period=20.000ns})
  Destination:            dbg_hub/inst/BSCANID.u_xsdbm_id/CORE_XSDB.UUT_MASTER/U_XSDB_BUS_CONTROLLER/current_state_reg[3]/CLR
                            (recovery check against rising-edge clock sys_clk  {rise@0.000ns fall@10.000ns period=20.000ns})
  Path Group:             **async_default**
  Path Type:              Recovery (Max at Slow Process Corner)
  Requirement:            20.000ns  (sys_clk rise@20.000ns - sys_clk rise@0.000ns)
  Data Path Delay:        1.488ns  (logic 0.433ns (29.093%)  route 1.055ns (70.907%))
  Logic Levels:           0  
  Clock Path Skew:        -0.052ns (DCD - SCD + CPR)
    Destination Clock Delay (DCD):    4.387ns = ( 24.387 - 20.000 ) 
    Source Clock Delay      (SCD):    4.780ns
    Clock Pessimism Removal (CPR):    0.341ns
  Clock Uncertainty:      0.035ns  ((TSJ^2 + TIJ^2)^1/2 + DJ) / 2 + PE
    Total System Jitter     (TSJ):    0.071ns
    Total Input Jitter      (TIJ):    0.000ns
    Discrete Jitter          (DJ):    0.000ns
    Phase Error              (PE):    0.000ns

    Location             Delay type                Incr(ns)  Path(ns)    Netlist Resource(s)
  -------------------------------------------------------------------    -------------------
                         (clock sys_clk rise edge)    0.000     0.000 r  
    N18                                               0.000     0.000 r  sys_clk (IN)
                         net (fo=0)                   0.000     0.000    sys_clk
    N18                  IBUF (Prop_ibuf_I_O)         1.392     1.392 r  sys_clk_IBUF_inst/O
                         net (fo=1, routed)           1.873     3.265    sys_clk_IBUF
    BUFGCTRL_X0Y16       BUFG (Prop_bufg_I_O)         0.085     3.350 r  sys_clk_IBUF_BUFG_inst/O
                         net (fo=2986, routed)        1.430     4.780    dbg_hub/inst/BSCANID.u_xsdbm_id/CORE_XSDB.UUT_MASTER/U_ICON_INTERFACE/U_CMD1/clk
    SLICE_X58Y68         FDRE                                         r  dbg_hub/inst/BSCANID.u_xsdbm_id/CORE_XSDB.UUT_MASTER/U_ICON_INTERFACE/U_CMD1/ctl_reg_reg[0]/C
  -------------------------------------------------------------------    -------------------
    SLICE_X58Y68         FDRE (Prop_fdre_C_Q)         0.433     5.213 f  dbg_hub/inst/BSCANID.u_xsdbm_id/CORE_XSDB.UUT_MASTER/U_ICON_INTERFACE/U_CMD1/ctl_reg_reg[0]/Q
                         net (fo=162, routed)         1.055     6.269    dbg_hub/inst/BSCANID.u_xsdbm_id/CORE_XSDB.UUT_MASTER/U_XSDB_BUS_CONTROLLER/out[0]
    SLICE_X66Y67         FDCE                                         f  dbg_hub/inst/BSCANID.u_xsdbm_id/CORE_XSDB.UUT_MASTER/U_XSDB_BUS_CONTROLLER/current_state_reg[3]/CLR
  -------------------------------------------------------------------    -------------------

                         (clock sys_clk rise edge)   20.000    20.000 r  
    N18                                               0.000    20.000 r  sys_clk (IN)
                         net (fo=0)                   0.000    20.000    sys_clk
    N18                  IBUF (Prop_ibuf_I_O)         1.327    21.327 r  sys_clk_IBUF_inst/O
                         net (fo=1, routed)           1.701    23.028    sys_clk_IBUF
    BUFGCTRL_X0Y16       BUFG (Prop_bufg_I_O)         0.077    23.105 r  sys_clk_IBUF_BUFG_inst/O
                         net (fo=2986, routed)        1.282    24.387    dbg_hub/inst/BSCANID.u_xsdbm_id/CORE_XSDB.UUT_MASTER/U_XSDB_BUS_CONTROLLER/clk
    SLICE_X66Y67         FDCE                                         r  dbg_hub/inst/BSCANID.u_xsdbm_id/CORE_XSDB.UUT_MASTER/U_XSDB_BUS_CONTROLLER/current_state_reg[3]/C
                         clock pessimism              0.341    24.728    
                         clock uncertainty           -0.035    24.693    
    SLICE_X66Y67         FDCE (Recov_fdce_C_CLR)     -0.258    24.435    dbg_hub/inst/BSCANID.u_xsdbm_id/CORE_XSDB.UUT_MASTER/U_XSDB_BUS_CONTROLLER/current_state_reg[3]
  -------------------------------------------------------------------
                         required time                         24.435    
                         arrival time                          -6.269    
  -------------------------------------------------------------------
                         slack                                 18.166    

Slack (MET) :             18.314ns  (required time - arrival time)
  Source:                 dbg_hub/inst/BSCANID.u_xsdbm_id/CORE_XSDB.UUT_MASTER/U_ICON_INTERFACE/U_CMD1/ctl_reg_reg[0]/C
                            (rising edge-triggered cell FDRE clocked by sys_clk  {rise@0.000ns fall@10.000ns period=20.000ns})
  Destination:            dbg_hub/inst/BSCANID.u_xsdbm_id/CORE_XSDB.UUT_MASTER/U_XSDB_BUS_CONTROLLER/ma_wr_pop_r_reg/CLR
                            (recovery check against rising-edge clock sys_clk  {rise@0.000ns fall@10.000ns period=20.000ns})
  Path Group:             **async_default**
  Path Type:              Recovery (Max at Slow Process Corner)
  Requirement:            20.000ns  (sys_clk rise@20.000ns - sys_clk rise@0.000ns)
  Data Path Delay:        1.339ns  (logic 0.433ns (32.334%)  route 0.906ns (67.666%))
  Logic Levels:           0  
  Clock Path Skew:        -0.054ns (DCD - SCD + CPR)
    Destination Clock Delay (DCD):    4.385ns = ( 24.385 - 20.000 ) 
    Source Clock Delay      (SCD):    4.780ns
    Clock Pessimism Removal (CPR):    0.341ns
  Clock Uncertainty:      0.035ns  ((TSJ^2 + TIJ^2)^1/2 + DJ) / 2 + PE
    Total System Jitter     (TSJ):    0.071ns
    Total Input Jitter      (TIJ):    0.000ns
    Discrete Jitter          (DJ):    0.000ns
    Phase Error              (PE):    0.000ns

    Location             Delay type                Incr(ns)  Path(ns)    Netlist Resource(s)
  -------------------------------------------------------------------    -------------------
                         (clock sys_clk rise edge)    0.000     0.000 r  
    N18                                               0.000     0.000 r  sys_clk (IN)
                         net (fo=0)                   0.000     0.000    sys_clk
    N18                  IBUF (Prop_ibuf_I_O)         1.392     1.392 r  sys_clk_IBUF_inst/O
                         net (fo=1, routed)           1.873     3.265    sys_clk_IBUF
    BUFGCTRL_X0Y16       BUFG (Prop_bufg_I_O)         0.085     3.350 r  sys_clk_IBUF_BUFG_inst/O
                         net (fo=2986, routed)        1.430     4.780    dbg_hub/inst/BSCANID.u_xsdbm_id/CORE_XSDB.UUT_MASTER/U_ICON_INTERFACE/U_CMD1/clk
    SLICE_X58Y68         FDRE                                         r  dbg_hub/inst/BSCANID.u_xsdbm_id/CORE_XSDB.UUT_MASTER/U_ICON_INTERFACE/U_CMD1/ctl_reg_reg[0]/C
  -------------------------------------------------------------------    -------------------
    SLICE_X58Y68         FDRE (Prop_fdre_C_Q)         0.433     5.213 f  dbg_hub/inst/BSCANID.u_xsdbm_id/CORE_XSDB.UUT_MASTER/U_ICON_INTERFACE/U_CMD1/ctl_reg_reg[0]/Q
                         net (fo=162, routed)         0.906     6.119    dbg_hub/inst/BSCANID.u_xsdbm_id/CORE_XSDB.UUT_MASTER/U_XSDB_BUS_CONTROLLER/out[0]
    SLICE_X62Y66         FDCE                                         f  dbg_hub/inst/BSCANID.u_xsdbm_id/CORE_XSDB.UUT_MASTER/U_XSDB_BUS_CONTROLLER/ma_wr_pop_r_reg/CLR
  -------------------------------------------------------------------    -------------------

                         (clock sys_clk rise edge)   20.000    20.000 r  
    N18                                               0.000    20.000 r  sys_clk (IN)
                         net (fo=0)                   0.000    20.000    sys_clk
    N18                  IBUF (Prop_ibuf_I_O)         1.327    21.327 r  sys_clk_IBUF_inst/O
                         net (fo=1, routed)           1.701    23.028    sys_clk_IBUF
    BUFGCTRL_X0Y16       BUFG (Prop_bufg_I_O)         0.077    23.105 r  sys_clk_IBUF_BUFG_inst/O
                         net (fo=2986, routed)        1.280    24.385    dbg_hub/inst/BSCANID.u_xsdbm_id/CORE_XSDB.UUT_MASTER/U_XSDB_BUS_CONTROLLER/clk
    SLICE_X62Y66         FDCE                                         r  dbg_hub/inst/BSCANID.u_xsdbm_id/CORE_XSDB.UUT_MASTER/U_XSDB_BUS_CONTROLLER/ma_wr_pop_r_reg/C
                         clock pessimism              0.341    24.726    
                         clock uncertainty           -0.035    24.691    
    SLICE_X62Y66         FDCE (Recov_fdce_C_CLR)     -0.258    24.433    dbg_hub/inst/BSCANID.u_xsdbm_id/CORE_XSDB.UUT_MASTER/U_XSDB_BUS_CONTROLLER/ma_wr_pop_r_reg
  -------------------------------------------------------------------
                         required time                         24.433    
                         arrival time                          -6.119    
  -------------------------------------------------------------------
                         slack                                 18.314    

Slack (MET) :             18.336ns  (required time - arrival time)
  Source:                 dbg_hub/inst/BSCANID.u_xsdbm_id/CORE_XSDB.UUT_MASTER/U_ICON_INTERFACE/U_CMD1/ctl_reg_reg[0]/C
                            (rising edge-triggered cell FDRE clocked by sys_clk  {rise@0.000ns fall@10.000ns period=20.000ns})
  Destination:            dbg_hub/inst/BSCANID.u_xsdbm_id/CORE_XSDB.UUT_MASTER/U_XSDB_BUS_CONTROLLER/current_state_reg[2]/CLR
                            (recovery check against rising-edge clock sys_clk  {rise@0.000ns fall@10.000ns period=20.000ns})
  Path Group:             **async_default**
  Path Type:              Recovery (Max at Slow Process Corner)
  Requirement:            20.000ns  (sys_clk rise@20.000ns - sys_clk rise@0.000ns)
  Data Path Delay:        1.280ns  (logic 0.433ns (33.829%)  route 0.847ns (66.171%))
  Logic Levels:           0  
  Clock Path Skew:        -0.057ns (DCD - SCD + CPR)
    Destination Clock Delay (DCD):    4.382ns = ( 24.382 - 20.000 ) 
    Source Clock Delay      (SCD):    4.780ns
    Clock Pessimism Removal (CPR):    0.341ns
  Clock Uncertainty:      0.035ns  ((TSJ^2 + TIJ^2)^1/2 + DJ) / 2 + PE
    Total System Jitter     (TSJ):    0.071ns
    Total Input Jitter      (TIJ):    0.000ns
    Discrete Jitter          (DJ):    0.000ns
    Phase Error              (PE):    0.000ns

    Location             Delay type                Incr(ns)  Path(ns)    Netlist Resource(s)
  -------------------------------------------------------------------    -------------------
                         (clock sys_clk rise edge)    0.000     0.000 r  
    N18                                               0.000     0.000 r  sys_clk (IN)
                         net (fo=0)                   0.000     0.000    sys_clk
    N18                  IBUF (Prop_ibuf_I_O)         1.392     1.392 r  sys_clk_IBUF_inst/O
                         net (fo=1, routed)           1.873     3.265    sys_clk_IBUF
    BUFGCTRL_X0Y16       BUFG (Prop_bufg_I_O)         0.085     3.350 r  sys_clk_IBUF_BUFG_inst/O
                         net (fo=2986, routed)        1.430     4.780    dbg_hub/inst/BSCANID.u_xsdbm_id/CORE_XSDB.UUT_MASTER/U_ICON_INTERFACE/U_CMD1/clk
    SLICE_X58Y68         FDRE                                         r  dbg_hub/inst/BSCANID.u_xsdbm_id/CORE_XSDB.UUT_MASTER/U_ICON_INTERFACE/U_CMD1/ctl_reg_reg[0]/C
  -------------------------------------------------------------------    -------------------
    SLICE_X58Y68         FDRE (Prop_fdre_C_Q)         0.433     5.213 f  dbg_hub/inst/BSCANID.u_xsdbm_id/CORE_XSDB.UUT_MASTER/U_ICON_INTERFACE/U_CMD1/ctl_reg_reg[0]/Q
                         net (fo=162, routed)         0.847     6.060    dbg_hub/inst/BSCANID.u_xsdbm_id/CORE_XSDB.UUT_MASTER/U_XSDB_BUS_CONTROLLER/out[0]
    SLICE_X62Y69         FDCE                                         f  dbg_hub/inst/BSCANID.u_xsdbm_id/CORE_XSDB.UUT_MASTER/U_XSDB_BUS_CONTROLLER/current_state_reg[2]/CLR
  -------------------------------------------------------------------    -------------------

                         (clock sys_clk rise edge)   20.000    20.000 r  
    N18                                               0.000    20.000 r  sys_clk (IN)
                         net (fo=0)                   0.000    20.000    sys_clk
    N18                  IBUF (Prop_ibuf_I_O)         1.327    21.327 r  sys_clk_IBUF_inst/O
                         net (fo=1, routed)           1.701    23.028    sys_clk_IBUF
    BUFGCTRL_X0Y16       BUFG (Prop_bufg_I_O)         0.077    23.105 r  sys_clk_IBUF_BUFG_inst/O
                         net (fo=2986, routed)        1.277    24.382    dbg_hub/inst/BSCANID.u_xsdbm_id/CORE_XSDB.UUT_MASTER/U_XSDB_BUS_CONTROLLER/clk
    SLICE_X62Y69         FDCE                                         r  dbg_hub/inst/BSCANID.u_xsdbm_id/CORE_XSDB.UUT_MASTER/U_XSDB_BUS_CONTROLLER/current_state_reg[2]/C
                         clock pessimism              0.341    24.723    
                         clock uncertainty           -0.035    24.688    
    SLICE_X62Y69         FDCE (Recov_fdce_C_CLR)     -0.292    24.396    dbg_hub/inst/BSCANID.u_xsdbm_id/CORE_XSDB.UUT_MASTER/U_XSDB_BUS_CONTROLLER/current_state_reg[2]
  -------------------------------------------------------------------
                         required time                         24.396    
                         arrival time                          -6.060    
  -------------------------------------------------------------------
                         slack                                 18.336    





Min Delay Paths
--------------------------------------------------------------------------------------
Slack (MET) :             0.368ns  (arrival time - required time)
  Source:                 dbg_hub/inst/BSCANID.u_xsdbm_id/CORE_XSDB.UUT_MASTER/U_XSDB_BUS_CONTROLLER/clr_abort_rd_reg/C
                            (rising edge-triggered cell FDCE clocked by sys_clk  {rise@0.000ns fall@10.000ns period=20.000ns})
  Destination:            dbg_hub/inst/BSCANID.u_xsdbm_id/CORE_XSDB.UUT_MASTER/U_XSDB_BUS_CONTROLLER/U_RD_ABORT_FLAG/G_NEG_EDGE.flag_reg/CLR
                            (removal check against rising-edge clock sys_clk  {rise@0.000ns fall@10.000ns period=20.000ns})
  Path Group:             **async_default**
  Path Type:              Removal (Min at Fast Process Corner)
  Requirement:            0.000ns  (sys_clk rise@0.000ns - sys_clk rise@0.000ns)
  Data Path Delay:        0.333ns  (logic 0.141ns (42.330%)  route 0.192ns (57.670%))
  Logic Levels:           0  
  Clock Path Skew:        0.032ns (DCD - SCD - CPR)
    Destination Clock Delay (DCD):    2.014ns
    Source Clock Delay      (SCD):    1.500ns
    Clock Pessimism Removal (CPR):    0.482ns

    Location             Delay type                Incr(ns)  Path(ns)    Netlist Resource(s)
  -------------------------------------------------------------------    -------------------
                         (clock sys_clk rise edge)    0.000     0.000 r  
    N18                                               0.000     0.000 r  sys_clk (IN)
                         net (fo=0)                   0.000     0.000    sys_clk
    N18                  IBUF (Prop_ibuf_I_O)         0.229     0.229 r  sys_clk_IBUF_inst/O
                         net (fo=1, routed)           0.674     0.903    sys_clk_IBUF
    BUFGCTRL_X0Y16       BUFG (Prop_bufg_I_O)         0.026     0.929 r  sys_clk_IBUF_BUFG_inst/O
                         net (fo=2986, routed)        0.571     1.500    dbg_hub/inst/BSCANID.u_xsdbm_id/CORE_XSDB.UUT_MASTER/U_XSDB_BUS_CONTROLLER/clk
    SLICE_X57Y67         FDCE                                         r  dbg_hub/inst/BSCANID.u_xsdbm_id/CORE_XSDB.UUT_MASTER/U_XSDB_BUS_CONTROLLER/clr_abort_rd_reg/C
  -------------------------------------------------------------------    -------------------
    SLICE_X57Y67         FDCE (Prop_fdce_C_Q)         0.141     1.641 f  dbg_hub/inst/BSCANID.u_xsdbm_id/CORE_XSDB.UUT_MASTER/U_XSDB_BUS_CONTROLLER/clr_abort_rd_reg/Q
                         net (fo=2, routed)           0.192     1.833    dbg_hub/inst/BSCANID.u_xsdbm_id/CORE_XSDB.UUT_MASTER/U_XSDB_BUS_CONTROLLER/U_RD_ABORT_FLAG/clr_abort_rd
    SLICE_X54Y67         FDCE                                         f  dbg_hub/inst/BSCANID.u_xsdbm_id/CORE_XSDB.UUT_MASTER/U_XSDB_BUS_CONTROLLER/U_RD_ABORT_FLAG/G_NEG_EDGE.flag_reg/CLR
  -------------------------------------------------------------------    -------------------

                         (clock sys_clk rise edge)    0.000     0.000 r  
    N18                                               0.000     0.000 r  sys_clk (IN)
                         net (fo=0)                   0.000     0.000    sys_clk
    N18                  IBUF (Prop_ibuf_I_O)         0.417     0.417 r  sys_clk_IBUF_inst/O
                         net (fo=1, routed)           0.731     1.148    sys_clk_IBUF
    BUFGCTRL_X0Y16       BUFG (Prop_bufg_I_O)         0.029     1.177 r  sys_clk_IBUF_BUFG_inst/O
                         net (fo=2986, routed)        0.837     2.014    dbg_hub/inst/BSCANID.u_xsdbm_id/CORE_XSDB.UUT_MASTER/U_XSDB_BUS_CONTROLLER/U_RD_ABORT_FLAG/clk
    SLICE_X54Y67         FDCE                                         r  dbg_hub/inst/BSCANID.u_xsdbm_id/CORE_XSDB.UUT_MASTER/U_XSDB_BUS_CONTROLLER/U_RD_ABORT_FLAG/G_NEG_EDGE.flag_reg/C
                         clock pessimism             -0.482     1.532    
    SLICE_X54Y67         FDCE (Remov_fdce_C_CLR)     -0.067     1.465    dbg_hub/inst/BSCANID.u_xsdbm_id/CORE_XSDB.UUT_MASTER/U_XSDB_BUS_CONTROLLER/U_RD_ABORT_FLAG/G_NEG_EDGE.flag_reg
  -------------------------------------------------------------------
                         required time                         -1.465    
                         arrival time                           1.833    
  -------------------------------------------------------------------
                         slack                                  0.368    

Slack (MET) :             0.379ns  (arrival time - required time)
  Source:                 dbg_hub/inst/BSCANID.u_xsdbm_id/CORE_XSDB.UUT_MASTER/U_ICON_INTERFACE/U_CMD6_WR/U_WR_FIFO/SUBCORE_FIFO.xsdbm_v3_0_0_wrfifo_inst/inst_fifo_gen/gconvfifo.rf/grf.rf/rstblk/ngwrdrst.grst.g7serrst.rst_rd_reg2_reg/C
                            (rising edge-triggered cell FDPE clocked by sys_clk  {rise@0.000ns fall@10.000ns period=20.000ns})
  Destination:            dbg_hub/inst/BSCANID.u_xsdbm_id/CORE_XSDB.UUT_MASTER/U_ICON_INTERFACE/U_CMD6_WR/U_WR_FIFO/SUBCORE_FIFO.xsdbm_v3_0_0_wrfifo_inst/inst_fifo_gen/gconvfifo.rf/grf.rf/rstblk/ngwrdrst.grst.g7serrst.rd_rst_asreg_reg/PRE
                            (removal check against rising-edge clock sys_clk  {rise@0.000ns fall@10.000ns period=20.000ns})
  Path Group:             **async_default**
  Path Type:              Removal (Min at Fast Process Corner)
  Requirement:            0.000ns  (sys_clk rise@0.000ns - sys_clk rise@0.000ns)
  Data Path Delay:        0.244ns  (logic 0.128ns (52.419%)  route 0.116ns (47.581%))
  Logic Levels:           0  
  Clock Path Skew:        0.014ns (DCD - SCD - CPR)
    Destination Clock Delay (DCD):    2.019ns
    Source Clock Delay      (SCD):    1.504ns
    Clock Pessimism Removal (CPR):    0.501ns

    Location             Delay type                Incr(ns)  Path(ns)    Netlist Resource(s)
  -------------------------------------------------------------------    -------------------
                         (clock sys_clk rise edge)    0.000     0.000 r  
    N18                                               0.000     0.000 r  sys_clk (IN)
                         net (fo=0)                   0.000     0.000    sys_clk
    N18                  IBUF (Prop_ibuf_I_O)         0.229     0.229 r  sys_clk_IBUF_inst/O
                         net (fo=1, routed)           0.674     0.903    sys_clk_IBUF
    BUFGCTRL_X0Y16       BUFG (Prop_bufg_I_O)         0.026     0.929 r  sys_clk_IBUF_BUFG_inst/O
                         net (fo=2986, routed)        0.575     1.504    dbg_hub/inst/BSCANID.u_xsdbm_id/CORE_XSDB.UUT_MASTER/U_ICON_INTERFACE/U_CMD6_WR/U_WR_FIFO/SUBCORE_FIFO.xsdbm_v3_0_0_wrfifo_inst/inst_fifo_gen/gconvfifo.rf/grf.rf/rstblk/rd_clk
    SLICE_X67Y64         FDPE                                         r  dbg_hub/inst/BSCANID.u_xsdbm_id/CORE_XSDB.UUT_MASTER/U_ICON_INTERFACE/U_CMD6_WR/U_WR_FIFO/SUBCORE_FIFO.xsdbm_v3_0_0_wrfifo_inst/inst_fifo_gen/gconvfifo.rf/grf.rf/rstblk/ngwrdrst.grst.g7serrst.rst_rd_reg2_reg/C
  -------------------------------------------------------------------    -------------------
    SLICE_X67Y64         FDPE (Prop_fdpe_C_Q)         0.128     1.632 f  dbg_hub/inst/BSCANID.u_xsdbm_id/CORE_XSDB.UUT_MASTER/U_ICON_INTERFACE/U_CMD6_WR/U_WR_FIFO/SUBCORE_FIFO.xsdbm_v3_0_0_wrfifo_inst/inst_fifo_gen/gconvfifo.rf/grf.rf/rstblk/ngwrdrst.grst.g7serrst.rst_rd_reg2_reg/Q
                         net (fo=1, routed)           0.116     1.748    dbg_hub/inst/BSCANID.u_xsdbm_id/CORE_XSDB.UUT_MASTER/U_ICON_INTERFACE/U_CMD6_WR/U_WR_FIFO/SUBCORE_FIFO.xsdbm_v3_0_0_wrfifo_inst/inst_fifo_gen/gconvfifo.rf/grf.rf/rstblk/rst_rd_reg2
    SLICE_X67Y65         FDPE                                         f  dbg_hub/inst/BSCANID.u_xsdbm_id/CORE_XSDB.UUT_MASTER/U_ICON_INTERFACE/U_CMD6_WR/U_WR_FIFO/SUBCORE_FIFO.xsdbm_v3_0_0_wrfifo_inst/inst_fifo_gen/gconvfifo.rf/grf.rf/rstblk/ngwrdrst.grst.g7serrst.rd_rst_asreg_reg/PRE
  -------------------------------------------------------------------    -------------------

                         (clock sys_clk rise edge)    0.000     0.000 r  
    N18                                               0.000     0.000 r  sys_clk (IN)
                         net (fo=0)                   0.000     0.000    sys_clk
    N18                  IBUF (Prop_ibuf_I_O)         0.417     0.417 r  sys_clk_IBUF_inst/O
                         net (fo=1, routed)           0.731     1.148    sys_clk_IBUF
    BUFGCTRL_X0Y16       BUFG (Prop_bufg_I_O)         0.029     1.177 r  sys_clk_IBUF_BUFG_inst/O
                         net (fo=2986, routed)        0.842     2.019    dbg_hub/inst/BSCANID.u_xsdbm_id/CORE_XSDB.UUT_MASTER/U_ICON_INTERFACE/U_CMD6_WR/U_WR_FIFO/SUBCORE_FIFO.xsdbm_v3_0_0_wrfifo_inst/inst_fifo_gen/gconvfifo.rf/grf.rf/rstblk/rd_clk
    SLICE_X67Y65         FDPE                                         r  dbg_hub/inst/BSCANID.u_xsdbm_id/CORE_XSDB.UUT_MASTER/U_ICON_INTERFACE/U_CMD6_WR/U_WR_FIFO/SUBCORE_FIFO.xsdbm_v3_0_0_wrfifo_inst/inst_fifo_gen/gconvfifo.rf/grf.rf/rstblk/ngwrdrst.grst.g7serrst.rd_rst_asreg_reg/C
                         clock pessimism             -0.501     1.518    
    SLICE_X67Y65         FDPE (Remov_fdpe_C_PRE)     -0.149     1.369    dbg_hub/inst/BSCANID.u_xsdbm_id/CORE_XSDB.UUT_MASTER/U_ICON_INTERFACE/U_CMD6_WR/U_WR_FIFO/SUBCORE_FIFO.xsdbm_v3_0_0_wrfifo_inst/inst_fifo_gen/gconvfifo.rf/grf.rf/rstblk/ngwrdrst.grst.g7serrst.rd_rst_asreg_reg
  -------------------------------------------------------------------
                         required time                         -1.369    
                         arrival time                           1.748    
  -------------------------------------------------------------------
                         slack                                  0.379    

Slack (MET) :             0.386ns  (arrival time - required time)
  Source:                 dbg_hub/inst/BSCANID.u_xsdbm_id/CORE_XSDB.UUT_MASTER/U_ICON_INTERFACE/U_CMD6_RD/U_RD_FIFO/SUBCORE_FIFO.xsdbm_v3_0_0_rdfifo_inst/inst_fifo_gen/gconvfifo.rf/grf.rf/rstblk/ngwrdrst.grst.g7serrst.wr_rst_reg_reg[0]/C
                            (rising edge-triggered cell FDPE clocked by sys_clk  {rise@0.000ns fall@10.000ns period=20.000ns})
  Destination:            dbg_hub/inst/BSCANID.u_xsdbm_id/CORE_XSDB.UUT_MASTER/U_ICON_INTERFACE/U_CMD6_RD/U_RD_FIFO/SUBCORE_FIFO.xsdbm_v3_0_0_rdfifo_inst/inst_fifo_gen/gconvfifo.rf/grf.rf/gntv_or_sync_fifo.gcx.clkx/gnxpm_cdc.rd_pntr_bin_reg[2]/CLR
                            (removal check against rising-edge clock sys_clk  {rise@0.000ns fall@10.000ns period=20.000ns})
  Path Group:             **async_default**
  Path Type:              Removal (Min at Fast Process Corner)
  Requirement:            0.000ns  (sys_clk rise@0.000ns - sys_clk rise@0.000ns)
  Data Path Delay:        0.349ns  (logic 0.141ns (40.382%)  route 0.208ns (59.618%))
  Logic Levels:           0  
  Clock Path Skew:        0.030ns (DCD - SCD - CPR)
    Destination Clock Delay (DCD):    2.015ns
    Source Clock Delay      (SCD):    1.503ns
    Clock Pessimism Removal (CPR):    0.482ns

    Location             Delay type                Incr(ns)  Path(ns)    Netlist Resource(s)
  -------------------------------------------------------------------    -------------------
                         (clock sys_clk rise edge)    0.000     0.000 r  
    N18                                               0.000     0.000 r  sys_clk (IN)
                         net (fo=0)                   0.000     0.000    sys_clk
    N18                  IBUF (Prop_ibuf_I_O)         0.229     0.229 r  sys_clk_IBUF_inst/O
                         net (fo=1, routed)           0.674     0.903    sys_clk_IBUF
    BUFGCTRL_X0Y16       BUFG (Prop_bufg_I_O)         0.026     0.929 r  sys_clk_IBUF_BUFG_inst/O
                         net (fo=2986, routed)        0.574     1.503    dbg_hub/inst/BSCANID.u_xsdbm_id/CORE_XSDB.UUT_MASTER/U_ICON_INTERFACE/U_CMD6_RD/U_RD_FIFO/SUBCORE_FIFO.xsdbm_v3_0_0_rdfifo_inst/inst_fifo_gen/gconvfifo.rf/grf.rf/rstblk/wr_clk
    SLICE_X60Y66         FDPE                                         r  dbg_hub/inst/BSCANID.u_xsdbm_id/CORE_XSDB.UUT_MASTER/U_ICON_INTERFACE/U_CMD6_RD/U_RD_FIFO/SUBCORE_FIFO.xsdbm_v3_0_0_rdfifo_inst/inst_fifo_gen/gconvfifo.rf/grf.rf/rstblk/ngwrdrst.grst.g7serrst.wr_rst_reg_reg[0]/C
  -------------------------------------------------------------------    -------------------
    SLICE_X60Y66         FDPE (Prop_fdpe_C_Q)         0.141     1.644 f  dbg_hub/inst/BSCANID.u_xsdbm_id/CORE_XSDB.UUT_MASTER/U_ICON_INTERFACE/U_CMD6_RD/U_RD_FIFO/SUBCORE_FIFO.xsdbm_v3_0_0_rdfifo_inst/inst_fifo_gen/gconvfifo.rf/grf.rf/rstblk/ngwrdrst.grst.g7serrst.wr_rst_reg_reg[0]/Q
                         net (fo=18, routed)          0.208     1.852    dbg_hub/inst/BSCANID.u_xsdbm_id/CORE_XSDB.UUT_MASTER/U_ICON_INTERFACE/U_CMD6_RD/U_RD_FIFO/SUBCORE_FIFO.xsdbm_v3_0_0_rdfifo_inst/inst_fifo_gen/gconvfifo.rf/grf.rf/gntv_or_sync_fifo.gcx.clkx/AR[0]
    SLICE_X54Y66         FDCE                                         f  dbg_hub/inst/BSCANID.u_xsdbm_id/CORE_XSDB.UUT_MASTER/U_ICON_INTERFACE/U_CMD6_RD/U_RD_FIFO/SUBCORE_FIFO.xsdbm_v3_0_0_rdfifo_inst/inst_fifo_gen/gconvfifo.rf/grf.rf/gntv_or_sync_fifo.gcx.clkx/gnxpm_cdc.rd_pntr_bin_reg[2]/CLR
  -------------------------------------------------------------------    -------------------

                         (clock sys_clk rise edge)    0.000     0.000 r  
    N18                                               0.000     0.000 r  sys_clk (IN)
                         net (fo=0)                   0.000     0.000    sys_clk
    N18                  IBUF (Prop_ibuf_I_O)         0.417     0.417 r  sys_clk_IBUF_inst/O
                         net (fo=1, routed)           0.731     1.148    sys_clk_IBUF
    BUFGCTRL_X0Y16       BUFG (Prop_bufg_I_O)         0.029     1.177 r  sys_clk_IBUF_BUFG_inst/O
                         net (fo=2986, routed)        0.838     2.015    dbg_hub/inst/BSCANID.u_xsdbm_id/CORE_XSDB.UUT_MASTER/U_ICON_INTERFACE/U_CMD6_RD/U_RD_FIFO/SUBCORE_FIFO.xsdbm_v3_0_0_rdfifo_inst/inst_fifo_gen/gconvfifo.rf/grf.rf/gntv_or_sync_fifo.gcx.clkx/wr_clk
    SLICE_X54Y66         FDCE                                         r  dbg_hub/inst/BSCANID.u_xsdbm_id/CORE_XSDB.UUT_MASTER/U_ICON_INTERFACE/U_CMD6_RD/U_RD_FIFO/SUBCORE_FIFO.xsdbm_v3_0_0_rdfifo_inst/inst_fifo_gen/gconvfifo.rf/grf.rf/gntv_or_sync_fifo.gcx.clkx/gnxpm_cdc.rd_pntr_bin_reg[2]/C
                         clock pessimism             -0.482     1.533    
    SLICE_X54Y66         FDCE (Remov_fdce_C_CLR)     -0.067     1.466    dbg_hub/inst/BSCANID.u_xsdbm_id/CORE_XSDB.UUT_MASTER/U_ICON_INTERFACE/U_CMD6_RD/U_RD_FIFO/SUBCORE_FIFO.xsdbm_v3_0_0_rdfifo_inst/inst_fifo_gen/gconvfifo.rf/grf.rf/gntv_or_sync_fifo.gcx.clkx/gnxpm_cdc.rd_pntr_bin_reg[2]
  -------------------------------------------------------------------
                         required time                         -1.466    
                         arrival time                           1.852    
  -------------------------------------------------------------------
                         slack                                  0.386    

Slack (MET) :             0.386ns  (arrival time - required time)
  Source:                 dbg_hub/inst/BSCANID.u_xsdbm_id/CORE_XSDB.UUT_MASTER/U_ICON_INTERFACE/U_CMD6_RD/U_RD_FIFO/SUBCORE_FIFO.xsdbm_v3_0_0_rdfifo_inst/inst_fifo_gen/gconvfifo.rf/grf.rf/rstblk/ngwrdrst.grst.g7serrst.wr_rst_reg_reg[0]/C
                            (rising edge-triggered cell FDPE clocked by sys_clk  {rise@0.000ns fall@10.000ns period=20.000ns})
  Destination:            dbg_hub/inst/BSCANID.u_xsdbm_id/CORE_XSDB.UUT_MASTER/U_ICON_INTERFACE/U_CMD6_RD/U_RD_FIFO/SUBCORE_FIFO.xsdbm_v3_0_0_rdfifo_inst/inst_fifo_gen/gconvfifo.rf/grf.rf/gntv_or_sync_fifo.gcx.clkx/gnxpm_cdc.rd_pntr_bin_reg[3]/CLR
                            (removal check against rising-edge clock sys_clk  {rise@0.000ns fall@10.000ns period=20.000ns})
  Path Group:             **async_default**
  Path Type:              Removal (Min at Fast Process Corner)
  Requirement:            0.000ns  (sys_clk rise@0.000ns - sys_clk rise@0.000ns)
  Data Path Delay:        0.349ns  (logic 0.141ns (40.382%)  route 0.208ns (59.618%))
  Logic Levels:           0  
  Clock Path Skew:        0.030ns (DCD - SCD - CPR)
    Destination Clock Delay (DCD):    2.015ns
    Source Clock Delay      (SCD):    1.503ns
    Clock Pessimism Removal (CPR):    0.482ns

    Location             Delay type                Incr(ns)  Path(ns)    Netlist Resource(s)
  -------------------------------------------------------------------    -------------------
                         (clock sys_clk rise edge)    0.000     0.000 r  
    N18                                               0.000     0.000 r  sys_clk (IN)
                         net (fo=0)                   0.000     0.000    sys_clk
    N18                  IBUF (Prop_ibuf_I_O)         0.229     0.229 r  sys_clk_IBUF_inst/O
                         net (fo=1, routed)           0.674     0.903    sys_clk_IBUF
    BUFGCTRL_X0Y16       BUFG (Prop_bufg_I_O)         0.026     0.929 r  sys_clk_IBUF_BUFG_inst/O
                         net (fo=2986, routed)        0.574     1.503    dbg_hub/inst/BSCANID.u_xsdbm_id/CORE_XSDB.UUT_MASTER/U_ICON_INTERFACE/U_CMD6_RD/U_RD_FIFO/SUBCORE_FIFO.xsdbm_v3_0_0_rdfifo_inst/inst_fifo_gen/gconvfifo.rf/grf.rf/rstblk/wr_clk
    SLICE_X60Y66         FDPE                                         r  dbg_hub/inst/BSCANID.u_xsdbm_id/CORE_XSDB.UUT_MASTER/U_ICON_INTERFACE/U_CMD6_RD/U_RD_FIFO/SUBCORE_FIFO.xsdbm_v3_0_0_rdfifo_inst/inst_fifo_gen/gconvfifo.rf/grf.rf/rstblk/ngwrdrst.grst.g7serrst.wr_rst_reg_reg[0]/C
  -------------------------------------------------------------------    -------------------
    SLICE_X60Y66         FDPE (Prop_fdpe_C_Q)         0.141     1.644 f  dbg_hub/inst/BSCANID.u_xsdbm_id/CORE_XSDB.UUT_MASTER/U_ICON_INTERFACE/U_CMD6_RD/U_RD_FIFO/SUBCORE_FIFO.xsdbm_v3_0_0_rdfifo_inst/inst_fifo_gen/gconvfifo.rf/grf.rf/rstblk/ngwrdrst.grst.g7serrst.wr_rst_reg_reg[0]/Q
                         net (fo=18, routed)          0.208     1.852    dbg_hub/inst/BSCANID.u_xsdbm_id/CORE_XSDB.UUT_MASTER/U_ICON_INTERFACE/U_CMD6_RD/U_RD_FIFO/SUBCORE_FIFO.xsdbm_v3_0_0_rdfifo_inst/inst_fifo_gen/gconvfifo.rf/grf.rf/gntv_or_sync_fifo.gcx.clkx/AR[0]
    SLICE_X54Y66         FDCE                                         f  dbg_hub/inst/BSCANID.u_xsdbm_id/CORE_XSDB.UUT_MASTER/U_ICON_INTERFACE/U_CMD6_RD/U_RD_FIFO/SUBCORE_FIFO.xsdbm_v3_0_0_rdfifo_inst/inst_fifo_gen/gconvfifo.rf/grf.rf/gntv_or_sync_fifo.gcx.clkx/gnxpm_cdc.rd_pntr_bin_reg[3]/CLR
  -------------------------------------------------------------------    -------------------

                         (clock sys_clk rise edge)    0.000     0.000 r  
    N18                                               0.000     0.000 r  sys_clk (IN)
                         net (fo=0)                   0.000     0.000    sys_clk
    N18                  IBUF (Prop_ibuf_I_O)         0.417     0.417 r  sys_clk_IBUF_inst/O
                         net (fo=1, routed)           0.731     1.148    sys_clk_IBUF
    BUFGCTRL_X0Y16       BUFG (Prop_bufg_I_O)         0.029     1.177 r  sys_clk_IBUF_BUFG_inst/O
                         net (fo=2986, routed)        0.838     2.015    dbg_hub/inst/BSCANID.u_xsdbm_id/CORE_XSDB.UUT_MASTER/U_ICON_INTERFACE/U_CMD6_RD/U_RD_FIFO/SUBCORE_FIFO.xsdbm_v3_0_0_rdfifo_inst/inst_fifo_gen/gconvfifo.rf/grf.rf/gntv_or_sync_fifo.gcx.clkx/wr_clk
    SLICE_X54Y66         FDCE                                         r  dbg_hub/inst/BSCANID.u_xsdbm_id/CORE_XSDB.UUT_MASTER/U_ICON_INTERFACE/U_CMD6_RD/U_RD_FIFO/SUBCORE_FIFO.xsdbm_v3_0_0_rdfifo_inst/inst_fifo_gen/gconvfifo.rf/grf.rf/gntv_or_sync_fifo.gcx.clkx/gnxpm_cdc.rd_pntr_bin_reg[3]/C
                         clock pessimism             -0.482     1.533    
    SLICE_X54Y66         FDCE (Remov_fdce_C_CLR)     -0.067     1.466    dbg_hub/inst/BSCANID.u_xsdbm_id/CORE_XSDB.UUT_MASTER/U_ICON_INTERFACE/U_CMD6_RD/U_RD_FIFO/SUBCORE_FIFO.xsdbm_v3_0_0_rdfifo_inst/inst_fifo_gen/gconvfifo.rf/grf.rf/gntv_or_sync_fifo.gcx.clkx/gnxpm_cdc.rd_pntr_bin_reg[3]
  -------------------------------------------------------------------
                         required time                         -1.466    
                         arrival time                           1.852    
  -------------------------------------------------------------------
                         slack                                  0.386    

Slack (MET) :             0.386ns  (arrival time - required time)
  Source:                 dbg_hub/inst/BSCANID.u_xsdbm_id/CORE_XSDB.UUT_MASTER/U_ICON_INTERFACE/U_CMD6_RD/U_RD_FIFO/SUBCORE_FIFO.xsdbm_v3_0_0_rdfifo_inst/inst_fifo_gen/gconvfifo.rf/grf.rf/rstblk/ngwrdrst.grst.g7serrst.wr_rst_reg_reg[0]/C
                            (rising edge-triggered cell FDPE clocked by sys_clk  {rise@0.000ns fall@10.000ns period=20.000ns})
  Destination:            dbg_hub/inst/BSCANID.u_xsdbm_id/CORE_XSDB.UUT_MASTER/U_ICON_INTERFACE/U_CMD6_RD/U_RD_FIFO/SUBCORE_FIFO.xsdbm_v3_0_0_rdfifo_inst/inst_fifo_gen/gconvfifo.rf/grf.rf/gntv_or_sync_fifo.gl0.wr/gwas.wsts/ram_full_fb_i_reg/CLR
                            (removal check against rising-edge clock sys_clk  {rise@0.000ns fall@10.000ns period=20.000ns})
  Path Group:             **async_default**
  Path Type:              Removal (Min at Fast Process Corner)
  Requirement:            0.000ns  (sys_clk rise@0.000ns - sys_clk rise@0.000ns)
  Data Path Delay:        0.349ns  (logic 0.141ns (40.382%)  route 0.208ns (59.618%))
  Logic Levels:           0  
  Clock Path Skew:        0.030ns (DCD - SCD - CPR)
    Destination Clock Delay (DCD):    2.015ns
    Source Clock Delay      (SCD):    1.503ns
    Clock Pessimism Removal (CPR):    0.482ns

    Location             Delay type                Incr(ns)  Path(ns)    Netlist Resource(s)
  -------------------------------------------------------------------    -------------------
                         (clock sys_clk rise edge)    0.000     0.000 r  
    N18                                               0.000     0.000 r  sys_clk (IN)
                         net (fo=0)                   0.000     0.000    sys_clk
    N18                  IBUF (Prop_ibuf_I_O)         0.229     0.229 r  sys_clk_IBUF_inst/O
                         net (fo=1, routed)           0.674     0.903    sys_clk_IBUF
    BUFGCTRL_X0Y16       BUFG (Prop_bufg_I_O)         0.026     0.929 r  sys_clk_IBUF_BUFG_inst/O
                         net (fo=2986, routed)        0.574     1.503    dbg_hub/inst/BSCANID.u_xsdbm_id/CORE_XSDB.UUT_MASTER/U_ICON_INTERFACE/U_CMD6_RD/U_RD_FIFO/SUBCORE_FIFO.xsdbm_v3_0_0_rdfifo_inst/inst_fifo_gen/gconvfifo.rf/grf.rf/rstblk/wr_clk
    SLICE_X60Y66         FDPE                                         r  dbg_hub/inst/BSCANID.u_xsdbm_id/CORE_XSDB.UUT_MASTER/U_ICON_INTERFACE/U_CMD6_RD/U_RD_FIFO/SUBCORE_FIFO.xsdbm_v3_0_0_rdfifo_inst/inst_fifo_gen/gconvfifo.rf/grf.rf/rstblk/ngwrdrst.grst.g7serrst.wr_rst_reg_reg[0]/C
  -------------------------------------------------------------------    -------------------
    SLICE_X60Y66         FDPE (Prop_fdpe_C_Q)         0.141     1.644 f  dbg_hub/inst/BSCANID.u_xsdbm_id/CORE_XSDB.UUT_MASTER/U_ICON_INTERFACE/U_CMD6_RD/U_RD_FIFO/SUBCORE_FIFO.xsdbm_v3_0_0_rdfifo_inst/inst_fifo_gen/gconvfifo.rf/grf.rf/rstblk/ngwrdrst.grst.g7serrst.wr_rst_reg_reg[0]/Q
                         net (fo=18, routed)          0.208     1.852    dbg_hub/inst/BSCANID.u_xsdbm_id/CORE_XSDB.UUT_MASTER/U_ICON_INTERFACE/U_CMD6_RD/U_RD_FIFO/SUBCORE_FIFO.xsdbm_v3_0_0_rdfifo_inst/inst_fifo_gen/gconvfifo.rf/grf.rf/gntv_or_sync_fifo.gl0.wr/gwas.wsts/ram_full_fb_i_reg_2[0]
    SLICE_X54Y66         FDCE                                         f  dbg_hub/inst/BSCANID.u_xsdbm_id/CORE_XSDB.UUT_MASTER/U_ICON_INTERFACE/U_CMD6_RD/U_RD_FIFO/SUBCORE_FIFO.xsdbm_v3_0_0_rdfifo_inst/inst_fifo_gen/gconvfifo.rf/grf.rf/gntv_or_sync_fifo.gl0.wr/gwas.wsts/ram_full_fb_i_reg/CLR
  -------------------------------------------------------------------    -------------------

                         (clock sys_clk rise edge)    0.000     0.000 r  
    N18                                               0.000     0.000 r  sys_clk (IN)
                         net (fo=0)                   0.000     0.000    sys_clk
    N18                  IBUF (Prop_ibuf_I_O)         0.417     0.417 r  sys_clk_IBUF_inst/O
                         net (fo=1, routed)           0.731     1.148    sys_clk_IBUF
    BUFGCTRL_X0Y16       BUFG (Prop_bufg_I_O)         0.029     1.177 r  sys_clk_IBUF_BUFG_inst/O
                         net (fo=2986, routed)        0.838     2.015    dbg_hub/inst/BSCANID.u_xsdbm_id/CORE_XSDB.UUT_MASTER/U_ICON_INTERFACE/U_CMD6_RD/U_RD_FIFO/SUBCORE_FIFO.xsdbm_v3_0_0_rdfifo_inst/inst_fifo_gen/gconvfifo.rf/grf.rf/gntv_or_sync_fifo.gl0.wr/gwas.wsts/wr_clk
    SLICE_X54Y66         FDCE                                         r  dbg_hub/inst/BSCANID.u_xsdbm_id/CORE_XSDB.UUT_MASTER/U_ICON_INTERFACE/U_CMD6_RD/U_RD_FIFO/SUBCORE_FIFO.xsdbm_v3_0_0_rdfifo_inst/inst_fifo_gen/gconvfifo.rf/grf.rf/gntv_or_sync_fifo.gl0.wr/gwas.wsts/ram_full_fb_i_reg/C
                         clock pessimism             -0.482     1.533    
    SLICE_X54Y66         FDCE (Remov_fdce_C_CLR)     -0.067     1.466    dbg_hub/inst/BSCANID.u_xsdbm_id/CORE_XSDB.UUT_MASTER/U_ICON_INTERFACE/U_CMD6_RD/U_RD_FIFO/SUBCORE_FIFO.xsdbm_v3_0_0_rdfifo_inst/inst_fifo_gen/gconvfifo.rf/grf.rf/gntv_or_sync_fifo.gl0.wr/gwas.wsts/ram_full_fb_i_reg
  -------------------------------------------------------------------
                         required time                         -1.466    
                         arrival time                           1.852    
  -------------------------------------------------------------------
                         slack                                  0.386    

Slack (MET) :             0.386ns  (arrival time - required time)
  Source:                 dbg_hub/inst/BSCANID.u_xsdbm_id/CORE_XSDB.UUT_MASTER/U_ICON_INTERFACE/U_CMD6_RD/U_RD_FIFO/SUBCORE_FIFO.xsdbm_v3_0_0_rdfifo_inst/inst_fifo_gen/gconvfifo.rf/grf.rf/rstblk/ngwrdrst.grst.g7serrst.wr_rst_reg_reg[0]/C
                            (rising edge-triggered cell FDPE clocked by sys_clk  {rise@0.000ns fall@10.000ns period=20.000ns})
  Destination:            dbg_hub/inst/BSCANID.u_xsdbm_id/CORE_XSDB.UUT_MASTER/U_ICON_INTERFACE/U_CMD6_RD/U_RD_FIFO/SUBCORE_FIFO.xsdbm_v3_0_0_rdfifo_inst/inst_fifo_gen/gconvfifo.rf/grf.rf/gntv_or_sync_fifo.gl0.wr/gwas.wsts/ram_full_i_reg/CLR
                            (removal check against rising-edge clock sys_clk  {rise@0.000ns fall@10.000ns period=20.000ns})
  Path Group:             **async_default**
  Path Type:              Removal (Min at Fast Process Corner)
  Requirement:            0.000ns  (sys_clk rise@0.000ns - sys_clk rise@0.000ns)
  Data Path Delay:        0.349ns  (logic 0.141ns (40.382%)  route 0.208ns (59.618%))
  Logic Levels:           0  
  Clock Path Skew:        0.030ns (DCD - SCD - CPR)
    Destination Clock Delay (DCD):    2.015ns
    Source Clock Delay      (SCD):    1.503ns
    Clock Pessimism Removal (CPR):    0.482ns

    Location             Delay type                Incr(ns)  Path(ns)    Netlist Resource(s)
  -------------------------------------------------------------------    -------------------
                         (clock sys_clk rise edge)    0.000     0.000 r  
    N18                                               0.000     0.000 r  sys_clk (IN)
                         net (fo=0)                   0.000     0.000    sys_clk
    N18                  IBUF (Prop_ibuf_I_O)         0.229     0.229 r  sys_clk_IBUF_inst/O
                         net (fo=1, routed)           0.674     0.903    sys_clk_IBUF
    BUFGCTRL_X0Y16       BUFG (Prop_bufg_I_O)         0.026     0.929 r  sys_clk_IBUF_BUFG_inst/O
                         net (fo=2986, routed)        0.574     1.503    dbg_hub/inst/BSCANID.u_xsdbm_id/CORE_XSDB.UUT_MASTER/U_ICON_INTERFACE/U_CMD6_RD/U_RD_FIFO/SUBCORE_FIFO.xsdbm_v3_0_0_rdfifo_inst/inst_fifo_gen/gconvfifo.rf/grf.rf/rstblk/wr_clk
    SLICE_X60Y66         FDPE                                         r  dbg_hub/inst/BSCANID.u_xsdbm_id/CORE_XSDB.UUT_MASTER/U_ICON_INTERFACE/U_CMD6_RD/U_RD_FIFO/SUBCORE_FIFO.xsdbm_v3_0_0_rdfifo_inst/inst_fifo_gen/gconvfifo.rf/grf.rf/rstblk/ngwrdrst.grst.g7serrst.wr_rst_reg_reg[0]/C
  -------------------------------------------------------------------    -------------------
    SLICE_X60Y66         FDPE (Prop_fdpe_C_Q)         0.141     1.644 f  dbg_hub/inst/BSCANID.u_xsdbm_id/CORE_XSDB.UUT_MASTER/U_ICON_INTERFACE/U_CMD6_RD/U_RD_FIFO/SUBCORE_FIFO.xsdbm_v3_0_0_rdfifo_inst/inst_fifo_gen/gconvfifo.rf/grf.rf/rstblk/ngwrdrst.grst.g7serrst.wr_rst_reg_reg[0]/Q
                         net (fo=18, routed)          0.208     1.852    dbg_hub/inst/BSCANID.u_xsdbm_id/CORE_XSDB.UUT_MASTER/U_ICON_INTERFACE/U_CMD6_RD/U_RD_FIFO/SUBCORE_FIFO.xsdbm_v3_0_0_rdfifo_inst/inst_fifo_gen/gconvfifo.rf/grf.rf/gntv_or_sync_fifo.gl0.wr/gwas.wsts/ram_full_fb_i_reg_2[0]
    SLICE_X54Y66         FDCE                                         f  dbg_hub/inst/BSCANID.u_xsdbm_id/CORE_XSDB.UUT_MASTER/U_ICON_INTERFACE/U_CMD6_RD/U_RD_FIFO/SUBCORE_FIFO.xsdbm_v3_0_0_rdfifo_inst/inst_fifo_gen/gconvfifo.rf/grf.rf/gntv_or_sync_fifo.gl0.wr/gwas.wsts/ram_full_i_reg/CLR
  -------------------------------------------------------------------    -------------------

                         (clock sys_clk rise edge)    0.000     0.000 r  
    N18                                               0.000     0.000 r  sys_clk (IN)
                         net (fo=0)                   0.000     0.000    sys_clk
    N18                  IBUF (Prop_ibuf_I_O)         0.417     0.417 r  sys_clk_IBUF_inst/O
                         net (fo=1, routed)           0.731     1.148    sys_clk_IBUF
    BUFGCTRL_X0Y16       BUFG (Prop_bufg_I_O)         0.029     1.177 r  sys_clk_IBUF_BUFG_inst/O
                         net (fo=2986, routed)        0.838     2.015    dbg_hub/inst/BSCANID.u_xsdbm_id/CORE_XSDB.UUT_MASTER/U_ICON_INTERFACE/U_CMD6_RD/U_RD_FIFO/SUBCORE_FIFO.xsdbm_v3_0_0_rdfifo_inst/inst_fifo_gen/gconvfifo.rf/grf.rf/gntv_or_sync_fifo.gl0.wr/gwas.wsts/wr_clk
    SLICE_X54Y66         FDCE                                         r  dbg_hub/inst/BSCANID.u_xsdbm_id/CORE_XSDB.UUT_MASTER/U_ICON_INTERFACE/U_CMD6_RD/U_RD_FIFO/SUBCORE_FIFO.xsdbm_v3_0_0_rdfifo_inst/inst_fifo_gen/gconvfifo.rf/grf.rf/gntv_or_sync_fifo.gl0.wr/gwas.wsts/ram_full_i_reg/C
                         clock pessimism             -0.482     1.533    
    SLICE_X54Y66         FDCE (Remov_fdce_C_CLR)     -0.067     1.466    dbg_hub/inst/BSCANID.u_xsdbm_id/CORE_XSDB.UUT_MASTER/U_ICON_INTERFACE/U_CMD6_RD/U_RD_FIFO/SUBCORE_FIFO.xsdbm_v3_0_0_rdfifo_inst/inst_fifo_gen/gconvfifo.rf/grf.rf/gntv_or_sync_fifo.gl0.wr/gwas.wsts/ram_full_i_reg
  -------------------------------------------------------------------
                         required time                         -1.466    
                         arrival time                           1.852    
  -------------------------------------------------------------------
                         slack                                  0.386    

Slack (MET) :             0.393ns  (arrival time - required time)
  Source:                 dbg_hub/inst/BSCANID.u_xsdbm_id/CORE_XSDB.UUT_MASTER/U_ICON_INTERFACE/U_CMD6_RD/U_RD_FIFO/SUBCORE_FIFO.xsdbm_v3_0_0_rdfifo_inst/inst_fifo_gen/gconvfifo.rf/grf.rf/rstblk/ngwrdrst.grst.g7serrst.wr_rst_reg_reg[0]/C
                            (rising edge-triggered cell FDPE clocked by sys_clk  {rise@0.000ns fall@10.000ns period=20.000ns})
  Destination:            dbg_hub/inst/BSCANID.u_xsdbm_id/CORE_XSDB.UUT_MASTER/U_ICON_INTERFACE/U_CMD6_RD/U_RD_FIFO/SUBCORE_FIFO.xsdbm_v3_0_0_rdfifo_inst/inst_fifo_gen/gconvfifo.rf/grf.rf/gntv_or_sync_fifo.gcx.clkx/gnxpm_cdc.gsync_stage[1].wr_stg_inst/Q_reg_reg[3]/CLR
                            (removal check against rising-edge clock sys_clk  {rise@0.000ns fall@10.000ns period=20.000ns})
  Path Group:             **async_default**
  Path Type:              Removal (Min at Fast Process Corner)
  Requirement:            0.000ns  (sys_clk rise@0.000ns - sys_clk rise@0.000ns)
  Data Path Delay:        0.333ns  (logic 0.141ns (42.357%)  route 0.192ns (57.643%))
  Logic Levels:           0  
  Clock Path Skew:        0.032ns (DCD - SCD - CPR)
    Destination Clock Delay (DCD):    2.017ns
    Source Clock Delay      (SCD):    1.503ns
    Clock Pessimism Removal (CPR):    0.482ns

    Location             Delay type                Incr(ns)  Path(ns)    Netlist Resource(s)
  -------------------------------------------------------------------    -------------------
                         (clock sys_clk rise edge)    0.000     0.000 r  
    N18                                               0.000     0.000 r  sys_clk (IN)
                         net (fo=0)                   0.000     0.000    sys_clk
    N18                  IBUF (Prop_ibuf_I_O)         0.229     0.229 r  sys_clk_IBUF_inst/O
                         net (fo=1, routed)           0.674     0.903    sys_clk_IBUF
    BUFGCTRL_X0Y16       BUFG (Prop_bufg_I_O)         0.026     0.929 r  sys_clk_IBUF_BUFG_inst/O
                         net (fo=2986, routed)        0.574     1.503    dbg_hub/inst/BSCANID.u_xsdbm_id/CORE_XSDB.UUT_MASTER/U_ICON_INTERFACE/U_CMD6_RD/U_RD_FIFO/SUBCORE_FIFO.xsdbm_v3_0_0_rdfifo_inst/inst_fifo_gen/gconvfifo.rf/grf.rf/rstblk/wr_clk
    SLICE_X60Y66         FDPE                                         r  dbg_hub/inst/BSCANID.u_xsdbm_id/CORE_XSDB.UUT_MASTER/U_ICON_INTERFACE/U_CMD6_RD/U_RD_FIFO/SUBCORE_FIFO.xsdbm_v3_0_0_rdfifo_inst/inst_fifo_gen/gconvfifo.rf/grf.rf/rstblk/ngwrdrst.grst.g7serrst.wr_rst_reg_reg[0]/C
  -------------------------------------------------------------------    -------------------
    SLICE_X60Y66         FDPE (Prop_fdpe_C_Q)         0.141     1.644 f  dbg_hub/inst/BSCANID.u_xsdbm_id/CORE_XSDB.UUT_MASTER/U_ICON_INTERFACE/U_CMD6_RD/U_RD_FIFO/SUBCORE_FIFO.xsdbm_v3_0_0_rdfifo_inst/inst_fifo_gen/gconvfifo.rf/grf.rf/rstblk/ngwrdrst.grst.g7serrst.wr_rst_reg_reg[0]/Q
                         net (fo=18, routed)          0.192     1.836    dbg_hub/inst/BSCANID.u_xsdbm_id/CORE_XSDB.UUT_MASTER/U_ICON_INTERFACE/U_CMD6_RD/U_RD_FIFO/SUBCORE_FIFO.xsdbm_v3_0_0_rdfifo_inst/inst_fifo_gen/gconvfifo.rf/grf.rf/gntv_or_sync_fifo.gcx.clkx/gnxpm_cdc.gsync_stage[1].wr_stg_inst/AR[0]
    SLICE_X56Y66         FDCE                                         f  dbg_hub/inst/BSCANID.u_xsdbm_id/CORE_XSDB.UUT_MASTER/U_ICON_INTERFACE/U_CMD6_RD/U_RD_FIFO/SUBCORE_FIFO.xsdbm_v3_0_0_rdfifo_inst/inst_fifo_gen/gconvfifo.rf/grf.rf/gntv_or_sync_fifo.gcx.clkx/gnxpm_cdc.gsync_stage[1].wr_stg_inst/Q_reg_reg[3]/CLR
  -------------------------------------------------------------------    -------------------

                         (clock sys_clk rise edge)    0.000     0.000 r  
    N18                                               0.000     0.000 r  sys_clk (IN)
                         net (fo=0)                   0.000     0.000    sys_clk
    N18                  IBUF (Prop_ibuf_I_O)         0.417     0.417 r  sys_clk_IBUF_inst/O
                         net (fo=1, routed)           0.731     1.148    sys_clk_IBUF
    BUFGCTRL_X0Y16       BUFG (Prop_bufg_I_O)         0.029     1.177 r  sys_clk_IBUF_BUFG_inst/O
                         net (fo=2986, routed)        0.840     2.017    dbg_hub/inst/BSCANID.u_xsdbm_id/CORE_XSDB.UUT_MASTER/U_ICON_INTERFACE/U_CMD6_RD/U_RD_FIFO/SUBCORE_FIFO.xsdbm_v3_0_0_rdfifo_inst/inst_fifo_gen/gconvfifo.rf/grf.rf/gntv_or_sync_fifo.gcx.clkx/gnxpm_cdc.gsync_stage[1].wr_stg_inst/wr_clk
    SLICE_X56Y66         FDCE                                         r  dbg_hub/inst/BSCANID.u_xsdbm_id/CORE_XSDB.UUT_MASTER/U_ICON_INTERFACE/U_CMD6_RD/U_RD_FIFO/SUBCORE_FIFO.xsdbm_v3_0_0_rdfifo_inst/inst_fifo_gen/gconvfifo.rf/grf.rf/gntv_or_sync_fifo.gcx.clkx/gnxpm_cdc.gsync_stage[1].wr_stg_inst/Q_reg_reg[3]/C
                         clock pessimism             -0.482     1.535    
    SLICE_X56Y66         FDCE (Remov_fdce_C_CLR)     -0.092     1.443    dbg_hub/inst/BSCANID.u_xsdbm_id/CORE_XSDB.UUT_MASTER/U_ICON_INTERFACE/U_CMD6_RD/U_RD_FIFO/SUBCORE_FIFO.xsdbm_v3_0_0_rdfifo_inst/inst_fifo_gen/gconvfifo.rf/grf.rf/gntv_or_sync_fifo.gcx.clkx/gnxpm_cdc.gsync_stage[1].wr_stg_inst/Q_reg_reg[3]
  -------------------------------------------------------------------
                         required time                         -1.443    
                         arrival time                           1.836    
  -------------------------------------------------------------------
                         slack                                  0.393    

Slack (MET) :             0.393ns  (arrival time - required time)
  Source:                 dbg_hub/inst/BSCANID.u_xsdbm_id/CORE_XSDB.UUT_MASTER/U_ICON_INTERFACE/U_CMD6_RD/U_RD_FIFO/SUBCORE_FIFO.xsdbm_v3_0_0_rdfifo_inst/inst_fifo_gen/gconvfifo.rf/grf.rf/rstblk/ngwrdrst.grst.g7serrst.wr_rst_reg_reg[0]/C
                            (rising edge-triggered cell FDPE clocked by sys_clk  {rise@0.000ns fall@10.000ns period=20.000ns})
  Destination:            dbg_hub/inst/BSCANID.u_xsdbm_id/CORE_XSDB.UUT_MASTER/U_ICON_INTERFACE/U_CMD6_RD/U_RD_FIFO/SUBCORE_FIFO.xsdbm_v3_0_0_rdfifo_inst/inst_fifo_gen/gconvfifo.rf/grf.rf/gntv_or_sync_fifo.gcx.clkx/gnxpm_cdc.gsync_stage[2].wr_stg_inst/Q_reg_reg[3]/CLR
                            (removal check against rising-edge clock sys_clk  {rise@0.000ns fall@10.000ns period=20.000ns})
  Path Group:             **async_default**
  Path Type:              Removal (Min at Fast Process Corner)
  Requirement:            0.000ns  (sys_clk rise@0.000ns - sys_clk rise@0.000ns)
  Data Path Delay:        0.333ns  (logic 0.141ns (42.357%)  route 0.192ns (57.643%))
  Logic Levels:           0  
  Clock Path Skew:        0.032ns (DCD - SCD - CPR)
    Destination Clock Delay (DCD):    2.017ns
    Source Clock Delay      (SCD):    1.503ns
    Clock Pessimism Removal (CPR):    0.482ns

    Location             Delay type                Incr(ns)  Path(ns)    Netlist Resource(s)
  -------------------------------------------------------------------    -------------------
                         (clock sys_clk rise edge)    0.000     0.000 r  
    N18                                               0.000     0.000 r  sys_clk (IN)
                         net (fo=0)                   0.000     0.000    sys_clk
    N18                  IBUF (Prop_ibuf_I_O)         0.229     0.229 r  sys_clk_IBUF_inst/O
                         net (fo=1, routed)           0.674     0.903    sys_clk_IBUF
    BUFGCTRL_X0Y16       BUFG (Prop_bufg_I_O)         0.026     0.929 r  sys_clk_IBUF_BUFG_inst/O
                         net (fo=2986, routed)        0.574     1.503    dbg_hub/inst/BSCANID.u_xsdbm_id/CORE_XSDB.UUT_MASTER/U_ICON_INTERFACE/U_CMD6_RD/U_RD_FIFO/SUBCORE_FIFO.xsdbm_v3_0_0_rdfifo_inst/inst_fifo_gen/gconvfifo.rf/grf.rf/rstblk/wr_clk
    SLICE_X60Y66         FDPE                                         r  dbg_hub/inst/BSCANID.u_xsdbm_id/CORE_XSDB.UUT_MASTER/U_ICON_INTERFACE/U_CMD6_RD/U_RD_FIFO/SUBCORE_FIFO.xsdbm_v3_0_0_rdfifo_inst/inst_fifo_gen/gconvfifo.rf/grf.rf/rstblk/ngwrdrst.grst.g7serrst.wr_rst_reg_reg[0]/C
  -------------------------------------------------------------------    -------------------
    SLICE_X60Y66         FDPE (Prop_fdpe_C_Q)         0.141     1.644 f  dbg_hub/inst/BSCANID.u_xsdbm_id/CORE_XSDB.UUT_MASTER/U_ICON_INTERFACE/U_CMD6_RD/U_RD_FIFO/SUBCORE_FIFO.xsdbm_v3_0_0_rdfifo_inst/inst_fifo_gen/gconvfifo.rf/grf.rf/rstblk/ngwrdrst.grst.g7serrst.wr_rst_reg_reg[0]/Q
                         net (fo=18, routed)          0.192     1.836    dbg_hub/inst/BSCANID.u_xsdbm_id/CORE_XSDB.UUT_MASTER/U_ICON_INTERFACE/U_CMD6_RD/U_RD_FIFO/SUBCORE_FIFO.xsdbm_v3_0_0_rdfifo_inst/inst_fifo_gen/gconvfifo.rf/grf.rf/gntv_or_sync_fifo.gcx.clkx/gnxpm_cdc.gsync_stage[2].wr_stg_inst/AR[0]
    SLICE_X56Y66         FDCE                                         f  dbg_hub/inst/BSCANID.u_xsdbm_id/CORE_XSDB.UUT_MASTER/U_ICON_INTERFACE/U_CMD6_RD/U_RD_FIFO/SUBCORE_FIFO.xsdbm_v3_0_0_rdfifo_inst/inst_fifo_gen/gconvfifo.rf/grf.rf/gntv_or_sync_fifo.gcx.clkx/gnxpm_cdc.gsync_stage[2].wr_stg_inst/Q_reg_reg[3]/CLR
  -------------------------------------------------------------------    -------------------

                         (clock sys_clk rise edge)    0.000     0.000 r  
    N18                                               0.000     0.000 r  sys_clk (IN)
                         net (fo=0)                   0.000     0.000    sys_clk
    N18                  IBUF (Prop_ibuf_I_O)         0.417     0.417 r  sys_clk_IBUF_inst/O
                         net (fo=1, routed)           0.731     1.148    sys_clk_IBUF
    BUFGCTRL_X0Y16       BUFG (Prop_bufg_I_O)         0.029     1.177 r  sys_clk_IBUF_BUFG_inst/O
                         net (fo=2986, routed)        0.840     2.017    dbg_hub/inst/BSCANID.u_xsdbm_id/CORE_XSDB.UUT_MASTER/U_ICON_INTERFACE/U_CMD6_RD/U_RD_FIFO/SUBCORE_FIFO.xsdbm_v3_0_0_rdfifo_inst/inst_fifo_gen/gconvfifo.rf/grf.rf/gntv_or_sync_fifo.gcx.clkx/gnxpm_cdc.gsync_stage[2].wr_stg_inst/wr_clk
    SLICE_X56Y66         FDCE                                         r  dbg_hub/inst/BSCANID.u_xsdbm_id/CORE_XSDB.UUT_MASTER/U_ICON_INTERFACE/U_CMD6_RD/U_RD_FIFO/SUBCORE_FIFO.xsdbm_v3_0_0_rdfifo_inst/inst_fifo_gen/gconvfifo.rf/grf.rf/gntv_or_sync_fifo.gcx.clkx/gnxpm_cdc.gsync_stage[2].wr_stg_inst/Q_reg_reg[3]/C
                         clock pessimism             -0.482     1.535    
    SLICE_X56Y66         FDCE (Remov_fdce_C_CLR)     -0.092     1.443    dbg_hub/inst/BSCANID.u_xsdbm_id/CORE_XSDB.UUT_MASTER/U_ICON_INTERFACE/U_CMD6_RD/U_RD_FIFO/SUBCORE_FIFO.xsdbm_v3_0_0_rdfifo_inst/inst_fifo_gen/gconvfifo.rf/grf.rf/gntv_or_sync_fifo.gcx.clkx/gnxpm_cdc.gsync_stage[2].wr_stg_inst/Q_reg_reg[3]
  -------------------------------------------------------------------
                         required time                         -1.443    
                         arrival time                           1.836    
  -------------------------------------------------------------------
                         slack                                  0.393    

Slack (MET) :             0.393ns  (arrival time - required time)
  Source:                 dbg_hub/inst/BSCANID.u_xsdbm_id/CORE_XSDB.UUT_MASTER/U_ICON_INTERFACE/U_CMD6_RD/U_RD_FIFO/SUBCORE_FIFO.xsdbm_v3_0_0_rdfifo_inst/inst_fifo_gen/gconvfifo.rf/grf.rf/rstblk/ngwrdrst.grst.g7serrst.wr_rst_reg_reg[0]/C
                            (rising edge-triggered cell FDPE clocked by sys_clk  {rise@0.000ns fall@10.000ns period=20.000ns})
  Destination:            dbg_hub/inst/BSCANID.u_xsdbm_id/CORE_XSDB.UUT_MASTER/U_ICON_INTERFACE/U_CMD6_RD/U_RD_FIFO/SUBCORE_FIFO.xsdbm_v3_0_0_rdfifo_inst/inst_fifo_gen/gconvfifo.rf/grf.rf/gntv_or_sync_fifo.gcx.clkx/gnxpm_cdc.rd_pntr_bin_reg[0]/CLR
                            (removal check against rising-edge clock sys_clk  {rise@0.000ns fall@10.000ns period=20.000ns})
  Path Group:             **async_default**
  Path Type:              Removal (Min at Fast Process Corner)
  Requirement:            0.000ns  (sys_clk rise@0.000ns - sys_clk rise@0.000ns)
  Data Path Delay:        0.333ns  (logic 0.141ns (42.357%)  route 0.192ns (57.643%))
  Logic Levels:           0  
  Clock Path Skew:        0.032ns (DCD - SCD - CPR)
    Destination Clock Delay (DCD):    2.017ns
    Source Clock Delay      (SCD):    1.503ns
    Clock Pessimism Removal (CPR):    0.482ns

    Location             Delay type                Incr(ns)  Path(ns)    Netlist Resource(s)
  -------------------------------------------------------------------    -------------------
                         (clock sys_clk rise edge)    0.000     0.000 r  
    N18                                               0.000     0.000 r  sys_clk (IN)
                         net (fo=0)                   0.000     0.000    sys_clk
    N18                  IBUF (Prop_ibuf_I_O)         0.229     0.229 r  sys_clk_IBUF_inst/O
                         net (fo=1, routed)           0.674     0.903    sys_clk_IBUF
    BUFGCTRL_X0Y16       BUFG (Prop_bufg_I_O)         0.026     0.929 r  sys_clk_IBUF_BUFG_inst/O
                         net (fo=2986, routed)        0.574     1.503    dbg_hub/inst/BSCANID.u_xsdbm_id/CORE_XSDB.UUT_MASTER/U_ICON_INTERFACE/U_CMD6_RD/U_RD_FIFO/SUBCORE_FIFO.xsdbm_v3_0_0_rdfifo_inst/inst_fifo_gen/gconvfifo.rf/grf.rf/rstblk/wr_clk
    SLICE_X60Y66         FDPE                                         r  dbg_hub/inst/BSCANID.u_xsdbm_id/CORE_XSDB.UUT_MASTER/U_ICON_INTERFACE/U_CMD6_RD/U_RD_FIFO/SUBCORE_FIFO.xsdbm_v3_0_0_rdfifo_inst/inst_fifo_gen/gconvfifo.rf/grf.rf/rstblk/ngwrdrst.grst.g7serrst.wr_rst_reg_reg[0]/C
  -------------------------------------------------------------------    -------------------
    SLICE_X60Y66         FDPE (Prop_fdpe_C_Q)         0.141     1.644 f  dbg_hub/inst/BSCANID.u_xsdbm_id/CORE_XSDB.UUT_MASTER/U_ICON_INTERFACE/U_CMD6_RD/U_RD_FIFO/SUBCORE_FIFO.xsdbm_v3_0_0_rdfifo_inst/inst_fifo_gen/gconvfifo.rf/grf.rf/rstblk/ngwrdrst.grst.g7serrst.wr_rst_reg_reg[0]/Q
                         net (fo=18, routed)          0.192     1.836    dbg_hub/inst/BSCANID.u_xsdbm_id/CORE_XSDB.UUT_MASTER/U_ICON_INTERFACE/U_CMD6_RD/U_RD_FIFO/SUBCORE_FIFO.xsdbm_v3_0_0_rdfifo_inst/inst_fifo_gen/gconvfifo.rf/grf.rf/gntv_or_sync_fifo.gcx.clkx/AR[0]
    SLICE_X56Y66         FDCE                                         f  dbg_hub/inst/BSCANID.u_xsdbm_id/CORE_XSDB.UUT_MASTER/U_ICON_INTERFACE/U_CMD6_RD/U_RD_FIFO/SUBCORE_FIFO.xsdbm_v3_0_0_rdfifo_inst/inst_fifo_gen/gconvfifo.rf/grf.rf/gntv_or_sync_fifo.gcx.clkx/gnxpm_cdc.rd_pntr_bin_reg[0]/CLR
  -------------------------------------------------------------------    -------------------

                         (clock sys_clk rise edge)    0.000     0.000 r  
    N18                                               0.000     0.000 r  sys_clk (IN)
                         net (fo=0)                   0.000     0.000    sys_clk
    N18                  IBUF (Prop_ibuf_I_O)         0.417     0.417 r  sys_clk_IBUF_inst/O
                         net (fo=1, routed)           0.731     1.148    sys_clk_IBUF
    BUFGCTRL_X0Y16       BUFG (Prop_bufg_I_O)         0.029     1.177 r  sys_clk_IBUF_BUFG_inst/O
                         net (fo=2986, routed)        0.840     2.017    dbg_hub/inst/BSCANID.u_xsdbm_id/CORE_XSDB.UUT_MASTER/U_ICON_INTERFACE/U_CMD6_RD/U_RD_FIFO/SUBCORE_FIFO.xsdbm_v3_0_0_rdfifo_inst/inst_fifo_gen/gconvfifo.rf/grf.rf/gntv_or_sync_fifo.gcx.clkx/wr_clk
    SLICE_X56Y66         FDCE                                         r  dbg_hub/inst/BSCANID.u_xsdbm_id/CORE_XSDB.UUT_MASTER/U_ICON_INTERFACE/U_CMD6_RD/U_RD_FIFO/SUBCORE_FIFO.xsdbm_v3_0_0_rdfifo_inst/inst_fifo_gen/gconvfifo.rf/grf.rf/gntv_or_sync_fifo.gcx.clkx/gnxpm_cdc.rd_pntr_bin_reg[0]/C
                         clock pessimism             -0.482     1.535    
    SLICE_X56Y66         FDCE (Remov_fdce_C_CLR)     -0.092     1.443    dbg_hub/inst/BSCANID.u_xsdbm_id/CORE_XSDB.UUT_MASTER/U_ICON_INTERFACE/U_CMD6_RD/U_RD_FIFO/SUBCORE_FIFO.xsdbm_v3_0_0_rdfifo_inst/inst_fifo_gen/gconvfifo.rf/grf.rf/gntv_or_sync_fifo.gcx.clkx/gnxpm_cdc.rd_pntr_bin_reg[0]
  -------------------------------------------------------------------
                         required time                         -1.443    
                         arrival time                           1.836    
  -------------------------------------------------------------------
                         slack                                  0.393    

Slack (MET) :             0.393ns  (arrival time - required time)
  Source:                 dbg_hub/inst/BSCANID.u_xsdbm_id/CORE_XSDB.UUT_MASTER/U_ICON_INTERFACE/U_CMD6_RD/U_RD_FIFO/SUBCORE_FIFO.xsdbm_v3_0_0_rdfifo_inst/inst_fifo_gen/gconvfifo.rf/grf.rf/rstblk/ngwrdrst.grst.g7serrst.wr_rst_reg_reg[0]/C
                            (rising edge-triggered cell FDPE clocked by sys_clk  {rise@0.000ns fall@10.000ns period=20.000ns})
  Destination:            dbg_hub/inst/BSCANID.u_xsdbm_id/CORE_XSDB.UUT_MASTER/U_ICON_INTERFACE/U_CMD6_RD/U_RD_FIFO/SUBCORE_FIFO.xsdbm_v3_0_0_rdfifo_inst/inst_fifo_gen/gconvfifo.rf/grf.rf/gntv_or_sync_fifo.gcx.clkx/gnxpm_cdc.rd_pntr_bin_reg[1]/CLR
                            (removal check against rising-edge clock sys_clk  {rise@0.000ns fall@10.000ns period=20.000ns})
  Path Group:             **async_default**
  Path Type:              Removal (Min at Fast Process Corner)
  Requirement:            0.000ns  (sys_clk rise@0.000ns - sys_clk rise@0.000ns)
  Data Path Delay:        0.333ns  (logic 0.141ns (42.357%)  route 0.192ns (57.643%))
  Logic Levels:           0  
  Clock Path Skew:        0.032ns (DCD - SCD - CPR)
    Destination Clock Delay (DCD):    2.017ns
    Source Clock Delay      (SCD):    1.503ns
    Clock Pessimism Removal (CPR):    0.482ns

    Location             Delay type                Incr(ns)  Path(ns)    Netlist Resource(s)
  -------------------------------------------------------------------    -------------------
                         (clock sys_clk rise edge)    0.000     0.000 r  
    N18                                               0.000     0.000 r  sys_clk (IN)
                         net (fo=0)                   0.000     0.000    sys_clk
    N18                  IBUF (Prop_ibuf_I_O)         0.229     0.229 r  sys_clk_IBUF_inst/O
                         net (fo=1, routed)           0.674     0.903    sys_clk_IBUF
    BUFGCTRL_X0Y16       BUFG (Prop_bufg_I_O)         0.026     0.929 r  sys_clk_IBUF_BUFG_inst/O
                         net (fo=2986, routed)        0.574     1.503    dbg_hub/inst/BSCANID.u_xsdbm_id/CORE_XSDB.UUT_MASTER/U_ICON_INTERFACE/U_CMD6_RD/U_RD_FIFO/SUBCORE_FIFO.xsdbm_v3_0_0_rdfifo_inst/inst_fifo_gen/gconvfifo.rf/grf.rf/rstblk/wr_clk
    SLICE_X60Y66         FDPE                                         r  dbg_hub/inst/BSCANID.u_xsdbm_id/CORE_XSDB.UUT_MASTER/U_ICON_INTERFACE/U_CMD6_RD/U_RD_FIFO/SUBCORE_FIFO.xsdbm_v3_0_0_rdfifo_inst/inst_fifo_gen/gconvfifo.rf/grf.rf/rstblk/ngwrdrst.grst.g7serrst.wr_rst_reg_reg[0]/C
  -------------------------------------------------------------------    -------------------
    SLICE_X60Y66         FDPE (Prop_fdpe_C_Q)         0.141     1.644 f  dbg_hub/inst/BSCANID.u_xsdbm_id/CORE_XSDB.UUT_MASTER/U_ICON_INTERFACE/U_CMD6_RD/U_RD_FIFO/SUBCORE_FIFO.xsdbm_v3_0_0_rdfifo_inst/inst_fifo_gen/gconvfifo.rf/grf.rf/rstblk/ngwrdrst.grst.g7serrst.wr_rst_reg_reg[0]/Q
                         net (fo=18, routed)          0.192     1.836    dbg_hub/inst/BSCANID.u_xsdbm_id/CORE_XSDB.UUT_MASTER/U_ICON_INTERFACE/U_CMD6_RD/U_RD_FIFO/SUBCORE_FIFO.xsdbm_v3_0_0_rdfifo_inst/inst_fifo_gen/gconvfifo.rf/grf.rf/gntv_or_sync_fifo.gcx.clkx/AR[0]
    SLICE_X56Y66         FDCE                                         f  dbg_hub/inst/BSCANID.u_xsdbm_id/CORE_XSDB.UUT_MASTER/U_ICON_INTERFACE/U_CMD6_RD/U_RD_FIFO/SUBCORE_FIFO.xsdbm_v3_0_0_rdfifo_inst/inst_fifo_gen/gconvfifo.rf/grf.rf/gntv_or_sync_fifo.gcx.clkx/gnxpm_cdc.rd_pntr_bin_reg[1]/CLR
  -------------------------------------------------------------------    -------------------

                         (clock sys_clk rise edge)    0.000     0.000 r  
    N18                                               0.000     0.000 r  sys_clk (IN)
                         net (fo=0)                   0.000     0.000    sys_clk
    N18                  IBUF (Prop_ibuf_I_O)         0.417     0.417 r  sys_clk_IBUF_inst/O
                         net (fo=1, routed)           0.731     1.148    sys_clk_IBUF
    BUFGCTRL_X0Y16       BUFG (Prop_bufg_I_O)         0.029     1.177 r  sys_clk_IBUF_BUFG_inst/O
                         net (fo=2986, routed)        0.840     2.017    dbg_hub/inst/BSCANID.u_xsdbm_id/CORE_XSDB.UUT_MASTER/U_ICON_INTERFACE/U_CMD6_RD/U_RD_FIFO/SUBCORE_FIFO.xsdbm_v3_0_0_rdfifo_inst/inst_fifo_gen/gconvfifo.rf/grf.rf/gntv_or_sync_fifo.gcx.clkx/wr_clk
    SLICE_X56Y66         FDCE                                         r  dbg_hub/inst/BSCANID.u_xsdbm_id/CORE_XSDB.UUT_MASTER/U_ICON_INTERFACE/U_CMD6_RD/U_RD_FIFO/SUBCORE_FIFO.xsdbm_v3_0_0_rdfifo_inst/inst_fifo_gen/gconvfifo.rf/grf.rf/gntv_or_sync_fifo.gcx.clkx/gnxpm_cdc.rd_pntr_bin_reg[1]/C
                         clock pessimism             -0.482     1.535    
    SLICE_X56Y66         FDCE (Remov_fdce_C_CLR)     -0.092     1.443    dbg_hub/inst/BSCANID.u_xsdbm_id/CORE_XSDB.UUT_MASTER/U_ICON_INTERFACE/U_CMD6_RD/U_RD_FIFO/SUBCORE_FIFO.xsdbm_v3_0_0_rdfifo_inst/inst_fifo_gen/gconvfifo.rf/grf.rf/gntv_or_sync_fifo.gcx.clkx/gnxpm_cdc.rd_pntr_bin_reg[1]
  -------------------------------------------------------------------
                         required time                         -1.443    
                         arrival time                           1.836    
  -------------------------------------------------------------------
                         slack                                  0.393    





