23:07:22 INFO  : Registering command handlers for SDK TCF services
23:07:23 INFO  : Launching XSCT server: xsct.bat -interactive F:\FPGA\work_space\AD_DA_tran\AD_DA_tran.sdk\temp_xsdb_launch_script.tcl
23:07:26 INFO  : XSCT server has started successfully.
23:07:26 INFO  : Successfully done setting XSCT server connection channel  
23:07:31 INFO  : Successfully done setting SDK workspace  
23:07:31 INFO  : Processing command line option -hwspec F:/FPGA/work_space/AD_DA_tran/AD_DA_tran.sdk/FFT_OUT.hdf.
23:18:03 INFO  : 'targets -set -filter {jtag_cable_name =~ "Digilent JTAG-SMT3 210357A7D00EA" && level==0} -index 1' command is executed.
23:18:03 INFO  : 'fpga -state' command is executed.
23:18:03 INFO  : Connected to target on host '127.0.0.1' and port '3121'.
23:18:03 INFO  : Jtag cable 'Digilent JTAG-SMT3 210357A7D00EA' is selected.
23:18:03 INFO  : 'jtag frequency' command is executed.
23:18:03 INFO  : Sourcing of 'F:/FPGA/work_space/AD_DA_tran/AD_DA_tran.sdk/FFT_OUT_hw_platform_0/ps7_init.tcl' is done.
23:18:03 INFO  : Context for 'APU' is selected.
23:18:03 INFO  : Hardware design information is loaded from 'F:/FPGA/work_space/AD_DA_tran/AD_DA_tran.sdk/FFT_OUT_hw_platform_0/system.hdf'.
23:18:03 INFO  : 'configparams force-mem-access 1' command is executed.
23:18:03 INFO  : Context for 'APU' is selected.
23:18:03 INFO  : 'stop' command is executed.
23:18:03 INFO  : 'ps7_init' command is executed.
23:18:03 INFO  : 'ps7_post_config' command is executed.
23:18:03 INFO  : Context for processor 'ps7_cortexa9_0' is selected.
23:18:04 INFO  : Processor reset is completed for 'ps7_cortexa9_0'.
23:18:04 INFO  : Context for processor 'ps7_cortexa9_0' is selected.
23:18:04 INFO  : The application 'F:/FPGA/work_space/AD_DA_tran/AD_DA_tran.sdk/Uart_out/Debug/Uart_out.elf' is downloaded to processor 'ps7_cortexa9_0'.
23:18:04 INFO  : 'configparams force-mem-access 0' command is executed.
23:18:04 INFO  : ----------------XSDB Script----------------
connect -url tcp:127.0.0.1:3121
source F:/FPGA/work_space/AD_DA_tran/AD_DA_tran.sdk/FFT_OUT_hw_platform_0/ps7_init.tcl
targets -set -nocase -filter {name =~"APU*" && jtag_cable_name =~ "Digilent JTAG-SMT3 210357A7D00EA"} -index 0
loadhw -hw F:/FPGA/work_space/AD_DA_tran/AD_DA_tran.sdk/FFT_OUT_hw_platform_0/system.hdf -mem-ranges [list {0x40000000 0xbfffffff}]
configparams force-mem-access 1
targets -set -nocase -filter {name =~"APU*" && jtag_cable_name =~ "Digilent JTAG-SMT3 210357A7D00EA"} -index 0
stop
ps7_init
ps7_post_config
targets -set -nocase -filter {name =~ "ARM*#0" && jtag_cable_name =~ "Digilent JTAG-SMT3 210357A7D00EA"} -index 0
rst -processor
targets -set -nocase -filter {name =~ "ARM*#0" && jtag_cable_name =~ "Digilent JTAG-SMT3 210357A7D00EA"} -index 0
dow F:/FPGA/work_space/AD_DA_tran/AD_DA_tran.sdk/Uart_out/Debug/Uart_out.elf
configparams force-mem-access 0
----------------End of Script----------------

23:18:04 INFO  : Memory regions updated for context APU
23:18:04 INFO  : Context for processor 'ps7_cortexa9_0' is selected.
23:18:04 INFO  : 'con' command is executed.
23:18:04 INFO  : ----------------XSDB Script (After Launch)----------------
targets -set -nocase -filter {name =~ "ARM*#0" && jtag_cable_name =~ "Digilent JTAG-SMT3 210357A7D00EA"} -index 0
con
----------------End of Script----------------

23:18:04 INFO  : Launch script is exported to file 'F:\FPGA\work_space\AD_DA_tran\AD_DA_tran.sdk\.sdk\launch_scripts\xilinx_c-c++_application_(system_debugger)\system_debugger_using_debug_uart_out.elf_on_local.tcl'
23:19:51 INFO  : Disconnected from the channel tcfchan#1.
23:19:52 INFO  : 'targets -set -filter {jtag_cable_name =~ "Digilent JTAG-SMT3 210357A7D00EA" && level==0} -index 1' command is executed.
23:19:52 INFO  : 'fpga -state' command is executed.
23:19:52 INFO  : Connected to target on host '127.0.0.1' and port '3121'.
23:19:52 INFO  : Jtag cable 'Digilent JTAG-SMT3 210357A7D00EA' is selected.
23:19:52 INFO  : 'jtag frequency' command is executed.
23:19:52 INFO  : Sourcing of 'F:/FPGA/work_space/AD_DA_tran/AD_DA_tran.sdk/FFT_OUT_hw_platform_0/ps7_init.tcl' is done.
23:19:52 INFO  : Context for 'APU' is selected.
23:19:53 INFO  : Hardware design information is loaded from 'F:/FPGA/work_space/AD_DA_tran/AD_DA_tran.sdk/FFT_OUT_hw_platform_0/system.hdf'.
23:19:53 INFO  : 'configparams force-mem-access 1' command is executed.
23:19:53 INFO  : Context for 'APU' is selected.
23:19:53 INFO  : 'stop' command is executed.
23:19:53 INFO  : 'ps7_init' command is executed.
23:19:53 INFO  : 'ps7_post_config' command is executed.
23:19:53 INFO  : Context for processor 'ps7_cortexa9_0' is selected.
23:19:53 INFO  : Processor reset is completed for 'ps7_cortexa9_0'.
23:19:53 INFO  : Context for processor 'ps7_cortexa9_0' is selected.
23:19:53 INFO  : The application 'F:/FPGA/work_space/AD_DA_tran/AD_DA_tran.sdk/Uart_out/Debug/Uart_out.elf' is downloaded to processor 'ps7_cortexa9_0'.
23:19:53 INFO  : 'configparams force-mem-access 0' command is executed.
23:19:53 INFO  : ----------------XSDB Script----------------
connect -url tcp:127.0.0.1:3121
source F:/FPGA/work_space/AD_DA_tran/AD_DA_tran.sdk/FFT_OUT_hw_platform_0/ps7_init.tcl
targets -set -nocase -filter {name =~"APU*" && jtag_cable_name =~ "Digilent JTAG-SMT3 210357A7D00EA"} -index 0
loadhw -hw F:/FPGA/work_space/AD_DA_tran/AD_DA_tran.sdk/FFT_OUT_hw_platform_0/system.hdf -mem-ranges [list {0x40000000 0xbfffffff}]
configparams force-mem-access 1
targets -set -nocase -filter {name =~"APU*" && jtag_cable_name =~ "Digilent JTAG-SMT3 210357A7D00EA"} -index 0
stop
ps7_init
ps7_post_config
targets -set -nocase -filter {name =~ "ARM*#0" && jtag_cable_name =~ "Digilent JTAG-SMT3 210357A7D00EA"} -index 0
rst -processor
targets -set -nocase -filter {name =~ "ARM*#0" && jtag_cable_name =~ "Digilent JTAG-SMT3 210357A7D00EA"} -index 0
dow F:/FPGA/work_space/AD_DA_tran/AD_DA_tran.sdk/Uart_out/Debug/Uart_out.elf
configparams force-mem-access 0
----------------End of Script----------------

23:19:53 INFO  : Memory regions updated for context APU
23:19:53 INFO  : Context for processor 'ps7_cortexa9_0' is selected.
23:19:53 INFO  : 'con' command is executed.
23:19:53 INFO  : ----------------XSDB Script (After Launch)----------------
targets -set -nocase -filter {name =~ "ARM*#0" && jtag_cable_name =~ "Digilent JTAG-SMT3 210357A7D00EA"} -index 0
con
----------------End of Script----------------

23:19:53 INFO  : Launch script is exported to file 'F:\FPGA\work_space\AD_DA_tran\AD_DA_tran.sdk\.sdk\launch_scripts\xilinx_c-c++_application_(system_debugger)\system_debugger_using_debug_uart_out.elf_on_local.tcl'
23:21:54 INFO  : Disconnected from the channel tcfchan#2.
23:21:55 INFO  : 'targets -set -filter {jtag_cable_name =~ "Digilent JTAG-SMT3 210357A7D00EA" && level==0} -index 1' command is executed.
23:21:55 INFO  : 'fpga -state' command is executed.
23:21:55 INFO  : Connected to target on host '127.0.0.1' and port '3121'.
23:21:55 INFO  : Jtag cable 'Digilent JTAG-SMT3 210357A7D00EA' is selected.
23:21:55 INFO  : 'jtag frequency' command is executed.
23:21:55 INFO  : Sourcing of 'F:/FPGA/work_space/AD_DA_tran/AD_DA_tran.sdk/FFT_OUT_hw_platform_0/ps7_init.tcl' is done.
23:21:55 INFO  : Context for 'APU' is selected.
23:21:56 INFO  : Hardware design information is loaded from 'F:/FPGA/work_space/AD_DA_tran/AD_DA_tran.sdk/FFT_OUT_hw_platform_0/system.hdf'.
23:21:56 INFO  : 'configparams force-mem-access 1' command is executed.
23:21:56 INFO  : Context for 'APU' is selected.
23:21:56 INFO  : 'stop' command is executed.
23:21:56 INFO  : 'ps7_init' command is executed.
23:21:56 INFO  : 'ps7_post_config' command is executed.
23:21:56 INFO  : Context for processor 'ps7_cortexa9_0' is selected.
23:21:56 INFO  : Processor reset is completed for 'ps7_cortexa9_0'.
23:21:56 INFO  : Context for processor 'ps7_cortexa9_0' is selected.
23:21:57 INFO  : The application 'F:/FPGA/work_space/AD_DA_tran/AD_DA_tran.sdk/Uart_out/Debug/Uart_out.elf' is downloaded to processor 'ps7_cortexa9_0'.
23:21:57 INFO  : 'configparams force-mem-access 0' command is executed.
23:21:57 INFO  : ----------------XSDB Script----------------
connect -url tcp:127.0.0.1:3121
source F:/FPGA/work_space/AD_DA_tran/AD_DA_tran.sdk/FFT_OUT_hw_platform_0/ps7_init.tcl
targets -set -nocase -filter {name =~"APU*" && jtag_cable_name =~ "Digilent JTAG-SMT3 210357A7D00EA"} -index 0
loadhw -hw F:/FPGA/work_space/AD_DA_tran/AD_DA_tran.sdk/FFT_OUT_hw_platform_0/system.hdf -mem-ranges [list {0x40000000 0xbfffffff}]
configparams force-mem-access 1
targets -set -nocase -filter {name =~"APU*" && jtag_cable_name =~ "Digilent JTAG-SMT3 210357A7D00EA"} -index 0
stop
ps7_init
ps7_post_config
targets -set -nocase -filter {name =~ "ARM*#0" && jtag_cable_name =~ "Digilent JTAG-SMT3 210357A7D00EA"} -index 0
rst -processor
targets -set -nocase -filter {name =~ "ARM*#0" && jtag_cable_name =~ "Digilent JTAG-SMT3 210357A7D00EA"} -index 0
dow F:/FPGA/work_space/AD_DA_tran/AD_DA_tran.sdk/Uart_out/Debug/Uart_out.elf
configparams force-mem-access 0
----------------End of Script----------------

23:21:57 INFO  : Memory regions updated for context APU
23:21:57 INFO  : Context for processor 'ps7_cortexa9_0' is selected.
23:21:57 INFO  : 'con' command is executed.
23:21:57 INFO  : ----------------XSDB Script (After Launch)----------------
targets -set -nocase -filter {name =~ "ARM*#0" && jtag_cable_name =~ "Digilent JTAG-SMT3 210357A7D00EA"} -index 0
con
----------------End of Script----------------

23:21:57 INFO  : Launch script is exported to file 'F:\FPGA\work_space\AD_DA_tran\AD_DA_tran.sdk\.sdk\launch_scripts\xilinx_c-c++_application_(system_debugger)\system_debugger_using_debug_uart_out.elf_on_local.tcl'
23:22:51 INFO  : Disconnected from the channel tcfchan#3.
23:22:52 INFO  : 'targets -set -filter {jtag_cable_name =~ "Digilent JTAG-SMT3 210357A7D00EA" && level==0} -index 1' command is executed.
23:22:52 INFO  : 'fpga -state' command is executed.
23:22:52 INFO  : Connected to target on host '127.0.0.1' and port '3121'.
23:22:52 INFO  : Jtag cable 'Digilent JTAG-SMT3 210357A7D00EA' is selected.
23:22:52 INFO  : 'jtag frequency' command is executed.
23:22:52 INFO  : Sourcing of 'F:/FPGA/work_space/AD_DA_tran/AD_DA_tran.sdk/FFT_OUT_hw_platform_0/ps7_init.tcl' is done.
23:22:52 INFO  : Context for 'APU' is selected.
23:22:53 INFO  : Hardware design information is loaded from 'F:/FPGA/work_space/AD_DA_tran/AD_DA_tran.sdk/FFT_OUT_hw_platform_0/system.hdf'.
23:22:53 INFO  : 'configparams force-mem-access 1' command is executed.
23:22:53 INFO  : Context for 'APU' is selected.
23:22:53 INFO  : 'stop' command is executed.
23:22:53 INFO  : 'ps7_init' command is executed.
23:22:53 INFO  : 'ps7_post_config' command is executed.
23:22:53 INFO  : Context for processor 'ps7_cortexa9_0' is selected.
23:22:53 INFO  : Processor reset is completed for 'ps7_cortexa9_0'.
23:22:53 INFO  : Context for processor 'ps7_cortexa9_0' is selected.
23:22:53 INFO  : The application 'F:/FPGA/work_space/AD_DA_tran/AD_DA_tran.sdk/Uart_out/Debug/Uart_out.elf' is downloaded to processor 'ps7_cortexa9_0'.
23:22:53 INFO  : 'configparams force-mem-access 0' command is executed.
23:22:53 INFO  : ----------------XSDB Script----------------
connect -url tcp:127.0.0.1:3121
source F:/FPGA/work_space/AD_DA_tran/AD_DA_tran.sdk/FFT_OUT_hw_platform_0/ps7_init.tcl
targets -set -nocase -filter {name =~"APU*" && jtag_cable_name =~ "Digilent JTAG-SMT3 210357A7D00EA"} -index 0
loadhw -hw F:/FPGA/work_space/AD_DA_tran/AD_DA_tran.sdk/FFT_OUT_hw_platform_0/system.hdf -mem-ranges [list {0x40000000 0xbfffffff}]
configparams force-mem-access 1
targets -set -nocase -filter {name =~"APU*" && jtag_cable_name =~ "Digilent JTAG-SMT3 210357A7D00EA"} -index 0
stop
ps7_init
ps7_post_config
targets -set -nocase -filter {name =~ "ARM*#0" && jtag_cable_name =~ "Digilent JTAG-SMT3 210357A7D00EA"} -index 0
rst -processor
targets -set -nocase -filter {name =~ "ARM*#0" && jtag_cable_name =~ "Digilent JTAG-SMT3 210357A7D00EA"} -index 0
dow F:/FPGA/work_space/AD_DA_tran/AD_DA_tran.sdk/Uart_out/Debug/Uart_out.elf
configparams force-mem-access 0
----------------End of Script----------------

23:22:53 INFO  : Memory regions updated for context APU
23:22:53 INFO  : Context for processor 'ps7_cortexa9_0' is selected.
23:22:53 INFO  : 'con' command is executed.
23:22:53 INFO  : ----------------XSDB Script (After Launch)----------------
targets -set -nocase -filter {name =~ "ARM*#0" && jtag_cable_name =~ "Digilent JTAG-SMT3 210357A7D00EA"} -index 0
con
----------------End of Script----------------

23:22:53 INFO  : Launch script is exported to file 'F:\FPGA\work_space\AD_DA_tran\AD_DA_tran.sdk\.sdk\launch_scripts\xilinx_c-c++_application_(system_debugger)\system_debugger_using_debug_uart_out.elf_on_local.tcl'
23:25:20 INFO  : Disconnected from the channel tcfchan#4.
23:25:21 INFO  : 'targets -set -filter {jtag_cable_name =~ "Digilent JTAG-SMT3 210357A7D00EA" && level==0} -index 1' command is executed.
23:25:21 INFO  : 'fpga -state' command is executed.
23:25:21 INFO  : Connected to target on host '127.0.0.1' and port '3121'.
23:25:21 INFO  : Jtag cable 'Digilent JTAG-SMT3 210357A7D00EA' is selected.
23:25:21 INFO  : 'jtag frequency' command is executed.
23:25:21 INFO  : Sourcing of 'F:/FPGA/work_space/AD_DA_tran/AD_DA_tran.sdk/FFT_OUT_hw_platform_0/ps7_init.tcl' is done.
23:25:21 INFO  : Context for 'APU' is selected.
23:25:22 INFO  : Hardware design information is loaded from 'F:/FPGA/work_space/AD_DA_tran/AD_DA_tran.sdk/FFT_OUT_hw_platform_0/system.hdf'.
23:25:22 INFO  : 'configparams force-mem-access 1' command is executed.
23:25:22 INFO  : Context for 'APU' is selected.
23:25:22 INFO  : 'stop' command is executed.
23:25:22 INFO  : 'ps7_init' command is executed.
23:25:22 INFO  : 'ps7_post_config' command is executed.
23:25:22 INFO  : Context for processor 'ps7_cortexa9_0' is selected.
23:25:23 INFO  : Processor reset is completed for 'ps7_cortexa9_0'.
23:25:23 INFO  : Context for processor 'ps7_cortexa9_0' is selected.
23:25:23 INFO  : The application 'F:/FPGA/work_space/AD_DA_tran/AD_DA_tran.sdk/Uart_out/Debug/Uart_out.elf' is downloaded to processor 'ps7_cortexa9_0'.
23:25:23 INFO  : 'configparams force-mem-access 0' command is executed.
23:25:23 INFO  : ----------------XSDB Script----------------
connect -url tcp:127.0.0.1:3121
source F:/FPGA/work_space/AD_DA_tran/AD_DA_tran.sdk/FFT_OUT_hw_platform_0/ps7_init.tcl
targets -set -nocase -filter {name =~"APU*" && jtag_cable_name =~ "Digilent JTAG-SMT3 210357A7D00EA"} -index 0
loadhw -hw F:/FPGA/work_space/AD_DA_tran/AD_DA_tran.sdk/FFT_OUT_hw_platform_0/system.hdf -mem-ranges [list {0x40000000 0xbfffffff}]
configparams force-mem-access 1
targets -set -nocase -filter {name =~"APU*" && jtag_cable_name =~ "Digilent JTAG-SMT3 210357A7D00EA"} -index 0
stop
ps7_init
ps7_post_config
targets -set -nocase -filter {name =~ "ARM*#0" && jtag_cable_name =~ "Digilent JTAG-SMT3 210357A7D00EA"} -index 0
rst -processor
targets -set -nocase -filter {name =~ "ARM*#0" && jtag_cable_name =~ "Digilent JTAG-SMT3 210357A7D00EA"} -index 0
dow F:/FPGA/work_space/AD_DA_tran/AD_DA_tran.sdk/Uart_out/Debug/Uart_out.elf
configparams force-mem-access 0
----------------End of Script----------------

23:25:23 INFO  : Memory regions updated for context APU
23:25:23 INFO  : Context for processor 'ps7_cortexa9_0' is selected.
23:25:23 INFO  : 'con' command is executed.
23:25:23 INFO  : ----------------XSDB Script (After Launch)----------------
targets -set -nocase -filter {name =~ "ARM*#0" && jtag_cable_name =~ "Digilent JTAG-SMT3 210357A7D00EA"} -index 0
con
----------------End of Script----------------

23:25:23 INFO  : Launch script is exported to file 'F:\FPGA\work_space\AD_DA_tran\AD_DA_tran.sdk\.sdk\launch_scripts\xilinx_c-c++_application_(system_debugger)\system_debugger_using_debug_uart_out.elf_on_local.tcl'
00:35:02 INFO  : Disconnected from the channel tcfchan#5.
00:35:03 INFO  : 'targets -set -filter {jtag_cable_name =~ "Digilent JTAG-SMT3 210357A7D00EA" && level==0} -index 1' command is executed.
00:35:03 INFO  : 'fpga -state' command is executed.
00:35:03 INFO  : Connected to target on host '127.0.0.1' and port '3121'.
00:35:03 INFO  : Jtag cable 'Digilent JTAG-SMT3 210357A7D00EA' is selected.
00:35:03 INFO  : 'jtag frequency' command is executed.
00:35:03 INFO  : Sourcing of 'F:/FPGA/work_space/AD_DA_tran/AD_DA_tran.sdk/FFT_OUT_hw_platform_0/ps7_init.tcl' is done.
00:35:03 INFO  : Context for 'APU' is selected.
00:35:04 INFO  : Hardware design information is loaded from 'F:/FPGA/work_space/AD_DA_tran/AD_DA_tran.sdk/FFT_OUT_hw_platform_0/system.hdf'.
00:35:04 INFO  : 'configparams force-mem-access 1' command is executed.
00:35:04 INFO  : Context for 'APU' is selected.
00:35:04 INFO  : 'stop' command is executed.
00:35:04 INFO  : 'ps7_init' command is executed.
00:35:04 INFO  : 'ps7_post_config' command is executed.
00:35:04 INFO  : Context for processor 'ps7_cortexa9_0' is selected.
00:35:04 INFO  : Processor reset is completed for 'ps7_cortexa9_0'.
00:35:04 INFO  : Context for processor 'ps7_cortexa9_0' is selected.
00:35:04 INFO  : The application 'F:/FPGA/work_space/AD_DA_tran/AD_DA_tran.sdk/Uart_out/Debug/Uart_out.elf' is downloaded to processor 'ps7_cortexa9_0'.
00:35:04 INFO  : 'configparams force-mem-access 0' command is executed.
00:35:04 INFO  : ----------------XSDB Script----------------
connect -url tcp:127.0.0.1:3121
source F:/FPGA/work_space/AD_DA_tran/AD_DA_tran.sdk/FFT_OUT_hw_platform_0/ps7_init.tcl
targets -set -nocase -filter {name =~"APU*" && jtag_cable_name =~ "Digilent JTAG-SMT3 210357A7D00EA"} -index 0
loadhw -hw F:/FPGA/work_space/AD_DA_tran/AD_DA_tran.sdk/FFT_OUT_hw_platform_0/system.hdf -mem-ranges [list {0x40000000 0xbfffffff}]
configparams force-mem-access 1
targets -set -nocase -filter {name =~"APU*" && jtag_cable_name =~ "Digilent JTAG-SMT3 210357A7D00EA"} -index 0
stop
ps7_init
ps7_post_config
targets -set -nocase -filter {name =~ "ARM*#0" && jtag_cable_name =~ "Digilent JTAG-SMT3 210357A7D00EA"} -index 0
rst -processor
targets -set -nocase -filter {name =~ "ARM*#0" && jtag_cable_name =~ "Digilent JTAG-SMT3 210357A7D00EA"} -index 0
dow F:/FPGA/work_space/AD_DA_tran/AD_DA_tran.sdk/Uart_out/Debug/Uart_out.elf
configparams force-mem-access 0
----------------End of Script----------------

00:35:04 INFO  : Memory regions updated for context APU
00:35:04 INFO  : Context for processor 'ps7_cortexa9_0' is selected.
00:35:04 INFO  : 'con' command is executed.
00:35:04 INFO  : ----------------XSDB Script (After Launch)----------------
targets -set -nocase -filter {name =~ "ARM*#0" && jtag_cable_name =~ "Digilent JTAG-SMT3 210357A7D00EA"} -index 0
con
----------------End of Script----------------

00:35:04 INFO  : Launch script is exported to file 'F:\FPGA\work_space\AD_DA_tran\AD_DA_tran.sdk\.sdk\launch_scripts\xilinx_c-c++_application_(system_debugger)\system_debugger_using_debug_uart_out.elf_on_local.tcl'
01:57:58 INFO  : Disconnected from the channel tcfchan#6.
01:57:59 INFO  : 'targets -set -filter {jtag_cable_name =~ "Digilent JTAG-SMT3 210357A7D00EA" && level==0} -index 1' command is executed.
01:57:59 INFO  : 'fpga -state' command is executed.
01:57:59 INFO  : Connected to target on host '127.0.0.1' and port '3121'.
01:57:59 INFO  : Jtag cable 'Digilent JTAG-SMT3 210357A7D00EA' is selected.
01:57:59 INFO  : 'jtag frequency' command is executed.
01:57:59 INFO  : Sourcing of 'F:/FPGA/work_space/AD_DA_tran/AD_DA_tran.sdk/FFT_OUT_hw_platform_0/ps7_init.tcl' is done.
01:57:59 INFO  : Context for 'APU' is selected.
01:58:00 INFO  : Hardware design information is loaded from 'F:/FPGA/work_space/AD_DA_tran/AD_DA_tran.sdk/FFT_OUT_hw_platform_0/system.hdf'.
01:58:00 INFO  : 'configparams force-mem-access 1' command is executed.
01:58:00 INFO  : Context for 'APU' is selected.
01:58:00 INFO  : 'stop' command is executed.
01:58:00 INFO  : 'ps7_init' command is executed.
01:58:00 INFO  : 'ps7_post_config' command is executed.
01:58:00 INFO  : Context for processor 'ps7_cortexa9_0' is selected.
01:58:00 INFO  : Processor reset is completed for 'ps7_cortexa9_0'.
01:58:00 INFO  : Context for processor 'ps7_cortexa9_0' is selected.
01:58:01 INFO  : The application 'F:/FPGA/work_space/AD_DA_tran/AD_DA_tran.sdk/Uart_out/Debug/Uart_out.elf' is downloaded to processor 'ps7_cortexa9_0'.
01:58:01 INFO  : 'configparams force-mem-access 0' command is executed.
01:58:01 INFO  : ----------------XSDB Script----------------
connect -url tcp:127.0.0.1:3121
source F:/FPGA/work_space/AD_DA_tran/AD_DA_tran.sdk/FFT_OUT_hw_platform_0/ps7_init.tcl
targets -set -nocase -filter {name =~"APU*" && jtag_cable_name =~ "Digilent JTAG-SMT3 210357A7D00EA"} -index 0
loadhw -hw F:/FPGA/work_space/AD_DA_tran/AD_DA_tran.sdk/FFT_OUT_hw_platform_0/system.hdf -mem-ranges [list {0x40000000 0xbfffffff}]
configparams force-mem-access 1
targets -set -nocase -filter {name =~"APU*" && jtag_cable_name =~ "Digilent JTAG-SMT3 210357A7D00EA"} -index 0
stop
ps7_init
ps7_post_config
targets -set -nocase -filter {name =~ "ARM*#0" && jtag_cable_name =~ "Digilent JTAG-SMT3 210357A7D00EA"} -index 0
rst -processor
targets -set -nocase -filter {name =~ "ARM*#0" && jtag_cable_name =~ "Digilent JTAG-SMT3 210357A7D00EA"} -index 0
dow F:/FPGA/work_space/AD_DA_tran/AD_DA_tran.sdk/Uart_out/Debug/Uart_out.elf
configparams force-mem-access 0
----------------End of Script----------------

01:58:01 INFO  : Memory regions updated for context APU
01:58:01 INFO  : Context for processor 'ps7_cortexa9_0' is selected.
01:58:01 INFO  : 'con' command is executed.
01:58:01 INFO  : ----------------XSDB Script (After Launch)----------------
targets -set -nocase -filter {name =~ "ARM*#0" && jtag_cable_name =~ "Digilent JTAG-SMT3 210357A7D00EA"} -index 0
con
----------------End of Script----------------

01:58:01 INFO  : Launch script is exported to file 'F:\FPGA\work_space\AD_DA_tran\AD_DA_tran.sdk\.sdk\launch_scripts\xilinx_c-c++_application_(system_debugger)\system_debugger_using_debug_uart_out.elf_on_local.tcl'
02:01:58 INFO  : Disconnected from the channel tcfchan#7.
02:01:59 INFO  : 'targets -set -filter {jtag_cable_name =~ "Digilent JTAG-SMT3 210357A7D00EA" && level==0} -index 1' command is executed.
02:01:59 INFO  : 'fpga -state' command is executed.
02:01:59 INFO  : Connected to target on host '127.0.0.1' and port '3121'.
02:01:59 INFO  : Jtag cable 'Digilent JTAG-SMT3 210357A7D00EA' is selected.
02:01:59 INFO  : 'jtag frequency' command is executed.
02:01:59 INFO  : Sourcing of 'F:/FPGA/work_space/AD_DA_tran/AD_DA_tran.sdk/FFT_OUT_hw_platform_0/ps7_init.tcl' is done.
02:01:59 INFO  : Context for 'APU' is selected.
02:02:00 INFO  : Hardware design information is loaded from 'F:/FPGA/work_space/AD_DA_tran/AD_DA_tran.sdk/FFT_OUT_hw_platform_0/system.hdf'.
02:02:00 INFO  : 'configparams force-mem-access 1' command is executed.
02:02:00 INFO  : Context for 'APU' is selected.
02:02:00 INFO  : 'stop' command is executed.
02:02:00 INFO  : 'ps7_init' command is executed.
02:02:00 INFO  : 'ps7_post_config' command is executed.
02:02:00 INFO  : Context for processor 'ps7_cortexa9_0' is selected.
02:02:00 INFO  : Processor reset is completed for 'ps7_cortexa9_0'.
02:02:00 INFO  : Context for processor 'ps7_cortexa9_0' is selected.
02:02:01 INFO  : The application 'F:/FPGA/work_space/AD_DA_tran/AD_DA_tran.sdk/Uart_out/Debug/Uart_out.elf' is downloaded to processor 'ps7_cortexa9_0'.
02:02:01 INFO  : 'configparams force-mem-access 0' command is executed.
02:02:01 INFO  : ----------------XSDB Script----------------
connect -url tcp:127.0.0.1:3121
source F:/FPGA/work_space/AD_DA_tran/AD_DA_tran.sdk/FFT_OUT_hw_platform_0/ps7_init.tcl
targets -set -nocase -filter {name =~"APU*" && jtag_cable_name =~ "Digilent JTAG-SMT3 210357A7D00EA"} -index 0
loadhw -hw F:/FPGA/work_space/AD_DA_tran/AD_DA_tran.sdk/FFT_OUT_hw_platform_0/system.hdf -mem-ranges [list {0x40000000 0xbfffffff}]
configparams force-mem-access 1
targets -set -nocase -filter {name =~"APU*" && jtag_cable_name =~ "Digilent JTAG-SMT3 210357A7D00EA"} -index 0
stop
ps7_init
ps7_post_config
targets -set -nocase -filter {name =~ "ARM*#0" && jtag_cable_name =~ "Digilent JTAG-SMT3 210357A7D00EA"} -index 0
rst -processor
targets -set -nocase -filter {name =~ "ARM*#0" && jtag_cable_name =~ "Digilent JTAG-SMT3 210357A7D00EA"} -index 0
dow F:/FPGA/work_space/AD_DA_tran/AD_DA_tran.sdk/Uart_out/Debug/Uart_out.elf
configparams force-mem-access 0
----------------End of Script----------------

02:02:01 INFO  : Memory regions updated for context APU
02:02:01 INFO  : Context for processor 'ps7_cortexa9_0' is selected.
02:02:01 INFO  : 'con' command is executed.
02:02:01 INFO  : ----------------XSDB Script (After Launch)----------------
targets -set -nocase -filter {name =~ "ARM*#0" && jtag_cable_name =~ "Digilent JTAG-SMT3 210357A7D00EA"} -index 0
con
----------------End of Script----------------

02:02:01 INFO  : Launch script is exported to file 'F:\FPGA\work_space\AD_DA_tran\AD_DA_tran.sdk\.sdk\launch_scripts\xilinx_c-c++_application_(system_debugger)\system_debugger_using_debug_uart_out.elf_on_local.tcl'
02:07:30 INFO  : Disconnected from the channel tcfchan#8.
02:07:31 INFO  : 'targets -set -filter {jtag_cable_name =~ "Digilent JTAG-SMT3 210357A7D00EA" && level==0} -index 1' command is executed.
02:07:31 INFO  : 'fpga -state' command is executed.
02:07:31 INFO  : Connected to target on host '127.0.0.1' and port '3121'.
02:07:31 INFO  : Jtag cable 'Digilent JTAG-SMT3 210357A7D00EA' is selected.
02:07:31 INFO  : 'jtag frequency' command is executed.
02:07:31 INFO  : Sourcing of 'F:/FPGA/work_space/AD_DA_tran/AD_DA_tran.sdk/FFT_OUT_hw_platform_0/ps7_init.tcl' is done.
02:07:31 INFO  : Context for 'APU' is selected.
02:07:33 INFO  : Hardware design information is loaded from 'F:/FPGA/work_space/AD_DA_tran/AD_DA_tran.sdk/FFT_OUT_hw_platform_0/system.hdf'.
02:07:33 INFO  : 'configparams force-mem-access 1' command is executed.
02:07:33 INFO  : Context for 'APU' is selected.
02:07:33 INFO  : 'stop' command is executed.
02:07:33 INFO  : 'ps7_init' command is executed.
02:07:33 INFO  : 'ps7_post_config' command is executed.
02:07:33 INFO  : Context for processor 'ps7_cortexa9_0' is selected.
02:07:33 INFO  : Processor reset is completed for 'ps7_cortexa9_0'.
02:07:33 INFO  : Context for processor 'ps7_cortexa9_0' is selected.
02:07:33 INFO  : The application 'F:/FPGA/work_space/AD_DA_tran/AD_DA_tran.sdk/Uart_out/Debug/Uart_out.elf' is downloaded to processor 'ps7_cortexa9_0'.
02:07:33 INFO  : 'configparams force-mem-access 0' command is executed.
02:07:33 INFO  : ----------------XSDB Script----------------
connect -url tcp:127.0.0.1:3121
source F:/FPGA/work_space/AD_DA_tran/AD_DA_tran.sdk/FFT_OUT_hw_platform_0/ps7_init.tcl
targets -set -nocase -filter {name =~"APU*" && jtag_cable_name =~ "Digilent JTAG-SMT3 210357A7D00EA"} -index 0
loadhw -hw F:/FPGA/work_space/AD_DA_tran/AD_DA_tran.sdk/FFT_OUT_hw_platform_0/system.hdf -mem-ranges [list {0x40000000 0xbfffffff}]
configparams force-mem-access 1
targets -set -nocase -filter {name =~"APU*" && jtag_cable_name =~ "Digilent JTAG-SMT3 210357A7D00EA"} -index 0
stop
ps7_init
ps7_post_config
targets -set -nocase -filter {name =~ "ARM*#0" && jtag_cable_name =~ "Digilent JTAG-SMT3 210357A7D00EA"} -index 0
rst -processor
targets -set -nocase -filter {name =~ "ARM*#0" && jtag_cable_name =~ "Digilent JTAG-SMT3 210357A7D00EA"} -index 0
dow F:/FPGA/work_space/AD_DA_tran/AD_DA_tran.sdk/Uart_out/Debug/Uart_out.elf
configparams force-mem-access 0
----------------End of Script----------------

02:07:33 INFO  : Memory regions updated for context APU
02:07:33 INFO  : Context for processor 'ps7_cortexa9_0' is selected.
02:07:33 INFO  : 'con' command is executed.
02:07:33 INFO  : ----------------XSDB Script (After Launch)----------------
targets -set -nocase -filter {name =~ "ARM*#0" && jtag_cable_name =~ "Digilent JTAG-SMT3 210357A7D00EA"} -index 0
con
----------------End of Script----------------

02:07:33 INFO  : Launch script is exported to file 'F:\FPGA\work_space\AD_DA_tran\AD_DA_tran.sdk\.sdk\launch_scripts\xilinx_c-c++_application_(system_debugger)\system_debugger_using_debug_uart_out.elf_on_local.tcl'
02:27:01 INFO  : Disconnected from the channel tcfchan#9.
02:27:02 INFO  : 'targets -set -filter {jtag_cable_name =~ "Digilent JTAG-SMT3 210357A7D00EA" && level==0} -index 1' command is executed.
02:27:02 INFO  : 'fpga -state' command is executed.
02:27:02 INFO  : Connected to target on host '127.0.0.1' and port '3121'.
02:27:02 INFO  : Jtag cable 'Digilent JTAG-SMT3 210357A7D00EA' is selected.
02:27:02 INFO  : 'jtag frequency' command is executed.
02:27:02 INFO  : Sourcing of 'F:/FPGA/work_space/AD_DA_tran/AD_DA_tran.sdk/FFT_OUT_hw_platform_0/ps7_init.tcl' is done.
02:27:02 INFO  : Context for 'APU' is selected.
02:27:03 INFO  : Hardware design information is loaded from 'F:/FPGA/work_space/AD_DA_tran/AD_DA_tran.sdk/FFT_OUT_hw_platform_0/system.hdf'.
02:27:03 INFO  : 'configparams force-mem-access 1' command is executed.
02:27:03 INFO  : Context for 'APU' is selected.
02:27:03 INFO  : 'stop' command is executed.
02:27:03 INFO  : 'ps7_init' command is executed.
02:27:04 INFO  : 'ps7_post_config' command is executed.
02:27:04 INFO  : Context for processor 'ps7_cortexa9_0' is selected.
02:27:04 INFO  : Processor reset is completed for 'ps7_cortexa9_0'.
02:27:04 INFO  : Context for processor 'ps7_cortexa9_0' is selected.
02:27:04 INFO  : The application 'F:/FPGA/work_space/AD_DA_tran/AD_DA_tran.sdk/Uart_out/Debug/Uart_out.elf' is downloaded to processor 'ps7_cortexa9_0'.
02:27:04 INFO  : 'configparams force-mem-access 0' command is executed.
02:27:04 INFO  : ----------------XSDB Script----------------
connect -url tcp:127.0.0.1:3121
source F:/FPGA/work_space/AD_DA_tran/AD_DA_tran.sdk/FFT_OUT_hw_platform_0/ps7_init.tcl
targets -set -nocase -filter {name =~"APU*" && jtag_cable_name =~ "Digilent JTAG-SMT3 210357A7D00EA"} -index 0
loadhw -hw F:/FPGA/work_space/AD_DA_tran/AD_DA_tran.sdk/FFT_OUT_hw_platform_0/system.hdf -mem-ranges [list {0x40000000 0xbfffffff}]
configparams force-mem-access 1
targets -set -nocase -filter {name =~"APU*" && jtag_cable_name =~ "Digilent JTAG-SMT3 210357A7D00EA"} -index 0
stop
ps7_init
ps7_post_config
targets -set -nocase -filter {name =~ "ARM*#0" && jtag_cable_name =~ "Digilent JTAG-SMT3 210357A7D00EA"} -index 0
rst -processor
targets -set -nocase -filter {name =~ "ARM*#0" && jtag_cable_name =~ "Digilent JTAG-SMT3 210357A7D00EA"} -index 0
dow F:/FPGA/work_space/AD_DA_tran/AD_DA_tran.sdk/Uart_out/Debug/Uart_out.elf
configparams force-mem-access 0
----------------End of Script----------------

02:27:04 INFO  : Memory regions updated for context APU
02:27:04 INFO  : Context for processor 'ps7_cortexa9_0' is selected.
02:27:04 INFO  : 'con' command is executed.
02:27:04 INFO  : ----------------XSDB Script (After Launch)----------------
targets -set -nocase -filter {name =~ "ARM*#0" && jtag_cable_name =~ "Digilent JTAG-SMT3 210357A7D00EA"} -index 0
con
----------------End of Script----------------

02:27:04 INFO  : Launch script is exported to file 'F:\FPGA\work_space\AD_DA_tran\AD_DA_tran.sdk\.sdk\launch_scripts\xilinx_c-c++_application_(system_debugger)\system_debugger_using_debug_uart_out.elf_on_local.tcl'
02:28:50 INFO  : Disconnected from the channel tcfchan#10.
02:28:51 INFO  : 'targets -set -filter {jtag_cable_name =~ "Digilent JTAG-SMT3 210357A7D00EA" && level==0} -index 1' command is executed.
02:28:51 INFO  : 'fpga -state' command is executed.
02:28:51 INFO  : Connected to target on host '127.0.0.1' and port '3121'.
02:28:51 INFO  : Jtag cable 'Digilent JTAG-SMT3 210357A7D00EA' is selected.
02:28:51 INFO  : 'jtag frequency' command is executed.
02:28:51 INFO  : Sourcing of 'F:/FPGA/work_space/AD_DA_tran/AD_DA_tran.sdk/FFT_OUT_hw_platform_0/ps7_init.tcl' is done.
02:28:51 INFO  : Context for 'APU' is selected.
02:28:52 INFO  : Hardware design information is loaded from 'F:/FPGA/work_space/AD_DA_tran/AD_DA_tran.sdk/FFT_OUT_hw_platform_0/system.hdf'.
02:28:52 INFO  : 'configparams force-mem-access 1' command is executed.
02:28:52 INFO  : Context for 'APU' is selected.
02:28:52 INFO  : 'stop' command is executed.
02:28:52 INFO  : 'ps7_init' command is executed.
02:28:52 INFO  : 'ps7_post_config' command is executed.
02:28:52 INFO  : Context for processor 'ps7_cortexa9_0' is selected.
02:28:52 INFO  : Processor reset is completed for 'ps7_cortexa9_0'.
02:28:52 INFO  : Context for processor 'ps7_cortexa9_0' is selected.
02:28:53 INFO  : The application 'F:/FPGA/work_space/AD_DA_tran/AD_DA_tran.sdk/Uart_out/Debug/Uart_out.elf' is downloaded to processor 'ps7_cortexa9_0'.
02:28:53 INFO  : 'configparams force-mem-access 0' command is executed.
02:28:53 INFO  : ----------------XSDB Script----------------
connect -url tcp:127.0.0.1:3121
source F:/FPGA/work_space/AD_DA_tran/AD_DA_tran.sdk/FFT_OUT_hw_platform_0/ps7_init.tcl
targets -set -nocase -filter {name =~"APU*" && jtag_cable_name =~ "Digilent JTAG-SMT3 210357A7D00EA"} -index 0
loadhw -hw F:/FPGA/work_space/AD_DA_tran/AD_DA_tran.sdk/FFT_OUT_hw_platform_0/system.hdf -mem-ranges [list {0x40000000 0xbfffffff}]
configparams force-mem-access 1
targets -set -nocase -filter {name =~"APU*" && jtag_cable_name =~ "Digilent JTAG-SMT3 210357A7D00EA"} -index 0
stop
ps7_init
ps7_post_config
targets -set -nocase -filter {name =~ "ARM*#0" && jtag_cable_name =~ "Digilent JTAG-SMT3 210357A7D00EA"} -index 0
rst -processor
targets -set -nocase -filter {name =~ "ARM*#0" && jtag_cable_name =~ "Digilent JTAG-SMT3 210357A7D00EA"} -index 0
dow F:/FPGA/work_space/AD_DA_tran/AD_DA_tran.sdk/Uart_out/Debug/Uart_out.elf
configparams force-mem-access 0
----------------End of Script----------------

02:28:53 INFO  : Memory regions updated for context APU
02:28:53 INFO  : Context for processor 'ps7_cortexa9_0' is selected.
02:28:53 INFO  : 'con' command is executed.
02:28:53 INFO  : ----------------XSDB Script (After Launch)----------------
targets -set -nocase -filter {name =~ "ARM*#0" && jtag_cable_name =~ "Digilent JTAG-SMT3 210357A7D00EA"} -index 0
con
----------------End of Script----------------

02:28:53 INFO  : Launch script is exported to file 'F:\FPGA\work_space\AD_DA_tran\AD_DA_tran.sdk\.sdk\launch_scripts\xilinx_c-c++_application_(system_debugger)\system_debugger_using_debug_uart_out.elf_on_local.tcl'
02:29:23 INFO  : Disconnected from the channel tcfchan#11.
02:29:24 INFO  : 'targets -set -filter {jtag_cable_name =~ "Digilent JTAG-SMT3 210357A7D00EA" && level==0} -index 1' command is executed.
02:29:24 INFO  : 'fpga -state' command is executed.
02:29:24 INFO  : Connected to target on host '127.0.0.1' and port '3121'.
02:29:24 INFO  : Jtag cable 'Digilent JTAG-SMT3 210357A7D00EA' is selected.
02:29:24 INFO  : 'jtag frequency' command is executed.
02:29:24 INFO  : Sourcing of 'F:/FPGA/work_space/AD_DA_tran/AD_DA_tran.sdk/FFT_OUT_hw_platform_0/ps7_init.tcl' is done.
02:29:24 INFO  : Context for 'APU' is selected.
02:29:25 INFO  : Hardware design information is loaded from 'F:/FPGA/work_space/AD_DA_tran/AD_DA_tran.sdk/FFT_OUT_hw_platform_0/system.hdf'.
02:29:25 INFO  : 'configparams force-mem-access 1' command is executed.
02:29:25 INFO  : Context for 'APU' is selected.
02:29:25 INFO  : 'stop' command is executed.
02:29:25 INFO  : 'ps7_init' command is executed.
02:29:25 INFO  : 'ps7_post_config' command is executed.
02:29:25 INFO  : Context for processor 'ps7_cortexa9_0' is selected.
02:29:25 INFO  : Processor reset is completed for 'ps7_cortexa9_0'.
02:29:25 INFO  : Context for processor 'ps7_cortexa9_0' is selected.
02:29:26 INFO  : The application 'F:/FPGA/work_space/AD_DA_tran/AD_DA_tran.sdk/Uart_out/Debug/Uart_out.elf' is downloaded to processor 'ps7_cortexa9_0'.
02:29:26 INFO  : 'configparams force-mem-access 0' command is executed.
02:29:26 INFO  : ----------------XSDB Script----------------
connect -url tcp:127.0.0.1:3121
source F:/FPGA/work_space/AD_DA_tran/AD_DA_tran.sdk/FFT_OUT_hw_platform_0/ps7_init.tcl
targets -set -nocase -filter {name =~"APU*" && jtag_cable_name =~ "Digilent JTAG-SMT3 210357A7D00EA"} -index 0
loadhw -hw F:/FPGA/work_space/AD_DA_tran/AD_DA_tran.sdk/FFT_OUT_hw_platform_0/system.hdf -mem-ranges [list {0x40000000 0xbfffffff}]
configparams force-mem-access 1
targets -set -nocase -filter {name =~"APU*" && jtag_cable_name =~ "Digilent JTAG-SMT3 210357A7D00EA"} -index 0
stop
ps7_init
ps7_post_config
targets -set -nocase -filter {name =~ "ARM*#0" && jtag_cable_name =~ "Digilent JTAG-SMT3 210357A7D00EA"} -index 0
rst -processor
targets -set -nocase -filter {name =~ "ARM*#0" && jtag_cable_name =~ "Digilent JTAG-SMT3 210357A7D00EA"} -index 0
dow F:/FPGA/work_space/AD_DA_tran/AD_DA_tran.sdk/Uart_out/Debug/Uart_out.elf
configparams force-mem-access 0
----------------End of Script----------------

02:29:26 INFO  : Memory regions updated for context APU
02:29:26 INFO  : Context for processor 'ps7_cortexa9_0' is selected.
02:29:26 INFO  : 'con' command is executed.
02:29:26 INFO  : ----------------XSDB Script (After Launch)----------------
targets -set -nocase -filter {name =~ "ARM*#0" && jtag_cable_name =~ "Digilent JTAG-SMT3 210357A7D00EA"} -index 0
con
----------------End of Script----------------

02:29:26 INFO  : Launch script is exported to file 'F:\FPGA\work_space\AD_DA_tran\AD_DA_tran.sdk\.sdk\launch_scripts\xilinx_c-c++_application_(system_debugger)\system_debugger_using_debug_uart_out.elf_on_local.tcl'
02:32:15 INFO  : Launching XSCT server: xsct.bat -interactive F:\FPGA\work_space\AD_DA_tran\AD_DA_tran.sdk\temp_xsdb_launch_script.tcl
14:21:05 INFO  : Registering command handlers for SDK TCF services
14:21:06 INFO  : Launching XSCT server: xsct.bat -interactive F:\FPGA\work_space\AD_DA_tran\AD_DA_tran.sdk\temp_xsdb_launch_script.tcl
14:21:09 INFO  : XSCT server has started successfully.
14:21:13 INFO  : Successfully done setting XSCT server connection channel  
14:21:13 INFO  : Successfully done setting SDK workspace  
14:21:13 INFO  : Processing command line option -hwspec F:/FPGA/work_space/AD_DA_tran/AD_DA_tran.sdk/FFT_OUT.hdf.
14:35:47 INFO  : Connected to target on host '127.0.0.1' and port '3121'.
14:35:47 INFO  : Jtag cable 'Digilent JTAG-SMT3 210357A7D00EA' is selected.
14:35:47 INFO  : 'jtag frequency' command is executed.
14:35:47 INFO  : Sourcing of 'F:/FPGA/work_space/AD_DA_tran/AD_DA_tran.sdk/FFT_OUT_hw_platform_0/ps7_init.tcl' is done.
14:35:47 INFO  : 'targets -set -filter {jtag_cable_name =~ "Digilent JTAG-SMT3 210357A7D00EA" && level==0} -index 1' command is executed.
14:35:50 INFO  : FPGA configured successfully with bitstream "F:/FPGA/work_space/AD_DA_tran/AD_DA_tran.sdk/FFT_OUT_hw_platform_0/FFT_OUT.bit"
14:35:50 INFO  : Context for 'APU' is selected.
14:35:50 INFO  : Hardware design information is loaded from 'F:/FPGA/work_space/AD_DA_tran/AD_DA_tran.sdk/FFT_OUT_hw_platform_0/system.hdf'.
14:35:50 INFO  : 'configparams force-mem-access 1' command is executed.
14:35:50 INFO  : Context for 'APU' is selected.
14:35:50 INFO  : 'stop' command is executed.
14:35:50 INFO  : 'ps7_init' command is executed.
14:35:50 INFO  : 'configparams force-mem-access 0' command is executed.
14:35:50 INFO  : ----------------XSDB Script----------------
connect -url tcp:127.0.0.1:3121
source F:/FPGA/work_space/AD_DA_tran/AD_DA_tran.sdk/FFT_OUT_hw_platform_0/ps7_init.tcl
targets -set -filter {jtag_cable_name =~ "Digilent JTAG-SMT3 210357A7D00EA" && level==0} -index 1
fpga -file F:/FPGA/work_space/AD_DA_tran/AD_DA_tran.sdk/FFT_OUT_hw_platform_0/FFT_OUT.bit
targets -set -nocase -filter {name =~"APU*" && jtag_cable_name =~ "Digilent JTAG-SMT3 210357A7D00EA"} -index 0
loadhw -hw F:/FPGA/work_space/AD_DA_tran/AD_DA_tran.sdk/FFT_OUT_hw_platform_0/system.hdf -mem-ranges [list {0x40000000 0xbfffffff}]
configparams force-mem-access 1
targets -set -nocase -filter {name =~"APU*" && jtag_cable_name =~ "Digilent JTAG-SMT3 210357A7D00EA"} -index 0
stop
ps7_init
configparams force-mem-access 0
----------------End of Script----------------

14:35:50 INFO  : Memory regions updated for context APU
14:35:50 INFO  : Launch script is exported to file 'F:\FPGA\work_space\AD_DA_tran\AD_DA_tran.sdk\.sdk\launch_scripts\xilinx_c-c++_application_(system_debugger)\system_debugger_using_debug_uart_out.elf_on_linux_agent.tcl'
14:37:38 INFO  : Connected to target on host '127.0.0.1' and port '3121'.
14:37:38 INFO  : Jtag cable 'Digilent JTAG-SMT3 210357A7D00EA' is selected.
14:37:38 INFO  : 'jtag frequency' command is executed.
14:37:38 INFO  : Sourcing of 'F:/FPGA/work_space/AD_DA_tran/AD_DA_tran.sdk/FFT_OUT_hw_platform_0/ps7_init.tcl' is done.
14:37:38 INFO  : 'targets -set -filter {jtag_cable_name =~ "Digilent JTAG-SMT3 210357A7D00EA" && level==0} -index 1' command is executed.
14:37:40 INFO  : FPGA configured successfully with bitstream "F:/FPGA/work_space/AD_DA_tran/AD_DA_tran.sdk/FFT_OUT_hw_platform_0/FFT_OUT.bit"
14:37:40 INFO  : Context for 'APU' is selected.
14:37:40 INFO  : Hardware design information is loaded from 'F:/FPGA/work_space/AD_DA_tran/AD_DA_tran.sdk/FFT_OUT_hw_platform_0/system.hdf'.
14:37:40 INFO  : 'configparams force-mem-access 1' command is executed.
14:37:40 INFO  : Context for 'APU' is selected.
14:37:40 INFO  : 'stop' command is executed.
14:37:41 INFO  : 'ps7_init' command is executed.
14:37:41 INFO  : 'configparams force-mem-access 0' command is executed.
14:37:41 INFO  : ----------------XSDB Script----------------
connect -url tcp:127.0.0.1:3121
source F:/FPGA/work_space/AD_DA_tran/AD_DA_tran.sdk/FFT_OUT_hw_platform_0/ps7_init.tcl
targets -set -filter {jtag_cable_name =~ "Digilent JTAG-SMT3 210357A7D00EA" && level==0} -index 1
fpga -file F:/FPGA/work_space/AD_DA_tran/AD_DA_tran.sdk/FFT_OUT_hw_platform_0/FFT_OUT.bit
targets -set -nocase -filter {name =~"APU*" && jtag_cable_name =~ "Digilent JTAG-SMT3 210357A7D00EA"} -index 0
loadhw -hw F:/FPGA/work_space/AD_DA_tran/AD_DA_tran.sdk/FFT_OUT_hw_platform_0/system.hdf -mem-ranges [list {0x40000000 0xbfffffff}]
configparams force-mem-access 1
targets -set -nocase -filter {name =~"APU*" && jtag_cable_name =~ "Digilent JTAG-SMT3 210357A7D00EA"} -index 0
stop
ps7_init
configparams force-mem-access 0
----------------End of Script----------------

14:37:41 INFO  : Memory regions updated for context APU
14:37:41 INFO  : Launch script is exported to file 'F:\FPGA\work_space\AD_DA_tran\AD_DA_tran.sdk\.sdk\launch_scripts\xilinx_c-c++_application_(system_debugger)\system_debugger_using_debug_uart_out.elf_on_linux_agent.tcl'
14:38:22 INFO  : Connected to target on host '127.0.0.1' and port '3121'.
14:38:22 INFO  : Jtag cable 'Digilent JTAG-SMT3 210357A7D00EA' is selected.
14:38:22 INFO  : 'jtag frequency' command is executed.
14:38:22 INFO  : Sourcing of 'F:/FPGA/work_space/AD_DA_tran/AD_DA_tran.sdk/FFT_OUT_hw_platform_0/ps7_init.tcl' is done.
14:38:22 INFO  : Context for 'APU' is selected.
14:38:22 INFO  : System reset is completed.
14:38:25 INFO  : 'after 3000' command is executed.
14:38:25 INFO  : 'targets -set -filter {jtag_cable_name =~ "Digilent JTAG-SMT3 210357A7D00EA" && level==0} -index 1' command is executed.
14:38:28 INFO  : FPGA configured successfully with bitstream "F:/FPGA/work_space/AD_DA_tran/AD_DA_tran.sdk/FFT_OUT_hw_platform_0/FFT_OUT.bit"
14:38:28 INFO  : Context for 'APU' is selected.
14:38:28 INFO  : Hardware design information is loaded from 'F:/FPGA/work_space/AD_DA_tran/AD_DA_tran.sdk/FFT_OUT_hw_platform_0/system.hdf'.
14:38:28 INFO  : 'configparams force-mem-access 1' command is executed.
14:38:28 INFO  : Context for 'APU' is selected.
14:38:28 INFO  : 'ps7_init' command is executed.
14:38:28 INFO  : 'ps7_post_config' command is executed.
14:38:28 INFO  : 'configparams force-mem-access 0' command is executed.
14:38:28 INFO  : ----------------XSDB Script----------------
connect -url tcp:127.0.0.1:3121
source F:/FPGA/work_space/AD_DA_tran/AD_DA_tran.sdk/FFT_OUT_hw_platform_0/ps7_init.tcl
targets -set -nocase -filter {name =~"APU*" && jtag_cable_name =~ "Digilent JTAG-SMT3 210357A7D00EA"} -index 0
rst -system
after 3000
targets -set -filter {jtag_cable_name =~ "Digilent JTAG-SMT3 210357A7D00EA" && level==0} -index 1
fpga -file F:/FPGA/work_space/AD_DA_tran/AD_DA_tran.sdk/FFT_OUT_hw_platform_0/FFT_OUT.bit
targets -set -nocase -filter {name =~"APU*" && jtag_cable_name =~ "Digilent JTAG-SMT3 210357A7D00EA"} -index 0
loadhw -hw F:/FPGA/work_space/AD_DA_tran/AD_DA_tran.sdk/FFT_OUT_hw_platform_0/system.hdf -mem-ranges [list {0x40000000 0xbfffffff}]
configparams force-mem-access 1
targets -set -nocase -filter {name =~"APU*" && jtag_cable_name =~ "Digilent JTAG-SMT3 210357A7D00EA"} -index 0
ps7_init
ps7_post_config
configparams force-mem-access 0
----------------End of Script----------------

14:38:28 INFO  : Memory regions updated for context APU
14:38:28 INFO  : Launch script is exported to file 'F:\FPGA\work_space\AD_DA_tran\AD_DA_tran.sdk\.sdk\launch_scripts\xilinx_c-c++_application_(system_debugger)\system_debugger_using_debug_uart_out.elf_on_linux_agent.tcl'
14:40:58 INFO  : Connected to target on host '127.0.0.1' and port '3121'.
14:40:58 INFO  : Jtag cable 'Digilent JTAG-SMT3 210357A7D00EA' is selected.
14:40:58 INFO  : 'jtag frequency' command is executed.
14:40:58 INFO  : Sourcing of 'F:/FPGA/work_space/AD_DA_tran/AD_DA_tran.sdk/FFT_OUT_hw_platform_0/ps7_init.tcl' is done.
14:40:58 INFO  : Context for 'APU' is selected.
14:40:58 INFO  : System reset is completed.
14:41:01 INFO  : 'after 3000' command is executed.
14:41:01 INFO  : 'targets -set -filter {jtag_cable_name =~ "Digilent JTAG-SMT3 210357A7D00EA" && level==0} -index 1' command is executed.
14:41:04 INFO  : FPGA configured successfully with bitstream "F:/FPGA/work_space/AD_DA_tran/AD_DA_tran.sdk/FFT_OUT_hw_platform_0/FFT_OUT.bit"
14:41:04 INFO  : Context for 'APU' is selected.
14:41:04 INFO  : Hardware design information is loaded from 'F:/FPGA/work_space/AD_DA_tran/AD_DA_tran.sdk/FFT_OUT_hw_platform_0/system.hdf'.
14:41:04 INFO  : 'configparams force-mem-access 1' command is executed.
14:41:04 INFO  : Context for 'APU' is selected.
14:41:04 INFO  : 'ps7_init' command is executed.
14:41:04 INFO  : 'ps7_post_config' command is executed.
14:41:04 INFO  : 'configparams force-mem-access 0' command is executed.
14:41:04 INFO  : ----------------XSDB Script----------------
connect -url tcp:127.0.0.1:3121
source F:/FPGA/work_space/AD_DA_tran/AD_DA_tran.sdk/FFT_OUT_hw_platform_0/ps7_init.tcl
targets -set -nocase -filter {name =~"APU*" && jtag_cable_name =~ "Digilent JTAG-SMT3 210357A7D00EA"} -index 0
rst -system
after 3000
targets -set -filter {jtag_cable_name =~ "Digilent JTAG-SMT3 210357A7D00EA" && level==0} -index 1
fpga -file F:/FPGA/work_space/AD_DA_tran/AD_DA_tran.sdk/FFT_OUT_hw_platform_0/FFT_OUT.bit
targets -set -nocase -filter {name =~"APU*" && jtag_cable_name =~ "Digilent JTAG-SMT3 210357A7D00EA"} -index 0
loadhw -hw F:/FPGA/work_space/AD_DA_tran/AD_DA_tran.sdk/FFT_OUT_hw_platform_0/system.hdf -mem-ranges [list {0x40000000 0xbfffffff}]
configparams force-mem-access 1
targets -set -nocase -filter {name =~"APU*" && jtag_cable_name =~ "Digilent JTAG-SMT3 210357A7D00EA"} -index 0
ps7_init
ps7_post_config
configparams force-mem-access 0
----------------End of Script----------------

14:41:04 INFO  : Memory regions updated for context APU
14:41:04 INFO  : Launch script is exported to file 'F:\FPGA\work_space\AD_DA_tran\AD_DA_tran.sdk\.sdk\launch_scripts\xilinx_c-c++_application_(system_debugger)\system_debugger_using_debug_uart_out.elf_on_linux_agent.tcl'
14:44:45 INFO  : Connected to target on host '127.0.0.1' and port '3121'.
14:44:45 INFO  : Jtag cable 'Digilent JTAG-SMT3 210357A7D00EA' is selected.
14:44:45 INFO  : 'jtag frequency' command is executed.
14:44:45 INFO  : Sourcing of 'F:/FPGA/work_space/AD_DA_tran/AD_DA_tran.sdk/FFT_OUT_hw_platform_0/ps7_init.tcl' is done.
14:44:45 INFO  : Context for 'APU' is selected.
14:44:45 INFO  : System reset is completed.
14:44:48 INFO  : 'after 3000' command is executed.
14:44:48 INFO  : 'targets -set -filter {jtag_cable_name =~ "Digilent JTAG-SMT3 210357A7D00EA" && level==0} -index 1' command is executed.
14:44:50 INFO  : FPGA configured successfully with bitstream "F:/FPGA/work_space/AD_DA_tran/AD_DA_tran.sdk/FFT_OUT_hw_platform_0/FFT_OUT.bit"
14:44:50 INFO  : Context for 'APU' is selected.
14:44:50 INFO  : Hardware design information is loaded from 'F:/FPGA/work_space/AD_DA_tran/AD_DA_tran.sdk/FFT_OUT_hw_platform_0/system.hdf'.
14:44:50 INFO  : 'configparams force-mem-access 1' command is executed.
14:44:50 INFO  : Context for 'APU' is selected.
14:44:51 INFO  : 'ps7_init' command is executed.
14:44:51 INFO  : 'ps7_post_config' command is executed.
14:44:51 INFO  : 'configparams force-mem-access 0' command is executed.
14:44:51 INFO  : ----------------XSDB Script----------------
connect -url tcp:127.0.0.1:3121
source F:/FPGA/work_space/AD_DA_tran/AD_DA_tran.sdk/FFT_OUT_hw_platform_0/ps7_init.tcl
targets -set -nocase -filter {name =~"APU*" && jtag_cable_name =~ "Digilent JTAG-SMT3 210357A7D00EA"} -index 0
rst -system
after 3000
targets -set -filter {jtag_cable_name =~ "Digilent JTAG-SMT3 210357A7D00EA" && level==0} -index 1
fpga -file F:/FPGA/work_space/AD_DA_tran/AD_DA_tran.sdk/FFT_OUT_hw_platform_0/FFT_OUT.bit
targets -set -nocase -filter {name =~"APU*" && jtag_cable_name =~ "Digilent JTAG-SMT3 210357A7D00EA"} -index 0
loadhw -hw F:/FPGA/work_space/AD_DA_tran/AD_DA_tran.sdk/FFT_OUT_hw_platform_0/system.hdf -mem-ranges [list {0x40000000 0xbfffffff}]
configparams force-mem-access 1
targets -set -nocase -filter {name =~"APU*" && jtag_cable_name =~ "Digilent JTAG-SMT3 210357A7D00EA"} -index 0
ps7_init
ps7_post_config
configparams force-mem-access 0
----------------End of Script----------------

14:44:51 INFO  : Memory regions updated for context APU
14:44:51 INFO  : Launch script is exported to file 'F:\FPGA\work_space\AD_DA_tran\AD_DA_tran.sdk\.sdk\launch_scripts\xilinx_c-c++_application_(system_debugger)\system_debugger_using_debug_uart_out.elf_on_linux_agent.tcl'
14:45:58 INFO  : Connected to target on host '127.0.0.1' and port '3121'.
14:45:58 INFO  : Jtag cable 'Digilent JTAG-SMT3 210357A7D00EA' is selected.
14:45:58 INFO  : 'jtag frequency' command is executed.
14:45:58 INFO  : Sourcing of 'F:/FPGA/work_space/AD_DA_tran/AD_DA_tran.sdk/FFT_OUT_hw_platform_0/ps7_init.tcl' is done.
14:45:58 INFO  : Context for 'APU' is selected.
14:45:59 INFO  : System reset is completed.
14:46:02 INFO  : 'after 3000' command is executed.
14:46:02 INFO  : 'targets -set -filter {jtag_cable_name =~ "Digilent JTAG-SMT3 210357A7D00EA" && level==0} -index 1' command is executed.
14:46:04 INFO  : FPGA configured successfully with bitstream "F:/FPGA/work_space/AD_DA_tran/AD_DA_tran.sdk/FFT_OUT_hw_platform_0/FFT_OUT.bit"
14:46:04 INFO  : Context for 'APU' is selected.
14:46:04 INFO  : Hardware design information is loaded from 'F:/FPGA/work_space/AD_DA_tran/AD_DA_tran.sdk/FFT_OUT_hw_platform_0/system.hdf'.
14:46:04 INFO  : 'configparams force-mem-access 1' command is executed.
14:46:04 INFO  : Context for 'APU' is selected.
14:46:04 INFO  : 'ps7_init' command is executed.
14:46:04 INFO  : 'ps7_post_config' command is executed.
14:46:04 INFO  : 'configparams force-mem-access 0' command is executed.
14:46:04 INFO  : ----------------XSDB Script----------------
connect -url tcp:127.0.0.1:3121
source F:/FPGA/work_space/AD_DA_tran/AD_DA_tran.sdk/FFT_OUT_hw_platform_0/ps7_init.tcl
targets -set -nocase -filter {name =~"APU*" && jtag_cable_name =~ "Digilent JTAG-SMT3 210357A7D00EA"} -index 0
rst -system
after 3000
targets -set -filter {jtag_cable_name =~ "Digilent JTAG-SMT3 210357A7D00EA" && level==0} -index 1
fpga -file F:/FPGA/work_space/AD_DA_tran/AD_DA_tran.sdk/FFT_OUT_hw_platform_0/FFT_OUT.bit
targets -set -nocase -filter {name =~"APU*" && jtag_cable_name =~ "Digilent JTAG-SMT3 210357A7D00EA"} -index 0
loadhw -hw F:/FPGA/work_space/AD_DA_tran/AD_DA_tran.sdk/FFT_OUT_hw_platform_0/system.hdf -mem-ranges [list {0x40000000 0xbfffffff}]
configparams force-mem-access 1
targets -set -nocase -filter {name =~"APU*" && jtag_cable_name =~ "Digilent JTAG-SMT3 210357A7D00EA"} -index 0
ps7_init
ps7_post_config
configparams force-mem-access 0
----------------End of Script----------------

14:46:04 INFO  : Memory regions updated for context APU
14:46:04 INFO  : Launch script is exported to file 'F:\FPGA\work_space\AD_DA_tran\AD_DA_tran.sdk\.sdk\launch_scripts\xilinx_c-c++_application_(system_debugger)\system_debugger_using_debug_uart_out.elf_on_linux_agent.tcl'
14:49:17 INFO  : Connected to target on host '127.0.0.1' and port '3121'.
14:49:17 INFO  : Jtag cable 'Digilent JTAG-SMT3 210357A7D00EA' is selected.
14:49:17 INFO  : 'jtag frequency' command is executed.
14:49:17 INFO  : Sourcing of 'F:/FPGA/work_space/AD_DA_tran/AD_DA_tran.sdk/FFT_OUT_hw_platform_0/ps7_init.tcl' is done.
14:49:17 INFO  : 'targets -set -filter {jtag_cable_name =~ "Digilent JTAG-SMT3 210357A7D00EA" && level==0} -index 1' command is executed.
14:49:20 INFO  : FPGA configured successfully with bitstream "F:/FPGA/work_space/AD_DA_tran/AD_DA_tran.sdk/FFT_OUT_hw_platform_0/FFT_OUT.bit"
14:49:20 INFO  : Context for 'APU' is selected.
14:49:20 INFO  : Hardware design information is loaded from 'F:/FPGA/work_space/AD_DA_tran/AD_DA_tran.sdk/FFT_OUT_hw_platform_0/system.hdf'.
14:49:20 INFO  : 'configparams force-mem-access 1' command is executed.
14:49:20 INFO  : Context for 'APU' is selected.
14:49:20 INFO  : 'stop' command is executed.
14:49:20 INFO  : 'ps7_init' command is executed.
14:49:20 INFO  : 'configparams force-mem-access 0' command is executed.
14:49:20 INFO  : ----------------XSDB Script----------------
connect -url tcp:127.0.0.1:3121
source F:/FPGA/work_space/AD_DA_tran/AD_DA_tran.sdk/FFT_OUT_hw_platform_0/ps7_init.tcl
targets -set -filter {jtag_cable_name =~ "Digilent JTAG-SMT3 210357A7D00EA" && level==0} -index 1
fpga -file F:/FPGA/work_space/AD_DA_tran/AD_DA_tran.sdk/FFT_OUT_hw_platform_0/FFT_OUT.bit
targets -set -nocase -filter {name =~"APU*" && jtag_cable_name =~ "Digilent JTAG-SMT3 210357A7D00EA"} -index 0
loadhw -hw F:/FPGA/work_space/AD_DA_tran/AD_DA_tran.sdk/FFT_OUT_hw_platform_0/system.hdf -mem-ranges [list {0x40000000 0xbfffffff}]
configparams force-mem-access 1
targets -set -nocase -filter {name =~"APU*" && jtag_cable_name =~ "Digilent JTAG-SMT3 210357A7D00EA"} -index 0
stop
ps7_init
configparams force-mem-access 0
----------------End of Script----------------

14:49:20 INFO  : Memory regions updated for context APU
14:49:20 INFO  : Launch script is exported to file 'F:\FPGA\work_space\AD_DA_tran\AD_DA_tran.sdk\.sdk\launch_scripts\xilinx_c-c++_application_(system_debugger)\system_debugger_using_debug_uart_out.elf_on_linux_agent.tcl'
14:49:50 INFO  : Connected to target on host '127.0.0.1' and port '3121'.
14:49:50 INFO  : Jtag cable 'Digilent JTAG-SMT3 210357A7D00EA' is selected.
14:49:50 INFO  : 'jtag frequency' command is executed.
14:49:50 INFO  : Sourcing of 'F:/FPGA/work_space/AD_DA_tran/AD_DA_tran.sdk/FFT_OUT_hw_platform_0/ps7_init.tcl' is done.
14:49:50 INFO  : 'targets -set -filter {jtag_cable_name =~ "Digilent JTAG-SMT3 210357A7D00EA" && level==0} -index 1' command is executed.
14:49:52 INFO  : FPGA configured successfully with bitstream "F:/FPGA/work_space/AD_DA_tran/AD_DA_tran.sdk/FFT_OUT_hw_platform_0/FFT_OUT.bit"
14:49:52 INFO  : Context for 'APU' is selected.
14:49:52 INFO  : Hardware design information is loaded from 'F:/FPGA/work_space/AD_DA_tran/AD_DA_tran.sdk/FFT_OUT_hw_platform_0/system.hdf'.
14:49:52 INFO  : 'configparams force-mem-access 1' command is executed.
14:49:52 INFO  : Context for 'APU' is selected.
14:49:52 INFO  : 'stop' command is executed.
14:49:53 INFO  : 'ps7_init' command is executed.
14:49:53 INFO  : 'configparams force-mem-access 0' command is executed.
14:49:53 INFO  : ----------------XSDB Script----------------
connect -url tcp:127.0.0.1:3121
source F:/FPGA/work_space/AD_DA_tran/AD_DA_tran.sdk/FFT_OUT_hw_platform_0/ps7_init.tcl
targets -set -filter {jtag_cable_name =~ "Digilent JTAG-SMT3 210357A7D00EA" && level==0} -index 1
fpga -file F:/FPGA/work_space/AD_DA_tran/AD_DA_tran.sdk/FFT_OUT_hw_platform_0/FFT_OUT.bit
targets -set -nocase -filter {name =~"APU*" && jtag_cable_name =~ "Digilent JTAG-SMT3 210357A7D00EA"} -index 0
loadhw -hw F:/FPGA/work_space/AD_DA_tran/AD_DA_tran.sdk/FFT_OUT_hw_platform_0/system.hdf -mem-ranges [list {0x40000000 0xbfffffff}]
configparams force-mem-access 1
targets -set -nocase -filter {name =~"APU*" && jtag_cable_name =~ "Digilent JTAG-SMT3 210357A7D00EA"} -index 0
stop
ps7_init
configparams force-mem-access 0
----------------End of Script----------------

14:49:53 INFO  : Memory regions updated for context APU
14:49:53 INFO  : Launch script is exported to file 'F:\FPGA\work_space\AD_DA_tran\AD_DA_tran.sdk\.sdk\launch_scripts\xilinx_c-c++_application_(system_debugger)\system_debugger_using_debug_uart_out.elf_on_linux_agent.tcl'
14:55:13 INFO  : Disconnected from the channel tcfchan#1.
14:55:14 INFO  : Connected to target on host '127.0.0.1' and port '3121'.
14:55:15 INFO  : Jtag cable 'Digilent JTAG-SMT3 210357A7D00EA' is selected.
14:55:15 INFO  : 'jtag frequency' command is executed.
14:55:15 INFO  : Sourcing of 'F:/FPGA/work_space/AD_DA_tran/AD_DA_tran.sdk/FFT_OUT_hw_platform_0/ps7_init.tcl' is done.
14:55:15 INFO  : 'targets -set -filter {jtag_cable_name =~ "Digilent JTAG-SMT3 210357A7D00EA" && level==0} -index 1' command is executed.
14:55:17 INFO  : FPGA configured successfully with bitstream "F:/FPGA/work_space/AD_DA_tran/AD_DA_tran.sdk/FFT_OUT_hw_platform_0/FFT_OUT.bit"
14:55:17 INFO  : Context for 'APU' is selected.
14:55:18 INFO  : Hardware design information is loaded from 'F:/FPGA/work_space/AD_DA_tran/AD_DA_tran.sdk/FFT_OUT_hw_platform_0/system.hdf'.
14:55:18 INFO  : 'configparams force-mem-access 1' command is executed.
14:55:18 INFO  : Context for 'APU' is selected.
14:55:18 INFO  : 'stop' command is executed.
14:55:18 INFO  : 'ps7_init' command is executed.
14:55:18 INFO  : 'configparams force-mem-access 0' command is executed.
14:55:18 INFO  : ----------------XSDB Script----------------
connect -url tcp:127.0.0.1:3121
source F:/FPGA/work_space/AD_DA_tran/AD_DA_tran.sdk/FFT_OUT_hw_platform_0/ps7_init.tcl
targets -set -filter {jtag_cable_name =~ "Digilent JTAG-SMT3 210357A7D00EA" && level==0} -index 1
fpga -file F:/FPGA/work_space/AD_DA_tran/AD_DA_tran.sdk/FFT_OUT_hw_platform_0/FFT_OUT.bit
targets -set -nocase -filter {name =~"APU*" && jtag_cable_name =~ "Digilent JTAG-SMT3 210357A7D00EA"} -index 0
loadhw -hw F:/FPGA/work_space/AD_DA_tran/AD_DA_tran.sdk/FFT_OUT_hw_platform_0/system.hdf -mem-ranges [list {0x40000000 0xbfffffff}]
configparams force-mem-access 1
targets -set -nocase -filter {name =~"APU*" && jtag_cable_name =~ "Digilent JTAG-SMT3 210357A7D00EA"} -index 0
stop
ps7_init
configparams force-mem-access 0
----------------End of Script----------------

14:55:18 INFO  : Memory regions updated for context APU
14:55:18 INFO  : Launch script is exported to file 'F:\FPGA\work_space\AD_DA_tran\AD_DA_tran.sdk\.sdk\launch_scripts\xilinx_c-c++_application_(system_debugger)\system_debugger_using_debug_uart_out.elf_on_linux_agent.tcl'
14:55:54 WARN  : channel "tcfchan#1" closed
14:55:55 INFO  : Connected to target on host '127.0.0.1' and port '3121'.
14:55:55 INFO  : Jtag cable 'Digilent JTAG-SMT3 210357A7D00EA' is selected.
14:55:55 INFO  : 'jtag frequency' command is executed.
14:55:55 INFO  : Sourcing of 'F:/FPGA/work_space/AD_DA_tran/AD_DA_tran.sdk/FFT_OUT_hw_platform_0/ps7_init.tcl' is done.
14:55:55 INFO  : 'targets -set -filter {jtag_cable_name =~ "Digilent JTAG-SMT3 210357A7D00EA" && level==0} -index 1' command is executed.
14:55:57 INFO  : FPGA configured successfully with bitstream "F:/FPGA/work_space/AD_DA_tran/AD_DA_tran.sdk/FFT_OUT_hw_platform_0/FFT_OUT.bit"
14:55:57 INFO  : Context for 'APU' is selected.
14:55:57 INFO  : Hardware design information is loaded from 'F:/FPGA/work_space/AD_DA_tran/AD_DA_tran.sdk/FFT_OUT_hw_platform_0/system.hdf'.
14:55:57 INFO  : 'configparams force-mem-access 1' command is executed.
14:55:57 INFO  : Context for 'APU' is selected.
14:55:57 INFO  : 'stop' command is executed.
14:55:58 INFO  : 'ps7_init' command is executed.
14:55:58 INFO  : 'configparams force-mem-access 0' command is executed.
14:55:58 INFO  : ----------------XSDB Script----------------
connect -url tcp:127.0.0.1:3121
source F:/FPGA/work_space/AD_DA_tran/AD_DA_tran.sdk/FFT_OUT_hw_platform_0/ps7_init.tcl
targets -set -filter {jtag_cable_name =~ "Digilent JTAG-SMT3 210357A7D00EA" && level==0} -index 1
fpga -file F:/FPGA/work_space/AD_DA_tran/AD_DA_tran.sdk/FFT_OUT_hw_platform_0/FFT_OUT.bit
targets -set -nocase -filter {name =~"APU*" && jtag_cable_name =~ "Digilent JTAG-SMT3 210357A7D00EA"} -index 0
loadhw -hw F:/FPGA/work_space/AD_DA_tran/AD_DA_tran.sdk/FFT_OUT_hw_platform_0/system.hdf -mem-ranges [list {0x40000000 0xbfffffff}]
configparams force-mem-access 1
targets -set -nocase -filter {name =~"APU*" && jtag_cable_name =~ "Digilent JTAG-SMT3 210357A7D00EA"} -index 0
stop
ps7_init
configparams force-mem-access 0
----------------End of Script----------------

14:55:58 INFO  : Memory regions updated for context APU
14:55:58 INFO  : Launch script is exported to file 'F:\FPGA\work_space\AD_DA_tran\AD_DA_tran.sdk\.sdk\launch_scripts\xilinx_c-c++_application_(system_debugger)\system_debugger_using_debug_uart_out.elf_on_linux_agent.tcl'
14:57:03 WARN  : channel "tcfchan#1" closed
14:57:03 WARN  : channel "tcfchan#1" closed
14:57:03 WARN  : channel "tcfchan#1" closed
14:57:03 WARN  : channel "tcfchan#1" closed
14:57:03 WARN  : channel "tcfchan#1" closed
14:57:03 WARN  : channel "tcfchan#1" closed
14:57:03 INFO  : Disconnected from the channel tcfchan#2.
14:57:03 WARN  : channel "tcfchan#2" closed
14:58:14 INFO  : Registering command handlers for SDK TCF services
14:58:14 INFO  : Launching XSCT server: xsct.bat -interactive F:\FPGA\work_space\AD_DA_tran\AD_DA_tran.sdk\temp_xsdb_launch_script.tcl
14:58:17 INFO  : XSCT server has started successfully.
14:58:17 INFO  : Successfully done setting XSCT server connection channel  
14:58:17 INFO  : Successfully done setting SDK workspace  
14:58:17 INFO  : Processing command line option -hwspec F:/FPGA/work_space/AD_DA_tran/AD_DA_tran.sdk/FFT_OUT.hdf.
14:58:17 INFO  : Checking for hwspec changes in the project FFT_OUT_hw_platform_0.
14:58:41 INFO  : Connected to target on host '127.0.0.1' and port '3121'.
14:58:41 INFO  : Jtag cable 'Digilent JTAG-SMT3 210357A7D00EA' is selected.
14:58:41 INFO  : 'jtag frequency' command is executed.
14:58:41 INFO  : Sourcing of 'F:/FPGA/work_space/AD_DA_tran/AD_DA_tran.sdk/FFT_OUT_hw_platform_0/ps7_init.tcl' is done.
14:58:41 INFO  : 'targets -set -filter {jtag_cable_name =~ "Digilent JTAG-SMT3 210357A7D00EA" && level==0} -index 1' command is executed.
14:58:43 INFO  : FPGA configured successfully with bitstream "F:/FPGA/work_space/AD_DA_tran/AD_DA_tran.sdk/FFT_OUT_hw_platform_0/FFT_OUT.bit"
14:58:43 INFO  : Context for 'APU' is selected.
14:58:44 INFO  : Hardware design information is loaded from 'F:/FPGA/work_space/AD_DA_tran/AD_DA_tran.sdk/FFT_OUT_hw_platform_0/system.hdf'.
14:58:44 INFO  : 'configparams force-mem-access 1' command is executed.
14:58:44 INFO  : Context for 'APU' is selected.
14:58:44 INFO  : 'stop' command is executed.
14:58:44 INFO  : 'ps7_init' command is executed.
14:58:44 INFO  : 'configparams force-mem-access 0' command is executed.
14:58:44 INFO  : ----------------XSDB Script----------------
connect -url tcp:127.0.0.1:3121
source F:/FPGA/work_space/AD_DA_tran/AD_DA_tran.sdk/FFT_OUT_hw_platform_0/ps7_init.tcl
targets -set -filter {jtag_cable_name =~ "Digilent JTAG-SMT3 210357A7D00EA" && level==0} -index 1
fpga -file F:/FPGA/work_space/AD_DA_tran/AD_DA_tran.sdk/FFT_OUT_hw_platform_0/FFT_OUT.bit
targets -set -nocase -filter {name =~"APU*" && jtag_cable_name =~ "Digilent JTAG-SMT3 210357A7D00EA"} -index 0
loadhw -hw F:/FPGA/work_space/AD_DA_tran/AD_DA_tran.sdk/FFT_OUT_hw_platform_0/system.hdf -mem-ranges [list {0x40000000 0xbfffffff}]
configparams force-mem-access 1
targets -set -nocase -filter {name =~"APU*" && jtag_cable_name =~ "Digilent JTAG-SMT3 210357A7D00EA"} -index 0
stop
ps7_init
configparams force-mem-access 0
----------------End of Script----------------

14:58:44 INFO  : Memory regions updated for context APU
14:58:44 INFO  : Launch script is exported to file 'F:\FPGA\work_space\AD_DA_tran\AD_DA_tran.sdk\.sdk\launch_scripts\xilinx_c-c++_application_(system_debugger)\system_debugger_using_debug_uart_out.elf_on_linux_agent.tcl'
15:01:33 INFO  : Disconnected from the channel tcfchan#1.
15:01:34 INFO  : Connected to target on host '127.0.0.1' and port '3121'.
15:01:34 INFO  : Jtag cable 'Digilent JTAG-SMT3 210357A7D00EA' is selected.
15:01:34 INFO  : 'jtag frequency' command is executed.
15:01:34 INFO  : Sourcing of 'F:/FPGA/work_space/AD_DA_tran/AD_DA_tran.sdk/FFT_OUT_hw_platform_0/ps7_init.tcl' is done.
15:01:34 INFO  : 'targets -set -filter {jtag_cable_name =~ "Digilent JTAG-SMT3 210357A7D00EA" && level==0} -index 1' command is executed.
15:01:36 INFO  : FPGA configured successfully with bitstream "F:/FPGA/work_space/AD_DA_tran/AD_DA_tran.sdk/FFT_OUT_hw_platform_0/FFT_OUT.bit"
15:01:36 INFO  : Context for 'APU' is selected.
15:01:37 INFO  : Hardware design information is loaded from 'F:/FPGA/work_space/AD_DA_tran/AD_DA_tran.sdk/FFT_OUT_hw_platform_0/system.hdf'.
15:01:37 INFO  : 'configparams force-mem-access 1' command is executed.
15:01:37 INFO  : Context for 'APU' is selected.
15:01:37 INFO  : 'stop' command is executed.
15:01:37 INFO  : 'ps7_init' command is executed.
15:01:37 INFO  : 'configparams force-mem-access 0' command is executed.
15:01:37 INFO  : ----------------XSDB Script----------------
connect -url tcp:127.0.0.1:3121
source F:/FPGA/work_space/AD_DA_tran/AD_DA_tran.sdk/FFT_OUT_hw_platform_0/ps7_init.tcl
targets -set -filter {jtag_cable_name =~ "Digilent JTAG-SMT3 210357A7D00EA" && level==0} -index 1
fpga -file F:/FPGA/work_space/AD_DA_tran/AD_DA_tran.sdk/FFT_OUT_hw_platform_0/FFT_OUT.bit
targets -set -nocase -filter {name =~"APU*" && jtag_cable_name =~ "Digilent JTAG-SMT3 210357A7D00EA"} -index 0
loadhw -hw F:/FPGA/work_space/AD_DA_tran/AD_DA_tran.sdk/FFT_OUT_hw_platform_0/system.hdf -mem-ranges [list {0x40000000 0xbfffffff}]
configparams force-mem-access 1
targets -set -nocase -filter {name =~"APU*" && jtag_cable_name =~ "Digilent JTAG-SMT3 210357A7D00EA"} -index 0
stop
ps7_init
configparams force-mem-access 0
----------------End of Script----------------

15:01:37 INFO  : Memory regions updated for context APU
15:01:37 INFO  : Launch script is exported to file 'F:\FPGA\work_space\AD_DA_tran\AD_DA_tran.sdk\.sdk\launch_scripts\xilinx_c-c++_application_(system_debugger)\system_debugger_using_debug_uart_out.elf_on_linux_agent.tcl'
15:03:46 INFO  : Disconnected from the channel tcfchan#2.
15:03:48 INFO  : 'targets -set -filter {jtag_cable_name =~ "Digilent JTAG-SMT3 210357A7D00EA" && level==0} -index 1' command is executed.
15:03:48 INFO  : 'fpga -state' command is executed.
15:03:48 INFO  : Connected to target on host '127.0.0.1' and port '3121'.
15:03:48 INFO  : Jtag cable 'Digilent JTAG-SMT3 210357A7D00EA' is selected.
15:03:48 INFO  : 'jtag frequency' command is executed.
15:03:48 INFO  : Sourcing of 'F:/FPGA/work_space/AD_DA_tran/AD_DA_tran.sdk/FFT_OUT_hw_platform_0/ps7_init.tcl' is done.
15:03:48 INFO  : Context for 'APU' is selected.
15:03:48 INFO  : Hardware design information is loaded from 'F:/FPGA/work_space/AD_DA_tran/AD_DA_tran.sdk/FFT_OUT_hw_platform_0/system.hdf'.
15:03:48 INFO  : 'configparams force-mem-access 1' command is executed.
15:03:48 INFO  : Context for 'APU' is selected.
15:03:48 INFO  : 'stop' command is executed.
15:03:49 INFO  : 'ps7_init' command is executed.
15:03:49 INFO  : 'ps7_post_config' command is executed.
15:03:49 INFO  : Context for processor 'ps7_cortexa9_0' is selected.
15:03:49 INFO  : Processor reset is completed for 'ps7_cortexa9_0'.
15:03:49 INFO  : Context for processor 'ps7_cortexa9_0' is selected.
15:03:49 INFO  : The application 'F:/FPGA/work_space/AD_DA_tran/AD_DA_tran.sdk/Uart_0/Debug/Uart_0.elf' is downloaded to processor 'ps7_cortexa9_0'.
15:03:49 INFO  : 'configparams force-mem-access 0' command is executed.
15:03:49 INFO  : ----------------XSDB Script----------------
connect -url tcp:127.0.0.1:3121
source F:/FPGA/work_space/AD_DA_tran/AD_DA_tran.sdk/FFT_OUT_hw_platform_0/ps7_init.tcl
targets -set -nocase -filter {name =~"APU*" && jtag_cable_name =~ "Digilent JTAG-SMT3 210357A7D00EA"} -index 0
loadhw -hw F:/FPGA/work_space/AD_DA_tran/AD_DA_tran.sdk/FFT_OUT_hw_platform_0/system.hdf -mem-ranges [list {0x40000000 0xbfffffff}]
configparams force-mem-access 1
targets -set -nocase -filter {name =~"APU*" && jtag_cable_name =~ "Digilent JTAG-SMT3 210357A7D00EA"} -index 0
stop
ps7_init
ps7_post_config
targets -set -nocase -filter {name =~ "ARM*#0" && jtag_cable_name =~ "Digilent JTAG-SMT3 210357A7D00EA"} -index 0
rst -processor
targets -set -nocase -filter {name =~ "ARM*#0" && jtag_cable_name =~ "Digilent JTAG-SMT3 210357A7D00EA"} -index 0
dow F:/FPGA/work_space/AD_DA_tran/AD_DA_tran.sdk/Uart_0/Debug/Uart_0.elf
configparams force-mem-access 0
----------------End of Script----------------

15:03:49 INFO  : Memory regions updated for context APU
15:03:49 INFO  : Context for processor 'ps7_cortexa9_0' is selected.
15:03:49 INFO  : 'con' command is executed.
15:03:49 INFO  : ----------------XSDB Script (After Launch)----------------
targets -set -nocase -filter {name =~ "ARM*#0" && jtag_cable_name =~ "Digilent JTAG-SMT3 210357A7D00EA"} -index 0
con
----------------End of Script----------------

15:03:49 INFO  : Launch script is exported to file 'F:\FPGA\work_space\AD_DA_tran\AD_DA_tran.sdk\.sdk\launch_scripts\xilinx_c-c++_application_(system_debugger)\system_debugger_using_debug_uart_0.elf_on_local.tcl'
15:05:48 INFO  : Disconnected from the channel tcfchan#3.
15:05:49 INFO  : 'targets -set -filter {jtag_cable_name =~ "Digilent JTAG-SMT3 210357A7D00EA" && level==0} -index 1' command is executed.
15:05:49 INFO  : 'fpga -state' command is executed.
15:05:49 INFO  : Connected to target on host '127.0.0.1' and port '3121'.
15:05:49 INFO  : Jtag cable 'Digilent JTAG-SMT3 210357A7D00EA' is selected.
15:05:49 INFO  : 'jtag frequency' command is executed.
15:05:49 INFO  : Sourcing of 'F:/FPGA/work_space/AD_DA_tran/AD_DA_tran.sdk/FFT_OUT_hw_platform_0/ps7_init.tcl' is done.
15:05:49 INFO  : Context for 'APU' is selected.
15:05:50 INFO  : Hardware design information is loaded from 'F:/FPGA/work_space/AD_DA_tran/AD_DA_tran.sdk/FFT_OUT_hw_platform_0/system.hdf'.
15:05:50 INFO  : 'configparams force-mem-access 1' command is executed.
15:05:50 INFO  : Context for 'APU' is selected.
15:05:50 INFO  : 'stop' command is executed.
15:05:50 INFO  : 'ps7_init' command is executed.
15:05:50 INFO  : 'ps7_post_config' command is executed.
15:05:50 INFO  : Context for processor 'ps7_cortexa9_0' is selected.
15:05:50 INFO  : Processor reset is completed for 'ps7_cortexa9_0'.
15:05:50 INFO  : Context for processor 'ps7_cortexa9_0' is selected.
15:05:51 INFO  : The application 'F:/FPGA/work_space/AD_DA_tran/AD_DA_tran.sdk/Uart_0/Debug/Uart_0.elf' is downloaded to processor 'ps7_cortexa9_0'.
15:05:51 INFO  : 'configparams force-mem-access 0' command is executed.
15:05:51 INFO  : ----------------XSDB Script----------------
connect -url tcp:127.0.0.1:3121
source F:/FPGA/work_space/AD_DA_tran/AD_DA_tran.sdk/FFT_OUT_hw_platform_0/ps7_init.tcl
targets -set -nocase -filter {name =~"APU*" && jtag_cable_name =~ "Digilent JTAG-SMT3 210357A7D00EA"} -index 0
loadhw -hw F:/FPGA/work_space/AD_DA_tran/AD_DA_tran.sdk/FFT_OUT_hw_platform_0/system.hdf -mem-ranges [list {0x40000000 0xbfffffff}]
configparams force-mem-access 1
targets -set -nocase -filter {name =~"APU*" && jtag_cable_name =~ "Digilent JTAG-SMT3 210357A7D00EA"} -index 0
stop
ps7_init
ps7_post_config
targets -set -nocase -filter {name =~ "ARM*#0" && jtag_cable_name =~ "Digilent JTAG-SMT3 210357A7D00EA"} -index 0
rst -processor
targets -set -nocase -filter {name =~ "ARM*#0" && jtag_cable_name =~ "Digilent JTAG-SMT3 210357A7D00EA"} -index 0
dow F:/FPGA/work_space/AD_DA_tran/AD_DA_tran.sdk/Uart_0/Debug/Uart_0.elf
configparams force-mem-access 0
----------------End of Script----------------

15:05:51 INFO  : Memory regions updated for context APU
15:05:51 INFO  : Context for processor 'ps7_cortexa9_0' is selected.
15:05:51 INFO  : 'con' command is executed.
15:05:51 INFO  : ----------------XSDB Script (After Launch)----------------
targets -set -nocase -filter {name =~ "ARM*#0" && jtag_cable_name =~ "Digilent JTAG-SMT3 210357A7D00EA"} -index 0
con
----------------End of Script----------------

15:05:51 INFO  : Launch script is exported to file 'F:\FPGA\work_space\AD_DA_tran\AD_DA_tran.sdk\.sdk\launch_scripts\xilinx_c-c++_application_(system_debugger)\system_debugger_using_debug_uart_0.elf_on_local.tcl'
15:06:30 INFO  : Disconnected from the channel tcfchan#4.
15:06:31 INFO  : 'targets -set -filter {jtag_cable_name =~ "Digilent JTAG-SMT3 210357A7D00EA" && level==0} -index 1' command is executed.
15:06:31 INFO  : 'fpga -state' command is executed.
15:06:31 INFO  : Connected to target on host '127.0.0.1' and port '3121'.
15:06:31 INFO  : Jtag cable 'Digilent JTAG-SMT3 210357A7D00EA' is selected.
15:06:31 INFO  : 'jtag frequency' command is executed.
15:06:31 INFO  : Sourcing of 'F:/FPGA/work_space/AD_DA_tran/AD_DA_tran.sdk/FFT_OUT_hw_platform_0/ps7_init.tcl' is done.
15:06:31 INFO  : Context for 'APU' is selected.
15:06:32 INFO  : Hardware design information is loaded from 'F:/FPGA/work_space/AD_DA_tran/AD_DA_tran.sdk/FFT_OUT_hw_platform_0/system.hdf'.
15:06:32 INFO  : 'configparams force-mem-access 1' command is executed.
15:06:32 INFO  : Context for 'APU' is selected.
15:06:32 INFO  : 'stop' command is executed.
15:06:32 INFO  : 'ps7_init' command is executed.
15:06:32 INFO  : 'ps7_post_config' command is executed.
15:06:32 INFO  : Context for processor 'ps7_cortexa9_0' is selected.
15:06:32 INFO  : Processor reset is completed for 'ps7_cortexa9_0'.
15:06:32 INFO  : Context for processor 'ps7_cortexa9_0' is selected.
15:06:33 INFO  : The application 'F:/FPGA/work_space/AD_DA_tran/AD_DA_tran.sdk/Uart_0/Debug/Uart_0.elf' is downloaded to processor 'ps7_cortexa9_0'.
15:06:33 INFO  : 'configparams force-mem-access 0' command is executed.
15:06:33 INFO  : ----------------XSDB Script----------------
connect -url tcp:127.0.0.1:3121
source F:/FPGA/work_space/AD_DA_tran/AD_DA_tran.sdk/FFT_OUT_hw_platform_0/ps7_init.tcl
targets -set -nocase -filter {name =~"APU*" && jtag_cable_name =~ "Digilent JTAG-SMT3 210357A7D00EA"} -index 0
loadhw -hw F:/FPGA/work_space/AD_DA_tran/AD_DA_tran.sdk/FFT_OUT_hw_platform_0/system.hdf -mem-ranges [list {0x40000000 0xbfffffff}]
configparams force-mem-access 1
targets -set -nocase -filter {name =~"APU*" && jtag_cable_name =~ "Digilent JTAG-SMT3 210357A7D00EA"} -index 0
stop
ps7_init
ps7_post_config
targets -set -nocase -filter {name =~ "ARM*#0" && jtag_cable_name =~ "Digilent JTAG-SMT3 210357A7D00EA"} -index 0
rst -processor
targets -set -nocase -filter {name =~ "ARM*#0" && jtag_cable_name =~ "Digilent JTAG-SMT3 210357A7D00EA"} -index 0
dow F:/FPGA/work_space/AD_DA_tran/AD_DA_tran.sdk/Uart_0/Debug/Uart_0.elf
configparams force-mem-access 0
----------------End of Script----------------

15:06:33 INFO  : Memory regions updated for context APU
15:06:33 INFO  : Context for processor 'ps7_cortexa9_0' is selected.
15:06:33 INFO  : 'con' command is executed.
15:06:33 INFO  : ----------------XSDB Script (After Launch)----------------
targets -set -nocase -filter {name =~ "ARM*#0" && jtag_cable_name =~ "Digilent JTAG-SMT3 210357A7D00EA"} -index 0
con
----------------End of Script----------------

15:06:33 INFO  : Launch script is exported to file 'F:\FPGA\work_space\AD_DA_tran\AD_DA_tran.sdk\.sdk\launch_scripts\xilinx_c-c++_application_(system_debugger)\system_debugger_using_debug_uart_0.elf_on_local.tcl'
15:07:23 INFO  : Disconnected from the channel tcfchan#5.
15:07:24 INFO  : 'targets -set -filter {jtag_cable_name =~ "Digilent JTAG-SMT3 210357A7D00EA" && level==0} -index 1' command is executed.
15:07:24 INFO  : 'fpga -state' command is executed.
15:07:24 INFO  : Connected to target on host '127.0.0.1' and port '3121'.
15:07:24 INFO  : Jtag cable 'Digilent JTAG-SMT3 210357A7D00EA' is selected.
15:07:24 INFO  : 'jtag frequency' command is executed.
15:07:24 INFO  : Sourcing of 'F:/FPGA/work_space/AD_DA_tran/AD_DA_tran.sdk/FFT_OUT_hw_platform_0/ps7_init.tcl' is done.
15:07:24 INFO  : Context for 'APU' is selected.
15:07:25 INFO  : Hardware design information is loaded from 'F:/FPGA/work_space/AD_DA_tran/AD_DA_tran.sdk/FFT_OUT_hw_platform_0/system.hdf'.
15:07:25 INFO  : 'configparams force-mem-access 1' command is executed.
15:07:25 INFO  : Context for 'APU' is selected.
15:07:25 INFO  : 'stop' command is executed.
15:07:25 INFO  : 'ps7_init' command is executed.
15:07:25 INFO  : 'ps7_post_config' command is executed.
15:07:26 INFO  : Context for processor 'ps7_cortexa9_0' is selected.
15:07:26 INFO  : Processor reset is completed for 'ps7_cortexa9_0'.
15:07:26 INFO  : Context for processor 'ps7_cortexa9_0' is selected.
15:07:26 INFO  : The application 'F:/FPGA/work_space/AD_DA_tran/AD_DA_tran.sdk/Uart_0/Debug/Uart_0.elf' is downloaded to processor 'ps7_cortexa9_0'.
15:07:26 INFO  : 'configparams force-mem-access 0' command is executed.
15:07:26 INFO  : ----------------XSDB Script----------------
connect -url tcp:127.0.0.1:3121
source F:/FPGA/work_space/AD_DA_tran/AD_DA_tran.sdk/FFT_OUT_hw_platform_0/ps7_init.tcl
targets -set -nocase -filter {name =~"APU*" && jtag_cable_name =~ "Digilent JTAG-SMT3 210357A7D00EA"} -index 0
loadhw -hw F:/FPGA/work_space/AD_DA_tran/AD_DA_tran.sdk/FFT_OUT_hw_platform_0/system.hdf -mem-ranges [list {0x40000000 0xbfffffff}]
configparams force-mem-access 1
targets -set -nocase -filter {name =~"APU*" && jtag_cable_name =~ "Digilent JTAG-SMT3 210357A7D00EA"} -index 0
stop
ps7_init
ps7_post_config
targets -set -nocase -filter {name =~ "ARM*#0" && jtag_cable_name =~ "Digilent JTAG-SMT3 210357A7D00EA"} -index 0
rst -processor
targets -set -nocase -filter {name =~ "ARM*#0" && jtag_cable_name =~ "Digilent JTAG-SMT3 210357A7D00EA"} -index 0
dow F:/FPGA/work_space/AD_DA_tran/AD_DA_tran.sdk/Uart_0/Debug/Uart_0.elf
configparams force-mem-access 0
----------------End of Script----------------

15:07:26 INFO  : Memory regions updated for context APU
15:07:26 INFO  : Context for processor 'ps7_cortexa9_0' is selected.
15:07:26 INFO  : 'con' command is executed.
15:07:26 INFO  : ----------------XSDB Script (After Launch)----------------
targets -set -nocase -filter {name =~ "ARM*#0" && jtag_cable_name =~ "Digilent JTAG-SMT3 210357A7D00EA"} -index 0
con
----------------End of Script----------------

15:07:26 INFO  : Launch script is exported to file 'F:\FPGA\work_space\AD_DA_tran\AD_DA_tran.sdk\.sdk\launch_scripts\xilinx_c-c++_application_(system_debugger)\system_debugger_using_debug_uart_0.elf_on_local.tcl'
15:07:48 INFO  : Disconnected from the channel tcfchan#6.
15:07:49 INFO  : 'targets -set -filter {jtag_cable_name =~ "Digilent JTAG-SMT3 210357A7D00EA" && level==0} -index 1' command is executed.
15:07:49 INFO  : 'fpga -state' command is executed.
15:07:49 INFO  : Connected to target on host '127.0.0.1' and port '3121'.
15:07:49 INFO  : Jtag cable 'Digilent JTAG-SMT3 210357A7D00EA' is selected.
15:07:49 INFO  : 'jtag frequency' command is executed.
15:07:49 INFO  : Sourcing of 'F:/FPGA/work_space/AD_DA_tran/AD_DA_tran.sdk/FFT_OUT_hw_platform_0/ps7_init.tcl' is done.
15:07:49 INFO  : Context for 'APU' is selected.
15:07:49 INFO  : Hardware design information is loaded from 'F:/FPGA/work_space/AD_DA_tran/AD_DA_tran.sdk/FFT_OUT_hw_platform_0/system.hdf'.
15:07:49 INFO  : 'configparams force-mem-access 1' command is executed.
15:07:49 INFO  : Context for 'APU' is selected.
15:07:49 INFO  : 'stop' command is executed.
15:07:50 INFO  : 'ps7_init' command is executed.
15:07:50 INFO  : 'ps7_post_config' command is executed.
15:07:50 INFO  : Context for processor 'ps7_cortexa9_0' is selected.
15:07:50 INFO  : Processor reset is completed for 'ps7_cortexa9_0'.
15:07:50 INFO  : Context for processor 'ps7_cortexa9_0' is selected.
15:07:50 INFO  : The application 'F:/FPGA/work_space/AD_DA_tran/AD_DA_tran.sdk/Uart_0/Debug/Uart_0.elf' is downloaded to processor 'ps7_cortexa9_0'.
15:07:50 INFO  : 'configparams force-mem-access 0' command is executed.
15:07:50 INFO  : ----------------XSDB Script----------------
connect -url tcp:127.0.0.1:3121
source F:/FPGA/work_space/AD_DA_tran/AD_DA_tran.sdk/FFT_OUT_hw_platform_0/ps7_init.tcl
targets -set -nocase -filter {name =~"APU*" && jtag_cable_name =~ "Digilent JTAG-SMT3 210357A7D00EA"} -index 0
loadhw -hw F:/FPGA/work_space/AD_DA_tran/AD_DA_tran.sdk/FFT_OUT_hw_platform_0/system.hdf -mem-ranges [list {0x40000000 0xbfffffff}]
configparams force-mem-access 1
targets -set -nocase -filter {name =~"APU*" && jtag_cable_name =~ "Digilent JTAG-SMT3 210357A7D00EA"} -index 0
stop
ps7_init
ps7_post_config
targets -set -nocase -filter {name =~ "ARM*#0" && jtag_cable_name =~ "Digilent JTAG-SMT3 210357A7D00EA"} -index 0
rst -processor
targets -set -nocase -filter {name =~ "ARM*#0" && jtag_cable_name =~ "Digilent JTAG-SMT3 210357A7D00EA"} -index 0
dow F:/FPGA/work_space/AD_DA_tran/AD_DA_tran.sdk/Uart_0/Debug/Uart_0.elf
configparams force-mem-access 0
----------------End of Script----------------

15:07:50 INFO  : Memory regions updated for context APU
15:07:50 INFO  : Context for processor 'ps7_cortexa9_0' is selected.
15:07:50 INFO  : 'con' command is executed.
15:07:50 INFO  : ----------------XSDB Script (After Launch)----------------
targets -set -nocase -filter {name =~ "ARM*#0" && jtag_cable_name =~ "Digilent JTAG-SMT3 210357A7D00EA"} -index 0
con
----------------End of Script----------------

15:07:50 INFO  : Launch script is exported to file 'F:\FPGA\work_space\AD_DA_tran\AD_DA_tran.sdk\.sdk\launch_scripts\xilinx_c-c++_application_(system_debugger)\system_debugger_using_debug_uart_0.elf_on_local.tcl'
15:17:07 INFO  : Disconnected from the channel tcfchan#7.
15:17:08 INFO  : 'targets -set -filter {jtag_cable_name =~ "Digilent JTAG-SMT3 210357A7D00EA" && level==0} -index 1' command is executed.
15:17:08 INFO  : 'fpga -state' command is executed.
15:17:08 INFO  : Connected to target on host '127.0.0.1' and port '3121'.
15:17:08 INFO  : Jtag cable 'Digilent JTAG-SMT3 210357A7D00EA' is selected.
15:17:08 INFO  : 'jtag frequency' command is executed.
15:17:08 INFO  : Sourcing of 'F:/FPGA/work_space/AD_DA_tran/AD_DA_tran.sdk/FFT_OUT_hw_platform_0/ps7_init.tcl' is done.
15:17:08 INFO  : Context for 'APU' is selected.
15:17:09 INFO  : Hardware design information is loaded from 'F:/FPGA/work_space/AD_DA_tran/AD_DA_tran.sdk/FFT_OUT_hw_platform_0/system.hdf'.
15:17:09 INFO  : 'configparams force-mem-access 1' command is executed.
15:17:09 INFO  : Context for 'APU' is selected.
15:17:09 INFO  : 'stop' command is executed.
15:17:09 INFO  : 'ps7_init' command is executed.
15:17:09 INFO  : 'ps7_post_config' command is executed.
15:17:09 INFO  : Context for processor 'ps7_cortexa9_0' is selected.
15:17:09 INFO  : Processor reset is completed for 'ps7_cortexa9_0'.
15:17:09 INFO  : Context for processor 'ps7_cortexa9_0' is selected.
15:17:10 INFO  : The application 'F:/FPGA/work_space/AD_DA_tran/AD_DA_tran.sdk/Uart_0/Debug/Uart_0.elf' is downloaded to processor 'ps7_cortexa9_0'.
15:17:10 INFO  : 'configparams force-mem-access 0' command is executed.
15:17:10 INFO  : ----------------XSDB Script----------------
connect -url tcp:127.0.0.1:3121
source F:/FPGA/work_space/AD_DA_tran/AD_DA_tran.sdk/FFT_OUT_hw_platform_0/ps7_init.tcl
targets -set -nocase -filter {name =~"APU*" && jtag_cable_name =~ "Digilent JTAG-SMT3 210357A7D00EA"} -index 0
loadhw -hw F:/FPGA/work_space/AD_DA_tran/AD_DA_tran.sdk/FFT_OUT_hw_platform_0/system.hdf -mem-ranges [list {0x40000000 0xbfffffff}]
configparams force-mem-access 1
targets -set -nocase -filter {name =~"APU*" && jtag_cable_name =~ "Digilent JTAG-SMT3 210357A7D00EA"} -index 0
stop
ps7_init
ps7_post_config
targets -set -nocase -filter {name =~ "ARM*#0" && jtag_cable_name =~ "Digilent JTAG-SMT3 210357A7D00EA"} -index 0
rst -processor
targets -set -nocase -filter {name =~ "ARM*#0" && jtag_cable_name =~ "Digilent JTAG-SMT3 210357A7D00EA"} -index 0
dow F:/FPGA/work_space/AD_DA_tran/AD_DA_tran.sdk/Uart_0/Debug/Uart_0.elf
configparams force-mem-access 0
----------------End of Script----------------

15:17:10 INFO  : Memory regions updated for context APU
15:17:10 INFO  : Context for processor 'ps7_cortexa9_0' is selected.
15:17:10 INFO  : 'con' command is executed.
15:17:10 INFO  : ----------------XSDB Script (After Launch)----------------
targets -set -nocase -filter {name =~ "ARM*#0" && jtag_cable_name =~ "Digilent JTAG-SMT3 210357A7D00EA"} -index 0
con
----------------End of Script----------------

15:17:10 INFO  : Launch script is exported to file 'F:\FPGA\work_space\AD_DA_tran\AD_DA_tran.sdk\.sdk\launch_scripts\xilinx_c-c++_application_(system_debugger)\system_debugger_using_debug_uart_0.elf_on_local.tcl'
15:20:00 INFO  : Disconnected from the channel tcfchan#8.
15:20:01 INFO  : 'targets -set -filter {jtag_cable_name =~ "Digilent JTAG-SMT3 210357A7D00EA" && level==0} -index 1' command is executed.
15:20:01 INFO  : 'fpga -state' command is executed.
15:20:01 INFO  : Connected to target on host '127.0.0.1' and port '3121'.
15:20:01 INFO  : Jtag cable 'Digilent JTAG-SMT3 210357A7D00EA' is selected.
15:20:01 INFO  : 'jtag frequency' command is executed.
15:20:01 INFO  : Sourcing of 'F:/FPGA/work_space/AD_DA_tran/AD_DA_tran.sdk/FFT_OUT_hw_platform_0/ps7_init.tcl' is done.
15:20:01 INFO  : Context for 'APU' is selected.
15:20:02 INFO  : Hardware design information is loaded from 'F:/FPGA/work_space/AD_DA_tran/AD_DA_tran.sdk/FFT_OUT_hw_platform_0/system.hdf'.
15:20:02 INFO  : 'configparams force-mem-access 1' command is executed.
15:20:02 INFO  : Context for 'APU' is selected.
15:20:02 INFO  : 'stop' command is executed.
15:20:03 INFO  : 'ps7_init' command is executed.
15:20:03 INFO  : 'ps7_post_config' command is executed.
15:20:03 INFO  : Context for processor 'ps7_cortexa9_0' is selected.
15:20:03 INFO  : Processor reset is completed for 'ps7_cortexa9_0'.
15:20:03 INFO  : Context for processor 'ps7_cortexa9_0' is selected.
15:20:03 INFO  : The application 'F:/FPGA/work_space/AD_DA_tran/AD_DA_tran.sdk/Uart_0/Debug/Uart_0.elf' is downloaded to processor 'ps7_cortexa9_0'.
15:20:03 INFO  : 'configparams force-mem-access 0' command is executed.
15:20:03 INFO  : ----------------XSDB Script----------------
connect -url tcp:127.0.0.1:3121
source F:/FPGA/work_space/AD_DA_tran/AD_DA_tran.sdk/FFT_OUT_hw_platform_0/ps7_init.tcl
targets -set -nocase -filter {name =~"APU*" && jtag_cable_name =~ "Digilent JTAG-SMT3 210357A7D00EA"} -index 0
loadhw -hw F:/FPGA/work_space/AD_DA_tran/AD_DA_tran.sdk/FFT_OUT_hw_platform_0/system.hdf -mem-ranges [list {0x40000000 0xbfffffff}]
configparams force-mem-access 1
targets -set -nocase -filter {name =~"APU*" && jtag_cable_name =~ "Digilent JTAG-SMT3 210357A7D00EA"} -index 0
stop
ps7_init
ps7_post_config
targets -set -nocase -filter {name =~ "ARM*#0" && jtag_cable_name =~ "Digilent JTAG-SMT3 210357A7D00EA"} -index 0
rst -processor
targets -set -nocase -filter {name =~ "ARM*#0" && jtag_cable_name =~ "Digilent JTAG-SMT3 210357A7D00EA"} -index 0
dow F:/FPGA/work_space/AD_DA_tran/AD_DA_tran.sdk/Uart_0/Debug/Uart_0.elf
configparams force-mem-access 0
----------------End of Script----------------

15:20:03 INFO  : Memory regions updated for context APU
15:20:03 INFO  : Context for processor 'ps7_cortexa9_0' is selected.
15:20:03 INFO  : 'con' command is executed.
15:20:03 INFO  : ----------------XSDB Script (After Launch)----------------
targets -set -nocase -filter {name =~ "ARM*#0" && jtag_cable_name =~ "Digilent JTAG-SMT3 210357A7D00EA"} -index 0
con
----------------End of Script----------------

15:20:03 INFO  : Launch script is exported to file 'F:\FPGA\work_space\AD_DA_tran\AD_DA_tran.sdk\.sdk\launch_scripts\xilinx_c-c++_application_(system_debugger)\system_debugger_using_debug_uart_0.elf_on_local.tcl'
16:14:40 INFO  : Disconnected from the channel tcfchan#9.
16:14:42 INFO  : 'targets -set -filter {jtag_cable_name =~ "Digilent JTAG-SMT3 210357A7D00EA" && level==0} -index 1' command is executed.
16:14:42 INFO  : 'fpga -state' command is executed.
16:14:42 INFO  : Connected to target on host '127.0.0.1' and port '3121'.
16:14:42 INFO  : Jtag cable 'Digilent JTAG-SMT3 210357A7D00EA' is selected.
16:14:42 INFO  : 'jtag frequency' command is executed.
16:14:42 INFO  : Sourcing of 'F:/FPGA/work_space/AD_DA_tran/AD_DA_tran.sdk/FFT_OUT_hw_platform_0/ps7_init.tcl' is done.
16:14:42 INFO  : Context for 'APU' is selected.
16:14:43 INFO  : Hardware design information is loaded from 'F:/FPGA/work_space/AD_DA_tran/AD_DA_tran.sdk/FFT_OUT_hw_platform_0/system.hdf'.
16:14:43 INFO  : 'configparams force-mem-access 1' command is executed.
16:14:43 INFO  : Context for 'APU' is selected.
16:14:43 INFO  : 'stop' command is executed.
16:14:43 INFO  : 'ps7_init' command is executed.
16:14:43 INFO  : 'ps7_post_config' command is executed.
16:14:43 INFO  : Context for processor 'ps7_cortexa9_0' is selected.
16:14:43 INFO  : Processor reset is completed for 'ps7_cortexa9_0'.
16:14:43 INFO  : Context for processor 'ps7_cortexa9_0' is selected.
16:14:43 INFO  : The application 'F:/FPGA/work_space/AD_DA_tran/AD_DA_tran.sdk/Uart_0/Debug/Uart_0.elf' is downloaded to processor 'ps7_cortexa9_0'.
16:14:43 INFO  : 'configparams force-mem-access 0' command is executed.
16:14:43 INFO  : ----------------XSDB Script----------------
connect -url tcp:127.0.0.1:3121
source F:/FPGA/work_space/AD_DA_tran/AD_DA_tran.sdk/FFT_OUT_hw_platform_0/ps7_init.tcl
targets -set -nocase -filter {name =~"APU*" && jtag_cable_name =~ "Digilent JTAG-SMT3 210357A7D00EA"} -index 0
loadhw -hw F:/FPGA/work_space/AD_DA_tran/AD_DA_tran.sdk/FFT_OUT_hw_platform_0/system.hdf -mem-ranges [list {0x40000000 0xbfffffff}]
configparams force-mem-access 1
targets -set -nocase -filter {name =~"APU*" && jtag_cable_name =~ "Digilent JTAG-SMT3 210357A7D00EA"} -index 0
stop
ps7_init
ps7_post_config
targets -set -nocase -filter {name =~ "ARM*#0" && jtag_cable_name =~ "Digilent JTAG-SMT3 210357A7D00EA"} -index 0
rst -processor
targets -set -nocase -filter {name =~ "ARM*#0" && jtag_cable_name =~ "Digilent JTAG-SMT3 210357A7D00EA"} -index 0
dow F:/FPGA/work_space/AD_DA_tran/AD_DA_tran.sdk/Uart_0/Debug/Uart_0.elf
configparams force-mem-access 0
----------------End of Script----------------

16:14:43 INFO  : Memory regions updated for context APU
16:14:43 INFO  : Context for processor 'ps7_cortexa9_0' is selected.
16:14:43 INFO  : 'con' command is executed.
16:14:43 INFO  : ----------------XSDB Script (After Launch)----------------
targets -set -nocase -filter {name =~ "ARM*#0" && jtag_cable_name =~ "Digilent JTAG-SMT3 210357A7D00EA"} -index 0
con
----------------End of Script----------------

16:14:43 INFO  : Launch script is exported to file 'F:\FPGA\work_space\AD_DA_tran\AD_DA_tran.sdk\.sdk\launch_scripts\xilinx_c-c++_application_(system_debugger)\system_debugger_using_debug_uart_0.elf_on_local.tcl'
16:20:36 INFO  : Disconnected from the channel tcfchan#10.
16:20:37 INFO  : 'targets -set -filter {jtag_cable_name =~ "Digilent JTAG-SMT3 210357A7D00EA" && level==0} -index 1' command is executed.
16:20:37 INFO  : 'fpga -state' command is executed.
16:20:37 INFO  : Connected to target on host '127.0.0.1' and port '3121'.
16:20:37 INFO  : Jtag cable 'Digilent JTAG-SMT3 210357A7D00EA' is selected.
16:20:37 INFO  : 'jtag frequency' command is executed.
16:20:37 INFO  : Sourcing of 'F:/FPGA/work_space/AD_DA_tran/AD_DA_tran.sdk/FFT_OUT_hw_platform_0/ps7_init.tcl' is done.
16:20:37 INFO  : Context for 'APU' is selected.
16:20:38 INFO  : Hardware design information is loaded from 'F:/FPGA/work_space/AD_DA_tran/AD_DA_tran.sdk/FFT_OUT_hw_platform_0/system.hdf'.
16:20:38 INFO  : 'configparams force-mem-access 1' command is executed.
16:20:38 INFO  : Context for 'APU' is selected.
16:20:38 INFO  : 'stop' command is executed.
16:20:38 INFO  : 'ps7_init' command is executed.
16:20:38 INFO  : 'ps7_post_config' command is executed.
16:20:38 INFO  : Context for processor 'ps7_cortexa9_0' is selected.
16:20:38 INFO  : Processor reset is completed for 'ps7_cortexa9_0'.
16:20:38 INFO  : Context for processor 'ps7_cortexa9_0' is selected.
16:20:38 INFO  : The application 'F:/FPGA/work_space/AD_DA_tran/AD_DA_tran.sdk/Uart_0/Debug/Uart_0.elf' is downloaded to processor 'ps7_cortexa9_0'.
16:20:38 INFO  : 'configparams force-mem-access 0' command is executed.
16:20:38 INFO  : ----------------XSDB Script----------------
connect -url tcp:127.0.0.1:3121
source F:/FPGA/work_space/AD_DA_tran/AD_DA_tran.sdk/FFT_OUT_hw_platform_0/ps7_init.tcl
targets -set -nocase -filter {name =~"APU*" && jtag_cable_name =~ "Digilent JTAG-SMT3 210357A7D00EA"} -index 0
loadhw -hw F:/FPGA/work_space/AD_DA_tran/AD_DA_tran.sdk/FFT_OUT_hw_platform_0/system.hdf -mem-ranges [list {0x40000000 0xbfffffff}]
configparams force-mem-access 1
targets -set -nocase -filter {name =~"APU*" && jtag_cable_name =~ "Digilent JTAG-SMT3 210357A7D00EA"} -index 0
stop
ps7_init
ps7_post_config
targets -set -nocase -filter {name =~ "ARM*#0" && jtag_cable_name =~ "Digilent JTAG-SMT3 210357A7D00EA"} -index 0
rst -processor
targets -set -nocase -filter {name =~ "ARM*#0" && jtag_cable_name =~ "Digilent JTAG-SMT3 210357A7D00EA"} -index 0
dow F:/FPGA/work_space/AD_DA_tran/AD_DA_tran.sdk/Uart_0/Debug/Uart_0.elf
configparams force-mem-access 0
----------------End of Script----------------

16:20:38 INFO  : Memory regions updated for context APU
16:20:38 INFO  : Context for processor 'ps7_cortexa9_0' is selected.
16:20:38 INFO  : 'con' command is executed.
16:20:38 INFO  : ----------------XSDB Script (After Launch)----------------
targets -set -nocase -filter {name =~ "ARM*#0" && jtag_cable_name =~ "Digilent JTAG-SMT3 210357A7D00EA"} -index 0
con
----------------End of Script----------------

16:20:38 INFO  : Launch script is exported to file 'F:\FPGA\work_space\AD_DA_tran\AD_DA_tran.sdk\.sdk\launch_scripts\xilinx_c-c++_application_(system_debugger)\system_debugger_using_debug_uart_0.elf_on_local.tcl'
16:25:10 INFO  : Disconnected from the channel tcfchan#11.
16:25:11 INFO  : 'targets -set -filter {jtag_cable_name =~ "Digilent JTAG-SMT3 210357A7D00EA" && level==0} -index 1' command is executed.
16:25:11 INFO  : 'fpga -state' command is executed.
16:25:11 INFO  : Connected to target on host '127.0.0.1' and port '3121'.
16:25:11 INFO  : Jtag cable 'Digilent JTAG-SMT3 210357A7D00EA' is selected.
16:25:11 INFO  : 'jtag frequency' command is executed.
16:25:11 INFO  : Sourcing of 'F:/FPGA/work_space/AD_DA_tran/AD_DA_tran.sdk/FFT_OUT_hw_platform_0/ps7_init.tcl' is done.
16:25:11 INFO  : Context for 'APU' is selected.
16:25:12 INFO  : Hardware design information is loaded from 'F:/FPGA/work_space/AD_DA_tran/AD_DA_tran.sdk/FFT_OUT_hw_platform_0/system.hdf'.
16:25:12 INFO  : 'configparams force-mem-access 1' command is executed.
16:25:12 INFO  : Context for 'APU' is selected.
16:25:12 INFO  : 'stop' command is executed.
16:25:12 INFO  : 'ps7_init' command is executed.
16:25:12 INFO  : 'ps7_post_config' command is executed.
16:25:12 INFO  : Context for processor 'ps7_cortexa9_0' is selected.
16:25:12 INFO  : Processor reset is completed for 'ps7_cortexa9_0'.
16:25:12 INFO  : Context for processor 'ps7_cortexa9_0' is selected.
16:25:13 INFO  : The application 'F:/FPGA/work_space/AD_DA_tran/AD_DA_tran.sdk/Uart_0/Debug/Uart_0.elf' is downloaded to processor 'ps7_cortexa9_0'.
16:25:13 INFO  : 'configparams force-mem-access 0' command is executed.
16:25:13 INFO  : ----------------XSDB Script----------------
connect -url tcp:127.0.0.1:3121
source F:/FPGA/work_space/AD_DA_tran/AD_DA_tran.sdk/FFT_OUT_hw_platform_0/ps7_init.tcl
targets -set -nocase -filter {name =~"APU*" && jtag_cable_name =~ "Digilent JTAG-SMT3 210357A7D00EA"} -index 0
loadhw -hw F:/FPGA/work_space/AD_DA_tran/AD_DA_tran.sdk/FFT_OUT_hw_platform_0/system.hdf -mem-ranges [list {0x40000000 0xbfffffff}]
configparams force-mem-access 1
targets -set -nocase -filter {name =~"APU*" && jtag_cable_name =~ "Digilent JTAG-SMT3 210357A7D00EA"} -index 0
stop
ps7_init
ps7_post_config
targets -set -nocase -filter {name =~ "ARM*#0" && jtag_cable_name =~ "Digilent JTAG-SMT3 210357A7D00EA"} -index 0
rst -processor
targets -set -nocase -filter {name =~ "ARM*#0" && jtag_cable_name =~ "Digilent JTAG-SMT3 210357A7D00EA"} -index 0
dow F:/FPGA/work_space/AD_DA_tran/AD_DA_tran.sdk/Uart_0/Debug/Uart_0.elf
configparams force-mem-access 0
----------------End of Script----------------

16:25:13 INFO  : Memory regions updated for context APU
16:25:13 INFO  : Context for processor 'ps7_cortexa9_0' is selected.
16:25:13 INFO  : 'con' command is executed.
16:25:13 INFO  : ----------------XSDB Script (After Launch)----------------
targets -set -nocase -filter {name =~ "ARM*#0" && jtag_cable_name =~ "Digilent JTAG-SMT3 210357A7D00EA"} -index 0
con
----------------End of Script----------------

16:25:13 INFO  : Launch script is exported to file 'F:\FPGA\work_space\AD_DA_tran\AD_DA_tran.sdk\.sdk\launch_scripts\xilinx_c-c++_application_(system_debugger)\system_debugger_using_debug_uart_0.elf_on_local.tcl'
16:46:01 INFO  : Disconnected from the channel tcfchan#12.
17:32:38 INFO  : Registering command handlers for SDK TCF services
17:32:39 INFO  : Launching XSCT server: xsct.bat -interactive F:\FPGA\work_space\AD_DA_tran\AD_DA_tran.sdk\temp_xsdb_launch_script.tcl
17:32:41 INFO  : XSCT server has started successfully.
17:32:41 INFO  : Successfully done setting XSCT server connection channel  
17:32:45 INFO  : Successfully done setting SDK workspace  
17:32:45 INFO  : Processing command line option -hwspec F:/FPGA/work_space/AD_DA_tran/AD_DA_tran.sdk/FFT_OUT.hdf.
17:32:45 INFO  : Checking for hwspec changes in the project FFT_OUT_hw_platform_0.
17:33:40 INFO  : 'targets -set -filter {jtag_cable_name =~ "Digilent JTAG-SMT3 210357A7D00EA" && level==0} -index 1' command is executed.
17:33:40 INFO  : 'fpga -state' command is executed.
17:33:40 INFO  : Connected to target on host '127.0.0.1' and port '3121'.
17:33:40 INFO  : Jtag cable 'Digilent JTAG-SMT3 210357A7D00EA' is selected.
17:33:40 INFO  : 'jtag frequency' command is executed.
17:33:40 INFO  : Sourcing of 'F:/FPGA/work_space/AD_DA_tran/AD_DA_tran.sdk/FFT_OUT_hw_platform_0/ps7_init.tcl' is done.
17:33:40 INFO  : Context for 'APU' is selected.
17:33:40 INFO  : Hardware design information is loaded from 'F:/FPGA/work_space/AD_DA_tran/AD_DA_tran.sdk/FFT_OUT_hw_platform_0/system.hdf'.
17:33:40 INFO  : 'configparams force-mem-access 1' command is executed.
17:33:40 INFO  : Context for 'APU' is selected.
17:33:40 INFO  : 'stop' command is executed.
17:33:40 INFO  : 'ps7_init' command is executed.
17:33:40 INFO  : 'ps7_post_config' command is executed.
17:33:40 INFO  : Context for processor 'ps7_cortexa9_0' is selected.
17:33:40 INFO  : Processor reset is completed for 'ps7_cortexa9_0'.
17:33:40 INFO  : Context for processor 'ps7_cortexa9_0' is selected.
17:33:41 INFO  : The application 'F:/FPGA/work_space/AD_DA_tran/AD_DA_tran.sdk/Uart_0/Debug/Uart_0.elf' is downloaded to processor 'ps7_cortexa9_0'.
17:33:41 INFO  : 'configparams force-mem-access 0' command is executed.
17:33:41 INFO  : ----------------XSDB Script----------------
connect -url tcp:127.0.0.1:3121
source F:/FPGA/work_space/AD_DA_tran/AD_DA_tran.sdk/FFT_OUT_hw_platform_0/ps7_init.tcl
targets -set -nocase -filter {name =~"APU*" && jtag_cable_name =~ "Digilent JTAG-SMT3 210357A7D00EA"} -index 0
loadhw -hw F:/FPGA/work_space/AD_DA_tran/AD_DA_tran.sdk/FFT_OUT_hw_platform_0/system.hdf -mem-ranges [list {0x40000000 0xbfffffff}]
configparams force-mem-access 1
targets -set -nocase -filter {name =~"APU*" && jtag_cable_name =~ "Digilent JTAG-SMT3 210357A7D00EA"} -index 0
stop
ps7_init
ps7_post_config
targets -set -nocase -filter {name =~ "ARM*#0" && jtag_cable_name =~ "Digilent JTAG-SMT3 210357A7D00EA"} -index 0
rst -processor
targets -set -nocase -filter {name =~ "ARM*#0" && jtag_cable_name =~ "Digilent JTAG-SMT3 210357A7D00EA"} -index 0
dow F:/FPGA/work_space/AD_DA_tran/AD_DA_tran.sdk/Uart_0/Debug/Uart_0.elf
configparams force-mem-access 0
----------------End of Script----------------

17:33:41 INFO  : Memory regions updated for context APU
17:33:41 INFO  : Context for processor 'ps7_cortexa9_0' is selected.
17:33:41 INFO  : 'con' command is executed.
17:33:41 INFO  : ----------------XSDB Script (After Launch)----------------
targets -set -nocase -filter {name =~ "ARM*#0" && jtag_cable_name =~ "Digilent JTAG-SMT3 210357A7D00EA"} -index 0
con
----------------End of Script----------------

17:33:41 INFO  : Launch script is exported to file 'F:\FPGA\work_space\AD_DA_tran\AD_DA_tran.sdk\.sdk\launch_scripts\xilinx_c-c++_application_(system_debugger)\system_debugger_using_debug_uart_0.elf_on_local.tcl'
17:51:29 INFO  : Launching XSCT server: xsct.bat -interactive F:\FPGA\work_space\AD_DA_tran\AD_DA_tran.sdk\temp_xsdb_launch_script.tcl
21:34:30 INFO  : Registering command handlers for SDK TCF services
21:34:30 INFO  : Launching XSCT server: xsct.bat -interactive F:\FPGA\work_space\AD_DA_tran\AD_DA_tran.sdk\temp_xsdb_launch_script.tcl
21:34:33 INFO  : XSCT server has started successfully.
21:34:33 INFO  : Successfully done setting XSCT server connection channel  
21:34:38 INFO  : Successfully done setting SDK workspace  
21:34:38 INFO  : Processing command line option -hwspec F:/FPGA/work_space/AD_DA_tran/AD_DA_tran.sdk/FFT_OUT.hdf.
21:34:38 INFO  : Checking for hwspec changes in the project FFT_OUT_hw_platform_0.
21:34:48 INFO  : 'targets -set -filter {jtag_cable_name =~ "Digilent JTAG-SMT3 210357A7D00EA" && level==0} -index 1' command is executed.
21:34:48 INFO  : 'fpga -state' command is executed.
21:34:48 INFO  : Connected to target on host '127.0.0.1' and port '3121'.
21:34:48 INFO  : Jtag cable 'Digilent JTAG-SMT3 210357A7D00EA' is selected.
21:34:48 INFO  : 'jtag frequency' command is executed.
21:34:48 INFO  : Sourcing of 'F:/FPGA/work_space/AD_DA_tran/AD_DA_tran.sdk/FFT_OUT_hw_platform_0/ps7_init.tcl' is done.
21:34:48 INFO  : Context for 'APU' is selected.
21:34:48 INFO  : Hardware design information is loaded from 'F:/FPGA/work_space/AD_DA_tran/AD_DA_tran.sdk/FFT_OUT_hw_platform_0/system.hdf'.
21:34:48 INFO  : 'configparams force-mem-access 1' command is executed.
21:34:48 INFO  : Context for 'APU' is selected.
21:34:48 INFO  : 'stop' command is executed.
21:34:48 INFO  : 'ps7_init' command is executed.
21:34:48 INFO  : 'ps7_post_config' command is executed.
21:34:48 INFO  : Context for processor 'ps7_cortexa9_0' is selected.
21:34:49 INFO  : Processor reset is completed for 'ps7_cortexa9_0'.
21:34:49 INFO  : Context for processor 'ps7_cortexa9_0' is selected.
21:34:49 INFO  : The application 'F:/FPGA/work_space/AD_DA_tran/AD_DA_tran.sdk/Uart_0/Debug/Uart_0.elf' is downloaded to processor 'ps7_cortexa9_0'.
21:34:49 INFO  : 'configparams force-mem-access 0' command is executed.
21:34:49 INFO  : ----------------XSDB Script----------------
connect -url tcp:127.0.0.1:3121
source F:/FPGA/work_space/AD_DA_tran/AD_DA_tran.sdk/FFT_OUT_hw_platform_0/ps7_init.tcl
targets -set -nocase -filter {name =~"APU*" && jtag_cable_name =~ "Digilent JTAG-SMT3 210357A7D00EA"} -index 0
loadhw -hw F:/FPGA/work_space/AD_DA_tran/AD_DA_tran.sdk/FFT_OUT_hw_platform_0/system.hdf -mem-ranges [list {0x40000000 0xbfffffff}]
configparams force-mem-access 1
targets -set -nocase -filter {name =~"APU*" && jtag_cable_name =~ "Digilent JTAG-SMT3 210357A7D00EA"} -index 0
stop
ps7_init
ps7_post_config
targets -set -nocase -filter {name =~ "ARM*#0" && jtag_cable_name =~ "Digilent JTAG-SMT3 210357A7D00EA"} -index 0
rst -processor
targets -set -nocase -filter {name =~ "ARM*#0" && jtag_cable_name =~ "Digilent JTAG-SMT3 210357A7D00EA"} -index 0
dow F:/FPGA/work_space/AD_DA_tran/AD_DA_tran.sdk/Uart_0/Debug/Uart_0.elf
configparams force-mem-access 0
----------------End of Script----------------

21:34:49 INFO  : Memory regions updated for context APU
21:34:49 INFO  : Context for processor 'ps7_cortexa9_0' is selected.
21:34:49 INFO  : 'con' command is executed.
21:34:49 INFO  : ----------------XSDB Script (After Launch)----------------
targets -set -nocase -filter {name =~ "ARM*#0" && jtag_cable_name =~ "Digilent JTAG-SMT3 210357A7D00EA"} -index 0
con
----------------End of Script----------------

21:34:49 INFO  : Launch script is exported to file 'F:\FPGA\work_space\AD_DA_tran\AD_DA_tran.sdk\.sdk\launch_scripts\xilinx_c-c++_application_(system_debugger)\system_debugger_using_debug_uart_0.elf_on_local.tcl'
00:31:36 INFO  : Disconnected from the channel tcfchan#1.
00:31:37 INFO  : 'targets -set -filter {jtag_cable_name =~ "Digilent JTAG-SMT3 210357A7D00EA" && level==0} -index 1' command is executed.
00:31:37 INFO  : 'fpga -state' command is executed.
00:31:37 INFO  : Connected to target on host '127.0.0.1' and port '3121'.
00:31:38 INFO  : Jtag cable 'Digilent JTAG-SMT3 210357A7D00EA' is selected.
00:31:38 INFO  : 'jtag frequency' command is executed.
00:31:38 INFO  : Sourcing of 'F:/FPGA/work_space/AD_DA_tran/AD_DA_tran.sdk/FFT_OUT_hw_platform_0/ps7_init.tcl' is done.
00:31:38 INFO  : Context for 'APU' is selected.
00:31:39 INFO  : Hardware design information is loaded from 'F:/FPGA/work_space/AD_DA_tran/AD_DA_tran.sdk/FFT_OUT_hw_platform_0/system.hdf'.
00:31:39 INFO  : 'configparams force-mem-access 1' command is executed.
00:31:39 INFO  : Context for 'APU' is selected.
00:31:39 INFO  : 'stop' command is executed.
00:31:39 INFO  : 'ps7_init' command is executed.
00:31:39 INFO  : 'ps7_post_config' command is executed.
00:31:39 INFO  : Context for processor 'ps7_cortexa9_0' is selected.
00:31:39 INFO  : Processor reset is completed for 'ps7_cortexa9_0'.
00:31:39 INFO  : Context for processor 'ps7_cortexa9_0' is selected.
00:31:39 INFO  : The application 'F:/FPGA/work_space/AD_DA_tran/AD_DA_tran.sdk/Uart_0/Debug/Uart_0.elf' is downloaded to processor 'ps7_cortexa9_0'.
00:31:39 INFO  : 'configparams force-mem-access 0' command is executed.
00:31:39 INFO  : ----------------XSDB Script----------------
connect -url tcp:127.0.0.1:3121
source F:/FPGA/work_space/AD_DA_tran/AD_DA_tran.sdk/FFT_OUT_hw_platform_0/ps7_init.tcl
targets -set -nocase -filter {name =~"APU*" && jtag_cable_name =~ "Digilent JTAG-SMT3 210357A7D00EA"} -index 0
loadhw -hw F:/FPGA/work_space/AD_DA_tran/AD_DA_tran.sdk/FFT_OUT_hw_platform_0/system.hdf -mem-ranges [list {0x40000000 0xbfffffff}]
configparams force-mem-access 1
targets -set -nocase -filter {name =~"APU*" && jtag_cable_name =~ "Digilent JTAG-SMT3 210357A7D00EA"} -index 0
stop
ps7_init
ps7_post_config
targets -set -nocase -filter {name =~ "ARM*#0" && jtag_cable_name =~ "Digilent JTAG-SMT3 210357A7D00EA"} -index 0
rst -processor
targets -set -nocase -filter {name =~ "ARM*#0" && jtag_cable_name =~ "Digilent JTAG-SMT3 210357A7D00EA"} -index 0
dow F:/FPGA/work_space/AD_DA_tran/AD_DA_tran.sdk/Uart_0/Debug/Uart_0.elf
configparams force-mem-access 0
----------------End of Script----------------

00:31:39 INFO  : Memory regions updated for context APU
00:31:39 INFO  : Context for processor 'ps7_cortexa9_0' is selected.
00:31:39 INFO  : 'con' command is executed.
00:31:39 INFO  : ----------------XSDB Script (After Launch)----------------
targets -set -nocase -filter {name =~ "ARM*#0" && jtag_cable_name =~ "Digilent JTAG-SMT3 210357A7D00EA"} -index 0
con
----------------End of Script----------------

00:31:39 INFO  : Launch script is exported to file 'F:\FPGA\work_space\AD_DA_tran\AD_DA_tran.sdk\.sdk\launch_scripts\xilinx_c-c++_application_(system_debugger)\system_debugger_using_debug_uart_0.elf_on_local.tcl'
02:03:25 INFO  : Disconnected from the channel tcfchan#2.
02:03:26 INFO  : 'targets -set -filter {jtag_cable_name =~ "Digilent JTAG-SMT3 210357A7D00EA" && level==0} -index 1' command is executed.
02:03:26 INFO  : 'fpga -state' command is executed.
02:03:26 INFO  : Connected to target on host '127.0.0.1' and port '3121'.
02:03:26 INFO  : Jtag cable 'Digilent JTAG-SMT3 210357A7D00EA' is selected.
02:03:26 INFO  : 'jtag frequency' command is executed.
02:03:26 INFO  : Sourcing of 'F:/FPGA/work_space/AD_DA_tran/AD_DA_tran.sdk/FFT_OUT_hw_platform_0/ps7_init.tcl' is done.
02:03:26 INFO  : Context for 'APU' is selected.
02:03:28 INFO  : Hardware design information is loaded from 'F:/FPGA/work_space/AD_DA_tran/AD_DA_tran.sdk/FFT_OUT_hw_platform_0/system.hdf'.
02:03:28 INFO  : 'configparams force-mem-access 1' command is executed.
02:03:28 INFO  : Context for 'APU' is selected.
02:03:28 INFO  : 'stop' command is executed.
02:03:28 INFO  : 'ps7_init' command is executed.
02:03:28 INFO  : 'ps7_post_config' command is executed.
02:03:28 INFO  : Context for processor 'ps7_cortexa9_0' is selected.
02:03:28 INFO  : Processor reset is completed for 'ps7_cortexa9_0'.
02:03:28 INFO  : Context for processor 'ps7_cortexa9_0' is selected.
02:03:28 INFO  : The application 'F:/FPGA/work_space/AD_DA_tran/AD_DA_tran.sdk/Uart_0/Debug/Uart_0.elf' is downloaded to processor 'ps7_cortexa9_0'.
02:03:28 INFO  : 'configparams force-mem-access 0' command is executed.
02:03:28 INFO  : ----------------XSDB Script----------------
connect -url tcp:127.0.0.1:3121
source F:/FPGA/work_space/AD_DA_tran/AD_DA_tran.sdk/FFT_OUT_hw_platform_0/ps7_init.tcl
targets -set -nocase -filter {name =~"APU*" && jtag_cable_name =~ "Digilent JTAG-SMT3 210357A7D00EA"} -index 0
loadhw -hw F:/FPGA/work_space/AD_DA_tran/AD_DA_tran.sdk/FFT_OUT_hw_platform_0/system.hdf -mem-ranges [list {0x40000000 0xbfffffff}]
configparams force-mem-access 1
targets -set -nocase -filter {name =~"APU*" && jtag_cable_name =~ "Digilent JTAG-SMT3 210357A7D00EA"} -index 0
stop
ps7_init
ps7_post_config
targets -set -nocase -filter {name =~ "ARM*#0" && jtag_cable_name =~ "Digilent JTAG-SMT3 210357A7D00EA"} -index 0
rst -processor
targets -set -nocase -filter {name =~ "ARM*#0" && jtag_cable_name =~ "Digilent JTAG-SMT3 210357A7D00EA"} -index 0
dow F:/FPGA/work_space/AD_DA_tran/AD_DA_tran.sdk/Uart_0/Debug/Uart_0.elf
configparams force-mem-access 0
----------------End of Script----------------

02:03:28 INFO  : Memory regions updated for context APU
02:03:28 INFO  : Context for processor 'ps7_cortexa9_0' is selected.
02:03:28 INFO  : 'con' command is executed.
02:03:28 INFO  : ----------------XSDB Script (After Launch)----------------
targets -set -nocase -filter {name =~ "ARM*#0" && jtag_cable_name =~ "Digilent JTAG-SMT3 210357A7D00EA"} -index 0
con
----------------End of Script----------------

02:03:28 INFO  : Launch script is exported to file 'F:\FPGA\work_space\AD_DA_tran\AD_DA_tran.sdk\.sdk\launch_scripts\xilinx_c-c++_application_(system_debugger)\system_debugger_using_debug_uart_0.elf_on_local.tcl'
19:32:22 INFO  : Disconnected from the channel tcfchan#3.
19:32:23 INFO  : 'targets -set -filter {jtag_cable_name =~ "Digilent JTAG-SMT3 210357A7D00EA" && level==0} -index 1' command is executed.
19:32:23 INFO  : 'fpga -state' command is executed.
19:32:23 INFO  : Connected to target on host '127.0.0.1' and port '3121'.
19:32:23 INFO  : Jtag cable 'Digilent JTAG-SMT3 210357A7D00EA' is selected.
19:32:23 INFO  : 'jtag frequency' command is executed.
19:32:23 INFO  : Sourcing of 'F:/FPGA/work_space/AD_DA_tran/AD_DA_tran.sdk/FFT_OUT_hw_platform_0/ps7_init.tcl' is done.
19:32:23 INFO  : Context for 'APU' is selected.
19:32:25 INFO  : Hardware design information is loaded from 'F:/FPGA/work_space/AD_DA_tran/AD_DA_tran.sdk/FFT_OUT_hw_platform_0/system.hdf'.
19:32:25 INFO  : 'configparams force-mem-access 1' command is executed.
19:32:25 INFO  : Context for 'APU' is selected.
19:32:25 INFO  : 'stop' command is executed.
19:32:25 INFO  : 'ps7_init' command is executed.
19:32:25 INFO  : 'ps7_post_config' command is executed.
19:32:25 INFO  : Context for processor 'ps7_cortexa9_0' is selected.
19:32:25 INFO  : Processor reset is completed for 'ps7_cortexa9_0'.
19:32:25 INFO  : Context for processor 'ps7_cortexa9_0' is selected.
19:32:25 INFO  : The application 'F:/FPGA/work_space/AD_DA_tran/AD_DA_tran.sdk/Uart_0/Debug/Uart_0.elf' is downloaded to processor 'ps7_cortexa9_0'.
19:32:25 INFO  : 'configparams force-mem-access 0' command is executed.
19:32:25 INFO  : ----------------XSDB Script----------------
connect -url tcp:127.0.0.1:3121
source F:/FPGA/work_space/AD_DA_tran/AD_DA_tran.sdk/FFT_OUT_hw_platform_0/ps7_init.tcl
targets -set -nocase -filter {name =~"APU*" && jtag_cable_name =~ "Digilent JTAG-SMT3 210357A7D00EA"} -index 0
loadhw -hw F:/FPGA/work_space/AD_DA_tran/AD_DA_tran.sdk/FFT_OUT_hw_platform_0/system.hdf -mem-ranges [list {0x40000000 0xbfffffff}]
configparams force-mem-access 1
targets -set -nocase -filter {name =~"APU*" && jtag_cable_name =~ "Digilent JTAG-SMT3 210357A7D00EA"} -index 0
stop
ps7_init
ps7_post_config
targets -set -nocase -filter {name =~ "ARM*#0" && jtag_cable_name =~ "Digilent JTAG-SMT3 210357A7D00EA"} -index 0
rst -processor
targets -set -nocase -filter {name =~ "ARM*#0" && jtag_cable_name =~ "Digilent JTAG-SMT3 210357A7D00EA"} -index 0
dow F:/FPGA/work_space/AD_DA_tran/AD_DA_tran.sdk/Uart_0/Debug/Uart_0.elf
configparams force-mem-access 0
----------------End of Script----------------

19:32:25 INFO  : Memory regions updated for context APU
19:32:25 INFO  : Context for processor 'ps7_cortexa9_0' is selected.
19:32:26 INFO  : 'con' command is executed.
19:32:26 INFO  : ----------------XSDB Script (After Launch)----------------
targets -set -nocase -filter {name =~ "ARM*#0" && jtag_cable_name =~ "Digilent JTAG-SMT3 210357A7D00EA"} -index 0
con
----------------End of Script----------------

19:32:26 INFO  : Launch script is exported to file 'F:\FPGA\work_space\AD_DA_tran\AD_DA_tran.sdk\.sdk\launch_scripts\xilinx_c-c++_application_(system_debugger)\system_debugger_using_debug_uart_0.elf_on_local.tcl'
19:37:41 INFO  : Disconnected from the channel tcfchan#4.
19:37:42 INFO  : 'targets -set -filter {jtag_cable_name =~ "Digilent JTAG-SMT3 210357A7D00EA" && level==0} -index 1' command is executed.
19:37:43 INFO  : 'fpga -state' command is executed.
19:37:43 INFO  : Connected to target on host '127.0.0.1' and port '3121'.
19:37:43 INFO  : Jtag cable 'Digilent JTAG-SMT3 210357A7D00EA' is selected.
19:37:43 INFO  : 'jtag frequency' command is executed.
19:37:43 INFO  : Sourcing of 'F:/FPGA/work_space/AD_DA_tran/AD_DA_tran.sdk/FFT_OUT_hw_platform_0/ps7_init.tcl' is done.
19:37:43 INFO  : Context for 'APU' is selected.
19:37:43 INFO  : Hardware design information is loaded from 'F:/FPGA/work_space/AD_DA_tran/AD_DA_tran.sdk/FFT_OUT_hw_platform_0/system.hdf'.
19:37:43 INFO  : 'configparams force-mem-access 1' command is executed.
19:37:43 INFO  : Context for 'APU' is selected.
19:37:43 INFO  : 'stop' command is executed.
19:37:44 INFO  : 'ps7_init' command is executed.
19:37:44 INFO  : 'ps7_post_config' command is executed.
19:37:44 INFO  : Context for processor 'ps7_cortexa9_0' is selected.
19:37:44 INFO  : Processor reset is completed for 'ps7_cortexa9_0'.
19:37:44 INFO  : Context for processor 'ps7_cortexa9_0' is selected.
19:37:44 INFO  : The application 'F:/FPGA/work_space/AD_DA_tran/AD_DA_tran.sdk/Uart_0/Debug/Uart_0.elf' is downloaded to processor 'ps7_cortexa9_0'.
19:37:44 INFO  : 'configparams force-mem-access 0' command is executed.
19:37:44 INFO  : ----------------XSDB Script----------------
connect -url tcp:127.0.0.1:3121
source F:/FPGA/work_space/AD_DA_tran/AD_DA_tran.sdk/FFT_OUT_hw_platform_0/ps7_init.tcl
targets -set -nocase -filter {name =~"APU*" && jtag_cable_name =~ "Digilent JTAG-SMT3 210357A7D00EA"} -index 0
loadhw -hw F:/FPGA/work_space/AD_DA_tran/AD_DA_tran.sdk/FFT_OUT_hw_platform_0/system.hdf -mem-ranges [list {0x40000000 0xbfffffff}]
configparams force-mem-access 1
targets -set -nocase -filter {name =~"APU*" && jtag_cable_name =~ "Digilent JTAG-SMT3 210357A7D00EA"} -index 0
stop
ps7_init
ps7_post_config
targets -set -nocase -filter {name =~ "ARM*#0" && jtag_cable_name =~ "Digilent JTAG-SMT3 210357A7D00EA"} -index 0
rst -processor
targets -set -nocase -filter {name =~ "ARM*#0" && jtag_cable_name =~ "Digilent JTAG-SMT3 210357A7D00EA"} -index 0
dow F:/FPGA/work_space/AD_DA_tran/AD_DA_tran.sdk/Uart_0/Debug/Uart_0.elf
configparams force-mem-access 0
----------------End of Script----------------

19:37:44 INFO  : Memory regions updated for context APU
19:37:44 INFO  : Context for processor 'ps7_cortexa9_0' is selected.
19:37:44 INFO  : 'con' command is executed.
19:37:44 INFO  : ----------------XSDB Script (After Launch)----------------
targets -set -nocase -filter {name =~ "ARM*#0" && jtag_cable_name =~ "Digilent JTAG-SMT3 210357A7D00EA"} -index 0
con
----------------End of Script----------------

19:37:44 INFO  : Launch script is exported to file 'F:\FPGA\work_space\AD_DA_tran\AD_DA_tran.sdk\.sdk\launch_scripts\xilinx_c-c++_application_(system_debugger)\system_debugger_using_debug_uart_0.elf_on_local.tcl'
19:39:58 INFO  : Disconnected from the channel tcfchan#5.
19:39:59 INFO  : 'targets -set -filter {jtag_cable_name =~ "Digilent JTAG-SMT3 210357A7D00EA" && level==0} -index 1' command is executed.
19:39:59 INFO  : 'fpga -state' command is executed.
19:39:59 INFO  : Connected to target on host '127.0.0.1' and port '3121'.
19:39:59 INFO  : Jtag cable 'Digilent JTAG-SMT3 210357A7D00EA' is selected.
19:39:59 INFO  : 'jtag frequency' command is executed.
19:39:59 INFO  : Sourcing of 'F:/FPGA/work_space/AD_DA_tran/AD_DA_tran.sdk/FFT_OUT_hw_platform_0/ps7_init.tcl' is done.
19:39:59 INFO  : Context for 'APU' is selected.
19:40:00 INFO  : Hardware design information is loaded from 'F:/FPGA/work_space/AD_DA_tran/AD_DA_tran.sdk/FFT_OUT_hw_platform_0/system.hdf'.
19:40:00 INFO  : 'configparams force-mem-access 1' command is executed.
19:40:00 INFO  : Context for 'APU' is selected.
19:40:00 INFO  : 'stop' command is executed.
19:40:00 INFO  : 'ps7_init' command is executed.
19:40:00 INFO  : 'ps7_post_config' command is executed.
19:40:00 INFO  : Context for processor 'ps7_cortexa9_0' is selected.
19:40:01 INFO  : Processor reset is completed for 'ps7_cortexa9_0'.
19:40:01 INFO  : Context for processor 'ps7_cortexa9_0' is selected.
19:40:01 INFO  : The application 'F:/FPGA/work_space/AD_DA_tran/AD_DA_tran.sdk/Uart_0/Debug/Uart_0.elf' is downloaded to processor 'ps7_cortexa9_0'.
19:40:01 INFO  : 'configparams force-mem-access 0' command is executed.
19:40:01 INFO  : ----------------XSDB Script----------------
connect -url tcp:127.0.0.1:3121
source F:/FPGA/work_space/AD_DA_tran/AD_DA_tran.sdk/FFT_OUT_hw_platform_0/ps7_init.tcl
targets -set -nocase -filter {name =~"APU*" && jtag_cable_name =~ "Digilent JTAG-SMT3 210357A7D00EA"} -index 0
loadhw -hw F:/FPGA/work_space/AD_DA_tran/AD_DA_tran.sdk/FFT_OUT_hw_platform_0/system.hdf -mem-ranges [list {0x40000000 0xbfffffff}]
configparams force-mem-access 1
targets -set -nocase -filter {name =~"APU*" && jtag_cable_name =~ "Digilent JTAG-SMT3 210357A7D00EA"} -index 0
stop
ps7_init
ps7_post_config
targets -set -nocase -filter {name =~ "ARM*#0" && jtag_cable_name =~ "Digilent JTAG-SMT3 210357A7D00EA"} -index 0
rst -processor
targets -set -nocase -filter {name =~ "ARM*#0" && jtag_cable_name =~ "Digilent JTAG-SMT3 210357A7D00EA"} -index 0
dow F:/FPGA/work_space/AD_DA_tran/AD_DA_tran.sdk/Uart_0/Debug/Uart_0.elf
configparams force-mem-access 0
----------------End of Script----------------

19:40:01 INFO  : Memory regions updated for context APU
19:40:01 INFO  : Context for processor 'ps7_cortexa9_0' is selected.
19:40:01 INFO  : 'con' command is executed.
19:40:01 INFO  : ----------------XSDB Script (After Launch)----------------
targets -set -nocase -filter {name =~ "ARM*#0" && jtag_cable_name =~ "Digilent JTAG-SMT3 210357A7D00EA"} -index 0
con
----------------End of Script----------------

19:40:01 INFO  : Launch script is exported to file 'F:\FPGA\work_space\AD_DA_tran\AD_DA_tran.sdk\.sdk\launch_scripts\xilinx_c-c++_application_(system_debugger)\system_debugger_using_debug_uart_0.elf_on_local.tcl'
20:22:26 INFO  : Disconnected from the channel tcfchan#6.
20:22:27 INFO  : 'targets -set -filter {jtag_cable_name =~ "Digilent JTAG-SMT3 210357A7D00EA" && level==0} -index 1' command is executed.
20:22:27 INFO  : 'fpga -state' command is executed.
20:22:27 INFO  : Connected to target on host '127.0.0.1' and port '3121'.
20:22:27 INFO  : Jtag cable 'Digilent JTAG-SMT3 210357A7D00EA' is selected.
20:22:27 INFO  : 'jtag frequency' command is executed.
20:22:27 INFO  : Sourcing of 'F:/FPGA/work_space/AD_DA_tran/AD_DA_tran.sdk/FFT_OUT_hw_platform_0/ps7_init.tcl' is done.
20:22:27 INFO  : Context for 'APU' is selected.
20:22:28 INFO  : Hardware design information is loaded from 'F:/FPGA/work_space/AD_DA_tran/AD_DA_tran.sdk/FFT_OUT_hw_platform_0/system.hdf'.
20:22:28 INFO  : 'configparams force-mem-access 1' command is executed.
20:22:28 INFO  : Context for 'APU' is selected.
20:22:28 INFO  : 'stop' command is executed.
20:22:28 INFO  : 'ps7_init' command is executed.
20:22:28 INFO  : 'ps7_post_config' command is executed.
20:22:28 INFO  : Context for processor 'ps7_cortexa9_0' is selected.
20:22:28 INFO  : Processor reset is completed for 'ps7_cortexa9_0'.
20:22:28 INFO  : Context for processor 'ps7_cortexa9_0' is selected.
20:22:28 INFO  : The application 'F:/FPGA/work_space/AD_DA_tran/AD_DA_tran.sdk/Uart_0/Debug/Uart_0.elf' is downloaded to processor 'ps7_cortexa9_0'.
20:22:28 INFO  : 'configparams force-mem-access 0' command is executed.
20:22:28 INFO  : ----------------XSDB Script----------------
connect -url tcp:127.0.0.1:3121
source F:/FPGA/work_space/AD_DA_tran/AD_DA_tran.sdk/FFT_OUT_hw_platform_0/ps7_init.tcl
targets -set -nocase -filter {name =~"APU*" && jtag_cable_name =~ "Digilent JTAG-SMT3 210357A7D00EA"} -index 0
loadhw -hw F:/FPGA/work_space/AD_DA_tran/AD_DA_tran.sdk/FFT_OUT_hw_platform_0/system.hdf -mem-ranges [list {0x40000000 0xbfffffff}]
configparams force-mem-access 1
targets -set -nocase -filter {name =~"APU*" && jtag_cable_name =~ "Digilent JTAG-SMT3 210357A7D00EA"} -index 0
stop
ps7_init
ps7_post_config
targets -set -nocase -filter {name =~ "ARM*#0" && jtag_cable_name =~ "Digilent JTAG-SMT3 210357A7D00EA"} -index 0
rst -processor
targets -set -nocase -filter {name =~ "ARM*#0" && jtag_cable_name =~ "Digilent JTAG-SMT3 210357A7D00EA"} -index 0
dow F:/FPGA/work_space/AD_DA_tran/AD_DA_tran.sdk/Uart_0/Debug/Uart_0.elf
configparams force-mem-access 0
----------------End of Script----------------

20:22:28 INFO  : Memory regions updated for context APU
20:22:28 INFO  : Context for processor 'ps7_cortexa9_0' is selected.
20:22:28 INFO  : 'con' command is executed.
20:22:28 INFO  : ----------------XSDB Script (After Launch)----------------
targets -set -nocase -filter {name =~ "ARM*#0" && jtag_cable_name =~ "Digilent JTAG-SMT3 210357A7D00EA"} -index 0
con
----------------End of Script----------------

20:22:28 INFO  : Launch script is exported to file 'F:\FPGA\work_space\AD_DA_tran\AD_DA_tran.sdk\.sdk\launch_scripts\xilinx_c-c++_application_(system_debugger)\system_debugger_using_debug_uart_0.elf_on_local.tcl'
20:31:03 INFO  : Disconnected from the channel tcfchan#7.
20:31:04 INFO  : 'targets -set -filter {jtag_cable_name =~ "Digilent JTAG-SMT3 210357A7D00EA" && level==0} -index 1' command is executed.
20:31:04 INFO  : 'fpga -state' command is executed.
20:31:04 INFO  : Connected to target on host '127.0.0.1' and port '3121'.
20:31:04 INFO  : Jtag cable 'Digilent JTAG-SMT3 210357A7D00EA' is selected.
20:31:04 INFO  : 'jtag frequency' command is executed.
20:31:04 INFO  : Sourcing of 'F:/FPGA/work_space/AD_DA_tran/AD_DA_tran.sdk/FFT_OUT_hw_platform_0/ps7_init.tcl' is done.
20:31:04 INFO  : Context for 'APU' is selected.
20:31:06 INFO  : Hardware design information is loaded from 'F:/FPGA/work_space/AD_DA_tran/AD_DA_tran.sdk/FFT_OUT_hw_platform_0/system.hdf'.
20:31:06 INFO  : 'configparams force-mem-access 1' command is executed.
20:31:06 INFO  : Context for 'APU' is selected.
20:31:06 INFO  : 'stop' command is executed.
20:31:06 INFO  : 'ps7_init' command is executed.
20:31:06 INFO  : 'ps7_post_config' command is executed.
20:31:06 INFO  : Context for processor 'ps7_cortexa9_0' is selected.
20:31:06 INFO  : Processor reset is completed for 'ps7_cortexa9_0'.
20:31:06 INFO  : Context for processor 'ps7_cortexa9_0' is selected.
20:31:07 INFO  : The application 'F:/FPGA/work_space/AD_DA_tran/AD_DA_tran.sdk/Uart_0/Debug/Uart_0.elf' is downloaded to processor 'ps7_cortexa9_0'.
20:31:07 INFO  : 'configparams force-mem-access 0' command is executed.
20:31:07 INFO  : ----------------XSDB Script----------------
connect -url tcp:127.0.0.1:3121
source F:/FPGA/work_space/AD_DA_tran/AD_DA_tran.sdk/FFT_OUT_hw_platform_0/ps7_init.tcl
targets -set -nocase -filter {name =~"APU*" && jtag_cable_name =~ "Digilent JTAG-SMT3 210357A7D00EA"} -index 0
loadhw -hw F:/FPGA/work_space/AD_DA_tran/AD_DA_tran.sdk/FFT_OUT_hw_platform_0/system.hdf -mem-ranges [list {0x40000000 0xbfffffff}]
configparams force-mem-access 1
targets -set -nocase -filter {name =~"APU*" && jtag_cable_name =~ "Digilent JTAG-SMT3 210357A7D00EA"} -index 0
stop
ps7_init
ps7_post_config
targets -set -nocase -filter {name =~ "ARM*#0" && jtag_cable_name =~ "Digilent JTAG-SMT3 210357A7D00EA"} -index 0
rst -processor
targets -set -nocase -filter {name =~ "ARM*#0" && jtag_cable_name =~ "Digilent JTAG-SMT3 210357A7D00EA"} -index 0
dow F:/FPGA/work_space/AD_DA_tran/AD_DA_tran.sdk/Uart_0/Debug/Uart_0.elf
configparams force-mem-access 0
----------------End of Script----------------

20:31:07 INFO  : Memory regions updated for context APU
20:31:07 INFO  : Context for processor 'ps7_cortexa9_0' is selected.
20:31:07 INFO  : 'con' command is executed.
20:31:07 INFO  : ----------------XSDB Script (After Launch)----------------
targets -set -nocase -filter {name =~ "ARM*#0" && jtag_cable_name =~ "Digilent JTAG-SMT3 210357A7D00EA"} -index 0
con
----------------End of Script----------------

20:31:07 INFO  : Launch script is exported to file 'F:\FPGA\work_space\AD_DA_tran\AD_DA_tran.sdk\.sdk\launch_scripts\xilinx_c-c++_application_(system_debugger)\system_debugger_using_debug_uart_0.elf_on_local.tcl'
21:22:34 INFO  : Disconnected from the channel tcfchan#8.
21:22:35 INFO  : 'targets -set -filter {jtag_cable_name =~ "Digilent JTAG-SMT3 210357A7D00EA" && level==0} -index 1' command is executed.
21:22:35 INFO  : 'fpga -state' command is executed.
21:22:35 INFO  : Connected to target on host '127.0.0.1' and port '3121'.
21:22:35 INFO  : Jtag cable 'Digilent JTAG-SMT3 210357A7D00EA' is selected.
21:22:35 INFO  : 'jtag frequency' command is executed.
21:22:35 INFO  : Sourcing of 'F:/FPGA/work_space/AD_DA_tran/AD_DA_tran.sdk/FFT_OUT_hw_platform_0/ps7_init.tcl' is done.
21:22:35 INFO  : Context for 'APU' is selected.
21:22:36 INFO  : Hardware design information is loaded from 'F:/FPGA/work_space/AD_DA_tran/AD_DA_tran.sdk/FFT_OUT_hw_platform_0/system.hdf'.
21:22:36 INFO  : 'configparams force-mem-access 1' command is executed.
21:22:36 INFO  : Context for 'APU' is selected.
21:22:36 INFO  : 'stop' command is executed.
21:22:36 INFO  : 'ps7_init' command is executed.
21:22:36 INFO  : 'ps7_post_config' command is executed.
21:22:36 INFO  : Context for processor 'ps7_cortexa9_0' is selected.
21:22:37 INFO  : Processor reset is completed for 'ps7_cortexa9_0'.
21:22:37 INFO  : Context for processor 'ps7_cortexa9_0' is selected.
21:22:37 INFO  : The application 'F:/FPGA/work_space/AD_DA_tran/AD_DA_tran.sdk/Uart_0/Debug/Uart_0.elf' is downloaded to processor 'ps7_cortexa9_0'.
21:22:37 INFO  : 'configparams force-mem-access 0' command is executed.
21:22:37 INFO  : ----------------XSDB Script----------------
connect -url tcp:127.0.0.1:3121
source F:/FPGA/work_space/AD_DA_tran/AD_DA_tran.sdk/FFT_OUT_hw_platform_0/ps7_init.tcl
targets -set -nocase -filter {name =~"APU*" && jtag_cable_name =~ "Digilent JTAG-SMT3 210357A7D00EA"} -index 0
loadhw -hw F:/FPGA/work_space/AD_DA_tran/AD_DA_tran.sdk/FFT_OUT_hw_platform_0/system.hdf -mem-ranges [list {0x40000000 0xbfffffff}]
configparams force-mem-access 1
targets -set -nocase -filter {name =~"APU*" && jtag_cable_name =~ "Digilent JTAG-SMT3 210357A7D00EA"} -index 0
stop
ps7_init
ps7_post_config
targets -set -nocase -filter {name =~ "ARM*#0" && jtag_cable_name =~ "Digilent JTAG-SMT3 210357A7D00EA"} -index 0
rst -processor
targets -set -nocase -filter {name =~ "ARM*#0" && jtag_cable_name =~ "Digilent JTAG-SMT3 210357A7D00EA"} -index 0
dow F:/FPGA/work_space/AD_DA_tran/AD_DA_tran.sdk/Uart_0/Debug/Uart_0.elf
configparams force-mem-access 0
----------------End of Script----------------

21:22:37 INFO  : Memory regions updated for context APU
21:22:37 INFO  : Context for processor 'ps7_cortexa9_0' is selected.
21:22:37 INFO  : 'con' command is executed.
21:22:37 INFO  : ----------------XSDB Script (After Launch)----------------
targets -set -nocase -filter {name =~ "ARM*#0" && jtag_cable_name =~ "Digilent JTAG-SMT3 210357A7D00EA"} -index 0
con
----------------End of Script----------------

21:22:37 INFO  : Launch script is exported to file 'F:\FPGA\work_space\AD_DA_tran\AD_DA_tran.sdk\.sdk\launch_scripts\xilinx_c-c++_application_(system_debugger)\system_debugger_using_debug_uart_0.elf_on_local.tcl'
21:32:07 INFO  : Disconnected from the channel tcfchan#9.
21:32:08 INFO  : 'targets -set -filter {jtag_cable_name =~ "Digilent JTAG-SMT3 210357A7D00EA" && level==0} -index 1' command is executed.
21:32:08 INFO  : 'fpga -state' command is executed.
21:32:08 INFO  : Connected to target on host '127.0.0.1' and port '3121'.
21:32:08 INFO  : Jtag cable 'Digilent JTAG-SMT3 210357A7D00EA' is selected.
21:32:08 INFO  : 'jtag frequency' command is executed.
21:32:08 INFO  : Sourcing of 'F:/FPGA/work_space/AD_DA_tran/AD_DA_tran.sdk/FFT_OUT_hw_platform_0/ps7_init.tcl' is done.
21:32:08 INFO  : Context for 'APU' is selected.
21:32:09 INFO  : Hardware design information is loaded from 'F:/FPGA/work_space/AD_DA_tran/AD_DA_tran.sdk/FFT_OUT_hw_platform_0/system.hdf'.
21:32:09 INFO  : 'configparams force-mem-access 1' command is executed.
21:32:09 INFO  : Context for 'APU' is selected.
21:32:09 INFO  : 'stop' command is executed.
21:32:10 INFO  : 'ps7_init' command is executed.
21:32:10 INFO  : 'ps7_post_config' command is executed.
21:32:10 INFO  : Context for processor 'ps7_cortexa9_0' is selected.
21:32:10 INFO  : Processor reset is completed for 'ps7_cortexa9_0'.
21:32:10 INFO  : Context for processor 'ps7_cortexa9_0' is selected.
21:32:10 INFO  : The application 'F:/FPGA/work_space/AD_DA_tran/AD_DA_tran.sdk/Uart_0/Debug/Uart_0.elf' is downloaded to processor 'ps7_cortexa9_0'.
21:32:10 INFO  : 'configparams force-mem-access 0' command is executed.
21:32:10 INFO  : ----------------XSDB Script----------------
connect -url tcp:127.0.0.1:3121
source F:/FPGA/work_space/AD_DA_tran/AD_DA_tran.sdk/FFT_OUT_hw_platform_0/ps7_init.tcl
targets -set -nocase -filter {name =~"APU*" && jtag_cable_name =~ "Digilent JTAG-SMT3 210357A7D00EA"} -index 0
loadhw -hw F:/FPGA/work_space/AD_DA_tran/AD_DA_tran.sdk/FFT_OUT_hw_platform_0/system.hdf -mem-ranges [list {0x40000000 0xbfffffff}]
configparams force-mem-access 1
targets -set -nocase -filter {name =~"APU*" && jtag_cable_name =~ "Digilent JTAG-SMT3 210357A7D00EA"} -index 0
stop
ps7_init
ps7_post_config
targets -set -nocase -filter {name =~ "ARM*#0" && jtag_cable_name =~ "Digilent JTAG-SMT3 210357A7D00EA"} -index 0
rst -processor
targets -set -nocase -filter {name =~ "ARM*#0" && jtag_cable_name =~ "Digilent JTAG-SMT3 210357A7D00EA"} -index 0
dow F:/FPGA/work_space/AD_DA_tran/AD_DA_tran.sdk/Uart_0/Debug/Uart_0.elf
configparams force-mem-access 0
----------------End of Script----------------

21:32:10 INFO  : Memory regions updated for context APU
21:32:10 INFO  : Context for processor 'ps7_cortexa9_0' is selected.
21:32:10 INFO  : 'con' command is executed.
21:32:10 INFO  : ----------------XSDB Script (After Launch)----------------
targets -set -nocase -filter {name =~ "ARM*#0" && jtag_cable_name =~ "Digilent JTAG-SMT3 210357A7D00EA"} -index 0
con
----------------End of Script----------------

21:32:10 INFO  : Launch script is exported to file 'F:\FPGA\work_space\AD_DA_tran\AD_DA_tran.sdk\.sdk\launch_scripts\xilinx_c-c++_application_(system_debugger)\system_debugger_using_debug_uart_0.elf_on_local.tcl'
21:33:14 INFO  : Disconnected from the channel tcfchan#10.
21:33:15 INFO  : 'targets -set -filter {jtag_cable_name =~ "Digilent JTAG-SMT3 210357A7D00EA" && level==0} -index 1' command is executed.
21:33:15 INFO  : 'fpga -state' command is executed.
21:33:15 INFO  : Connected to target on host '127.0.0.1' and port '3121'.
21:33:15 INFO  : Jtag cable 'Digilent JTAG-SMT3 210357A7D00EA' is selected.
21:33:15 INFO  : 'jtag frequency' command is executed.
21:33:15 INFO  : Sourcing of 'F:/FPGA/work_space/AD_DA_tran/AD_DA_tran.sdk/FFT_OUT_hw_platform_0/ps7_init.tcl' is done.
21:33:15 INFO  : Context for 'APU' is selected.
21:33:16 INFO  : Hardware design information is loaded from 'F:/FPGA/work_space/AD_DA_tran/AD_DA_tran.sdk/FFT_OUT_hw_platform_0/system.hdf'.
21:33:16 INFO  : 'configparams force-mem-access 1' command is executed.
21:33:16 INFO  : Context for 'APU' is selected.
21:33:16 INFO  : 'stop' command is executed.
21:33:17 INFO  : 'ps7_init' command is executed.
21:33:17 INFO  : 'ps7_post_config' command is executed.
21:33:17 INFO  : Context for processor 'ps7_cortexa9_0' is selected.
21:33:17 INFO  : Processor reset is completed for 'ps7_cortexa9_0'.
21:33:17 INFO  : Context for processor 'ps7_cortexa9_0' is selected.
21:33:17 INFO  : The application 'F:/FPGA/work_space/AD_DA_tran/AD_DA_tran.sdk/Uart_0/Debug/Uart_0.elf' is downloaded to processor 'ps7_cortexa9_0'.
21:33:17 INFO  : 'configparams force-mem-access 0' command is executed.
21:33:17 INFO  : ----------------XSDB Script----------------
connect -url tcp:127.0.0.1:3121
source F:/FPGA/work_space/AD_DA_tran/AD_DA_tran.sdk/FFT_OUT_hw_platform_0/ps7_init.tcl
targets -set -nocase -filter {name =~"APU*" && jtag_cable_name =~ "Digilent JTAG-SMT3 210357A7D00EA"} -index 0
loadhw -hw F:/FPGA/work_space/AD_DA_tran/AD_DA_tran.sdk/FFT_OUT_hw_platform_0/system.hdf -mem-ranges [list {0x40000000 0xbfffffff}]
configparams force-mem-access 1
targets -set -nocase -filter {name =~"APU*" && jtag_cable_name =~ "Digilent JTAG-SMT3 210357A7D00EA"} -index 0
stop
ps7_init
ps7_post_config
targets -set -nocase -filter {name =~ "ARM*#0" && jtag_cable_name =~ "Digilent JTAG-SMT3 210357A7D00EA"} -index 0
rst -processor
targets -set -nocase -filter {name =~ "ARM*#0" && jtag_cable_name =~ "Digilent JTAG-SMT3 210357A7D00EA"} -index 0
dow F:/FPGA/work_space/AD_DA_tran/AD_DA_tran.sdk/Uart_0/Debug/Uart_0.elf
configparams force-mem-access 0
----------------End of Script----------------

21:33:17 INFO  : Memory regions updated for context APU
21:33:17 INFO  : Context for processor 'ps7_cortexa9_0' is selected.
21:33:17 INFO  : 'con' command is executed.
21:33:17 INFO  : ----------------XSDB Script (After Launch)----------------
targets -set -nocase -filter {name =~ "ARM*#0" && jtag_cable_name =~ "Digilent JTAG-SMT3 210357A7D00EA"} -index 0
con
----------------End of Script----------------

21:33:17 INFO  : Launch script is exported to file 'F:\FPGA\work_space\AD_DA_tran\AD_DA_tran.sdk\.sdk\launch_scripts\xilinx_c-c++_application_(system_debugger)\system_debugger_using_debug_uart_0.elf_on_local.tcl'
21:34:33 INFO  : Disconnected from the channel tcfchan#11.
21:34:34 INFO  : 'targets -set -filter {jtag_cable_name =~ "Digilent JTAG-SMT3 210357A7D00EA" && level==0} -index 1' command is executed.
21:34:34 INFO  : 'fpga -state' command is executed.
21:34:34 INFO  : Connected to target on host '127.0.0.1' and port '3121'.
21:34:34 INFO  : Jtag cable 'Digilent JTAG-SMT3 210357A7D00EA' is selected.
21:34:34 INFO  : 'jtag frequency' command is executed.
21:34:34 INFO  : Sourcing of 'F:/FPGA/work_space/AD_DA_tran/AD_DA_tran.sdk/FFT_OUT_hw_platform_0/ps7_init.tcl' is done.
21:34:34 INFO  : Context for 'APU' is selected.
21:34:35 INFO  : Hardware design information is loaded from 'F:/FPGA/work_space/AD_DA_tran/AD_DA_tran.sdk/FFT_OUT_hw_platform_0/system.hdf'.
21:34:35 INFO  : 'configparams force-mem-access 1' command is executed.
21:34:35 INFO  : Context for 'APU' is selected.
21:34:35 INFO  : 'stop' command is executed.
21:34:36 INFO  : 'ps7_init' command is executed.
21:34:36 INFO  : 'ps7_post_config' command is executed.
21:34:36 INFO  : Context for processor 'ps7_cortexa9_0' is selected.
21:34:36 INFO  : Processor reset is completed for 'ps7_cortexa9_0'.
21:34:36 INFO  : Context for processor 'ps7_cortexa9_0' is selected.
21:34:36 INFO  : The application 'F:/FPGA/work_space/AD_DA_tran/AD_DA_tran.sdk/Uart_0/Debug/Uart_0.elf' is downloaded to processor 'ps7_cortexa9_0'.
21:34:36 INFO  : 'configparams force-mem-access 0' command is executed.
21:34:36 INFO  : ----------------XSDB Script----------------
connect -url tcp:127.0.0.1:3121
source F:/FPGA/work_space/AD_DA_tran/AD_DA_tran.sdk/FFT_OUT_hw_platform_0/ps7_init.tcl
targets -set -nocase -filter {name =~"APU*" && jtag_cable_name =~ "Digilent JTAG-SMT3 210357A7D00EA"} -index 0
loadhw -hw F:/FPGA/work_space/AD_DA_tran/AD_DA_tran.sdk/FFT_OUT_hw_platform_0/system.hdf -mem-ranges [list {0x40000000 0xbfffffff}]
configparams force-mem-access 1
targets -set -nocase -filter {name =~"APU*" && jtag_cable_name =~ "Digilent JTAG-SMT3 210357A7D00EA"} -index 0
stop
ps7_init
ps7_post_config
targets -set -nocase -filter {name =~ "ARM*#0" && jtag_cable_name =~ "Digilent JTAG-SMT3 210357A7D00EA"} -index 0
rst -processor
targets -set -nocase -filter {name =~ "ARM*#0" && jtag_cable_name =~ "Digilent JTAG-SMT3 210357A7D00EA"} -index 0
dow F:/FPGA/work_space/AD_DA_tran/AD_DA_tran.sdk/Uart_0/Debug/Uart_0.elf
configparams force-mem-access 0
----------------End of Script----------------

21:34:36 INFO  : Memory regions updated for context APU
21:34:36 INFO  : Context for processor 'ps7_cortexa9_0' is selected.
21:34:36 INFO  : 'con' command is executed.
21:34:36 INFO  : ----------------XSDB Script (After Launch)----------------
targets -set -nocase -filter {name =~ "ARM*#0" && jtag_cable_name =~ "Digilent JTAG-SMT3 210357A7D00EA"} -index 0
con
----------------End of Script----------------

21:34:36 INFO  : Launch script is exported to file 'F:\FPGA\work_space\AD_DA_tran\AD_DA_tran.sdk\.sdk\launch_scripts\xilinx_c-c++_application_(system_debugger)\system_debugger_using_debug_uart_0.elf_on_local.tcl'
21:35:38 INFO  : Disconnected from the channel tcfchan#12.
21:35:39 INFO  : 'targets -set -filter {jtag_cable_name =~ "Digilent JTAG-SMT3 210357A7D00EA" && level==0} -index 1' command is executed.
21:35:39 INFO  : 'fpga -state' command is executed.
21:35:39 INFO  : Connected to target on host '127.0.0.1' and port '3121'.
21:35:39 INFO  : Jtag cable 'Digilent JTAG-SMT3 210357A7D00EA' is selected.
21:35:39 INFO  : 'jtag frequency' command is executed.
21:35:39 INFO  : Sourcing of 'F:/FPGA/work_space/AD_DA_tran/AD_DA_tran.sdk/FFT_OUT_hw_platform_0/ps7_init.tcl' is done.
21:35:39 INFO  : Context for 'APU' is selected.
21:35:40 INFO  : Hardware design information is loaded from 'F:/FPGA/work_space/AD_DA_tran/AD_DA_tran.sdk/FFT_OUT_hw_platform_0/system.hdf'.
21:35:40 INFO  : 'configparams force-mem-access 1' command is executed.
21:35:40 INFO  : Context for 'APU' is selected.
21:35:40 INFO  : 'stop' command is executed.
21:35:40 INFO  : 'ps7_init' command is executed.
21:35:40 INFO  : 'ps7_post_config' command is executed.
21:35:40 INFO  : Context for processor 'ps7_cortexa9_0' is selected.
21:35:40 INFO  : Processor reset is completed for 'ps7_cortexa9_0'.
21:35:40 INFO  : Context for processor 'ps7_cortexa9_0' is selected.
21:35:40 INFO  : The application 'F:/FPGA/work_space/AD_DA_tran/AD_DA_tran.sdk/Uart_0/Debug/Uart_0.elf' is downloaded to processor 'ps7_cortexa9_0'.
21:35:40 INFO  : 'configparams force-mem-access 0' command is executed.
21:35:40 INFO  : ----------------XSDB Script----------------
connect -url tcp:127.0.0.1:3121
source F:/FPGA/work_space/AD_DA_tran/AD_DA_tran.sdk/FFT_OUT_hw_platform_0/ps7_init.tcl
targets -set -nocase -filter {name =~"APU*" && jtag_cable_name =~ "Digilent JTAG-SMT3 210357A7D00EA"} -index 0
loadhw -hw F:/FPGA/work_space/AD_DA_tran/AD_DA_tran.sdk/FFT_OUT_hw_platform_0/system.hdf -mem-ranges [list {0x40000000 0xbfffffff}]
configparams force-mem-access 1
targets -set -nocase -filter {name =~"APU*" && jtag_cable_name =~ "Digilent JTAG-SMT3 210357A7D00EA"} -index 0
stop
ps7_init
ps7_post_config
targets -set -nocase -filter {name =~ "ARM*#0" && jtag_cable_name =~ "Digilent JTAG-SMT3 210357A7D00EA"} -index 0
rst -processor
targets -set -nocase -filter {name =~ "ARM*#0" && jtag_cable_name =~ "Digilent JTAG-SMT3 210357A7D00EA"} -index 0
dow F:/FPGA/work_space/AD_DA_tran/AD_DA_tran.sdk/Uart_0/Debug/Uart_0.elf
configparams force-mem-access 0
----------------End of Script----------------

21:35:40 INFO  : Memory regions updated for context APU
21:35:41 INFO  : Context for processor 'ps7_cortexa9_0' is selected.
21:35:41 INFO  : 'con' command is executed.
21:35:41 INFO  : ----------------XSDB Script (After Launch)----------------
targets -set -nocase -filter {name =~ "ARM*#0" && jtag_cable_name =~ "Digilent JTAG-SMT3 210357A7D00EA"} -index 0
con
----------------End of Script----------------

21:35:41 INFO  : Launch script is exported to file 'F:\FPGA\work_space\AD_DA_tran\AD_DA_tran.sdk\.sdk\launch_scripts\xilinx_c-c++_application_(system_debugger)\system_debugger_using_debug_uart_0.elf_on_local.tcl'
21:36:22 INFO  : Disconnected from the channel tcfchan#13.
21:36:23 INFO  : 'targets -set -filter {jtag_cable_name =~ "Digilent JTAG-SMT3 210357A7D00EA" && level==0} -index 1' command is executed.
21:36:23 INFO  : 'fpga -state' command is executed.
21:36:23 INFO  : Connected to target on host '127.0.0.1' and port '3121'.
21:36:23 INFO  : Jtag cable 'Digilent JTAG-SMT3 210357A7D00EA' is selected.
21:36:23 INFO  : 'jtag frequency' command is executed.
21:36:23 INFO  : Sourcing of 'F:/FPGA/work_space/AD_DA_tran/AD_DA_tran.sdk/FFT_OUT_hw_platform_0/ps7_init.tcl' is done.
21:36:23 INFO  : Context for 'APU' is selected.
21:36:24 INFO  : Hardware design information is loaded from 'F:/FPGA/work_space/AD_DA_tran/AD_DA_tran.sdk/FFT_OUT_hw_platform_0/system.hdf'.
21:36:24 INFO  : 'configparams force-mem-access 1' command is executed.
21:36:24 INFO  : Context for 'APU' is selected.
21:36:24 INFO  : 'stop' command is executed.
21:36:24 INFO  : 'ps7_init' command is executed.
21:36:24 INFO  : 'ps7_post_config' command is executed.
21:36:24 INFO  : Context for processor 'ps7_cortexa9_0' is selected.
21:36:24 INFO  : Processor reset is completed for 'ps7_cortexa9_0'.
21:36:24 INFO  : Context for processor 'ps7_cortexa9_0' is selected.
21:36:25 INFO  : The application 'F:/FPGA/work_space/AD_DA_tran/AD_DA_tran.sdk/Uart_0/Debug/Uart_0.elf' is downloaded to processor 'ps7_cortexa9_0'.
21:36:25 INFO  : 'configparams force-mem-access 0' command is executed.
21:36:25 INFO  : ----------------XSDB Script----------------
connect -url tcp:127.0.0.1:3121
source F:/FPGA/work_space/AD_DA_tran/AD_DA_tran.sdk/FFT_OUT_hw_platform_0/ps7_init.tcl
targets -set -nocase -filter {name =~"APU*" && jtag_cable_name =~ "Digilent JTAG-SMT3 210357A7D00EA"} -index 0
loadhw -hw F:/FPGA/work_space/AD_DA_tran/AD_DA_tran.sdk/FFT_OUT_hw_platform_0/system.hdf -mem-ranges [list {0x40000000 0xbfffffff}]
configparams force-mem-access 1
targets -set -nocase -filter {name =~"APU*" && jtag_cable_name =~ "Digilent JTAG-SMT3 210357A7D00EA"} -index 0
stop
ps7_init
ps7_post_config
targets -set -nocase -filter {name =~ "ARM*#0" && jtag_cable_name =~ "Digilent JTAG-SMT3 210357A7D00EA"} -index 0
rst -processor
targets -set -nocase -filter {name =~ "ARM*#0" && jtag_cable_name =~ "Digilent JTAG-SMT3 210357A7D00EA"} -index 0
dow F:/FPGA/work_space/AD_DA_tran/AD_DA_tran.sdk/Uart_0/Debug/Uart_0.elf
configparams force-mem-access 0
----------------End of Script----------------

21:36:25 INFO  : Memory regions updated for context APU
21:36:25 INFO  : Context for processor 'ps7_cortexa9_0' is selected.
21:36:25 INFO  : 'con' command is executed.
21:36:25 INFO  : ----------------XSDB Script (After Launch)----------------
targets -set -nocase -filter {name =~ "ARM*#0" && jtag_cable_name =~ "Digilent JTAG-SMT3 210357A7D00EA"} -index 0
con
----------------End of Script----------------

21:36:25 INFO  : Launch script is exported to file 'F:\FPGA\work_space\AD_DA_tran\AD_DA_tran.sdk\.sdk\launch_scripts\xilinx_c-c++_application_(system_debugger)\system_debugger_using_debug_uart_0.elf_on_local.tcl'
21:45:53 INFO  : Disconnected from the channel tcfchan#14.
21:46:48 INFO  : 'targets -set -filter {jtag_cable_name =~ "Digilent JTAG-SMT3 210357A7D00EA" && level==0} -index 1' command is executed.
21:46:48 INFO  : 'fpga -state' command is executed.
21:46:48 INFO  : Connected to target on host '127.0.0.1' and port '3121'.
21:46:49 INFO  : Jtag cable 'Digilent JTAG-SMT3 210357A7D00EA' is selected.
21:46:49 INFO  : 'jtag frequency' command is executed.
21:46:49 INFO  : Sourcing of 'F:/FPGA/work_space/AD_DA_tran/AD_DA_tran.sdk/FFT_OUT_hw_platform_0/ps7_init.tcl' is done.
21:46:49 INFO  : Context for 'APU' is selected.
21:46:50 INFO  : Hardware design information is loaded from 'F:/FPGA/work_space/AD_DA_tran/AD_DA_tran.sdk/FFT_OUT_hw_platform_0/system.hdf'.
21:46:50 INFO  : 'configparams force-mem-access 1' command is executed.
21:46:50 INFO  : Context for 'APU' is selected.
21:46:50 INFO  : 'stop' command is executed.
21:46:50 INFO  : 'ps7_init' command is executed.
21:46:50 INFO  : 'ps7_post_config' command is executed.
21:46:50 INFO  : Context for processor 'ps7_cortexa9_0' is selected.
21:46:50 INFO  : Processor reset is completed for 'ps7_cortexa9_0'.
21:46:50 INFO  : Context for processor 'ps7_cortexa9_0' is selected.
21:46:50 INFO  : The application 'F:/FPGA/work_space/AD_DA_tran/AD_DA_tran.sdk/Uart_0/Debug/Uart_0.elf' is downloaded to processor 'ps7_cortexa9_0'.
21:46:50 INFO  : 'configparams force-mem-access 0' command is executed.
21:46:50 INFO  : ----------------XSDB Script----------------
connect -url tcp:127.0.0.1:3121
source F:/FPGA/work_space/AD_DA_tran/AD_DA_tran.sdk/FFT_OUT_hw_platform_0/ps7_init.tcl
targets -set -nocase -filter {name =~"APU*" && jtag_cable_name =~ "Digilent JTAG-SMT3 210357A7D00EA"} -index 0
loadhw -hw F:/FPGA/work_space/AD_DA_tran/AD_DA_tran.sdk/FFT_OUT_hw_platform_0/system.hdf -mem-ranges [list {0x40000000 0xbfffffff}]
configparams force-mem-access 1
targets -set -nocase -filter {name =~"APU*" && jtag_cable_name =~ "Digilent JTAG-SMT3 210357A7D00EA"} -index 0
stop
ps7_init
ps7_post_config
targets -set -nocase -filter {name =~ "ARM*#0" && jtag_cable_name =~ "Digilent JTAG-SMT3 210357A7D00EA"} -index 0
rst -processor
targets -set -nocase -filter {name =~ "ARM*#0" && jtag_cable_name =~ "Digilent JTAG-SMT3 210357A7D00EA"} -index 0
dow F:/FPGA/work_space/AD_DA_tran/AD_DA_tran.sdk/Uart_0/Debug/Uart_0.elf
configparams force-mem-access 0
----------------End of Script----------------

21:46:50 INFO  : Memory regions updated for context APU
21:46:50 INFO  : Context for processor 'ps7_cortexa9_0' is selected.
21:46:50 INFO  : 'con' command is executed.
21:46:50 INFO  : ----------------XSDB Script (After Launch)----------------
targets -set -nocase -filter {name =~ "ARM*#0" && jtag_cable_name =~ "Digilent JTAG-SMT3 210357A7D00EA"} -index 0
con
----------------End of Script----------------

21:46:50 INFO  : Launch script is exported to file 'F:\FPGA\work_space\AD_DA_tran\AD_DA_tran.sdk\.sdk\launch_scripts\xilinx_c-c++_application_(system_debugger)\system_debugger_using_debug_uart_0.elf_on_local.tcl'
21:50:30 INFO  : Disconnected from the channel tcfchan#15.
21:50:31 INFO  : 'targets -set -filter {jtag_cable_name =~ "Digilent JTAG-SMT3 210357A7D00EA" && level==0} -index 1' command is executed.
21:50:31 INFO  : 'fpga -state' command is executed.
21:50:31 INFO  : Connected to target on host '127.0.0.1' and port '3121'.
21:50:31 INFO  : Jtag cable 'Digilent JTAG-SMT3 210357A7D00EA' is selected.
21:50:31 INFO  : 'jtag frequency' command is executed.
21:50:31 INFO  : Sourcing of 'F:/FPGA/work_space/AD_DA_tran/AD_DA_tran.sdk/FFT_OUT_hw_platform_0/ps7_init.tcl' is done.
21:50:31 INFO  : Context for 'APU' is selected.
21:50:32 INFO  : Hardware design information is loaded from 'F:/FPGA/work_space/AD_DA_tran/AD_DA_tran.sdk/FFT_OUT_hw_platform_0/system.hdf'.
21:50:32 INFO  : 'configparams force-mem-access 1' command is executed.
21:50:32 INFO  : Context for 'APU' is selected.
21:50:32 INFO  : 'stop' command is executed.
21:50:32 INFO  : 'ps7_init' command is executed.
21:50:32 INFO  : 'ps7_post_config' command is executed.
21:50:32 INFO  : Context for processor 'ps7_cortexa9_0' is selected.
21:50:32 INFO  : Processor reset is completed for 'ps7_cortexa9_0'.
21:50:32 INFO  : Context for processor 'ps7_cortexa9_0' is selected.
21:50:32 INFO  : The application 'F:/FPGA/work_space/AD_DA_tran/AD_DA_tran.sdk/Uart_0/Debug/Uart_0.elf' is downloaded to processor 'ps7_cortexa9_0'.
21:50:32 INFO  : 'configparams force-mem-access 0' command is executed.
21:50:32 INFO  : ----------------XSDB Script----------------
connect -url tcp:127.0.0.1:3121
source F:/FPGA/work_space/AD_DA_tran/AD_DA_tran.sdk/FFT_OUT_hw_platform_0/ps7_init.tcl
targets -set -nocase -filter {name =~"APU*" && jtag_cable_name =~ "Digilent JTAG-SMT3 210357A7D00EA"} -index 0
loadhw -hw F:/FPGA/work_space/AD_DA_tran/AD_DA_tran.sdk/FFT_OUT_hw_platform_0/system.hdf -mem-ranges [list {0x40000000 0xbfffffff}]
configparams force-mem-access 1
targets -set -nocase -filter {name =~"APU*" && jtag_cable_name =~ "Digilent JTAG-SMT3 210357A7D00EA"} -index 0
stop
ps7_init
ps7_post_config
targets -set -nocase -filter {name =~ "ARM*#0" && jtag_cable_name =~ "Digilent JTAG-SMT3 210357A7D00EA"} -index 0
rst -processor
targets -set -nocase -filter {name =~ "ARM*#0" && jtag_cable_name =~ "Digilent JTAG-SMT3 210357A7D00EA"} -index 0
dow F:/FPGA/work_space/AD_DA_tran/AD_DA_tran.sdk/Uart_0/Debug/Uart_0.elf
configparams force-mem-access 0
----------------End of Script----------------

21:50:33 INFO  : Memory regions updated for context APU
21:50:33 INFO  : Context for processor 'ps7_cortexa9_0' is selected.
21:50:33 INFO  : 'con' command is executed.
21:50:33 INFO  : ----------------XSDB Script (After Launch)----------------
targets -set -nocase -filter {name =~ "ARM*#0" && jtag_cable_name =~ "Digilent JTAG-SMT3 210357A7D00EA"} -index 0
con
----------------End of Script----------------

21:50:33 INFO  : Launch script is exported to file 'F:\FPGA\work_space\AD_DA_tran\AD_DA_tran.sdk\.sdk\launch_scripts\xilinx_c-c++_application_(system_debugger)\system_debugger_using_debug_uart_0.elf_on_local.tcl'
21:52:21 INFO  : Disconnected from the channel tcfchan#16.
21:52:22 INFO  : 'targets -set -filter {jtag_cable_name =~ "Digilent JTAG-SMT3 210357A7D00EA" && level==0} -index 1' command is executed.
21:52:22 INFO  : 'fpga -state' command is executed.
21:52:22 INFO  : Connected to target on host '127.0.0.1' and port '3121'.
21:52:22 INFO  : Jtag cable 'Digilent JTAG-SMT3 210357A7D00EA' is selected.
21:52:22 INFO  : 'jtag frequency' command is executed.
21:52:22 INFO  : Sourcing of 'F:/FPGA/work_space/AD_DA_tran/AD_DA_tran.sdk/FFT_OUT_hw_platform_0/ps7_init.tcl' is done.
21:52:23 INFO  : Context for 'APU' is selected.
21:52:23 INFO  : Hardware design information is loaded from 'F:/FPGA/work_space/AD_DA_tran/AD_DA_tran.sdk/FFT_OUT_hw_platform_0/system.hdf'.
21:52:23 INFO  : 'configparams force-mem-access 1' command is executed.
21:52:23 INFO  : Context for 'APU' is selected.
21:52:23 INFO  : 'stop' command is executed.
21:52:24 INFO  : 'ps7_init' command is executed.
21:52:24 INFO  : 'ps7_post_config' command is executed.
21:52:24 INFO  : Context for processor 'ps7_cortexa9_0' is selected.
21:52:24 INFO  : Processor reset is completed for 'ps7_cortexa9_0'.
21:52:24 INFO  : Context for processor 'ps7_cortexa9_0' is selected.
21:52:24 INFO  : The application 'F:/FPGA/work_space/AD_DA_tran/AD_DA_tran.sdk/Uart_0/Debug/Uart_0.elf' is downloaded to processor 'ps7_cortexa9_0'.
21:52:24 INFO  : 'configparams force-mem-access 0' command is executed.
21:52:24 INFO  : ----------------XSDB Script----------------
connect -url tcp:127.0.0.1:3121
source F:/FPGA/work_space/AD_DA_tran/AD_DA_tran.sdk/FFT_OUT_hw_platform_0/ps7_init.tcl
targets -set -nocase -filter {name =~"APU*" && jtag_cable_name =~ "Digilent JTAG-SMT3 210357A7D00EA"} -index 0
loadhw -hw F:/FPGA/work_space/AD_DA_tran/AD_DA_tran.sdk/FFT_OUT_hw_platform_0/system.hdf -mem-ranges [list {0x40000000 0xbfffffff}]
configparams force-mem-access 1
targets -set -nocase -filter {name =~"APU*" && jtag_cable_name =~ "Digilent JTAG-SMT3 210357A7D00EA"} -index 0
stop
ps7_init
ps7_post_config
targets -set -nocase -filter {name =~ "ARM*#0" && jtag_cable_name =~ "Digilent JTAG-SMT3 210357A7D00EA"} -index 0
rst -processor
targets -set -nocase -filter {name =~ "ARM*#0" && jtag_cable_name =~ "Digilent JTAG-SMT3 210357A7D00EA"} -index 0
dow F:/FPGA/work_space/AD_DA_tran/AD_DA_tran.sdk/Uart_0/Debug/Uart_0.elf
configparams force-mem-access 0
----------------End of Script----------------

21:52:24 INFO  : Memory regions updated for context APU
21:52:24 INFO  : Context for processor 'ps7_cortexa9_0' is selected.
21:52:24 INFO  : 'con' command is executed.
21:52:24 INFO  : ----------------XSDB Script (After Launch)----------------
targets -set -nocase -filter {name =~ "ARM*#0" && jtag_cable_name =~ "Digilent JTAG-SMT3 210357A7D00EA"} -index 0
con
----------------End of Script----------------

21:52:24 INFO  : Launch script is exported to file 'F:\FPGA\work_space\AD_DA_tran\AD_DA_tran.sdk\.sdk\launch_scripts\xilinx_c-c++_application_(system_debugger)\system_debugger_using_debug_uart_0.elf_on_local.tcl'
21:56:33 INFO  : Disconnected from the channel tcfchan#17.
21:56:34 INFO  : 'targets -set -filter {jtag_cable_name =~ "Digilent JTAG-SMT3 210357A7D00EA" && level==0} -index 1' command is executed.
21:56:34 INFO  : 'fpga -state' command is executed.
21:56:34 INFO  : Connected to target on host '127.0.0.1' and port '3121'.
21:56:34 INFO  : Jtag cable 'Digilent JTAG-SMT3 210357A7D00EA' is selected.
21:56:34 INFO  : 'jtag frequency' command is executed.
21:56:34 INFO  : Sourcing of 'F:/FPGA/work_space/AD_DA_tran/AD_DA_tran.sdk/FFT_OUT_hw_platform_0/ps7_init.tcl' is done.
21:56:34 INFO  : Context for 'APU' is selected.
21:56:35 INFO  : Hardware design information is loaded from 'F:/FPGA/work_space/AD_DA_tran/AD_DA_tran.sdk/FFT_OUT_hw_platform_0/system.hdf'.
21:56:35 INFO  : 'configparams force-mem-access 1' command is executed.
21:56:35 INFO  : Context for 'APU' is selected.
21:56:35 INFO  : 'stop' command is executed.
21:56:35 INFO  : 'ps7_init' command is executed.
21:56:35 INFO  : 'ps7_post_config' command is executed.
21:56:35 INFO  : Context for processor 'ps7_cortexa9_0' is selected.
21:56:35 INFO  : Processor reset is completed for 'ps7_cortexa9_0'.
21:56:35 INFO  : Context for processor 'ps7_cortexa9_0' is selected.
21:56:35 INFO  : The application 'F:/FPGA/work_space/AD_DA_tran/AD_DA_tran.sdk/Uart_0/Debug/Uart_0.elf' is downloaded to processor 'ps7_cortexa9_0'.
21:56:35 INFO  : 'configparams force-mem-access 0' command is executed.
21:56:35 INFO  : ----------------XSDB Script----------------
connect -url tcp:127.0.0.1:3121
source F:/FPGA/work_space/AD_DA_tran/AD_DA_tran.sdk/FFT_OUT_hw_platform_0/ps7_init.tcl
targets -set -nocase -filter {name =~"APU*" && jtag_cable_name =~ "Digilent JTAG-SMT3 210357A7D00EA"} -index 0
loadhw -hw F:/FPGA/work_space/AD_DA_tran/AD_DA_tran.sdk/FFT_OUT_hw_platform_0/system.hdf -mem-ranges [list {0x40000000 0xbfffffff}]
configparams force-mem-access 1
targets -set -nocase -filter {name =~"APU*" && jtag_cable_name =~ "Digilent JTAG-SMT3 210357A7D00EA"} -index 0
stop
ps7_init
ps7_post_config
targets -set -nocase -filter {name =~ "ARM*#0" && jtag_cable_name =~ "Digilent JTAG-SMT3 210357A7D00EA"} -index 0
rst -processor
targets -set -nocase -filter {name =~ "ARM*#0" && jtag_cable_name =~ "Digilent JTAG-SMT3 210357A7D00EA"} -index 0
dow F:/FPGA/work_space/AD_DA_tran/AD_DA_tran.sdk/Uart_0/Debug/Uart_0.elf
configparams force-mem-access 0
----------------End of Script----------------

21:56:35 INFO  : Memory regions updated for context APU
21:56:35 INFO  : Context for processor 'ps7_cortexa9_0' is selected.
21:56:35 INFO  : 'con' command is executed.
21:56:35 INFO  : ----------------XSDB Script (After Launch)----------------
targets -set -nocase -filter {name =~ "ARM*#0" && jtag_cable_name =~ "Digilent JTAG-SMT3 210357A7D00EA"} -index 0
con
----------------End of Script----------------

21:56:35 INFO  : Launch script is exported to file 'F:\FPGA\work_space\AD_DA_tran\AD_DA_tran.sdk\.sdk\launch_scripts\xilinx_c-c++_application_(system_debugger)\system_debugger_using_debug_uart_0.elf_on_local.tcl'
22:05:04 INFO  : Disconnected from the channel tcfchan#18.
22:05:05 INFO  : 'targets -set -filter {jtag_cable_name =~ "Digilent JTAG-SMT3 210357A7D00EA" && level==0} -index 1' command is executed.
22:05:05 INFO  : 'fpga -state' command is executed.
22:05:05 INFO  : Connected to target on host '127.0.0.1' and port '3121'.
22:05:06 INFO  : Jtag cable 'Digilent JTAG-SMT3 210357A7D00EA' is selected.
22:05:06 INFO  : 'jtag frequency' command is executed.
22:05:06 INFO  : Sourcing of 'F:/FPGA/work_space/AD_DA_tran/AD_DA_tran.sdk/FFT_OUT_hw_platform_0/ps7_init.tcl' is done.
22:05:06 INFO  : Context for 'APU' is selected.
22:05:06 INFO  : Hardware design information is loaded from 'F:/FPGA/work_space/AD_DA_tran/AD_DA_tran.sdk/FFT_OUT_hw_platform_0/system.hdf'.
22:05:06 INFO  : 'configparams force-mem-access 1' command is executed.
22:05:06 INFO  : Context for 'APU' is selected.
22:05:07 INFO  : 'stop' command is executed.
22:05:07 INFO  : 'ps7_init' command is executed.
22:05:07 INFO  : 'ps7_post_config' command is executed.
22:05:07 INFO  : Context for processor 'ps7_cortexa9_0' is selected.
22:05:07 INFO  : Processor reset is completed for 'ps7_cortexa9_0'.
22:05:07 INFO  : Context for processor 'ps7_cortexa9_0' is selected.
22:05:07 INFO  : The application 'F:/FPGA/work_space/AD_DA_tran/AD_DA_tran.sdk/Uart_0/Debug/Uart_0.elf' is downloaded to processor 'ps7_cortexa9_0'.
22:05:07 INFO  : 'configparams force-mem-access 0' command is executed.
22:05:07 INFO  : ----------------XSDB Script----------------
connect -url tcp:127.0.0.1:3121
source F:/FPGA/work_space/AD_DA_tran/AD_DA_tran.sdk/FFT_OUT_hw_platform_0/ps7_init.tcl
targets -set -nocase -filter {name =~"APU*" && jtag_cable_name =~ "Digilent JTAG-SMT3 210357A7D00EA"} -index 0
loadhw -hw F:/FPGA/work_space/AD_DA_tran/AD_DA_tran.sdk/FFT_OUT_hw_platform_0/system.hdf -mem-ranges [list {0x40000000 0xbfffffff}]
configparams force-mem-access 1
targets -set -nocase -filter {name =~"APU*" && jtag_cable_name =~ "Digilent JTAG-SMT3 210357A7D00EA"} -index 0
stop
ps7_init
ps7_post_config
targets -set -nocase -filter {name =~ "ARM*#0" && jtag_cable_name =~ "Digilent JTAG-SMT3 210357A7D00EA"} -index 0
rst -processor
targets -set -nocase -filter {name =~ "ARM*#0" && jtag_cable_name =~ "Digilent JTAG-SMT3 210357A7D00EA"} -index 0
dow F:/FPGA/work_space/AD_DA_tran/AD_DA_tran.sdk/Uart_0/Debug/Uart_0.elf
configparams force-mem-access 0
----------------End of Script----------------

22:05:07 INFO  : Memory regions updated for context APU
22:05:07 INFO  : Context for processor 'ps7_cortexa9_0' is selected.
22:05:07 INFO  : 'con' command is executed.
22:05:07 INFO  : ----------------XSDB Script (After Launch)----------------
targets -set -nocase -filter {name =~ "ARM*#0" && jtag_cable_name =~ "Digilent JTAG-SMT3 210357A7D00EA"} -index 0
con
----------------End of Script----------------

22:05:07 INFO  : Launch script is exported to file 'F:\FPGA\work_space\AD_DA_tran\AD_DA_tran.sdk\.sdk\launch_scripts\xilinx_c-c++_application_(system_debugger)\system_debugger_using_debug_uart_0.elf_on_local.tcl'
22:06:50 INFO  : Disconnected from the channel tcfchan#19.
22:06:51 INFO  : 'targets -set -filter {jtag_cable_name =~ "Digilent JTAG-SMT3 210357A7D00EA" && level==0} -index 1' command is executed.
22:06:51 INFO  : 'fpga -state' command is executed.
22:06:51 INFO  : Connected to target on host '127.0.0.1' and port '3121'.
22:06:51 INFO  : Jtag cable 'Digilent JTAG-SMT3 210357A7D00EA' is selected.
22:06:51 INFO  : 'jtag frequency' command is executed.
22:06:51 INFO  : Sourcing of 'F:/FPGA/work_space/AD_DA_tran/AD_DA_tran.sdk/FFT_OUT_hw_platform_0/ps7_init.tcl' is done.
22:06:51 INFO  : Context for 'APU' is selected.
22:06:51 INFO  : Hardware design information is loaded from 'F:/FPGA/work_space/AD_DA_tran/AD_DA_tran.sdk/FFT_OUT_hw_platform_0/system.hdf'.
22:06:51 INFO  : 'configparams force-mem-access 1' command is executed.
22:06:51 INFO  : Context for 'APU' is selected.
22:06:51 INFO  : 'stop' command is executed.
22:06:52 INFO  : 'ps7_init' command is executed.
22:06:52 INFO  : 'ps7_post_config' command is executed.
22:06:52 INFO  : Context for processor 'ps7_cortexa9_0' is selected.
22:06:52 INFO  : Processor reset is completed for 'ps7_cortexa9_0'.
22:06:52 INFO  : Context for processor 'ps7_cortexa9_0' is selected.
22:06:52 INFO  : The application 'F:/FPGA/work_space/AD_DA_tran/AD_DA_tran.sdk/Uart_0/Debug/Uart_0.elf' is downloaded to processor 'ps7_cortexa9_0'.
22:06:52 INFO  : 'configparams force-mem-access 0' command is executed.
22:06:52 INFO  : ----------------XSDB Script----------------
connect -url tcp:127.0.0.1:3121
source F:/FPGA/work_space/AD_DA_tran/AD_DA_tran.sdk/FFT_OUT_hw_platform_0/ps7_init.tcl
targets -set -nocase -filter {name =~"APU*" && jtag_cable_name =~ "Digilent JTAG-SMT3 210357A7D00EA"} -index 0
loadhw -hw F:/FPGA/work_space/AD_DA_tran/AD_DA_tran.sdk/FFT_OUT_hw_platform_0/system.hdf -mem-ranges [list {0x40000000 0xbfffffff}]
configparams force-mem-access 1
targets -set -nocase -filter {name =~"APU*" && jtag_cable_name =~ "Digilent JTAG-SMT3 210357A7D00EA"} -index 0
stop
ps7_init
ps7_post_config
targets -set -nocase -filter {name =~ "ARM*#0" && jtag_cable_name =~ "Digilent JTAG-SMT3 210357A7D00EA"} -index 0
rst -processor
targets -set -nocase -filter {name =~ "ARM*#0" && jtag_cable_name =~ "Digilent JTAG-SMT3 210357A7D00EA"} -index 0
dow F:/FPGA/work_space/AD_DA_tran/AD_DA_tran.sdk/Uart_0/Debug/Uart_0.elf
configparams force-mem-access 0
----------------End of Script----------------

22:06:52 INFO  : Memory regions updated for context APU
22:06:52 INFO  : Context for processor 'ps7_cortexa9_0' is selected.
22:06:52 INFO  : 'con' command is executed.
22:06:52 INFO  : ----------------XSDB Script (After Launch)----------------
targets -set -nocase -filter {name =~ "ARM*#0" && jtag_cable_name =~ "Digilent JTAG-SMT3 210357A7D00EA"} -index 0
con
----------------End of Script----------------

22:06:52 INFO  : Launch script is exported to file 'F:\FPGA\work_space\AD_DA_tran\AD_DA_tran.sdk\.sdk\launch_scripts\xilinx_c-c++_application_(system_debugger)\system_debugger_using_debug_uart_0.elf_on_local.tcl'
22:12:59 INFO  : Disconnected from the channel tcfchan#20.
22:13:00 INFO  : 'targets -set -filter {jtag_cable_name =~ "Digilent JTAG-SMT3 210357A7D00EA" && level==0} -index 1' command is executed.
22:13:00 INFO  : 'fpga -state' command is executed.
22:13:00 INFO  : Connected to target on host '127.0.0.1' and port '3121'.
22:13:00 INFO  : Jtag cable 'Digilent JTAG-SMT3 210357A7D00EA' is selected.
22:13:00 INFO  : 'jtag frequency' command is executed.
22:13:00 INFO  : Sourcing of 'F:/FPGA/work_space/AD_DA_tran/AD_DA_tran.sdk/FFT_OUT_hw_platform_0/ps7_init.tcl' is done.
22:13:00 INFO  : Context for 'APU' is selected.
22:13:01 INFO  : Hardware design information is loaded from 'F:/FPGA/work_space/AD_DA_tran/AD_DA_tran.sdk/FFT_OUT_hw_platform_0/system.hdf'.
22:13:01 INFO  : 'configparams force-mem-access 1' command is executed.
22:13:01 INFO  : Context for 'APU' is selected.
22:13:01 INFO  : 'stop' command is executed.
22:13:02 INFO  : 'ps7_init' command is executed.
22:13:02 INFO  : 'ps7_post_config' command is executed.
22:13:02 INFO  : Context for processor 'ps7_cortexa9_0' is selected.
22:13:02 INFO  : Processor reset is completed for 'ps7_cortexa9_0'.
22:13:02 INFO  : Context for processor 'ps7_cortexa9_0' is selected.
22:13:02 INFO  : The application 'F:/FPGA/work_space/AD_DA_tran/AD_DA_tran.sdk/Uart_0/Debug/Uart_0.elf' is downloaded to processor 'ps7_cortexa9_0'.
22:13:02 INFO  : 'configparams force-mem-access 0' command is executed.
22:13:02 INFO  : ----------------XSDB Script----------------
connect -url tcp:127.0.0.1:3121
source F:/FPGA/work_space/AD_DA_tran/AD_DA_tran.sdk/FFT_OUT_hw_platform_0/ps7_init.tcl
targets -set -nocase -filter {name =~"APU*" && jtag_cable_name =~ "Digilent JTAG-SMT3 210357A7D00EA"} -index 0
loadhw -hw F:/FPGA/work_space/AD_DA_tran/AD_DA_tran.sdk/FFT_OUT_hw_platform_0/system.hdf -mem-ranges [list {0x40000000 0xbfffffff}]
configparams force-mem-access 1
targets -set -nocase -filter {name =~"APU*" && jtag_cable_name =~ "Digilent JTAG-SMT3 210357A7D00EA"} -index 0
stop
ps7_init
ps7_post_config
targets -set -nocase -filter {name =~ "ARM*#0" && jtag_cable_name =~ "Digilent JTAG-SMT3 210357A7D00EA"} -index 0
rst -processor
targets -set -nocase -filter {name =~ "ARM*#0" && jtag_cable_name =~ "Digilent JTAG-SMT3 210357A7D00EA"} -index 0
dow F:/FPGA/work_space/AD_DA_tran/AD_DA_tran.sdk/Uart_0/Debug/Uart_0.elf
configparams force-mem-access 0
----------------End of Script----------------

22:13:02 INFO  : Memory regions updated for context APU
22:13:02 INFO  : Context for processor 'ps7_cortexa9_0' is selected.
22:13:02 INFO  : 'con' command is executed.
22:13:02 INFO  : ----------------XSDB Script (After Launch)----------------
targets -set -nocase -filter {name =~ "ARM*#0" && jtag_cable_name =~ "Digilent JTAG-SMT3 210357A7D00EA"} -index 0
con
----------------End of Script----------------

22:13:02 INFO  : Launch script is exported to file 'F:\FPGA\work_space\AD_DA_tran\AD_DA_tran.sdk\.sdk\launch_scripts\xilinx_c-c++_application_(system_debugger)\system_debugger_using_debug_uart_0.elf_on_local.tcl'
22:18:36 INFO  : Disconnected from the channel tcfchan#21.
22:18:37 INFO  : 'targets -set -filter {jtag_cable_name =~ "Digilent JTAG-SMT3 210357A7D00EA" && level==0} -index 1' command is executed.
22:18:37 INFO  : 'fpga -state' command is executed.
22:18:37 INFO  : Connected to target on host '127.0.0.1' and port '3121'.
22:18:38 INFO  : Jtag cable 'Digilent JTAG-SMT3 210357A7D00EA' is selected.
22:18:38 INFO  : 'jtag frequency' command is executed.
22:18:38 INFO  : Sourcing of 'F:/FPGA/work_space/AD_DA_tran/AD_DA_tran.sdk/FFT_OUT_hw_platform_0/ps7_init.tcl' is done.
22:18:38 INFO  : Context for 'APU' is selected.
22:18:39 INFO  : Hardware design information is loaded from 'F:/FPGA/work_space/AD_DA_tran/AD_DA_tran.sdk/FFT_OUT_hw_platform_0/system.hdf'.
22:18:39 INFO  : 'configparams force-mem-access 1' command is executed.
22:18:39 INFO  : Context for 'APU' is selected.
22:18:39 INFO  : 'stop' command is executed.
22:18:39 INFO  : 'ps7_init' command is executed.
22:18:39 INFO  : 'ps7_post_config' command is executed.
22:18:39 INFO  : Context for processor 'ps7_cortexa9_0' is selected.
22:18:39 INFO  : Processor reset is completed for 'ps7_cortexa9_0'.
22:18:39 INFO  : Context for processor 'ps7_cortexa9_0' is selected.
22:18:40 INFO  : The application 'F:/FPGA/work_space/AD_DA_tran/AD_DA_tran.sdk/Uart_0/Debug/Uart_0.elf' is downloaded to processor 'ps7_cortexa9_0'.
22:18:40 INFO  : 'configparams force-mem-access 0' command is executed.
22:18:40 INFO  : ----------------XSDB Script----------------
connect -url tcp:127.0.0.1:3121
source F:/FPGA/work_space/AD_DA_tran/AD_DA_tran.sdk/FFT_OUT_hw_platform_0/ps7_init.tcl
targets -set -nocase -filter {name =~"APU*" && jtag_cable_name =~ "Digilent JTAG-SMT3 210357A7D00EA"} -index 0
loadhw -hw F:/FPGA/work_space/AD_DA_tran/AD_DA_tran.sdk/FFT_OUT_hw_platform_0/system.hdf -mem-ranges [list {0x40000000 0xbfffffff}]
configparams force-mem-access 1
targets -set -nocase -filter {name =~"APU*" && jtag_cable_name =~ "Digilent JTAG-SMT3 210357A7D00EA"} -index 0
stop
ps7_init
ps7_post_config
targets -set -nocase -filter {name =~ "ARM*#0" && jtag_cable_name =~ "Digilent JTAG-SMT3 210357A7D00EA"} -index 0
rst -processor
targets -set -nocase -filter {name =~ "ARM*#0" && jtag_cable_name =~ "Digilent JTAG-SMT3 210357A7D00EA"} -index 0
dow F:/FPGA/work_space/AD_DA_tran/AD_DA_tran.sdk/Uart_0/Debug/Uart_0.elf
configparams force-mem-access 0
----------------End of Script----------------

22:18:40 INFO  : Memory regions updated for context APU
22:18:40 INFO  : Context for processor 'ps7_cortexa9_0' is selected.
22:18:40 INFO  : 'con' command is executed.
22:18:40 INFO  : ----------------XSDB Script (After Launch)----------------
targets -set -nocase -filter {name =~ "ARM*#0" && jtag_cable_name =~ "Digilent JTAG-SMT3 210357A7D00EA"} -index 0
con
----------------End of Script----------------

22:18:40 INFO  : Launch script is exported to file 'F:\FPGA\work_space\AD_DA_tran\AD_DA_tran.sdk\.sdk\launch_scripts\xilinx_c-c++_application_(system_debugger)\system_debugger_using_debug_uart_0.elf_on_local.tcl'
22:27:41 INFO  : Disconnected from the channel tcfchan#22.
22:27:42 INFO  : 'targets -set -filter {jtag_cable_name =~ "Digilent JTAG-SMT3 210357A7D00EA" && level==0} -index 1' command is executed.
22:27:42 INFO  : 'fpga -state' command is executed.
22:27:42 INFO  : Connected to target on host '127.0.0.1' and port '3121'.
22:27:42 INFO  : Jtag cable 'Digilent JTAG-SMT3 210357A7D00EA' is selected.
22:27:42 INFO  : 'jtag frequency' command is executed.
22:27:42 INFO  : Sourcing of 'F:/FPGA/work_space/AD_DA_tran/AD_DA_tran.sdk/FFT_OUT_hw_platform_0/ps7_init.tcl' is done.
22:27:42 INFO  : Context for 'APU' is selected.
22:27:43 INFO  : Hardware design information is loaded from 'F:/FPGA/work_space/AD_DA_tran/AD_DA_tran.sdk/FFT_OUT_hw_platform_0/system.hdf'.
22:27:43 INFO  : 'configparams force-mem-access 1' command is executed.
22:27:43 INFO  : Context for 'APU' is selected.
22:27:43 INFO  : 'stop' command is executed.
22:27:44 INFO  : 'ps7_init' command is executed.
22:27:44 INFO  : 'ps7_post_config' command is executed.
22:27:44 INFO  : Context for processor 'ps7_cortexa9_0' is selected.
22:27:44 INFO  : Processor reset is completed for 'ps7_cortexa9_0'.
22:27:44 INFO  : Context for processor 'ps7_cortexa9_0' is selected.
22:27:44 INFO  : The application 'F:/FPGA/work_space/AD_DA_tran/AD_DA_tran.sdk/Uart_0/Debug/Uart_0.elf' is downloaded to processor 'ps7_cortexa9_0'.
22:27:44 INFO  : 'configparams force-mem-access 0' command is executed.
22:27:44 INFO  : ----------------XSDB Script----------------
connect -url tcp:127.0.0.1:3121
source F:/FPGA/work_space/AD_DA_tran/AD_DA_tran.sdk/FFT_OUT_hw_platform_0/ps7_init.tcl
targets -set -nocase -filter {name =~"APU*" && jtag_cable_name =~ "Digilent JTAG-SMT3 210357A7D00EA"} -index 0
loadhw -hw F:/FPGA/work_space/AD_DA_tran/AD_DA_tran.sdk/FFT_OUT_hw_platform_0/system.hdf -mem-ranges [list {0x40000000 0xbfffffff}]
configparams force-mem-access 1
targets -set -nocase -filter {name =~"APU*" && jtag_cable_name =~ "Digilent JTAG-SMT3 210357A7D00EA"} -index 0
stop
ps7_init
ps7_post_config
targets -set -nocase -filter {name =~ "ARM*#0" && jtag_cable_name =~ "Digilent JTAG-SMT3 210357A7D00EA"} -index 0
rst -processor
targets -set -nocase -filter {name =~ "ARM*#0" && jtag_cable_name =~ "Digilent JTAG-SMT3 210357A7D00EA"} -index 0
dow F:/FPGA/work_space/AD_DA_tran/AD_DA_tran.sdk/Uart_0/Debug/Uart_0.elf
configparams force-mem-access 0
----------------End of Script----------------

22:27:44 INFO  : Memory regions updated for context APU
22:27:44 INFO  : Context for processor 'ps7_cortexa9_0' is selected.
22:27:44 INFO  : 'con' command is executed.
22:27:44 INFO  : ----------------XSDB Script (After Launch)----------------
targets -set -nocase -filter {name =~ "ARM*#0" && jtag_cable_name =~ "Digilent JTAG-SMT3 210357A7D00EA"} -index 0
con
----------------End of Script----------------

22:27:44 INFO  : Launch script is exported to file 'F:\FPGA\work_space\AD_DA_tran\AD_DA_tran.sdk\.sdk\launch_scripts\xilinx_c-c++_application_(system_debugger)\system_debugger_using_debug_uart_0.elf_on_local.tcl'
22:28:44 INFO  : Disconnected from the channel tcfchan#23.
22:28:45 INFO  : 'targets -set -filter {jtag_cable_name =~ "Digilent JTAG-SMT3 210357A7D00EA" && level==0} -index 1' command is executed.
22:28:45 INFO  : 'fpga -state' command is executed.
22:28:45 INFO  : Connected to target on host '127.0.0.1' and port '3121'.
22:28:45 INFO  : Jtag cable 'Digilent JTAG-SMT3 210357A7D00EA' is selected.
22:28:45 INFO  : 'jtag frequency' command is executed.
22:28:45 INFO  : Sourcing of 'F:/FPGA/work_space/AD_DA_tran/AD_DA_tran.sdk/FFT_OUT_hw_platform_0/ps7_init.tcl' is done.
22:28:45 INFO  : Context for 'APU' is selected.
22:28:46 INFO  : Hardware design information is loaded from 'F:/FPGA/work_space/AD_DA_tran/AD_DA_tran.sdk/FFT_OUT_hw_platform_0/system.hdf'.
22:28:46 INFO  : 'configparams force-mem-access 1' command is executed.
22:28:46 INFO  : Context for 'APU' is selected.
22:28:46 INFO  : 'stop' command is executed.
22:28:46 INFO  : 'ps7_init' command is executed.
22:28:46 INFO  : 'ps7_post_config' command is executed.
22:28:46 INFO  : Context for processor 'ps7_cortexa9_0' is selected.
22:28:46 INFO  : Processor reset is completed for 'ps7_cortexa9_0'.
22:28:46 INFO  : Context for processor 'ps7_cortexa9_0' is selected.
22:28:46 INFO  : The application 'F:/FPGA/work_space/AD_DA_tran/AD_DA_tran.sdk/Uart_0/Debug/Uart_0.elf' is downloaded to processor 'ps7_cortexa9_0'.
22:28:46 INFO  : 'configparams force-mem-access 0' command is executed.
22:28:46 INFO  : ----------------XSDB Script----------------
connect -url tcp:127.0.0.1:3121
source F:/FPGA/work_space/AD_DA_tran/AD_DA_tran.sdk/FFT_OUT_hw_platform_0/ps7_init.tcl
targets -set -nocase -filter {name =~"APU*" && jtag_cable_name =~ "Digilent JTAG-SMT3 210357A7D00EA"} -index 0
loadhw -hw F:/FPGA/work_space/AD_DA_tran/AD_DA_tran.sdk/FFT_OUT_hw_platform_0/system.hdf -mem-ranges [list {0x40000000 0xbfffffff}]
configparams force-mem-access 1
targets -set -nocase -filter {name =~"APU*" && jtag_cable_name =~ "Digilent JTAG-SMT3 210357A7D00EA"} -index 0
stop
ps7_init
ps7_post_config
targets -set -nocase -filter {name =~ "ARM*#0" && jtag_cable_name =~ "Digilent JTAG-SMT3 210357A7D00EA"} -index 0
rst -processor
targets -set -nocase -filter {name =~ "ARM*#0" && jtag_cable_name =~ "Digilent JTAG-SMT3 210357A7D00EA"} -index 0
dow F:/FPGA/work_space/AD_DA_tran/AD_DA_tran.sdk/Uart_0/Debug/Uart_0.elf
configparams force-mem-access 0
----------------End of Script----------------

22:28:46 INFO  : Memory regions updated for context APU
22:28:46 INFO  : Context for processor 'ps7_cortexa9_0' is selected.
22:28:47 INFO  : 'con' command is executed.
22:28:47 INFO  : ----------------XSDB Script (After Launch)----------------
targets -set -nocase -filter {name =~ "ARM*#0" && jtag_cable_name =~ "Digilent JTAG-SMT3 210357A7D00EA"} -index 0
con
----------------End of Script----------------

22:28:47 INFO  : Launch script is exported to file 'F:\FPGA\work_space\AD_DA_tran\AD_DA_tran.sdk\.sdk\launch_scripts\xilinx_c-c++_application_(system_debugger)\system_debugger_using_debug_uart_0.elf_on_local.tcl'
22:31:50 INFO  : Disconnected from the channel tcfchan#24.
22:31:51 INFO  : 'targets -set -filter {jtag_cable_name =~ "Digilent JTAG-SMT3 210357A7D00EA" && level==0} -index 1' command is executed.
22:31:51 INFO  : 'fpga -state' command is executed.
22:31:51 INFO  : Connected to target on host '127.0.0.1' and port '3121'.
22:31:52 INFO  : Jtag cable 'Digilent JTAG-SMT3 210357A7D00EA' is selected.
22:31:52 INFO  : 'jtag frequency' command is executed.
22:31:52 INFO  : Sourcing of 'F:/FPGA/work_space/AD_DA_tran/AD_DA_tran.sdk/FFT_OUT_hw_platform_0/ps7_init.tcl' is done.
22:31:52 INFO  : Context for 'APU' is selected.
22:31:52 INFO  : Hardware design information is loaded from 'F:/FPGA/work_space/AD_DA_tran/AD_DA_tran.sdk/FFT_OUT_hw_platform_0/system.hdf'.
22:31:52 INFO  : 'configparams force-mem-access 1' command is executed.
22:31:52 INFO  : Context for 'APU' is selected.
22:31:52 INFO  : 'stop' command is executed.
22:31:53 INFO  : 'ps7_init' command is executed.
22:31:53 INFO  : 'ps7_post_config' command is executed.
22:31:53 INFO  : Context for processor 'ps7_cortexa9_0' is selected.
22:31:53 INFO  : Processor reset is completed for 'ps7_cortexa9_0'.
22:31:53 INFO  : Context for processor 'ps7_cortexa9_0' is selected.
22:31:53 INFO  : The application 'F:/FPGA/work_space/AD_DA_tran/AD_DA_tran.sdk/Uart_0/Debug/Uart_0.elf' is downloaded to processor 'ps7_cortexa9_0'.
22:31:53 INFO  : 'configparams force-mem-access 0' command is executed.
22:31:53 INFO  : ----------------XSDB Script----------------
connect -url tcp:127.0.0.1:3121
source F:/FPGA/work_space/AD_DA_tran/AD_DA_tran.sdk/FFT_OUT_hw_platform_0/ps7_init.tcl
targets -set -nocase -filter {name =~"APU*" && jtag_cable_name =~ "Digilent JTAG-SMT3 210357A7D00EA"} -index 0
loadhw -hw F:/FPGA/work_space/AD_DA_tran/AD_DA_tran.sdk/FFT_OUT_hw_platform_0/system.hdf -mem-ranges [list {0x40000000 0xbfffffff}]
configparams force-mem-access 1
targets -set -nocase -filter {name =~"APU*" && jtag_cable_name =~ "Digilent JTAG-SMT3 210357A7D00EA"} -index 0
stop
ps7_init
ps7_post_config
targets -set -nocase -filter {name =~ "ARM*#0" && jtag_cable_name =~ "Digilent JTAG-SMT3 210357A7D00EA"} -index 0
rst -processor
targets -set -nocase -filter {name =~ "ARM*#0" && jtag_cable_name =~ "Digilent JTAG-SMT3 210357A7D00EA"} -index 0
dow F:/FPGA/work_space/AD_DA_tran/AD_DA_tran.sdk/Uart_0/Debug/Uart_0.elf
configparams force-mem-access 0
----------------End of Script----------------

22:31:53 INFO  : Memory regions updated for context APU
22:31:53 INFO  : Context for processor 'ps7_cortexa9_0' is selected.
22:31:53 INFO  : 'con' command is executed.
22:31:53 INFO  : ----------------XSDB Script (After Launch)----------------
targets -set -nocase -filter {name =~ "ARM*#0" && jtag_cable_name =~ "Digilent JTAG-SMT3 210357A7D00EA"} -index 0
con
----------------End of Script----------------

22:31:53 INFO  : Launch script is exported to file 'F:\FPGA\work_space\AD_DA_tran\AD_DA_tran.sdk\.sdk\launch_scripts\xilinx_c-c++_application_(system_debugger)\system_debugger_using_debug_uart_0.elf_on_local.tcl'
22:33:37 INFO  : Disconnected from the channel tcfchan#25.
22:33:38 INFO  : 'targets -set -filter {jtag_cable_name =~ "Digilent JTAG-SMT3 210357A7D00EA" && level==0} -index 1' command is executed.
22:33:38 INFO  : 'fpga -state' command is executed.
22:33:38 INFO  : Connected to target on host '127.0.0.1' and port '3121'.
22:33:38 INFO  : Jtag cable 'Digilent JTAG-SMT3 210357A7D00EA' is selected.
22:33:38 INFO  : 'jtag frequency' command is executed.
22:33:38 INFO  : Sourcing of 'F:/FPGA/work_space/AD_DA_tran/AD_DA_tran.sdk/FFT_OUT_hw_platform_0/ps7_init.tcl' is done.
22:33:38 INFO  : Context for 'APU' is selected.
22:33:39 INFO  : Hardware design information is loaded from 'F:/FPGA/work_space/AD_DA_tran/AD_DA_tran.sdk/FFT_OUT_hw_platform_0/system.hdf'.
22:33:39 INFO  : 'configparams force-mem-access 1' command is executed.
22:33:39 INFO  : Context for 'APU' is selected.
22:33:39 INFO  : 'stop' command is executed.
22:33:39 INFO  : 'ps7_init' command is executed.
22:33:39 INFO  : 'ps7_post_config' command is executed.
22:33:39 INFO  : Context for processor 'ps7_cortexa9_0' is selected.
22:33:39 INFO  : Processor reset is completed for 'ps7_cortexa9_0'.
22:33:39 INFO  : Context for processor 'ps7_cortexa9_0' is selected.
22:33:39 INFO  : The application 'F:/FPGA/work_space/AD_DA_tran/AD_DA_tran.sdk/Uart_0/Debug/Uart_0.elf' is downloaded to processor 'ps7_cortexa9_0'.
22:33:39 INFO  : 'configparams force-mem-access 0' command is executed.
22:33:39 INFO  : ----------------XSDB Script----------------
connect -url tcp:127.0.0.1:3121
source F:/FPGA/work_space/AD_DA_tran/AD_DA_tran.sdk/FFT_OUT_hw_platform_0/ps7_init.tcl
targets -set -nocase -filter {name =~"APU*" && jtag_cable_name =~ "Digilent JTAG-SMT3 210357A7D00EA"} -index 0
loadhw -hw F:/FPGA/work_space/AD_DA_tran/AD_DA_tran.sdk/FFT_OUT_hw_platform_0/system.hdf -mem-ranges [list {0x40000000 0xbfffffff}]
configparams force-mem-access 1
targets -set -nocase -filter {name =~"APU*" && jtag_cable_name =~ "Digilent JTAG-SMT3 210357A7D00EA"} -index 0
stop
ps7_init
ps7_post_config
targets -set -nocase -filter {name =~ "ARM*#0" && jtag_cable_name =~ "Digilent JTAG-SMT3 210357A7D00EA"} -index 0
rst -processor
targets -set -nocase -filter {name =~ "ARM*#0" && jtag_cable_name =~ "Digilent JTAG-SMT3 210357A7D00EA"} -index 0
dow F:/FPGA/work_space/AD_DA_tran/AD_DA_tran.sdk/Uart_0/Debug/Uart_0.elf
configparams force-mem-access 0
----------------End of Script----------------

22:33:39 INFO  : Memory regions updated for context APU
22:33:39 INFO  : Context for processor 'ps7_cortexa9_0' is selected.
22:33:39 INFO  : 'con' command is executed.
22:33:39 INFO  : ----------------XSDB Script (After Launch)----------------
targets -set -nocase -filter {name =~ "ARM*#0" && jtag_cable_name =~ "Digilent JTAG-SMT3 210357A7D00EA"} -index 0
con
----------------End of Script----------------

22:33:39 INFO  : Launch script is exported to file 'F:\FPGA\work_space\AD_DA_tran\AD_DA_tran.sdk\.sdk\launch_scripts\xilinx_c-c++_application_(system_debugger)\system_debugger_using_debug_uart_0.elf_on_local.tcl'
22:36:08 INFO  : Disconnected from the channel tcfchan#26.
22:36:09 INFO  : 'targets -set -filter {jtag_cable_name =~ "Digilent JTAG-SMT3 210357A7D00EA" && level==0} -index 1' command is executed.
22:36:09 INFO  : 'fpga -state' command is executed.
22:36:09 INFO  : Connected to target on host '127.0.0.1' and port '3121'.
22:36:10 INFO  : Jtag cable 'Digilent JTAG-SMT3 210357A7D00EA' is selected.
22:36:10 INFO  : 'jtag frequency' command is executed.
22:36:10 INFO  : Sourcing of 'F:/FPGA/work_space/AD_DA_tran/AD_DA_tran.sdk/FFT_OUT_hw_platform_0/ps7_init.tcl' is done.
22:36:10 INFO  : Context for 'APU' is selected.
22:36:11 INFO  : Hardware design information is loaded from 'F:/FPGA/work_space/AD_DA_tran/AD_DA_tran.sdk/FFT_OUT_hw_platform_0/system.hdf'.
22:36:11 INFO  : 'configparams force-mem-access 1' command is executed.
22:36:11 INFO  : Context for 'APU' is selected.
22:36:11 INFO  : 'stop' command is executed.
22:36:11 INFO  : 'ps7_init' command is executed.
22:36:11 INFO  : 'ps7_post_config' command is executed.
22:36:11 INFO  : Context for processor 'ps7_cortexa9_0' is selected.
22:36:11 INFO  : Processor reset is completed for 'ps7_cortexa9_0'.
22:36:11 INFO  : Context for processor 'ps7_cortexa9_0' is selected.
22:36:11 INFO  : The application 'F:/FPGA/work_space/AD_DA_tran/AD_DA_tran.sdk/Uart_0/Debug/Uart_0.elf' is downloaded to processor 'ps7_cortexa9_0'.
22:36:11 INFO  : 'configparams force-mem-access 0' command is executed.
22:36:11 INFO  : ----------------XSDB Script----------------
connect -url tcp:127.0.0.1:3121
source F:/FPGA/work_space/AD_DA_tran/AD_DA_tran.sdk/FFT_OUT_hw_platform_0/ps7_init.tcl
targets -set -nocase -filter {name =~"APU*" && jtag_cable_name =~ "Digilent JTAG-SMT3 210357A7D00EA"} -index 0
loadhw -hw F:/FPGA/work_space/AD_DA_tran/AD_DA_tran.sdk/FFT_OUT_hw_platform_0/system.hdf -mem-ranges [list {0x40000000 0xbfffffff}]
configparams force-mem-access 1
targets -set -nocase -filter {name =~"APU*" && jtag_cable_name =~ "Digilent JTAG-SMT3 210357A7D00EA"} -index 0
stop
ps7_init
ps7_post_config
targets -set -nocase -filter {name =~ "ARM*#0" && jtag_cable_name =~ "Digilent JTAG-SMT3 210357A7D00EA"} -index 0
rst -processor
targets -set -nocase -filter {name =~ "ARM*#0" && jtag_cable_name =~ "Digilent JTAG-SMT3 210357A7D00EA"} -index 0
dow F:/FPGA/work_space/AD_DA_tran/AD_DA_tran.sdk/Uart_0/Debug/Uart_0.elf
configparams force-mem-access 0
----------------End of Script----------------

22:36:11 INFO  : Memory regions updated for context APU
22:36:11 INFO  : Context for processor 'ps7_cortexa9_0' is selected.
22:36:11 INFO  : 'con' command is executed.
22:36:11 INFO  : ----------------XSDB Script (After Launch)----------------
targets -set -nocase -filter {name =~ "ARM*#0" && jtag_cable_name =~ "Digilent JTAG-SMT3 210357A7D00EA"} -index 0
con
----------------End of Script----------------

22:36:11 INFO  : Launch script is exported to file 'F:\FPGA\work_space\AD_DA_tran\AD_DA_tran.sdk\.sdk\launch_scripts\xilinx_c-c++_application_(system_debugger)\system_debugger_using_debug_uart_0.elf_on_local.tcl'
22:37:03 INFO  : Disconnected from the channel tcfchan#27.
22:37:04 INFO  : 'targets -set -filter {jtag_cable_name =~ "Digilent JTAG-SMT3 210357A7D00EA" && level==0} -index 1' command is executed.
22:37:04 INFO  : 'fpga -state' command is executed.
22:37:04 INFO  : Connected to target on host '127.0.0.1' and port '3121'.
22:37:04 INFO  : Jtag cable 'Digilent JTAG-SMT3 210357A7D00EA' is selected.
22:37:04 INFO  : 'jtag frequency' command is executed.
22:37:04 INFO  : Sourcing of 'F:/FPGA/work_space/AD_DA_tran/AD_DA_tran.sdk/FFT_OUT_hw_platform_0/ps7_init.tcl' is done.
22:37:04 INFO  : Context for 'APU' is selected.
22:37:05 INFO  : Hardware design information is loaded from 'F:/FPGA/work_space/AD_DA_tran/AD_DA_tran.sdk/FFT_OUT_hw_platform_0/system.hdf'.
22:37:05 INFO  : 'configparams force-mem-access 1' command is executed.
22:37:05 INFO  : Context for 'APU' is selected.
22:37:05 INFO  : 'stop' command is executed.
22:37:05 INFO  : 'ps7_init' command is executed.
22:37:05 INFO  : 'ps7_post_config' command is executed.
22:37:05 INFO  : Context for processor 'ps7_cortexa9_0' is selected.
22:37:05 INFO  : Processor reset is completed for 'ps7_cortexa9_0'.
22:37:05 INFO  : Context for processor 'ps7_cortexa9_0' is selected.
22:37:05 INFO  : The application 'F:/FPGA/work_space/AD_DA_tran/AD_DA_tran.sdk/Uart_0/Debug/Uart_0.elf' is downloaded to processor 'ps7_cortexa9_0'.
22:37:05 INFO  : 'configparams force-mem-access 0' command is executed.
22:37:05 INFO  : ----------------XSDB Script----------------
connect -url tcp:127.0.0.1:3121
source F:/FPGA/work_space/AD_DA_tran/AD_DA_tran.sdk/FFT_OUT_hw_platform_0/ps7_init.tcl
targets -set -nocase -filter {name =~"APU*" && jtag_cable_name =~ "Digilent JTAG-SMT3 210357A7D00EA"} -index 0
loadhw -hw F:/FPGA/work_space/AD_DA_tran/AD_DA_tran.sdk/FFT_OUT_hw_platform_0/system.hdf -mem-ranges [list {0x40000000 0xbfffffff}]
configparams force-mem-access 1
targets -set -nocase -filter {name =~"APU*" && jtag_cable_name =~ "Digilent JTAG-SMT3 210357A7D00EA"} -index 0
stop
ps7_init
ps7_post_config
targets -set -nocase -filter {name =~ "ARM*#0" && jtag_cable_name =~ "Digilent JTAG-SMT3 210357A7D00EA"} -index 0
rst -processor
targets -set -nocase -filter {name =~ "ARM*#0" && jtag_cable_name =~ "Digilent JTAG-SMT3 210357A7D00EA"} -index 0
dow F:/FPGA/work_space/AD_DA_tran/AD_DA_tran.sdk/Uart_0/Debug/Uart_0.elf
configparams force-mem-access 0
----------------End of Script----------------

22:37:06 INFO  : Memory regions updated for context APU
22:37:06 INFO  : Context for processor 'ps7_cortexa9_0' is selected.
22:37:06 INFO  : 'con' command is executed.
22:37:06 INFO  : ----------------XSDB Script (After Launch)----------------
targets -set -nocase -filter {name =~ "ARM*#0" && jtag_cable_name =~ "Digilent JTAG-SMT3 210357A7D00EA"} -index 0
con
----------------End of Script----------------

22:37:06 INFO  : Launch script is exported to file 'F:\FPGA\work_space\AD_DA_tran\AD_DA_tran.sdk\.sdk\launch_scripts\xilinx_c-c++_application_(system_debugger)\system_debugger_using_debug_uart_0.elf_on_local.tcl'
22:37:56 INFO  : Disconnected from the channel tcfchan#28.
22:37:57 INFO  : 'targets -set -filter {jtag_cable_name =~ "Digilent JTAG-SMT3 210357A7D00EA" && level==0} -index 1' command is executed.
22:37:57 INFO  : 'fpga -state' command is executed.
22:37:57 INFO  : Connected to target on host '127.0.0.1' and port '3121'.
22:37:57 INFO  : Jtag cable 'Digilent JTAG-SMT3 210357A7D00EA' is selected.
22:37:57 INFO  : 'jtag frequency' command is executed.
22:37:57 INFO  : Sourcing of 'F:/FPGA/work_space/AD_DA_tran/AD_DA_tran.sdk/FFT_OUT_hw_platform_0/ps7_init.tcl' is done.
22:37:57 INFO  : Context for 'APU' is selected.
22:37:58 INFO  : Hardware design information is loaded from 'F:/FPGA/work_space/AD_DA_tran/AD_DA_tran.sdk/FFT_OUT_hw_platform_0/system.hdf'.
22:37:58 INFO  : 'configparams force-mem-access 1' command is executed.
22:37:58 INFO  : Context for 'APU' is selected.
22:37:58 INFO  : 'stop' command is executed.
22:37:59 INFO  : 'ps7_init' command is executed.
22:37:59 INFO  : 'ps7_post_config' command is executed.
22:37:59 INFO  : Context for processor 'ps7_cortexa9_0' is selected.
22:37:59 INFO  : Processor reset is completed for 'ps7_cortexa9_0'.
22:37:59 INFO  : Context for processor 'ps7_cortexa9_0' is selected.
22:37:59 INFO  : The application 'F:/FPGA/work_space/AD_DA_tran/AD_DA_tran.sdk/Uart_0/Debug/Uart_0.elf' is downloaded to processor 'ps7_cortexa9_0'.
22:37:59 INFO  : 'configparams force-mem-access 0' command is executed.
22:37:59 INFO  : ----------------XSDB Script----------------
connect -url tcp:127.0.0.1:3121
source F:/FPGA/work_space/AD_DA_tran/AD_DA_tran.sdk/FFT_OUT_hw_platform_0/ps7_init.tcl
targets -set -nocase -filter {name =~"APU*" && jtag_cable_name =~ "Digilent JTAG-SMT3 210357A7D00EA"} -index 0
loadhw -hw F:/FPGA/work_space/AD_DA_tran/AD_DA_tran.sdk/FFT_OUT_hw_platform_0/system.hdf -mem-ranges [list {0x40000000 0xbfffffff}]
configparams force-mem-access 1
targets -set -nocase -filter {name =~"APU*" && jtag_cable_name =~ "Digilent JTAG-SMT3 210357A7D00EA"} -index 0
stop
ps7_init
ps7_post_config
targets -set -nocase -filter {name =~ "ARM*#0" && jtag_cable_name =~ "Digilent JTAG-SMT3 210357A7D00EA"} -index 0
rst -processor
targets -set -nocase -filter {name =~ "ARM*#0" && jtag_cable_name =~ "Digilent JTAG-SMT3 210357A7D00EA"} -index 0
dow F:/FPGA/work_space/AD_DA_tran/AD_DA_tran.sdk/Uart_0/Debug/Uart_0.elf
configparams force-mem-access 0
----------------End of Script----------------

22:37:59 INFO  : Memory regions updated for context APU
22:37:59 INFO  : Context for processor 'ps7_cortexa9_0' is selected.
22:37:59 INFO  : 'con' command is executed.
22:37:59 INFO  : ----------------XSDB Script (After Launch)----------------
targets -set -nocase -filter {name =~ "ARM*#0" && jtag_cable_name =~ "Digilent JTAG-SMT3 210357A7D00EA"} -index 0
con
----------------End of Script----------------

22:37:59 INFO  : Launch script is exported to file 'F:\FPGA\work_space\AD_DA_tran\AD_DA_tran.sdk\.sdk\launch_scripts\xilinx_c-c++_application_(system_debugger)\system_debugger_using_debug_uart_0.elf_on_local.tcl'
22:39:32 INFO  : Disconnected from the channel tcfchan#29.
22:39:33 INFO  : 'targets -set -filter {jtag_cable_name =~ "Digilent JTAG-SMT3 210357A7D00EA" && level==0} -index 1' command is executed.
22:39:33 INFO  : 'fpga -state' command is executed.
22:39:33 INFO  : Connected to target on host '127.0.0.1' and port '3121'.
22:39:33 INFO  : Jtag cable 'Digilent JTAG-SMT3 210357A7D00EA' is selected.
22:39:33 INFO  : 'jtag frequency' command is executed.
22:39:33 INFO  : Sourcing of 'F:/FPGA/work_space/AD_DA_tran/AD_DA_tran.sdk/FFT_OUT_hw_platform_0/ps7_init.tcl' is done.
22:39:33 INFO  : Context for 'APU' is selected.
22:39:34 INFO  : Hardware design information is loaded from 'F:/FPGA/work_space/AD_DA_tran/AD_DA_tran.sdk/FFT_OUT_hw_platform_0/system.hdf'.
22:39:34 INFO  : 'configparams force-mem-access 1' command is executed.
22:39:34 INFO  : Context for 'APU' is selected.
22:39:34 INFO  : 'stop' command is executed.
22:39:34 INFO  : 'ps7_init' command is executed.
22:39:34 INFO  : 'ps7_post_config' command is executed.
22:39:34 INFO  : Context for processor 'ps7_cortexa9_0' is selected.
22:39:34 INFO  : Processor reset is completed for 'ps7_cortexa9_0'.
22:39:34 INFO  : Context for processor 'ps7_cortexa9_0' is selected.
22:39:35 INFO  : The application 'F:/FPGA/work_space/AD_DA_tran/AD_DA_tran.sdk/Uart_0/Debug/Uart_0.elf' is downloaded to processor 'ps7_cortexa9_0'.
22:39:35 INFO  : 'configparams force-mem-access 0' command is executed.
22:39:35 INFO  : ----------------XSDB Script----------------
connect -url tcp:127.0.0.1:3121
source F:/FPGA/work_space/AD_DA_tran/AD_DA_tran.sdk/FFT_OUT_hw_platform_0/ps7_init.tcl
targets -set -nocase -filter {name =~"APU*" && jtag_cable_name =~ "Digilent JTAG-SMT3 210357A7D00EA"} -index 0
loadhw -hw F:/FPGA/work_space/AD_DA_tran/AD_DA_tran.sdk/FFT_OUT_hw_platform_0/system.hdf -mem-ranges [list {0x40000000 0xbfffffff}]
configparams force-mem-access 1
targets -set -nocase -filter {name =~"APU*" && jtag_cable_name =~ "Digilent JTAG-SMT3 210357A7D00EA"} -index 0
stop
ps7_init
ps7_post_config
targets -set -nocase -filter {name =~ "ARM*#0" && jtag_cable_name =~ "Digilent JTAG-SMT3 210357A7D00EA"} -index 0
rst -processor
targets -set -nocase -filter {name =~ "ARM*#0" && jtag_cable_name =~ "Digilent JTAG-SMT3 210357A7D00EA"} -index 0
dow F:/FPGA/work_space/AD_DA_tran/AD_DA_tran.sdk/Uart_0/Debug/Uart_0.elf
configparams force-mem-access 0
----------------End of Script----------------

22:39:35 INFO  : Memory regions updated for context APU
22:39:35 INFO  : Context for processor 'ps7_cortexa9_0' is selected.
22:39:35 INFO  : 'con' command is executed.
22:39:35 INFO  : ----------------XSDB Script (After Launch)----------------
targets -set -nocase -filter {name =~ "ARM*#0" && jtag_cable_name =~ "Digilent JTAG-SMT3 210357A7D00EA"} -index 0
con
----------------End of Script----------------

22:39:35 INFO  : Launch script is exported to file 'F:\FPGA\work_space\AD_DA_tran\AD_DA_tran.sdk\.sdk\launch_scripts\xilinx_c-c++_application_(system_debugger)\system_debugger_using_debug_uart_0.elf_on_local.tcl'
22:41:29 INFO  : Disconnected from the channel tcfchan#30.
22:41:30 INFO  : 'targets -set -filter {jtag_cable_name =~ "Digilent JTAG-SMT3 210357A7D00EA" && level==0} -index 1' command is executed.
22:41:30 INFO  : 'fpga -state' command is executed.
22:41:30 INFO  : Connected to target on host '127.0.0.1' and port '3121'.
22:41:30 INFO  : Jtag cable 'Digilent JTAG-SMT3 210357A7D00EA' is selected.
22:41:30 INFO  : 'jtag frequency' command is executed.
22:41:30 INFO  : Sourcing of 'F:/FPGA/work_space/AD_DA_tran/AD_DA_tran.sdk/FFT_OUT_hw_platform_0/ps7_init.tcl' is done.
22:41:30 INFO  : Context for 'APU' is selected.
22:41:31 INFO  : Hardware design information is loaded from 'F:/FPGA/work_space/AD_DA_tran/AD_DA_tran.sdk/FFT_OUT_hw_platform_0/system.hdf'.
22:41:31 INFO  : 'configparams force-mem-access 1' command is executed.
22:41:31 INFO  : Context for 'APU' is selected.
22:41:31 INFO  : 'stop' command is executed.
22:41:31 INFO  : 'ps7_init' command is executed.
22:41:31 INFO  : 'ps7_post_config' command is executed.
22:41:31 INFO  : Context for processor 'ps7_cortexa9_0' is selected.
22:41:31 INFO  : Processor reset is completed for 'ps7_cortexa9_0'.
22:41:31 INFO  : Context for processor 'ps7_cortexa9_0' is selected.
22:41:31 INFO  : The application 'F:/FPGA/work_space/AD_DA_tran/AD_DA_tran.sdk/Uart_0/Debug/Uart_0.elf' is downloaded to processor 'ps7_cortexa9_0'.
22:41:31 INFO  : 'configparams force-mem-access 0' command is executed.
22:41:31 INFO  : ----------------XSDB Script----------------
connect -url tcp:127.0.0.1:3121
source F:/FPGA/work_space/AD_DA_tran/AD_DA_tran.sdk/FFT_OUT_hw_platform_0/ps7_init.tcl
targets -set -nocase -filter {name =~"APU*" && jtag_cable_name =~ "Digilent JTAG-SMT3 210357A7D00EA"} -index 0
loadhw -hw F:/FPGA/work_space/AD_DA_tran/AD_DA_tran.sdk/FFT_OUT_hw_platform_0/system.hdf -mem-ranges [list {0x40000000 0xbfffffff}]
configparams force-mem-access 1
targets -set -nocase -filter {name =~"APU*" && jtag_cable_name =~ "Digilent JTAG-SMT3 210357A7D00EA"} -index 0
stop
ps7_init
ps7_post_config
targets -set -nocase -filter {name =~ "ARM*#0" && jtag_cable_name =~ "Digilent JTAG-SMT3 210357A7D00EA"} -index 0
rst -processor
targets -set -nocase -filter {name =~ "ARM*#0" && jtag_cable_name =~ "Digilent JTAG-SMT3 210357A7D00EA"} -index 0
dow F:/FPGA/work_space/AD_DA_tran/AD_DA_tran.sdk/Uart_0/Debug/Uart_0.elf
configparams force-mem-access 0
----------------End of Script----------------

22:41:31 INFO  : Memory regions updated for context APU
22:41:31 INFO  : Context for processor 'ps7_cortexa9_0' is selected.
22:41:31 INFO  : 'con' command is executed.
22:41:31 INFO  : ----------------XSDB Script (After Launch)----------------
targets -set -nocase -filter {name =~ "ARM*#0" && jtag_cable_name =~ "Digilent JTAG-SMT3 210357A7D00EA"} -index 0
con
----------------End of Script----------------

22:41:31 INFO  : Launch script is exported to file 'F:\FPGA\work_space\AD_DA_tran\AD_DA_tran.sdk\.sdk\launch_scripts\xilinx_c-c++_application_(system_debugger)\system_debugger_using_debug_uart_0.elf_on_local.tcl'
22:43:15 INFO  : Disconnected from the channel tcfchan#31.
22:43:16 INFO  : 'targets -set -filter {jtag_cable_name =~ "Digilent JTAG-SMT3 210357A7D00EA" && level==0} -index 1' command is executed.
22:43:16 INFO  : 'fpga -state' command is executed.
22:43:16 INFO  : Connected to target on host '127.0.0.1' and port '3121'.
22:43:16 INFO  : Jtag cable 'Digilent JTAG-SMT3 210357A7D00EA' is selected.
22:43:16 INFO  : 'jtag frequency' command is executed.
22:43:16 INFO  : Sourcing of 'F:/FPGA/work_space/AD_DA_tran/AD_DA_tran.sdk/FFT_OUT_hw_platform_0/ps7_init.tcl' is done.
22:43:16 INFO  : Context for 'APU' is selected.
22:43:17 INFO  : Hardware design information is loaded from 'F:/FPGA/work_space/AD_DA_tran/AD_DA_tran.sdk/FFT_OUT_hw_platform_0/system.hdf'.
22:43:17 INFO  : 'configparams force-mem-access 1' command is executed.
22:43:17 INFO  : Context for 'APU' is selected.
22:43:17 INFO  : 'stop' command is executed.
22:43:18 INFO  : 'ps7_init' command is executed.
22:43:18 INFO  : 'ps7_post_config' command is executed.
22:43:18 INFO  : Context for processor 'ps7_cortexa9_0' is selected.
22:43:18 INFO  : Processor reset is completed for 'ps7_cortexa9_0'.
22:43:18 INFO  : Context for processor 'ps7_cortexa9_0' is selected.
22:43:18 INFO  : The application 'F:/FPGA/work_space/AD_DA_tran/AD_DA_tran.sdk/Uart_0/Debug/Uart_0.elf' is downloaded to processor 'ps7_cortexa9_0'.
22:43:18 INFO  : 'configparams force-mem-access 0' command is executed.
22:43:18 INFO  : ----------------XSDB Script----------------
connect -url tcp:127.0.0.1:3121
source F:/FPGA/work_space/AD_DA_tran/AD_DA_tran.sdk/FFT_OUT_hw_platform_0/ps7_init.tcl
targets -set -nocase -filter {name =~"APU*" && jtag_cable_name =~ "Digilent JTAG-SMT3 210357A7D00EA"} -index 0
loadhw -hw F:/FPGA/work_space/AD_DA_tran/AD_DA_tran.sdk/FFT_OUT_hw_platform_0/system.hdf -mem-ranges [list {0x40000000 0xbfffffff}]
configparams force-mem-access 1
targets -set -nocase -filter {name =~"APU*" && jtag_cable_name =~ "Digilent JTAG-SMT3 210357A7D00EA"} -index 0
stop
ps7_init
ps7_post_config
targets -set -nocase -filter {name =~ "ARM*#0" && jtag_cable_name =~ "Digilent JTAG-SMT3 210357A7D00EA"} -index 0
rst -processor
targets -set -nocase -filter {name =~ "ARM*#0" && jtag_cable_name =~ "Digilent JTAG-SMT3 210357A7D00EA"} -index 0
dow F:/FPGA/work_space/AD_DA_tran/AD_DA_tran.sdk/Uart_0/Debug/Uart_0.elf
configparams force-mem-access 0
----------------End of Script----------------

22:43:18 INFO  : Memory regions updated for context APU
22:43:18 INFO  : Context for processor 'ps7_cortexa9_0' is selected.
22:43:18 INFO  : 'con' command is executed.
22:43:18 INFO  : ----------------XSDB Script (After Launch)----------------
targets -set -nocase -filter {name =~ "ARM*#0" && jtag_cable_name =~ "Digilent JTAG-SMT3 210357A7D00EA"} -index 0
con
----------------End of Script----------------

22:43:18 INFO  : Launch script is exported to file 'F:\FPGA\work_space\AD_DA_tran\AD_DA_tran.sdk\.sdk\launch_scripts\xilinx_c-c++_application_(system_debugger)\system_debugger_using_debug_uart_0.elf_on_local.tcl'
22:58:27 INFO  : Disconnected from the channel tcfchan#32.
22:58:28 INFO  : 'targets -set -filter {jtag_cable_name =~ "Digilent JTAG-SMT3 210357A7D00EA" && level==0} -index 1' command is executed.
22:58:28 INFO  : 'fpga -state' command is executed.
22:58:28 INFO  : Connected to target on host '127.0.0.1' and port '3121'.
22:58:28 INFO  : Jtag cable 'Digilent JTAG-SMT3 210357A7D00EA' is selected.
22:58:28 INFO  : 'jtag frequency' command is executed.
22:58:28 INFO  : Sourcing of 'F:/FPGA/work_space/AD_DA_tran/AD_DA_tran.sdk/FFT_OUT_hw_platform_0/ps7_init.tcl' is done.
22:58:28 INFO  : Context for 'APU' is selected.
22:58:29 INFO  : Hardware design information is loaded from 'F:/FPGA/work_space/AD_DA_tran/AD_DA_tran.sdk/FFT_OUT_hw_platform_0/system.hdf'.
22:58:29 INFO  : 'configparams force-mem-access 1' command is executed.
22:58:29 INFO  : Context for 'APU' is selected.
22:58:29 INFO  : 'stop' command is executed.
22:58:29 INFO  : 'ps7_init' command is executed.
22:58:29 INFO  : 'ps7_post_config' command is executed.
22:58:29 INFO  : Context for processor 'ps7_cortexa9_0' is selected.
22:58:30 INFO  : Processor reset is completed for 'ps7_cortexa9_0'.
22:58:30 INFO  : Context for processor 'ps7_cortexa9_0' is selected.
22:58:30 INFO  : The application 'F:/FPGA/work_space/AD_DA_tran/AD_DA_tran.sdk/Uart_0/Debug/Uart_0.elf' is downloaded to processor 'ps7_cortexa9_0'.
22:58:30 INFO  : 'configparams force-mem-access 0' command is executed.
22:58:30 INFO  : ----------------XSDB Script----------------
connect -url tcp:127.0.0.1:3121
source F:/FPGA/work_space/AD_DA_tran/AD_DA_tran.sdk/FFT_OUT_hw_platform_0/ps7_init.tcl
targets -set -nocase -filter {name =~"APU*" && jtag_cable_name =~ "Digilent JTAG-SMT3 210357A7D00EA"} -index 0
loadhw -hw F:/FPGA/work_space/AD_DA_tran/AD_DA_tran.sdk/FFT_OUT_hw_platform_0/system.hdf -mem-ranges [list {0x40000000 0xbfffffff}]
configparams force-mem-access 1
targets -set -nocase -filter {name =~"APU*" && jtag_cable_name =~ "Digilent JTAG-SMT3 210357A7D00EA"} -index 0
stop
ps7_init
ps7_post_config
targets -set -nocase -filter {name =~ "ARM*#0" && jtag_cable_name =~ "Digilent JTAG-SMT3 210357A7D00EA"} -index 0
rst -processor
targets -set -nocase -filter {name =~ "ARM*#0" && jtag_cable_name =~ "Digilent JTAG-SMT3 210357A7D00EA"} -index 0
dow F:/FPGA/work_space/AD_DA_tran/AD_DA_tran.sdk/Uart_0/Debug/Uart_0.elf
configparams force-mem-access 0
----------------End of Script----------------

22:58:30 INFO  : Memory regions updated for context APU
22:58:30 INFO  : Context for processor 'ps7_cortexa9_0' is selected.
22:58:30 INFO  : 'con' command is executed.
22:58:30 INFO  : ----------------XSDB Script (After Launch)----------------
targets -set -nocase -filter {name =~ "ARM*#0" && jtag_cable_name =~ "Digilent JTAG-SMT3 210357A7D00EA"} -index 0
con
----------------End of Script----------------

22:58:30 INFO  : Launch script is exported to file 'F:\FPGA\work_space\AD_DA_tran\AD_DA_tran.sdk\.sdk\launch_scripts\xilinx_c-c++_application_(system_debugger)\system_debugger_using_debug_uart_0.elf_on_local.tcl'
22:59:29 INFO  : Disconnected from the channel tcfchan#33.
22:59:30 INFO  : 'targets -set -filter {jtag_cable_name =~ "Digilent JTAG-SMT3 210357A7D00EA" && level==0} -index 1' command is executed.
22:59:30 INFO  : 'fpga -state' command is executed.
22:59:30 INFO  : Connected to target on host '127.0.0.1' and port '3121'.
22:59:30 INFO  : Jtag cable 'Digilent JTAG-SMT3 210357A7D00EA' is selected.
22:59:30 INFO  : 'jtag frequency' command is executed.
22:59:30 INFO  : Sourcing of 'F:/FPGA/work_space/AD_DA_tran/AD_DA_tran.sdk/FFT_OUT_hw_platform_0/ps7_init.tcl' is done.
22:59:30 INFO  : Context for 'APU' is selected.
22:59:31 INFO  : Hardware design information is loaded from 'F:/FPGA/work_space/AD_DA_tran/AD_DA_tran.sdk/FFT_OUT_hw_platform_0/system.hdf'.
22:59:31 INFO  : 'configparams force-mem-access 1' command is executed.
22:59:31 INFO  : Context for 'APU' is selected.
22:59:31 INFO  : 'stop' command is executed.
22:59:31 INFO  : 'ps7_init' command is executed.
22:59:31 INFO  : 'ps7_post_config' command is executed.
22:59:31 INFO  : Context for processor 'ps7_cortexa9_0' is selected.
22:59:31 INFO  : Processor reset is completed for 'ps7_cortexa9_0'.
22:59:31 INFO  : Context for processor 'ps7_cortexa9_0' is selected.
22:59:31 INFO  : The application 'F:/FPGA/work_space/AD_DA_tran/AD_DA_tran.sdk/Uart_0/Debug/Uart_0.elf' is downloaded to processor 'ps7_cortexa9_0'.
22:59:31 INFO  : 'configparams force-mem-access 0' command is executed.
22:59:31 INFO  : ----------------XSDB Script----------------
connect -url tcp:127.0.0.1:3121
source F:/FPGA/work_space/AD_DA_tran/AD_DA_tran.sdk/FFT_OUT_hw_platform_0/ps7_init.tcl
targets -set -nocase -filter {name =~"APU*" && jtag_cable_name =~ "Digilent JTAG-SMT3 210357A7D00EA"} -index 0
loadhw -hw F:/FPGA/work_space/AD_DA_tran/AD_DA_tran.sdk/FFT_OUT_hw_platform_0/system.hdf -mem-ranges [list {0x40000000 0xbfffffff}]
configparams force-mem-access 1
targets -set -nocase -filter {name =~"APU*" && jtag_cable_name =~ "Digilent JTAG-SMT3 210357A7D00EA"} -index 0
stop
ps7_init
ps7_post_config
targets -set -nocase -filter {name =~ "ARM*#0" && jtag_cable_name =~ "Digilent JTAG-SMT3 210357A7D00EA"} -index 0
rst -processor
targets -set -nocase -filter {name =~ "ARM*#0" && jtag_cable_name =~ "Digilent JTAG-SMT3 210357A7D00EA"} -index 0
dow F:/FPGA/work_space/AD_DA_tran/AD_DA_tran.sdk/Uart_0/Debug/Uart_0.elf
configparams force-mem-access 0
----------------End of Script----------------

22:59:31 INFO  : Memory regions updated for context APU
22:59:31 INFO  : Context for processor 'ps7_cortexa9_0' is selected.
22:59:32 INFO  : 'con' command is executed.
22:59:32 INFO  : ----------------XSDB Script (After Launch)----------------
targets -set -nocase -filter {name =~ "ARM*#0" && jtag_cable_name =~ "Digilent JTAG-SMT3 210357A7D00EA"} -index 0
con
----------------End of Script----------------

22:59:32 INFO  : Launch script is exported to file 'F:\FPGA\work_space\AD_DA_tran\AD_DA_tran.sdk\.sdk\launch_scripts\xilinx_c-c++_application_(system_debugger)\system_debugger_using_debug_uart_0.elf_on_local.tcl'
23:04:04 INFO  : Disconnected from the channel tcfchan#34.
23:04:05 INFO  : 'targets -set -filter {jtag_cable_name =~ "Digilent JTAG-SMT3 210357A7D00EA" && level==0} -index 1' command is executed.
23:04:05 INFO  : 'fpga -state' command is executed.
23:04:05 INFO  : Connected to target on host '127.0.0.1' and port '3121'.
23:04:05 INFO  : Jtag cable 'Digilent JTAG-SMT3 210357A7D00EA' is selected.
23:04:05 INFO  : 'jtag frequency' command is executed.
23:04:05 INFO  : Sourcing of 'F:/FPGA/work_space/AD_DA_tran/AD_DA_tran.sdk/FFT_OUT_hw_platform_0/ps7_init.tcl' is done.
23:04:05 INFO  : Context for 'APU' is selected.
23:04:06 INFO  : Hardware design information is loaded from 'F:/FPGA/work_space/AD_DA_tran/AD_DA_tran.sdk/FFT_OUT_hw_platform_0/system.hdf'.
23:04:06 INFO  : 'configparams force-mem-access 1' command is executed.
23:04:06 INFO  : Context for 'APU' is selected.
23:04:06 INFO  : 'stop' command is executed.
23:04:06 INFO  : 'ps7_init' command is executed.
23:04:06 INFO  : 'ps7_post_config' command is executed.
23:04:06 INFO  : Context for processor 'ps7_cortexa9_0' is selected.
23:04:06 INFO  : Processor reset is completed for 'ps7_cortexa9_0'.
23:04:06 INFO  : Context for processor 'ps7_cortexa9_0' is selected.
23:04:06 INFO  : The application 'F:/FPGA/work_space/AD_DA_tran/AD_DA_tran.sdk/Uart_0/Debug/Uart_0.elf' is downloaded to processor 'ps7_cortexa9_0'.
23:04:06 INFO  : 'configparams force-mem-access 0' command is executed.
23:04:06 INFO  : ----------------XSDB Script----------------
connect -url tcp:127.0.0.1:3121
source F:/FPGA/work_space/AD_DA_tran/AD_DA_tran.sdk/FFT_OUT_hw_platform_0/ps7_init.tcl
targets -set -nocase -filter {name =~"APU*" && jtag_cable_name =~ "Digilent JTAG-SMT3 210357A7D00EA"} -index 0
loadhw -hw F:/FPGA/work_space/AD_DA_tran/AD_DA_tran.sdk/FFT_OUT_hw_platform_0/system.hdf -mem-ranges [list {0x40000000 0xbfffffff}]
configparams force-mem-access 1
targets -set -nocase -filter {name =~"APU*" && jtag_cable_name =~ "Digilent JTAG-SMT3 210357A7D00EA"} -index 0
stop
ps7_init
ps7_post_config
targets -set -nocase -filter {name =~ "ARM*#0" && jtag_cable_name =~ "Digilent JTAG-SMT3 210357A7D00EA"} -index 0
rst -processor
targets -set -nocase -filter {name =~ "ARM*#0" && jtag_cable_name =~ "Digilent JTAG-SMT3 210357A7D00EA"} -index 0
dow F:/FPGA/work_space/AD_DA_tran/AD_DA_tran.sdk/Uart_0/Debug/Uart_0.elf
configparams force-mem-access 0
----------------End of Script----------------

23:04:06 INFO  : Memory regions updated for context APU
23:04:06 INFO  : Context for processor 'ps7_cortexa9_0' is selected.
23:04:06 INFO  : 'con' command is executed.
23:04:06 INFO  : ----------------XSDB Script (After Launch)----------------
targets -set -nocase -filter {name =~ "ARM*#0" && jtag_cable_name =~ "Digilent JTAG-SMT3 210357A7D00EA"} -index 0
con
----------------End of Script----------------

23:04:06 INFO  : Launch script is exported to file 'F:\FPGA\work_space\AD_DA_tran\AD_DA_tran.sdk\.sdk\launch_scripts\xilinx_c-c++_application_(system_debugger)\system_debugger_using_debug_uart_0.elf_on_local.tcl'
23:05:51 INFO  : Disconnected from the channel tcfchan#35.
23:05:52 INFO  : 'targets -set -filter {jtag_cable_name =~ "Digilent JTAG-SMT3 210357A7D00EA" && level==0} -index 1' command is executed.
23:05:52 INFO  : 'fpga -state' command is executed.
23:05:52 INFO  : Connected to target on host '127.0.0.1' and port '3121'.
23:05:52 INFO  : Jtag cable 'Digilent JTAG-SMT3 210357A7D00EA' is selected.
23:05:52 INFO  : 'jtag frequency' command is executed.
23:05:52 INFO  : Sourcing of 'F:/FPGA/work_space/AD_DA_tran/AD_DA_tran.sdk/FFT_OUT_hw_platform_0/ps7_init.tcl' is done.
23:05:52 INFO  : Context for 'APU' is selected.
23:05:53 INFO  : Hardware design information is loaded from 'F:/FPGA/work_space/AD_DA_tran/AD_DA_tran.sdk/FFT_OUT_hw_platform_0/system.hdf'.
23:05:53 INFO  : 'configparams force-mem-access 1' command is executed.
23:05:53 INFO  : Context for 'APU' is selected.
23:05:53 INFO  : 'stop' command is executed.
23:05:53 INFO  : 'ps7_init' command is executed.
23:05:53 INFO  : 'ps7_post_config' command is executed.
23:05:53 INFO  : Context for processor 'ps7_cortexa9_0' is selected.
23:05:54 INFO  : Processor reset is completed for 'ps7_cortexa9_0'.
23:05:54 INFO  : Context for processor 'ps7_cortexa9_0' is selected.
23:05:54 INFO  : The application 'F:/FPGA/work_space/AD_DA_tran/AD_DA_tran.sdk/Uart_0/Debug/Uart_0.elf' is downloaded to processor 'ps7_cortexa9_0'.
23:05:54 INFO  : 'configparams force-mem-access 0' command is executed.
23:05:54 INFO  : ----------------XSDB Script----------------
connect -url tcp:127.0.0.1:3121
source F:/FPGA/work_space/AD_DA_tran/AD_DA_tran.sdk/FFT_OUT_hw_platform_0/ps7_init.tcl
targets -set -nocase -filter {name =~"APU*" && jtag_cable_name =~ "Digilent JTAG-SMT3 210357A7D00EA"} -index 0
loadhw -hw F:/FPGA/work_space/AD_DA_tran/AD_DA_tran.sdk/FFT_OUT_hw_platform_0/system.hdf -mem-ranges [list {0x40000000 0xbfffffff}]
configparams force-mem-access 1
targets -set -nocase -filter {name =~"APU*" && jtag_cable_name =~ "Digilent JTAG-SMT3 210357A7D00EA"} -index 0
stop
ps7_init
ps7_post_config
targets -set -nocase -filter {name =~ "ARM*#0" && jtag_cable_name =~ "Digilent JTAG-SMT3 210357A7D00EA"} -index 0
rst -processor
targets -set -nocase -filter {name =~ "ARM*#0" && jtag_cable_name =~ "Digilent JTAG-SMT3 210357A7D00EA"} -index 0
dow F:/FPGA/work_space/AD_DA_tran/AD_DA_tran.sdk/Uart_0/Debug/Uart_0.elf
configparams force-mem-access 0
----------------End of Script----------------

23:05:54 INFO  : Memory regions updated for context APU
23:05:54 INFO  : Context for processor 'ps7_cortexa9_0' is selected.
23:05:54 INFO  : 'con' command is executed.
23:05:54 INFO  : ----------------XSDB Script (After Launch)----------------
targets -set -nocase -filter {name =~ "ARM*#0" && jtag_cable_name =~ "Digilent JTAG-SMT3 210357A7D00EA"} -index 0
con
----------------End of Script----------------

23:05:54 INFO  : Launch script is exported to file 'F:\FPGA\work_space\AD_DA_tran\AD_DA_tran.sdk\.sdk\launch_scripts\xilinx_c-c++_application_(system_debugger)\system_debugger_using_debug_uart_0.elf_on_local.tcl'
23:10:49 INFO  : Disconnected from the channel tcfchan#36.
23:10:50 INFO  : 'targets -set -filter {jtag_cable_name =~ "Digilent JTAG-SMT3 210357A7D00EA" && level==0} -index 1' command is executed.
23:10:50 INFO  : 'fpga -state' command is executed.
23:10:50 INFO  : Connected to target on host '127.0.0.1' and port '3121'.
23:10:50 INFO  : Jtag cable 'Digilent JTAG-SMT3 210357A7D00EA' is selected.
23:10:50 INFO  : 'jtag frequency' command is executed.
23:10:50 INFO  : Sourcing of 'F:/FPGA/work_space/AD_DA_tran/AD_DA_tran.sdk/FFT_OUT_hw_platform_0/ps7_init.tcl' is done.
23:10:50 INFO  : Context for 'APU' is selected.
23:10:51 INFO  : Hardware design information is loaded from 'F:/FPGA/work_space/AD_DA_tran/AD_DA_tran.sdk/FFT_OUT_hw_platform_0/system.hdf'.
23:10:51 INFO  : 'configparams force-mem-access 1' command is executed.
23:10:51 INFO  : Context for 'APU' is selected.
23:10:51 INFO  : 'stop' command is executed.
23:10:51 INFO  : 'ps7_init' command is executed.
23:10:51 INFO  : 'ps7_post_config' command is executed.
23:10:51 INFO  : Context for processor 'ps7_cortexa9_0' is selected.
23:10:51 INFO  : Processor reset is completed for 'ps7_cortexa9_0'.
23:10:51 INFO  : Context for processor 'ps7_cortexa9_0' is selected.
23:10:52 INFO  : The application 'F:/FPGA/work_space/AD_DA_tran/AD_DA_tran.sdk/Uart_0/Debug/Uart_0.elf' is downloaded to processor 'ps7_cortexa9_0'.
23:10:52 INFO  : 'configparams force-mem-access 0' command is executed.
23:10:52 INFO  : ----------------XSDB Script----------------
connect -url tcp:127.0.0.1:3121
source F:/FPGA/work_space/AD_DA_tran/AD_DA_tran.sdk/FFT_OUT_hw_platform_0/ps7_init.tcl
targets -set -nocase -filter {name =~"APU*" && jtag_cable_name =~ "Digilent JTAG-SMT3 210357A7D00EA"} -index 0
loadhw -hw F:/FPGA/work_space/AD_DA_tran/AD_DA_tran.sdk/FFT_OUT_hw_platform_0/system.hdf -mem-ranges [list {0x40000000 0xbfffffff}]
configparams force-mem-access 1
targets -set -nocase -filter {name =~"APU*" && jtag_cable_name =~ "Digilent JTAG-SMT3 210357A7D00EA"} -index 0
stop
ps7_init
ps7_post_config
targets -set -nocase -filter {name =~ "ARM*#0" && jtag_cable_name =~ "Digilent JTAG-SMT3 210357A7D00EA"} -index 0
rst -processor
targets -set -nocase -filter {name =~ "ARM*#0" && jtag_cable_name =~ "Digilent JTAG-SMT3 210357A7D00EA"} -index 0
dow F:/FPGA/work_space/AD_DA_tran/AD_DA_tran.sdk/Uart_0/Debug/Uart_0.elf
configparams force-mem-access 0
----------------End of Script----------------

23:10:52 INFO  : Memory regions updated for context APU
23:10:52 INFO  : Context for processor 'ps7_cortexa9_0' is selected.
23:10:52 INFO  : 'con' command is executed.
23:10:52 INFO  : ----------------XSDB Script (After Launch)----------------
targets -set -nocase -filter {name =~ "ARM*#0" && jtag_cable_name =~ "Digilent JTAG-SMT3 210357A7D00EA"} -index 0
con
----------------End of Script----------------

23:10:52 INFO  : Launch script is exported to file 'F:\FPGA\work_space\AD_DA_tran\AD_DA_tran.sdk\.sdk\launch_scripts\xilinx_c-c++_application_(system_debugger)\system_debugger_using_debug_uart_0.elf_on_local.tcl'
23:14:16 INFO  : Disconnected from the channel tcfchan#37.
23:14:17 INFO  : 'targets -set -filter {jtag_cable_name =~ "Digilent JTAG-SMT3 210357A7D00EA" && level==0} -index 1' command is executed.
23:14:17 INFO  : 'fpga -state' command is executed.
23:14:17 INFO  : Connected to target on host '127.0.0.1' and port '3121'.
23:14:17 INFO  : Jtag cable 'Digilent JTAG-SMT3 210357A7D00EA' is selected.
23:14:17 INFO  : 'jtag frequency' command is executed.
23:14:17 INFO  : Sourcing of 'F:/FPGA/work_space/AD_DA_tran/AD_DA_tran.sdk/FFT_OUT_hw_platform_0/ps7_init.tcl' is done.
23:14:17 INFO  : Context for 'APU' is selected.
23:14:19 INFO  : Hardware design information is loaded from 'F:/FPGA/work_space/AD_DA_tran/AD_DA_tran.sdk/FFT_OUT_hw_platform_0/system.hdf'.
23:14:19 INFO  : 'configparams force-mem-access 1' command is executed.
23:14:19 INFO  : Context for 'APU' is selected.
23:14:19 INFO  : 'stop' command is executed.
23:14:19 INFO  : 'ps7_init' command is executed.
23:14:19 INFO  : 'ps7_post_config' command is executed.
23:14:19 INFO  : Context for processor 'ps7_cortexa9_0' is selected.
23:14:19 INFO  : Processor reset is completed for 'ps7_cortexa9_0'.
23:14:19 INFO  : Context for processor 'ps7_cortexa9_0' is selected.
23:14:19 INFO  : The application 'F:/FPGA/work_space/AD_DA_tran/AD_DA_tran.sdk/Uart_0/Debug/Uart_0.elf' is downloaded to processor 'ps7_cortexa9_0'.
23:14:19 INFO  : 'configparams force-mem-access 0' command is executed.
23:14:19 INFO  : ----------------XSDB Script----------------
connect -url tcp:127.0.0.1:3121
source F:/FPGA/work_space/AD_DA_tran/AD_DA_tran.sdk/FFT_OUT_hw_platform_0/ps7_init.tcl
targets -set -nocase -filter {name =~"APU*" && jtag_cable_name =~ "Digilent JTAG-SMT3 210357A7D00EA"} -index 0
loadhw -hw F:/FPGA/work_space/AD_DA_tran/AD_DA_tran.sdk/FFT_OUT_hw_platform_0/system.hdf -mem-ranges [list {0x40000000 0xbfffffff}]
configparams force-mem-access 1
targets -set -nocase -filter {name =~"APU*" && jtag_cable_name =~ "Digilent JTAG-SMT3 210357A7D00EA"} -index 0
stop
ps7_init
ps7_post_config
targets -set -nocase -filter {name =~ "ARM*#0" && jtag_cable_name =~ "Digilent JTAG-SMT3 210357A7D00EA"} -index 0
rst -processor
targets -set -nocase -filter {name =~ "ARM*#0" && jtag_cable_name =~ "Digilent JTAG-SMT3 210357A7D00EA"} -index 0
dow F:/FPGA/work_space/AD_DA_tran/AD_DA_tran.sdk/Uart_0/Debug/Uart_0.elf
configparams force-mem-access 0
----------------End of Script----------------

23:14:20 INFO  : Memory regions updated for context APU
23:14:20 INFO  : Context for processor 'ps7_cortexa9_0' is selected.
23:14:20 INFO  : 'con' command is executed.
23:14:20 INFO  : ----------------XSDB Script (After Launch)----------------
targets -set -nocase -filter {name =~ "ARM*#0" && jtag_cable_name =~ "Digilent JTAG-SMT3 210357A7D00EA"} -index 0
con
----------------End of Script----------------

23:14:20 INFO  : Launch script is exported to file 'F:\FPGA\work_space\AD_DA_tran\AD_DA_tran.sdk\.sdk\launch_scripts\xilinx_c-c++_application_(system_debugger)\system_debugger_using_debug_uart_0.elf_on_local.tcl'
23:26:59 INFO  : Disconnected from the channel tcfchan#38.
23:27:00 INFO  : 'targets -set -filter {jtag_cable_name =~ "Digilent JTAG-SMT3 210357A7D00EA" && level==0} -index 1' command is executed.
23:27:00 INFO  : 'fpga -state' command is executed.
23:27:00 INFO  : Connected to target on host '127.0.0.1' and port '3121'.
23:27:00 INFO  : Jtag cable 'Digilent JTAG-SMT3 210357A7D00EA' is selected.
23:27:00 INFO  : 'jtag frequency' command is executed.
23:27:00 INFO  : Sourcing of 'F:/FPGA/work_space/AD_DA_tran/AD_DA_tran.sdk/FFT_OUT_hw_platform_0/ps7_init.tcl' is done.
23:27:00 INFO  : Context for 'APU' is selected.
23:27:01 INFO  : Hardware design information is loaded from 'F:/FPGA/work_space/AD_DA_tran/AD_DA_tran.sdk/FFT_OUT_hw_platform_0/system.hdf'.
23:27:01 INFO  : 'configparams force-mem-access 1' command is executed.
23:27:01 INFO  : Context for 'APU' is selected.
23:27:01 INFO  : 'stop' command is executed.
23:27:02 INFO  : 'ps7_init' command is executed.
23:27:02 INFO  : 'ps7_post_config' command is executed.
23:27:02 INFO  : Context for processor 'ps7_cortexa9_0' is selected.
23:27:02 INFO  : Processor reset is completed for 'ps7_cortexa9_0'.
23:27:02 INFO  : Context for processor 'ps7_cortexa9_0' is selected.
23:27:02 INFO  : The application 'F:/FPGA/work_space/AD_DA_tran/AD_DA_tran.sdk/Uart_0/Debug/Uart_0.elf' is downloaded to processor 'ps7_cortexa9_0'.
23:27:02 INFO  : 'configparams force-mem-access 0' command is executed.
23:27:02 INFO  : ----------------XSDB Script----------------
connect -url tcp:127.0.0.1:3121
source F:/FPGA/work_space/AD_DA_tran/AD_DA_tran.sdk/FFT_OUT_hw_platform_0/ps7_init.tcl
targets -set -nocase -filter {name =~"APU*" && jtag_cable_name =~ "Digilent JTAG-SMT3 210357A7D00EA"} -index 0
loadhw -hw F:/FPGA/work_space/AD_DA_tran/AD_DA_tran.sdk/FFT_OUT_hw_platform_0/system.hdf -mem-ranges [list {0x40000000 0xbfffffff}]
configparams force-mem-access 1
targets -set -nocase -filter {name =~"APU*" && jtag_cable_name =~ "Digilent JTAG-SMT3 210357A7D00EA"} -index 0
stop
ps7_init
ps7_post_config
targets -set -nocase -filter {name =~ "ARM*#0" && jtag_cable_name =~ "Digilent JTAG-SMT3 210357A7D00EA"} -index 0
rst -processor
targets -set -nocase -filter {name =~ "ARM*#0" && jtag_cable_name =~ "Digilent JTAG-SMT3 210357A7D00EA"} -index 0
dow F:/FPGA/work_space/AD_DA_tran/AD_DA_tran.sdk/Uart_0/Debug/Uart_0.elf
configparams force-mem-access 0
----------------End of Script----------------

23:27:02 INFO  : Memory regions updated for context APU
23:27:02 INFO  : Context for processor 'ps7_cortexa9_0' is selected.
23:27:02 INFO  : 'con' command is executed.
23:27:02 INFO  : ----------------XSDB Script (After Launch)----------------
targets -set -nocase -filter {name =~ "ARM*#0" && jtag_cable_name =~ "Digilent JTAG-SMT3 210357A7D00EA"} -index 0
con
----------------End of Script----------------

23:27:02 INFO  : Launch script is exported to file 'F:\FPGA\work_space\AD_DA_tran\AD_DA_tran.sdk\.sdk\launch_scripts\xilinx_c-c++_application_(system_debugger)\system_debugger_using_debug_uart_0.elf_on_local.tcl'
23:28:51 INFO  : Disconnected from the channel tcfchan#39.
23:28:52 INFO  : 'targets -set -filter {jtag_cable_name =~ "Digilent JTAG-SMT3 210357A7D00EA" && level==0} -index 1' command is executed.
23:28:52 INFO  : 'fpga -state' command is executed.
23:28:52 INFO  : Connected to target on host '127.0.0.1' and port '3121'.
23:28:52 INFO  : Jtag cable 'Digilent JTAG-SMT3 210357A7D00EA' is selected.
23:28:52 INFO  : 'jtag frequency' command is executed.
23:28:52 INFO  : Sourcing of 'F:/FPGA/work_space/AD_DA_tran/AD_DA_tran.sdk/FFT_OUT_hw_platform_0/ps7_init.tcl' is done.
23:28:52 INFO  : Context for 'APU' is selected.
23:28:53 INFO  : Hardware design information is loaded from 'F:/FPGA/work_space/AD_DA_tran/AD_DA_tran.sdk/FFT_OUT_hw_platform_0/system.hdf'.
23:28:53 INFO  : 'configparams force-mem-access 1' command is executed.
23:28:53 INFO  : Context for 'APU' is selected.
23:28:53 INFO  : 'stop' command is executed.
23:28:53 INFO  : 'ps7_init' command is executed.
23:28:53 INFO  : 'ps7_post_config' command is executed.
23:28:53 INFO  : Context for processor 'ps7_cortexa9_0' is selected.
23:28:53 INFO  : Processor reset is completed for 'ps7_cortexa9_0'.
23:28:53 INFO  : Context for processor 'ps7_cortexa9_0' is selected.
23:28:53 INFO  : The application 'F:/FPGA/work_space/AD_DA_tran/AD_DA_tran.sdk/Uart_0/Debug/Uart_0.elf' is downloaded to processor 'ps7_cortexa9_0'.
23:28:53 INFO  : 'configparams force-mem-access 0' command is executed.
23:28:53 INFO  : ----------------XSDB Script----------------
connect -url tcp:127.0.0.1:3121
source F:/FPGA/work_space/AD_DA_tran/AD_DA_tran.sdk/FFT_OUT_hw_platform_0/ps7_init.tcl
targets -set -nocase -filter {name =~"APU*" && jtag_cable_name =~ "Digilent JTAG-SMT3 210357A7D00EA"} -index 0
loadhw -hw F:/FPGA/work_space/AD_DA_tran/AD_DA_tran.sdk/FFT_OUT_hw_platform_0/system.hdf -mem-ranges [list {0x40000000 0xbfffffff}]
configparams force-mem-access 1
targets -set -nocase -filter {name =~"APU*" && jtag_cable_name =~ "Digilent JTAG-SMT3 210357A7D00EA"} -index 0
stop
ps7_init
ps7_post_config
targets -set -nocase -filter {name =~ "ARM*#0" && jtag_cable_name =~ "Digilent JTAG-SMT3 210357A7D00EA"} -index 0
rst -processor
targets -set -nocase -filter {name =~ "ARM*#0" && jtag_cable_name =~ "Digilent JTAG-SMT3 210357A7D00EA"} -index 0
dow F:/FPGA/work_space/AD_DA_tran/AD_DA_tran.sdk/Uart_0/Debug/Uart_0.elf
configparams force-mem-access 0
----------------End of Script----------------

23:28:53 INFO  : Memory regions updated for context APU
23:28:53 INFO  : Context for processor 'ps7_cortexa9_0' is selected.
23:28:53 INFO  : 'con' command is executed.
23:28:53 INFO  : ----------------XSDB Script (After Launch)----------------
targets -set -nocase -filter {name =~ "ARM*#0" && jtag_cable_name =~ "Digilent JTAG-SMT3 210357A7D00EA"} -index 0
con
----------------End of Script----------------

23:28:53 INFO  : Launch script is exported to file 'F:\FPGA\work_space\AD_DA_tran\AD_DA_tran.sdk\.sdk\launch_scripts\xilinx_c-c++_application_(system_debugger)\system_debugger_using_debug_uart_0.elf_on_local.tcl'
23:29:53 INFO  : Disconnected from the channel tcfchan#40.
23:29:54 INFO  : 'targets -set -filter {jtag_cable_name =~ "Digilent JTAG-SMT3 210357A7D00EA" && level==0} -index 1' command is executed.
23:29:55 INFO  : 'fpga -state' command is executed.
23:29:55 INFO  : Connected to target on host '127.0.0.1' and port '3121'.
23:29:55 INFO  : Jtag cable 'Digilent JTAG-SMT3 210357A7D00EA' is selected.
23:29:55 INFO  : 'jtag frequency' command is executed.
23:29:55 INFO  : Sourcing of 'F:/FPGA/work_space/AD_DA_tran/AD_DA_tran.sdk/FFT_OUT_hw_platform_0/ps7_init.tcl' is done.
23:29:55 INFO  : Context for 'APU' is selected.
23:29:56 INFO  : Hardware design information is loaded from 'F:/FPGA/work_space/AD_DA_tran/AD_DA_tran.sdk/FFT_OUT_hw_platform_0/system.hdf'.
23:29:56 INFO  : 'configparams force-mem-access 1' command is executed.
23:29:56 INFO  : Context for 'APU' is selected.
23:29:56 INFO  : 'stop' command is executed.
23:29:56 INFO  : 'ps7_init' command is executed.
23:29:56 INFO  : 'ps7_post_config' command is executed.
23:29:56 INFO  : Context for processor 'ps7_cortexa9_0' is selected.
23:29:56 INFO  : Processor reset is completed for 'ps7_cortexa9_0'.
23:29:57 INFO  : Context for processor 'ps7_cortexa9_0' is selected.
23:29:57 INFO  : The application 'F:/FPGA/work_space/AD_DA_tran/AD_DA_tran.sdk/Uart_0/Debug/Uart_0.elf' is downloaded to processor 'ps7_cortexa9_0'.
23:29:57 INFO  : 'configparams force-mem-access 0' command is executed.
23:29:57 INFO  : ----------------XSDB Script----------------
connect -url tcp:127.0.0.1:3121
source F:/FPGA/work_space/AD_DA_tran/AD_DA_tran.sdk/FFT_OUT_hw_platform_0/ps7_init.tcl
targets -set -nocase -filter {name =~"APU*" && jtag_cable_name =~ "Digilent JTAG-SMT3 210357A7D00EA"} -index 0
loadhw -hw F:/FPGA/work_space/AD_DA_tran/AD_DA_tran.sdk/FFT_OUT_hw_platform_0/system.hdf -mem-ranges [list {0x40000000 0xbfffffff}]
configparams force-mem-access 1
targets -set -nocase -filter {name =~"APU*" && jtag_cable_name =~ "Digilent JTAG-SMT3 210357A7D00EA"} -index 0
stop
ps7_init
ps7_post_config
targets -set -nocase -filter {name =~ "ARM*#0" && jtag_cable_name =~ "Digilent JTAG-SMT3 210357A7D00EA"} -index 0
rst -processor
targets -set -nocase -filter {name =~ "ARM*#0" && jtag_cable_name =~ "Digilent JTAG-SMT3 210357A7D00EA"} -index 0
dow F:/FPGA/work_space/AD_DA_tran/AD_DA_tran.sdk/Uart_0/Debug/Uart_0.elf
configparams force-mem-access 0
----------------End of Script----------------

23:29:57 INFO  : Memory regions updated for context APU
23:29:57 INFO  : Context for processor 'ps7_cortexa9_0' is selected.
23:29:57 INFO  : 'con' command is executed.
23:29:57 INFO  : ----------------XSDB Script (After Launch)----------------
targets -set -nocase -filter {name =~ "ARM*#0" && jtag_cable_name =~ "Digilent JTAG-SMT3 210357A7D00EA"} -index 0
con
----------------End of Script----------------

23:29:57 INFO  : Launch script is exported to file 'F:\FPGA\work_space\AD_DA_tran\AD_DA_tran.sdk\.sdk\launch_scripts\xilinx_c-c++_application_(system_debugger)\system_debugger_using_debug_uart_0.elf_on_local.tcl'
23:31:29 INFO  : Disconnected from the channel tcfchan#41.
23:31:30 INFO  : 'targets -set -filter {jtag_cable_name =~ "Digilent JTAG-SMT3 210357A7D00EA" && level==0} -index 1' command is executed.
23:31:30 INFO  : 'fpga -state' command is executed.
23:31:30 INFO  : Connected to target on host '127.0.0.1' and port '3121'.
23:31:31 INFO  : Jtag cable 'Digilent JTAG-SMT3 210357A7D00EA' is selected.
23:31:31 INFO  : 'jtag frequency' command is executed.
23:31:31 INFO  : Sourcing of 'F:/FPGA/work_space/AD_DA_tran/AD_DA_tran.sdk/FFT_OUT_hw_platform_0/ps7_init.tcl' is done.
23:31:31 INFO  : Context for 'APU' is selected.
23:31:32 INFO  : Hardware design information is loaded from 'F:/FPGA/work_space/AD_DA_tran/AD_DA_tran.sdk/FFT_OUT_hw_platform_0/system.hdf'.
23:31:32 INFO  : 'configparams force-mem-access 1' command is executed.
23:31:32 INFO  : Context for 'APU' is selected.
23:31:32 INFO  : 'stop' command is executed.
23:31:32 INFO  : 'ps7_init' command is executed.
23:31:32 INFO  : 'ps7_post_config' command is executed.
23:31:32 INFO  : Context for processor 'ps7_cortexa9_0' is selected.
23:31:32 INFO  : Processor reset is completed for 'ps7_cortexa9_0'.
23:31:32 INFO  : Context for processor 'ps7_cortexa9_0' is selected.
23:31:32 INFO  : The application 'F:/FPGA/work_space/AD_DA_tran/AD_DA_tran.sdk/Uart_0/Debug/Uart_0.elf' is downloaded to processor 'ps7_cortexa9_0'.
23:31:32 INFO  : 'configparams force-mem-access 0' command is executed.
23:31:32 INFO  : ----------------XSDB Script----------------
connect -url tcp:127.0.0.1:3121
source F:/FPGA/work_space/AD_DA_tran/AD_DA_tran.sdk/FFT_OUT_hw_platform_0/ps7_init.tcl
targets -set -nocase -filter {name =~"APU*" && jtag_cable_name =~ "Digilent JTAG-SMT3 210357A7D00EA"} -index 0
loadhw -hw F:/FPGA/work_space/AD_DA_tran/AD_DA_tran.sdk/FFT_OUT_hw_platform_0/system.hdf -mem-ranges [list {0x40000000 0xbfffffff}]
configparams force-mem-access 1
targets -set -nocase -filter {name =~"APU*" && jtag_cable_name =~ "Digilent JTAG-SMT3 210357A7D00EA"} -index 0
stop
ps7_init
ps7_post_config
targets -set -nocase -filter {name =~ "ARM*#0" && jtag_cable_name =~ "Digilent JTAG-SMT3 210357A7D00EA"} -index 0
rst -processor
targets -set -nocase -filter {name =~ "ARM*#0" && jtag_cable_name =~ "Digilent JTAG-SMT3 210357A7D00EA"} -index 0
dow F:/FPGA/work_space/AD_DA_tran/AD_DA_tran.sdk/Uart_0/Debug/Uart_0.elf
configparams force-mem-access 0
----------------End of Script----------------

23:31:32 INFO  : Memory regions updated for context APU
23:31:32 INFO  : Context for processor 'ps7_cortexa9_0' is selected.
23:31:32 INFO  : 'con' command is executed.
23:31:32 INFO  : ----------------XSDB Script (After Launch)----------------
targets -set -nocase -filter {name =~ "ARM*#0" && jtag_cable_name =~ "Digilent JTAG-SMT3 210357A7D00EA"} -index 0
con
----------------End of Script----------------

23:31:32 INFO  : Launch script is exported to file 'F:\FPGA\work_space\AD_DA_tran\AD_DA_tran.sdk\.sdk\launch_scripts\xilinx_c-c++_application_(system_debugger)\system_debugger_using_debug_uart_0.elf_on_local.tcl'
23:33:35 INFO  : Disconnected from the channel tcfchan#42.
23:33:36 INFO  : 'targets -set -filter {jtag_cable_name =~ "Digilent JTAG-SMT3 210357A7D00EA" && level==0} -index 1' command is executed.
23:33:36 INFO  : 'fpga -state' command is executed.
23:33:36 INFO  : Connected to target on host '127.0.0.1' and port '3121'.
23:33:36 INFO  : Jtag cable 'Digilent JTAG-SMT3 210357A7D00EA' is selected.
23:33:36 INFO  : 'jtag frequency' command is executed.
23:33:36 INFO  : Sourcing of 'F:/FPGA/work_space/AD_DA_tran/AD_DA_tran.sdk/FFT_OUT_hw_platform_0/ps7_init.tcl' is done.
23:33:36 INFO  : Context for 'APU' is selected.
23:33:37 INFO  : Hardware design information is loaded from 'F:/FPGA/work_space/AD_DA_tran/AD_DA_tran.sdk/FFT_OUT_hw_platform_0/system.hdf'.
23:33:37 INFO  : 'configparams force-mem-access 1' command is executed.
23:33:37 INFO  : Context for 'APU' is selected.
23:33:37 INFO  : 'stop' command is executed.
23:33:38 INFO  : 'ps7_init' command is executed.
23:33:38 INFO  : 'ps7_post_config' command is executed.
23:33:38 INFO  : Context for processor 'ps7_cortexa9_0' is selected.
23:33:38 INFO  : Processor reset is completed for 'ps7_cortexa9_0'.
23:33:38 INFO  : Context for processor 'ps7_cortexa9_0' is selected.
23:33:38 INFO  : The application 'F:/FPGA/work_space/AD_DA_tran/AD_DA_tran.sdk/Uart_0/Debug/Uart_0.elf' is downloaded to processor 'ps7_cortexa9_0'.
23:33:38 INFO  : 'configparams force-mem-access 0' command is executed.
23:33:38 INFO  : ----------------XSDB Script----------------
connect -url tcp:127.0.0.1:3121
source F:/FPGA/work_space/AD_DA_tran/AD_DA_tran.sdk/FFT_OUT_hw_platform_0/ps7_init.tcl
targets -set -nocase -filter {name =~"APU*" && jtag_cable_name =~ "Digilent JTAG-SMT3 210357A7D00EA"} -index 0
loadhw -hw F:/FPGA/work_space/AD_DA_tran/AD_DA_tran.sdk/FFT_OUT_hw_platform_0/system.hdf -mem-ranges [list {0x40000000 0xbfffffff}]
configparams force-mem-access 1
targets -set -nocase -filter {name =~"APU*" && jtag_cable_name =~ "Digilent JTAG-SMT3 210357A7D00EA"} -index 0
stop
ps7_init
ps7_post_config
targets -set -nocase -filter {name =~ "ARM*#0" && jtag_cable_name =~ "Digilent JTAG-SMT3 210357A7D00EA"} -index 0
rst -processor
targets -set -nocase -filter {name =~ "ARM*#0" && jtag_cable_name =~ "Digilent JTAG-SMT3 210357A7D00EA"} -index 0
dow F:/FPGA/work_space/AD_DA_tran/AD_DA_tran.sdk/Uart_0/Debug/Uart_0.elf
configparams force-mem-access 0
----------------End of Script----------------

23:33:38 INFO  : Memory regions updated for context APU
23:33:38 INFO  : Context for processor 'ps7_cortexa9_0' is selected.
23:33:38 INFO  : 'con' command is executed.
23:33:38 INFO  : ----------------XSDB Script (After Launch)----------------
targets -set -nocase -filter {name =~ "ARM*#0" && jtag_cable_name =~ "Digilent JTAG-SMT3 210357A7D00EA"} -index 0
con
----------------End of Script----------------

23:33:38 INFO  : Launch script is exported to file 'F:\FPGA\work_space\AD_DA_tran\AD_DA_tran.sdk\.sdk\launch_scripts\xilinx_c-c++_application_(system_debugger)\system_debugger_using_debug_uart_0.elf_on_local.tcl'
23:34:11 INFO  : Disconnected from the channel tcfchan#43.
23:34:12 INFO  : 'targets -set -filter {jtag_cable_name =~ "Digilent JTAG-SMT3 210357A7D00EA" && level==0} -index 1' command is executed.
23:34:12 INFO  : 'fpga -state' command is executed.
23:34:12 INFO  : Connected to target on host '127.0.0.1' and port '3121'.
23:34:12 INFO  : Jtag cable 'Digilent JTAG-SMT3 210357A7D00EA' is selected.
23:34:12 INFO  : 'jtag frequency' command is executed.
23:34:12 INFO  : Sourcing of 'F:/FPGA/work_space/AD_DA_tran/AD_DA_tran.sdk/FFT_OUT_hw_platform_0/ps7_init.tcl' is done.
23:34:12 INFO  : Context for 'APU' is selected.
23:34:13 INFO  : Hardware design information is loaded from 'F:/FPGA/work_space/AD_DA_tran/AD_DA_tran.sdk/FFT_OUT_hw_platform_0/system.hdf'.
23:34:13 INFO  : 'configparams force-mem-access 1' command is executed.
23:34:13 INFO  : Context for 'APU' is selected.
23:34:13 INFO  : 'stop' command is executed.
23:34:13 INFO  : 'ps7_init' command is executed.
23:34:13 INFO  : 'ps7_post_config' command is executed.
23:34:13 INFO  : Context for processor 'ps7_cortexa9_0' is selected.
23:34:14 INFO  : Processor reset is completed for 'ps7_cortexa9_0'.
23:34:14 INFO  : Context for processor 'ps7_cortexa9_0' is selected.
23:34:14 INFO  : The application 'F:/FPGA/work_space/AD_DA_tran/AD_DA_tran.sdk/Uart_0/Debug/Uart_0.elf' is downloaded to processor 'ps7_cortexa9_0'.
23:34:14 INFO  : 'configparams force-mem-access 0' command is executed.
23:34:14 INFO  : ----------------XSDB Script----------------
connect -url tcp:127.0.0.1:3121
source F:/FPGA/work_space/AD_DA_tran/AD_DA_tran.sdk/FFT_OUT_hw_platform_0/ps7_init.tcl
targets -set -nocase -filter {name =~"APU*" && jtag_cable_name =~ "Digilent JTAG-SMT3 210357A7D00EA"} -index 0
loadhw -hw F:/FPGA/work_space/AD_DA_tran/AD_DA_tran.sdk/FFT_OUT_hw_platform_0/system.hdf -mem-ranges [list {0x40000000 0xbfffffff}]
configparams force-mem-access 1
targets -set -nocase -filter {name =~"APU*" && jtag_cable_name =~ "Digilent JTAG-SMT3 210357A7D00EA"} -index 0
stop
ps7_init
ps7_post_config
targets -set -nocase -filter {name =~ "ARM*#0" && jtag_cable_name =~ "Digilent JTAG-SMT3 210357A7D00EA"} -index 0
rst -processor
targets -set -nocase -filter {name =~ "ARM*#0" && jtag_cable_name =~ "Digilent JTAG-SMT3 210357A7D00EA"} -index 0
dow F:/FPGA/work_space/AD_DA_tran/AD_DA_tran.sdk/Uart_0/Debug/Uart_0.elf
configparams force-mem-access 0
----------------End of Script----------------

23:34:14 INFO  : Memory regions updated for context APU
23:34:14 INFO  : Context for processor 'ps7_cortexa9_0' is selected.
23:34:14 INFO  : 'con' command is executed.
23:34:14 INFO  : ----------------XSDB Script (After Launch)----------------
targets -set -nocase -filter {name =~ "ARM*#0" && jtag_cable_name =~ "Digilent JTAG-SMT3 210357A7D00EA"} -index 0
con
----------------End of Script----------------

23:34:14 INFO  : Launch script is exported to file 'F:\FPGA\work_space\AD_DA_tran\AD_DA_tran.sdk\.sdk\launch_scripts\xilinx_c-c++_application_(system_debugger)\system_debugger_using_debug_uart_0.elf_on_local.tcl'
23:35:58 INFO  : Disconnected from the channel tcfchan#44.
23:36:00 INFO  : 'targets -set -filter {jtag_cable_name =~ "Digilent JTAG-SMT3 210357A7D00EA" && level==0} -index 1' command is executed.
23:36:00 INFO  : 'fpga -state' command is executed.
23:36:00 INFO  : Connected to target on host '127.0.0.1' and port '3121'.
23:36:00 INFO  : Jtag cable 'Digilent JTAG-SMT3 210357A7D00EA' is selected.
23:36:00 INFO  : 'jtag frequency' command is executed.
23:36:00 INFO  : Sourcing of 'F:/FPGA/work_space/AD_DA_tran/AD_DA_tran.sdk/FFT_OUT_hw_platform_0/ps7_init.tcl' is done.
23:36:00 INFO  : Context for 'APU' is selected.
23:36:01 INFO  : Hardware design information is loaded from 'F:/FPGA/work_space/AD_DA_tran/AD_DA_tran.sdk/FFT_OUT_hw_platform_0/system.hdf'.
23:36:01 INFO  : 'configparams force-mem-access 1' command is executed.
23:36:01 INFO  : Context for 'APU' is selected.
23:36:01 INFO  : 'stop' command is executed.
23:36:01 INFO  : 'ps7_init' command is executed.
23:36:01 INFO  : 'ps7_post_config' command is executed.
23:36:01 INFO  : Context for processor 'ps7_cortexa9_0' is selected.
23:36:01 INFO  : Processor reset is completed for 'ps7_cortexa9_0'.
23:36:01 INFO  : Context for processor 'ps7_cortexa9_0' is selected.
23:36:01 INFO  : The application 'F:/FPGA/work_space/AD_DA_tran/AD_DA_tran.sdk/Uart_0/Debug/Uart_0.elf' is downloaded to processor 'ps7_cortexa9_0'.
23:36:01 INFO  : 'configparams force-mem-access 0' command is executed.
23:36:01 INFO  : ----------------XSDB Script----------------
connect -url tcp:127.0.0.1:3121
source F:/FPGA/work_space/AD_DA_tran/AD_DA_tran.sdk/FFT_OUT_hw_platform_0/ps7_init.tcl
targets -set -nocase -filter {name =~"APU*" && jtag_cable_name =~ "Digilent JTAG-SMT3 210357A7D00EA"} -index 0
loadhw -hw F:/FPGA/work_space/AD_DA_tran/AD_DA_tran.sdk/FFT_OUT_hw_platform_0/system.hdf -mem-ranges [list {0x40000000 0xbfffffff}]
configparams force-mem-access 1
targets -set -nocase -filter {name =~"APU*" && jtag_cable_name =~ "Digilent JTAG-SMT3 210357A7D00EA"} -index 0
stop
ps7_init
ps7_post_config
targets -set -nocase -filter {name =~ "ARM*#0" && jtag_cable_name =~ "Digilent JTAG-SMT3 210357A7D00EA"} -index 0
rst -processor
targets -set -nocase -filter {name =~ "ARM*#0" && jtag_cable_name =~ "Digilent JTAG-SMT3 210357A7D00EA"} -index 0
dow F:/FPGA/work_space/AD_DA_tran/AD_DA_tran.sdk/Uart_0/Debug/Uart_0.elf
configparams force-mem-access 0
----------------End of Script----------------

23:36:01 INFO  : Memory regions updated for context APU
23:36:01 INFO  : Context for processor 'ps7_cortexa9_0' is selected.
23:36:01 INFO  : 'con' command is executed.
23:36:01 INFO  : ----------------XSDB Script (After Launch)----------------
targets -set -nocase -filter {name =~ "ARM*#0" && jtag_cable_name =~ "Digilent JTAG-SMT3 210357A7D00EA"} -index 0
con
----------------End of Script----------------

23:36:01 INFO  : Launch script is exported to file 'F:\FPGA\work_space\AD_DA_tran\AD_DA_tran.sdk\.sdk\launch_scripts\xilinx_c-c++_application_(system_debugger)\system_debugger_using_debug_uart_0.elf_on_local.tcl'
23:36:29 INFO  : Disconnected from the channel tcfchan#45.
23:36:30 INFO  : 'targets -set -filter {jtag_cable_name =~ "Digilent JTAG-SMT3 210357A7D00EA" && level==0} -index 1' command is executed.
23:36:30 INFO  : 'fpga -state' command is executed.
23:36:30 INFO  : Connected to target on host '127.0.0.1' and port '3121'.
23:36:30 INFO  : Jtag cable 'Digilent JTAG-SMT3 210357A7D00EA' is selected.
23:36:30 INFO  : 'jtag frequency' command is executed.
23:36:30 INFO  : Sourcing of 'F:/FPGA/work_space/AD_DA_tran/AD_DA_tran.sdk/FFT_OUT_hw_platform_0/ps7_init.tcl' is done.
23:36:30 INFO  : Context for 'APU' is selected.
23:36:31 INFO  : Hardware design information is loaded from 'F:/FPGA/work_space/AD_DA_tran/AD_DA_tran.sdk/FFT_OUT_hw_platform_0/system.hdf'.
23:36:31 INFO  : 'configparams force-mem-access 1' command is executed.
23:36:31 INFO  : Context for 'APU' is selected.
23:36:31 INFO  : 'stop' command is executed.
23:36:31 INFO  : 'ps7_init' command is executed.
23:36:31 INFO  : 'ps7_post_config' command is executed.
23:36:31 INFO  : Context for processor 'ps7_cortexa9_0' is selected.
23:36:31 INFO  : Processor reset is completed for 'ps7_cortexa9_0'.
23:36:31 INFO  : Context for processor 'ps7_cortexa9_0' is selected.
23:36:31 INFO  : The application 'F:/FPGA/work_space/AD_DA_tran/AD_DA_tran.sdk/Uart_0/Debug/Uart_0.elf' is downloaded to processor 'ps7_cortexa9_0'.
23:36:31 INFO  : 'configparams force-mem-access 0' command is executed.
23:36:31 INFO  : ----------------XSDB Script----------------
connect -url tcp:127.0.0.1:3121
source F:/FPGA/work_space/AD_DA_tran/AD_DA_tran.sdk/FFT_OUT_hw_platform_0/ps7_init.tcl
targets -set -nocase -filter {name =~"APU*" && jtag_cable_name =~ "Digilent JTAG-SMT3 210357A7D00EA"} -index 0
loadhw -hw F:/FPGA/work_space/AD_DA_tran/AD_DA_tran.sdk/FFT_OUT_hw_platform_0/system.hdf -mem-ranges [list {0x40000000 0xbfffffff}]
configparams force-mem-access 1
targets -set -nocase -filter {name =~"APU*" && jtag_cable_name =~ "Digilent JTAG-SMT3 210357A7D00EA"} -index 0
stop
ps7_init
ps7_post_config
targets -set -nocase -filter {name =~ "ARM*#0" && jtag_cable_name =~ "Digilent JTAG-SMT3 210357A7D00EA"} -index 0
rst -processor
targets -set -nocase -filter {name =~ "ARM*#0" && jtag_cable_name =~ "Digilent JTAG-SMT3 210357A7D00EA"} -index 0
dow F:/FPGA/work_space/AD_DA_tran/AD_DA_tran.sdk/Uart_0/Debug/Uart_0.elf
configparams force-mem-access 0
----------------End of Script----------------

23:36:31 INFO  : Memory regions updated for context APU
23:36:31 INFO  : Context for processor 'ps7_cortexa9_0' is selected.
23:36:31 INFO  : 'con' command is executed.
23:36:31 INFO  : ----------------XSDB Script (After Launch)----------------
targets -set -nocase -filter {name =~ "ARM*#0" && jtag_cable_name =~ "Digilent JTAG-SMT3 210357A7D00EA"} -index 0
con
----------------End of Script----------------

23:36:31 INFO  : Launch script is exported to file 'F:\FPGA\work_space\AD_DA_tran\AD_DA_tran.sdk\.sdk\launch_scripts\xilinx_c-c++_application_(system_debugger)\system_debugger_using_debug_uart_0.elf_on_local.tcl'
23:40:33 INFO  : Disconnected from the channel tcfchan#46.
23:40:34 INFO  : 'targets -set -filter {jtag_cable_name =~ "Digilent JTAG-SMT3 210357A7D00EA" && level==0} -index 1' command is executed.
23:40:34 INFO  : 'fpga -state' command is executed.
23:40:34 INFO  : Connected to target on host '127.0.0.1' and port '3121'.
23:40:34 INFO  : Jtag cable 'Digilent JTAG-SMT3 210357A7D00EA' is selected.
23:40:34 INFO  : 'jtag frequency' command is executed.
23:40:34 INFO  : Sourcing of 'F:/FPGA/work_space/AD_DA_tran/AD_DA_tran.sdk/FFT_OUT_hw_platform_0/ps7_init.tcl' is done.
23:40:34 INFO  : Context for 'APU' is selected.
23:40:35 INFO  : Hardware design information is loaded from 'F:/FPGA/work_space/AD_DA_tran/AD_DA_tran.sdk/FFT_OUT_hw_platform_0/system.hdf'.
23:40:35 INFO  : 'configparams force-mem-access 1' command is executed.
23:40:35 INFO  : Context for 'APU' is selected.
23:40:35 INFO  : 'stop' command is executed.
23:40:36 INFO  : 'ps7_init' command is executed.
23:40:36 INFO  : 'ps7_post_config' command is executed.
23:40:36 INFO  : Context for processor 'ps7_cortexa9_0' is selected.
23:40:36 INFO  : Processor reset is completed for 'ps7_cortexa9_0'.
23:40:36 INFO  : Context for processor 'ps7_cortexa9_0' is selected.
23:40:36 INFO  : The application 'F:/FPGA/work_space/AD_DA_tran/AD_DA_tran.sdk/Uart_0/Debug/Uart_0.elf' is downloaded to processor 'ps7_cortexa9_0'.
23:40:36 INFO  : 'configparams force-mem-access 0' command is executed.
23:40:36 INFO  : ----------------XSDB Script----------------
connect -url tcp:127.0.0.1:3121
source F:/FPGA/work_space/AD_DA_tran/AD_DA_tran.sdk/FFT_OUT_hw_platform_0/ps7_init.tcl
targets -set -nocase -filter {name =~"APU*" && jtag_cable_name =~ "Digilent JTAG-SMT3 210357A7D00EA"} -index 0
loadhw -hw F:/FPGA/work_space/AD_DA_tran/AD_DA_tran.sdk/FFT_OUT_hw_platform_0/system.hdf -mem-ranges [list {0x40000000 0xbfffffff}]
configparams force-mem-access 1
targets -set -nocase -filter {name =~"APU*" && jtag_cable_name =~ "Digilent JTAG-SMT3 210357A7D00EA"} -index 0
stop
ps7_init
ps7_post_config
targets -set -nocase -filter {name =~ "ARM*#0" && jtag_cable_name =~ "Digilent JTAG-SMT3 210357A7D00EA"} -index 0
rst -processor
targets -set -nocase -filter {name =~ "ARM*#0" && jtag_cable_name =~ "Digilent JTAG-SMT3 210357A7D00EA"} -index 0
dow F:/FPGA/work_space/AD_DA_tran/AD_DA_tran.sdk/Uart_0/Debug/Uart_0.elf
configparams force-mem-access 0
----------------End of Script----------------

23:40:36 INFO  : Memory regions updated for context APU
23:40:36 INFO  : Context for processor 'ps7_cortexa9_0' is selected.
23:40:36 INFO  : 'con' command is executed.
23:40:36 INFO  : ----------------XSDB Script (After Launch)----------------
targets -set -nocase -filter {name =~ "ARM*#0" && jtag_cable_name =~ "Digilent JTAG-SMT3 210357A7D00EA"} -index 0
con
----------------End of Script----------------

23:40:36 INFO  : Launch script is exported to file 'F:\FPGA\work_space\AD_DA_tran\AD_DA_tran.sdk\.sdk\launch_scripts\xilinx_c-c++_application_(system_debugger)\system_debugger_using_debug_uart_0.elf_on_local.tcl'
23:46:39 INFO  : Disconnected from the channel tcfchan#47.
23:46:40 INFO  : 'targets -set -filter {jtag_cable_name =~ "Digilent JTAG-SMT3 210357A7D00EA" && level==0} -index 1' command is executed.
23:46:40 INFO  : 'fpga -state' command is executed.
23:46:40 INFO  : Connected to target on host '127.0.0.1' and port '3121'.
23:46:40 INFO  : Jtag cable 'Digilent JTAG-SMT3 210357A7D00EA' is selected.
23:46:40 INFO  : 'jtag frequency' command is executed.
23:46:40 INFO  : Sourcing of 'F:/FPGA/work_space/AD_DA_tran/AD_DA_tran.sdk/FFT_OUT_hw_platform_0/ps7_init.tcl' is done.
23:46:40 INFO  : Context for 'APU' is selected.
23:46:41 INFO  : Hardware design information is loaded from 'F:/FPGA/work_space/AD_DA_tran/AD_DA_tran.sdk/FFT_OUT_hw_platform_0/system.hdf'.
23:46:41 INFO  : 'configparams force-mem-access 1' command is executed.
23:46:41 INFO  : Context for 'APU' is selected.
23:46:41 INFO  : 'stop' command is executed.
23:46:42 INFO  : 'ps7_init' command is executed.
23:46:42 INFO  : 'ps7_post_config' command is executed.
23:46:42 INFO  : Context for processor 'ps7_cortexa9_0' is selected.
23:46:42 INFO  : Processor reset is completed for 'ps7_cortexa9_0'.
23:46:42 INFO  : Context for processor 'ps7_cortexa9_0' is selected.
23:46:42 INFO  : The application 'F:/FPGA/work_space/AD_DA_tran/AD_DA_tran.sdk/Uart_0/Debug/Uart_0.elf' is downloaded to processor 'ps7_cortexa9_0'.
23:46:42 INFO  : 'configparams force-mem-access 0' command is executed.
23:46:42 INFO  : ----------------XSDB Script----------------
connect -url tcp:127.0.0.1:3121
source F:/FPGA/work_space/AD_DA_tran/AD_DA_tran.sdk/FFT_OUT_hw_platform_0/ps7_init.tcl
targets -set -nocase -filter {name =~"APU*" && jtag_cable_name =~ "Digilent JTAG-SMT3 210357A7D00EA"} -index 0
loadhw -hw F:/FPGA/work_space/AD_DA_tran/AD_DA_tran.sdk/FFT_OUT_hw_platform_0/system.hdf -mem-ranges [list {0x40000000 0xbfffffff}]
configparams force-mem-access 1
targets -set -nocase -filter {name =~"APU*" && jtag_cable_name =~ "Digilent JTAG-SMT3 210357A7D00EA"} -index 0
stop
ps7_init
ps7_post_config
targets -set -nocase -filter {name =~ "ARM*#0" && jtag_cable_name =~ "Digilent JTAG-SMT3 210357A7D00EA"} -index 0
rst -processor
targets -set -nocase -filter {name =~ "ARM*#0" && jtag_cable_name =~ "Digilent JTAG-SMT3 210357A7D00EA"} -index 0
dow F:/FPGA/work_space/AD_DA_tran/AD_DA_tran.sdk/Uart_0/Debug/Uart_0.elf
configparams force-mem-access 0
----------------End of Script----------------

23:46:42 INFO  : Memory regions updated for context APU
23:46:42 INFO  : Context for processor 'ps7_cortexa9_0' is selected.
23:46:42 INFO  : 'con' command is executed.
23:46:42 INFO  : ----------------XSDB Script (After Launch)----------------
targets -set -nocase -filter {name =~ "ARM*#0" && jtag_cable_name =~ "Digilent JTAG-SMT3 210357A7D00EA"} -index 0
con
----------------End of Script----------------

23:46:42 INFO  : Launch script is exported to file 'F:\FPGA\work_space\AD_DA_tran\AD_DA_tran.sdk\.sdk\launch_scripts\xilinx_c-c++_application_(system_debugger)\system_debugger_using_debug_uart_0.elf_on_local.tcl'
23:51:55 INFO  : Disconnected from the channel tcfchan#48.
23:51:57 INFO  : 'targets -set -filter {jtag_cable_name =~ "Digilent JTAG-SMT3 210357A7D00EA" && level==0} -index 1' command is executed.
23:51:57 INFO  : 'fpga -state' command is executed.
23:51:57 INFO  : Connected to target on host '127.0.0.1' and port '3121'.
23:51:57 INFO  : Jtag cable 'Digilent JTAG-SMT3 210357A7D00EA' is selected.
23:51:57 INFO  : 'jtag frequency' command is executed.
23:51:57 INFO  : Sourcing of 'F:/FPGA/work_space/AD_DA_tran/AD_DA_tran.sdk/FFT_OUT_hw_platform_0/ps7_init.tcl' is done.
23:51:57 INFO  : Context for 'APU' is selected.
23:51:57 INFO  : Hardware design information is loaded from 'F:/FPGA/work_space/AD_DA_tran/AD_DA_tran.sdk/FFT_OUT_hw_platform_0/system.hdf'.
23:51:57 INFO  : 'configparams force-mem-access 1' command is executed.
23:51:57 INFO  : Context for 'APU' is selected.
23:51:57 INFO  : 'stop' command is executed.
23:51:58 INFO  : 'ps7_init' command is executed.
23:51:58 INFO  : 'ps7_post_config' command is executed.
23:51:58 INFO  : Context for processor 'ps7_cortexa9_0' is selected.
23:51:58 INFO  : Processor reset is completed for 'ps7_cortexa9_0'.
23:51:58 INFO  : Context for processor 'ps7_cortexa9_0' is selected.
23:51:58 INFO  : The application 'F:/FPGA/work_space/AD_DA_tran/AD_DA_tran.sdk/Uart_0/Debug/Uart_0.elf' is downloaded to processor 'ps7_cortexa9_0'.
23:51:58 INFO  : 'configparams force-mem-access 0' command is executed.
23:51:58 INFO  : ----------------XSDB Script----------------
connect -url tcp:127.0.0.1:3121
source F:/FPGA/work_space/AD_DA_tran/AD_DA_tran.sdk/FFT_OUT_hw_platform_0/ps7_init.tcl
targets -set -nocase -filter {name =~"APU*" && jtag_cable_name =~ "Digilent JTAG-SMT3 210357A7D00EA"} -index 0
loadhw -hw F:/FPGA/work_space/AD_DA_tran/AD_DA_tran.sdk/FFT_OUT_hw_platform_0/system.hdf -mem-ranges [list {0x40000000 0xbfffffff}]
configparams force-mem-access 1
targets -set -nocase -filter {name =~"APU*" && jtag_cable_name =~ "Digilent JTAG-SMT3 210357A7D00EA"} -index 0
stop
ps7_init
ps7_post_config
targets -set -nocase -filter {name =~ "ARM*#0" && jtag_cable_name =~ "Digilent JTAG-SMT3 210357A7D00EA"} -index 0
rst -processor
targets -set -nocase -filter {name =~ "ARM*#0" && jtag_cable_name =~ "Digilent JTAG-SMT3 210357A7D00EA"} -index 0
dow F:/FPGA/work_space/AD_DA_tran/AD_DA_tran.sdk/Uart_0/Debug/Uart_0.elf
configparams force-mem-access 0
----------------End of Script----------------

23:51:58 INFO  : Memory regions updated for context APU
23:51:58 INFO  : Context for processor 'ps7_cortexa9_0' is selected.
23:51:58 INFO  : 'con' command is executed.
23:51:58 INFO  : ----------------XSDB Script (After Launch)----------------
targets -set -nocase -filter {name =~ "ARM*#0" && jtag_cable_name =~ "Digilent JTAG-SMT3 210357A7D00EA"} -index 0
con
----------------End of Script----------------

23:51:58 INFO  : Launch script is exported to file 'F:\FPGA\work_space\AD_DA_tran\AD_DA_tran.sdk\.sdk\launch_scripts\xilinx_c-c++_application_(system_debugger)\system_debugger_using_debug_uart_0.elf_on_local.tcl'
23:52:37 INFO  : Disconnected from the channel tcfchan#49.
23:52:38 INFO  : 'targets -set -filter {jtag_cable_name =~ "Digilent JTAG-SMT3 210357A7D00EA" && level==0} -index 1' command is executed.
23:52:38 INFO  : 'fpga -state' command is executed.
23:52:38 INFO  : Connected to target on host '127.0.0.1' and port '3121'.
23:52:39 INFO  : Jtag cable 'Digilent JTAG-SMT3 210357A7D00EA' is selected.
23:52:39 INFO  : 'jtag frequency' command is executed.
23:52:39 INFO  : Sourcing of 'F:/FPGA/work_space/AD_DA_tran/AD_DA_tran.sdk/FFT_OUT_hw_platform_0/ps7_init.tcl' is done.
23:52:39 INFO  : Context for 'APU' is selected.
23:52:39 INFO  : Hardware design information is loaded from 'F:/FPGA/work_space/AD_DA_tran/AD_DA_tran.sdk/FFT_OUT_hw_platform_0/system.hdf'.
23:52:39 INFO  : 'configparams force-mem-access 1' command is executed.
23:52:39 INFO  : Context for 'APU' is selected.
23:52:39 INFO  : 'stop' command is executed.
23:52:40 INFO  : 'ps7_init' command is executed.
23:52:40 INFO  : 'ps7_post_config' command is executed.
23:52:40 INFO  : Context for processor 'ps7_cortexa9_0' is selected.
23:52:40 INFO  : Processor reset is completed for 'ps7_cortexa9_0'.
23:52:40 INFO  : Context for processor 'ps7_cortexa9_0' is selected.
23:52:40 INFO  : The application 'F:/FPGA/work_space/AD_DA_tran/AD_DA_tran.sdk/Uart_0/Debug/Uart_0.elf' is downloaded to processor 'ps7_cortexa9_0'.
23:52:40 INFO  : 'configparams force-mem-access 0' command is executed.
23:52:40 INFO  : ----------------XSDB Script----------------
connect -url tcp:127.0.0.1:3121
source F:/FPGA/work_space/AD_DA_tran/AD_DA_tran.sdk/FFT_OUT_hw_platform_0/ps7_init.tcl
targets -set -nocase -filter {name =~"APU*" && jtag_cable_name =~ "Digilent JTAG-SMT3 210357A7D00EA"} -index 0
loadhw -hw F:/FPGA/work_space/AD_DA_tran/AD_DA_tran.sdk/FFT_OUT_hw_platform_0/system.hdf -mem-ranges [list {0x40000000 0xbfffffff}]
configparams force-mem-access 1
targets -set -nocase -filter {name =~"APU*" && jtag_cable_name =~ "Digilent JTAG-SMT3 210357A7D00EA"} -index 0
stop
ps7_init
ps7_post_config
targets -set -nocase -filter {name =~ "ARM*#0" && jtag_cable_name =~ "Digilent JTAG-SMT3 210357A7D00EA"} -index 0
rst -processor
targets -set -nocase -filter {name =~ "ARM*#0" && jtag_cable_name =~ "Digilent JTAG-SMT3 210357A7D00EA"} -index 0
dow F:/FPGA/work_space/AD_DA_tran/AD_DA_tran.sdk/Uart_0/Debug/Uart_0.elf
configparams force-mem-access 0
----------------End of Script----------------

23:52:40 INFO  : Memory regions updated for context APU
23:52:40 INFO  : Context for processor 'ps7_cortexa9_0' is selected.
23:52:40 INFO  : 'con' command is executed.
23:52:40 INFO  : ----------------XSDB Script (After Launch)----------------
targets -set -nocase -filter {name =~ "ARM*#0" && jtag_cable_name =~ "Digilent JTAG-SMT3 210357A7D00EA"} -index 0
con
----------------End of Script----------------

23:52:40 INFO  : Launch script is exported to file 'F:\FPGA\work_space\AD_DA_tran\AD_DA_tran.sdk\.sdk\launch_scripts\xilinx_c-c++_application_(system_debugger)\system_debugger_using_debug_uart_0.elf_on_local.tcl'
23:56:41 INFO  : Disconnected from the channel tcfchan#50.
23:56:42 INFO  : 'targets -set -filter {jtag_cable_name =~ "Digilent JTAG-SMT3 210357A7D00EA" && level==0} -index 1' command is executed.
23:56:42 INFO  : 'fpga -state' command is executed.
23:56:42 INFO  : Connected to target on host '127.0.0.1' and port '3121'.
23:56:42 INFO  : Jtag cable 'Digilent JTAG-SMT3 210357A7D00EA' is selected.
23:56:42 INFO  : 'jtag frequency' command is executed.
23:56:42 INFO  : Sourcing of 'F:/FPGA/work_space/AD_DA_tran/AD_DA_tran.sdk/FFT_OUT_hw_platform_0/ps7_init.tcl' is done.
23:56:43 INFO  : Context for 'APU' is selected.
23:56:44 INFO  : Hardware design information is loaded from 'F:/FPGA/work_space/AD_DA_tran/AD_DA_tran.sdk/FFT_OUT_hw_platform_0/system.hdf'.
23:56:44 INFO  : 'configparams force-mem-access 1' command is executed.
23:56:44 INFO  : Context for 'APU' is selected.
23:56:44 INFO  : 'stop' command is executed.
23:56:44 INFO  : 'ps7_init' command is executed.
23:56:44 INFO  : 'ps7_post_config' command is executed.
23:56:44 INFO  : Context for processor 'ps7_cortexa9_0' is selected.
23:56:44 INFO  : Processor reset is completed for 'ps7_cortexa9_0'.
23:56:44 INFO  : Context for processor 'ps7_cortexa9_0' is selected.
23:56:44 INFO  : The application 'F:/FPGA/work_space/AD_DA_tran/AD_DA_tran.sdk/Uart_0/Debug/Uart_0.elf' is downloaded to processor 'ps7_cortexa9_0'.
23:56:44 INFO  : 'configparams force-mem-access 0' command is executed.
23:56:44 INFO  : ----------------XSDB Script----------------
connect -url tcp:127.0.0.1:3121
source F:/FPGA/work_space/AD_DA_tran/AD_DA_tran.sdk/FFT_OUT_hw_platform_0/ps7_init.tcl
targets -set -nocase -filter {name =~"APU*" && jtag_cable_name =~ "Digilent JTAG-SMT3 210357A7D00EA"} -index 0
loadhw -hw F:/FPGA/work_space/AD_DA_tran/AD_DA_tran.sdk/FFT_OUT_hw_platform_0/system.hdf -mem-ranges [list {0x40000000 0xbfffffff}]
configparams force-mem-access 1
targets -set -nocase -filter {name =~"APU*" && jtag_cable_name =~ "Digilent JTAG-SMT3 210357A7D00EA"} -index 0
stop
ps7_init
ps7_post_config
targets -set -nocase -filter {name =~ "ARM*#0" && jtag_cable_name =~ "Digilent JTAG-SMT3 210357A7D00EA"} -index 0
rst -processor
targets -set -nocase -filter {name =~ "ARM*#0" && jtag_cable_name =~ "Digilent JTAG-SMT3 210357A7D00EA"} -index 0
dow F:/FPGA/work_space/AD_DA_tran/AD_DA_tran.sdk/Uart_0/Debug/Uart_0.elf
configparams force-mem-access 0
----------------End of Script----------------

23:56:44 INFO  : Memory regions updated for context APU
23:56:44 INFO  : Context for processor 'ps7_cortexa9_0' is selected.
23:56:44 INFO  : 'con' command is executed.
23:56:44 INFO  : ----------------XSDB Script (After Launch)----------------
targets -set -nocase -filter {name =~ "ARM*#0" && jtag_cable_name =~ "Digilent JTAG-SMT3 210357A7D00EA"} -index 0
con
----------------End of Script----------------

23:56:44 INFO  : Launch script is exported to file 'F:\FPGA\work_space\AD_DA_tran\AD_DA_tran.sdk\.sdk\launch_scripts\xilinx_c-c++_application_(system_debugger)\system_debugger_using_debug_uart_0.elf_on_local.tcl'
23:58:58 INFO  : Disconnected from the channel tcfchan#51.
23:58:59 INFO  : 'targets -set -filter {jtag_cable_name =~ "Digilent JTAG-SMT3 210357A7D00EA" && level==0} -index 1' command is executed.
23:58:59 INFO  : 'fpga -state' command is executed.
23:58:59 INFO  : Connected to target on host '127.0.0.1' and port '3121'.
23:58:59 INFO  : Jtag cable 'Digilent JTAG-SMT3 210357A7D00EA' is selected.
23:58:59 INFO  : 'jtag frequency' command is executed.
23:58:59 INFO  : Sourcing of 'F:/FPGA/work_space/AD_DA_tran/AD_DA_tran.sdk/FFT_OUT_hw_platform_0/ps7_init.tcl' is done.
23:58:59 INFO  : Context for 'APU' is selected.
23:59:00 INFO  : Hardware design information is loaded from 'F:/FPGA/work_space/AD_DA_tran/AD_DA_tran.sdk/FFT_OUT_hw_platform_0/system.hdf'.
23:59:00 INFO  : 'configparams force-mem-access 1' command is executed.
23:59:00 INFO  : Context for 'APU' is selected.
23:59:00 INFO  : 'stop' command is executed.
23:59:00 INFO  : 'ps7_init' command is executed.
23:59:00 INFO  : 'ps7_post_config' command is executed.
23:59:00 INFO  : Context for processor 'ps7_cortexa9_0' is selected.
23:59:00 INFO  : Processor reset is completed for 'ps7_cortexa9_0'.
23:59:00 INFO  : Context for processor 'ps7_cortexa9_0' is selected.
23:59:01 INFO  : The application 'F:/FPGA/work_space/AD_DA_tran/AD_DA_tran.sdk/Uart_0/Debug/Uart_0.elf' is downloaded to processor 'ps7_cortexa9_0'.
23:59:01 INFO  : 'configparams force-mem-access 0' command is executed.
23:59:01 INFO  : ----------------XSDB Script----------------
connect -url tcp:127.0.0.1:3121
source F:/FPGA/work_space/AD_DA_tran/AD_DA_tran.sdk/FFT_OUT_hw_platform_0/ps7_init.tcl
targets -set -nocase -filter {name =~"APU*" && jtag_cable_name =~ "Digilent JTAG-SMT3 210357A7D00EA"} -index 0
loadhw -hw F:/FPGA/work_space/AD_DA_tran/AD_DA_tran.sdk/FFT_OUT_hw_platform_0/system.hdf -mem-ranges [list {0x40000000 0xbfffffff}]
configparams force-mem-access 1
targets -set -nocase -filter {name =~"APU*" && jtag_cable_name =~ "Digilent JTAG-SMT3 210357A7D00EA"} -index 0
stop
ps7_init
ps7_post_config
targets -set -nocase -filter {name =~ "ARM*#0" && jtag_cable_name =~ "Digilent JTAG-SMT3 210357A7D00EA"} -index 0
rst -processor
targets -set -nocase -filter {name =~ "ARM*#0" && jtag_cable_name =~ "Digilent JTAG-SMT3 210357A7D00EA"} -index 0
dow F:/FPGA/work_space/AD_DA_tran/AD_DA_tran.sdk/Uart_0/Debug/Uart_0.elf
configparams force-mem-access 0
----------------End of Script----------------

23:59:01 INFO  : Memory regions updated for context APU
23:59:01 INFO  : Context for processor 'ps7_cortexa9_0' is selected.
23:59:01 INFO  : 'con' command is executed.
23:59:01 INFO  : ----------------XSDB Script (After Launch)----------------
targets -set -nocase -filter {name =~ "ARM*#0" && jtag_cable_name =~ "Digilent JTAG-SMT3 210357A7D00EA"} -index 0
con
----------------End of Script----------------

23:59:01 INFO  : Launch script is exported to file 'F:\FPGA\work_space\AD_DA_tran\AD_DA_tran.sdk\.sdk\launch_scripts\xilinx_c-c++_application_(system_debugger)\system_debugger_using_debug_uart_0.elf_on_local.tcl'
00:11:35 INFO  : Disconnected from the channel tcfchan#52.
00:11:36 INFO  : 'targets -set -filter {jtag_cable_name =~ "Digilent JTAG-SMT3 210357A7D00EA" && level==0} -index 1' command is executed.
00:11:36 INFO  : 'fpga -state' command is executed.
00:11:36 INFO  : Connected to target on host '127.0.0.1' and port '3121'.
00:11:36 INFO  : Jtag cable 'Digilent JTAG-SMT3 210357A7D00EA' is selected.
00:11:36 INFO  : 'jtag frequency' command is executed.
00:11:36 INFO  : Sourcing of 'F:/FPGA/work_space/AD_DA_tran/AD_DA_tran.sdk/FFT_OUT_hw_platform_0/ps7_init.tcl' is done.
00:11:36 INFO  : Context for 'APU' is selected.
00:11:37 INFO  : Hardware design information is loaded from 'F:/FPGA/work_space/AD_DA_tran/AD_DA_tran.sdk/FFT_OUT_hw_platform_0/system.hdf'.
00:11:37 INFO  : 'configparams force-mem-access 1' command is executed.
00:11:37 INFO  : Context for 'APU' is selected.
00:11:37 INFO  : 'stop' command is executed.
00:11:37 INFO  : 'ps7_init' command is executed.
00:11:37 INFO  : 'ps7_post_config' command is executed.
00:11:37 INFO  : Context for processor 'ps7_cortexa9_0' is selected.
00:11:38 INFO  : Processor reset is completed for 'ps7_cortexa9_0'.
00:11:38 INFO  : Context for processor 'ps7_cortexa9_0' is selected.
00:11:38 INFO  : The application 'F:/FPGA/work_space/AD_DA_tran/AD_DA_tran.sdk/Uart_0/Debug/Uart_0.elf' is downloaded to processor 'ps7_cortexa9_0'.
00:11:38 INFO  : 'configparams force-mem-access 0' command is executed.
00:11:38 INFO  : ----------------XSDB Script----------------
connect -url tcp:127.0.0.1:3121
source F:/FPGA/work_space/AD_DA_tran/AD_DA_tran.sdk/FFT_OUT_hw_platform_0/ps7_init.tcl
targets -set -nocase -filter {name =~"APU*" && jtag_cable_name =~ "Digilent JTAG-SMT3 210357A7D00EA"} -index 0
loadhw -hw F:/FPGA/work_space/AD_DA_tran/AD_DA_tran.sdk/FFT_OUT_hw_platform_0/system.hdf -mem-ranges [list {0x40000000 0xbfffffff}]
configparams force-mem-access 1
targets -set -nocase -filter {name =~"APU*" && jtag_cable_name =~ "Digilent JTAG-SMT3 210357A7D00EA"} -index 0
stop
ps7_init
ps7_post_config
targets -set -nocase -filter {name =~ "ARM*#0" && jtag_cable_name =~ "Digilent JTAG-SMT3 210357A7D00EA"} -index 0
rst -processor
targets -set -nocase -filter {name =~ "ARM*#0" && jtag_cable_name =~ "Digilent JTAG-SMT3 210357A7D00EA"} -index 0
dow F:/FPGA/work_space/AD_DA_tran/AD_DA_tran.sdk/Uart_0/Debug/Uart_0.elf
configparams force-mem-access 0
----------------End of Script----------------

00:11:38 INFO  : Memory regions updated for context APU
00:11:38 INFO  : Context for processor 'ps7_cortexa9_0' is selected.
00:11:38 INFO  : 'con' command is executed.
00:11:38 INFO  : ----------------XSDB Script (After Launch)----------------
targets -set -nocase -filter {name =~ "ARM*#0" && jtag_cable_name =~ "Digilent JTAG-SMT3 210357A7D00EA"} -index 0
con
----------------End of Script----------------

00:11:38 INFO  : Launch script is exported to file 'F:\FPGA\work_space\AD_DA_tran\AD_DA_tran.sdk\.sdk\launch_scripts\xilinx_c-c++_application_(system_debugger)\system_debugger_using_debug_uart_0.elf_on_local.tcl'
00:16:51 INFO  : Disconnected from the channel tcfchan#53.
00:16:52 INFO  : 'targets -set -filter {jtag_cable_name =~ "Digilent JTAG-SMT3 210357A7D00EA" && level==0} -index 1' command is executed.
00:16:52 INFO  : 'fpga -state' command is executed.
00:16:52 INFO  : Connected to target on host '127.0.0.1' and port '3121'.
00:16:52 INFO  : Jtag cable 'Digilent JTAG-SMT3 210357A7D00EA' is selected.
00:16:52 INFO  : 'jtag frequency' command is executed.
00:16:52 INFO  : Sourcing of 'F:/FPGA/work_space/AD_DA_tran/AD_DA_tran.sdk/FFT_OUT_hw_platform_0/ps7_init.tcl' is done.
00:16:52 INFO  : Context for 'APU' is selected.
00:16:53 INFO  : Hardware design information is loaded from 'F:/FPGA/work_space/AD_DA_tran/AD_DA_tran.sdk/FFT_OUT_hw_platform_0/system.hdf'.
00:16:53 INFO  : 'configparams force-mem-access 1' command is executed.
00:16:53 INFO  : Context for 'APU' is selected.
00:16:53 INFO  : 'stop' command is executed.
00:16:53 INFO  : 'ps7_init' command is executed.
00:16:53 INFO  : 'ps7_post_config' command is executed.
00:16:53 INFO  : Context for processor 'ps7_cortexa9_0' is selected.
00:16:53 INFO  : Processor reset is completed for 'ps7_cortexa9_0'.
00:16:53 INFO  : Context for processor 'ps7_cortexa9_0' is selected.
00:16:53 INFO  : The application 'F:/FPGA/work_space/AD_DA_tran/AD_DA_tran.sdk/Uart_0/Debug/Uart_0.elf' is downloaded to processor 'ps7_cortexa9_0'.
00:16:54 INFO  : 'configparams force-mem-access 0' command is executed.
00:16:54 INFO  : ----------------XSDB Script----------------
connect -url tcp:127.0.0.1:3121
source F:/FPGA/work_space/AD_DA_tran/AD_DA_tran.sdk/FFT_OUT_hw_platform_0/ps7_init.tcl
targets -set -nocase -filter {name =~"APU*" && jtag_cable_name =~ "Digilent JTAG-SMT3 210357A7D00EA"} -index 0
loadhw -hw F:/FPGA/work_space/AD_DA_tran/AD_DA_tran.sdk/FFT_OUT_hw_platform_0/system.hdf -mem-ranges [list {0x40000000 0xbfffffff}]
configparams force-mem-access 1
targets -set -nocase -filter {name =~"APU*" && jtag_cable_name =~ "Digilent JTAG-SMT3 210357A7D00EA"} -index 0
stop
ps7_init
ps7_post_config
targets -set -nocase -filter {name =~ "ARM*#0" && jtag_cable_name =~ "Digilent JTAG-SMT3 210357A7D00EA"} -index 0
rst -processor
targets -set -nocase -filter {name =~ "ARM*#0" && jtag_cable_name =~ "Digilent JTAG-SMT3 210357A7D00EA"} -index 0
dow F:/FPGA/work_space/AD_DA_tran/AD_DA_tran.sdk/Uart_0/Debug/Uart_0.elf
configparams force-mem-access 0
----------------End of Script----------------

00:16:54 INFO  : Memory regions updated for context APU
00:16:54 INFO  : Context for processor 'ps7_cortexa9_0' is selected.
00:16:54 INFO  : 'con' command is executed.
00:16:54 INFO  : ----------------XSDB Script (After Launch)----------------
targets -set -nocase -filter {name =~ "ARM*#0" && jtag_cable_name =~ "Digilent JTAG-SMT3 210357A7D00EA"} -index 0
con
----------------End of Script----------------

00:16:54 INFO  : Launch script is exported to file 'F:\FPGA\work_space\AD_DA_tran\AD_DA_tran.sdk\.sdk\launch_scripts\xilinx_c-c++_application_(system_debugger)\system_debugger_using_debug_uart_0.elf_on_local.tcl'
00:17:32 INFO  : Disconnected from the channel tcfchan#54.
00:17:33 INFO  : 'targets -set -filter {jtag_cable_name =~ "Digilent JTAG-SMT3 210357A7D00EA" && level==0} -index 1' command is executed.
00:17:33 INFO  : 'fpga -state' command is executed.
00:17:33 INFO  : Connected to target on host '127.0.0.1' and port '3121'.
00:17:34 INFO  : Jtag cable 'Digilent JTAG-SMT3 210357A7D00EA' is selected.
00:17:34 INFO  : 'jtag frequency' command is executed.
00:17:34 INFO  : Sourcing of 'F:/FPGA/work_space/AD_DA_tran/AD_DA_tran.sdk/FFT_OUT_hw_platform_0/ps7_init.tcl' is done.
00:17:34 INFO  : Context for 'APU' is selected.
00:17:35 INFO  : Hardware design information is loaded from 'F:/FPGA/work_space/AD_DA_tran/AD_DA_tran.sdk/FFT_OUT_hw_platform_0/system.hdf'.
00:17:35 INFO  : 'configparams force-mem-access 1' command is executed.
00:17:35 INFO  : Context for 'APU' is selected.
00:17:35 INFO  : 'stop' command is executed.
00:17:35 INFO  : 'ps7_init' command is executed.
00:17:35 INFO  : 'ps7_post_config' command is executed.
00:17:35 INFO  : Context for processor 'ps7_cortexa9_0' is selected.
00:17:35 INFO  : Processor reset is completed for 'ps7_cortexa9_0'.
00:17:35 INFO  : Context for processor 'ps7_cortexa9_0' is selected.
00:17:35 INFO  : The application 'F:/FPGA/work_space/AD_DA_tran/AD_DA_tran.sdk/Uart_0/Debug/Uart_0.elf' is downloaded to processor 'ps7_cortexa9_0'.
00:17:35 INFO  : 'configparams force-mem-access 0' command is executed.
00:17:35 INFO  : ----------------XSDB Script----------------
connect -url tcp:127.0.0.1:3121
source F:/FPGA/work_space/AD_DA_tran/AD_DA_tran.sdk/FFT_OUT_hw_platform_0/ps7_init.tcl
targets -set -nocase -filter {name =~"APU*" && jtag_cable_name =~ "Digilent JTAG-SMT3 210357A7D00EA"} -index 0
loadhw -hw F:/FPGA/work_space/AD_DA_tran/AD_DA_tran.sdk/FFT_OUT_hw_platform_0/system.hdf -mem-ranges [list {0x40000000 0xbfffffff}]
configparams force-mem-access 1
targets -set -nocase -filter {name =~"APU*" && jtag_cable_name =~ "Digilent JTAG-SMT3 210357A7D00EA"} -index 0
stop
ps7_init
ps7_post_config
targets -set -nocase -filter {name =~ "ARM*#0" && jtag_cable_name =~ "Digilent JTAG-SMT3 210357A7D00EA"} -index 0
rst -processor
targets -set -nocase -filter {name =~ "ARM*#0" && jtag_cable_name =~ "Digilent JTAG-SMT3 210357A7D00EA"} -index 0
dow F:/FPGA/work_space/AD_DA_tran/AD_DA_tran.sdk/Uart_0/Debug/Uart_0.elf
configparams force-mem-access 0
----------------End of Script----------------

00:17:35 INFO  : Memory regions updated for context APU
00:17:35 INFO  : Context for processor 'ps7_cortexa9_0' is selected.
00:17:35 INFO  : 'con' command is executed.
00:17:35 INFO  : ----------------XSDB Script (After Launch)----------------
targets -set -nocase -filter {name =~ "ARM*#0" && jtag_cable_name =~ "Digilent JTAG-SMT3 210357A7D00EA"} -index 0
con
----------------End of Script----------------

00:17:35 INFO  : Launch script is exported to file 'F:\FPGA\work_space\AD_DA_tran\AD_DA_tran.sdk\.sdk\launch_scripts\xilinx_c-c++_application_(system_debugger)\system_debugger_using_debug_uart_0.elf_on_local.tcl'
00:26:57 INFO  : Disconnected from the channel tcfchan#55.
00:26:58 INFO  : 'targets -set -filter {jtag_cable_name =~ "Digilent JTAG-SMT3 210357A7D00EA" && level==0} -index 1' command is executed.
00:26:58 INFO  : 'fpga -state' command is executed.
00:26:58 INFO  : Connected to target on host '127.0.0.1' and port '3121'.
00:26:58 INFO  : Jtag cable 'Digilent JTAG-SMT3 210357A7D00EA' is selected.
00:26:58 INFO  : 'jtag frequency' command is executed.
00:26:58 INFO  : Sourcing of 'F:/FPGA/work_space/AD_DA_tran/AD_DA_tran.sdk/FFT_OUT_hw_platform_0/ps7_init.tcl' is done.
00:26:58 INFO  : Context for 'APU' is selected.
00:26:59 INFO  : Hardware design information is loaded from 'F:/FPGA/work_space/AD_DA_tran/AD_DA_tran.sdk/FFT_OUT_hw_platform_0/system.hdf'.
00:26:59 INFO  : 'configparams force-mem-access 1' command is executed.
00:26:59 INFO  : Context for 'APU' is selected.
00:26:59 INFO  : 'stop' command is executed.
00:26:59 INFO  : 'ps7_init' command is executed.
00:27:00 INFO  : 'ps7_post_config' command is executed.
00:27:00 INFO  : Context for processor 'ps7_cortexa9_0' is selected.
00:27:00 INFO  : Processor reset is completed for 'ps7_cortexa9_0'.
00:27:00 INFO  : Context for processor 'ps7_cortexa9_0' is selected.
00:27:00 INFO  : The application 'F:/FPGA/work_space/AD_DA_tran/AD_DA_tran.sdk/Uart_0/Debug/Uart_0.elf' is downloaded to processor 'ps7_cortexa9_0'.
00:27:00 INFO  : 'configparams force-mem-access 0' command is executed.
00:27:00 INFO  : ----------------XSDB Script----------------
connect -url tcp:127.0.0.1:3121
source F:/FPGA/work_space/AD_DA_tran/AD_DA_tran.sdk/FFT_OUT_hw_platform_0/ps7_init.tcl
targets -set -nocase -filter {name =~"APU*" && jtag_cable_name =~ "Digilent JTAG-SMT3 210357A7D00EA"} -index 0
loadhw -hw F:/FPGA/work_space/AD_DA_tran/AD_DA_tran.sdk/FFT_OUT_hw_platform_0/system.hdf -mem-ranges [list {0x40000000 0xbfffffff}]
configparams force-mem-access 1
targets -set -nocase -filter {name =~"APU*" && jtag_cable_name =~ "Digilent JTAG-SMT3 210357A7D00EA"} -index 0
stop
ps7_init
ps7_post_config
targets -set -nocase -filter {name =~ "ARM*#0" && jtag_cable_name =~ "Digilent JTAG-SMT3 210357A7D00EA"} -index 0
rst -processor
targets -set -nocase -filter {name =~ "ARM*#0" && jtag_cable_name =~ "Digilent JTAG-SMT3 210357A7D00EA"} -index 0
dow F:/FPGA/work_space/AD_DA_tran/AD_DA_tran.sdk/Uart_0/Debug/Uart_0.elf
configparams force-mem-access 0
----------------End of Script----------------

00:27:00 INFO  : Memory regions updated for context APU
00:27:00 INFO  : Context for processor 'ps7_cortexa9_0' is selected.
00:27:00 INFO  : 'con' command is executed.
00:27:00 INFO  : ----------------XSDB Script (After Launch)----------------
targets -set -nocase -filter {name =~ "ARM*#0" && jtag_cable_name =~ "Digilent JTAG-SMT3 210357A7D00EA"} -index 0
con
----------------End of Script----------------

00:27:00 INFO  : Launch script is exported to file 'F:\FPGA\work_space\AD_DA_tran\AD_DA_tran.sdk\.sdk\launch_scripts\xilinx_c-c++_application_(system_debugger)\system_debugger_using_debug_uart_0.elf_on_local.tcl'
00:31:38 INFO  : Disconnected from the channel tcfchan#56.
00:31:39 INFO  : 'targets -set -filter {jtag_cable_name =~ "Digilent JTAG-SMT3 210357A7D00EA" && level==0} -index 1' command is executed.
00:31:39 INFO  : 'fpga -state' command is executed.
00:31:39 INFO  : Connected to target on host '127.0.0.1' and port '3121'.
00:31:39 INFO  : Jtag cable 'Digilent JTAG-SMT3 210357A7D00EA' is selected.
00:31:39 INFO  : 'jtag frequency' command is executed.
00:31:39 INFO  : Sourcing of 'F:/FPGA/work_space/AD_DA_tran/AD_DA_tran.sdk/FFT_OUT_hw_platform_0/ps7_init.tcl' is done.
00:31:39 INFO  : Context for 'APU' is selected.
00:31:40 INFO  : Hardware design information is loaded from 'F:/FPGA/work_space/AD_DA_tran/AD_DA_tran.sdk/FFT_OUT_hw_platform_0/system.hdf'.
00:31:40 INFO  : 'configparams force-mem-access 1' command is executed.
00:31:40 INFO  : Context for 'APU' is selected.
00:31:40 INFO  : 'stop' command is executed.
00:31:40 INFO  : 'ps7_init' command is executed.
00:31:40 INFO  : 'ps7_post_config' command is executed.
00:31:40 INFO  : Context for processor 'ps7_cortexa9_0' is selected.
00:31:40 INFO  : Processor reset is completed for 'ps7_cortexa9_0'.
00:31:40 INFO  : Context for processor 'ps7_cortexa9_0' is selected.
00:31:41 INFO  : The application 'F:/FPGA/work_space/AD_DA_tran/AD_DA_tran.sdk/Uart_0/Debug/Uart_0.elf' is downloaded to processor 'ps7_cortexa9_0'.
00:31:41 INFO  : 'configparams force-mem-access 0' command is executed.
00:31:41 INFO  : ----------------XSDB Script----------------
connect -url tcp:127.0.0.1:3121
source F:/FPGA/work_space/AD_DA_tran/AD_DA_tran.sdk/FFT_OUT_hw_platform_0/ps7_init.tcl
targets -set -nocase -filter {name =~"APU*" && jtag_cable_name =~ "Digilent JTAG-SMT3 210357A7D00EA"} -index 0
loadhw -hw F:/FPGA/work_space/AD_DA_tran/AD_DA_tran.sdk/FFT_OUT_hw_platform_0/system.hdf -mem-ranges [list {0x40000000 0xbfffffff}]
configparams force-mem-access 1
targets -set -nocase -filter {name =~"APU*" && jtag_cable_name =~ "Digilent JTAG-SMT3 210357A7D00EA"} -index 0
stop
ps7_init
ps7_post_config
targets -set -nocase -filter {name =~ "ARM*#0" && jtag_cable_name =~ "Digilent JTAG-SMT3 210357A7D00EA"} -index 0
rst -processor
targets -set -nocase -filter {name =~ "ARM*#0" && jtag_cable_name =~ "Digilent JTAG-SMT3 210357A7D00EA"} -index 0
dow F:/FPGA/work_space/AD_DA_tran/AD_DA_tran.sdk/Uart_0/Debug/Uart_0.elf
configparams force-mem-access 0
----------------End of Script----------------

00:31:41 INFO  : Memory regions updated for context APU
00:31:41 INFO  : Context for processor 'ps7_cortexa9_0' is selected.
00:31:41 INFO  : 'con' command is executed.
00:31:41 INFO  : ----------------XSDB Script (After Launch)----------------
targets -set -nocase -filter {name =~ "ARM*#0" && jtag_cable_name =~ "Digilent JTAG-SMT3 210357A7D00EA"} -index 0
con
----------------End of Script----------------

00:31:41 INFO  : Launch script is exported to file 'F:\FPGA\work_space\AD_DA_tran\AD_DA_tran.sdk\.sdk\launch_scripts\xilinx_c-c++_application_(system_debugger)\system_debugger_using_debug_uart_0.elf_on_local.tcl'
00:32:59 INFO  : Disconnected from the channel tcfchan#57.
00:33:01 INFO  : 'targets -set -filter {jtag_cable_name =~ "Digilent JTAG-SMT3 210357A7D00EA" && level==0} -index 1' command is executed.
00:33:01 INFO  : 'fpga -state' command is executed.
00:33:01 INFO  : Connected to target on host '127.0.0.1' and port '3121'.
00:33:01 INFO  : Jtag cable 'Digilent JTAG-SMT3 210357A7D00EA' is selected.
00:33:01 INFO  : 'jtag frequency' command is executed.
00:33:01 INFO  : Sourcing of 'F:/FPGA/work_space/AD_DA_tran/AD_DA_tran.sdk/FFT_OUT_hw_platform_0/ps7_init.tcl' is done.
00:33:01 INFO  : Context for 'APU' is selected.
00:33:02 INFO  : Hardware design information is loaded from 'F:/FPGA/work_space/AD_DA_tran/AD_DA_tran.sdk/FFT_OUT_hw_platform_0/system.hdf'.
00:33:02 INFO  : 'configparams force-mem-access 1' command is executed.
00:33:02 INFO  : Context for 'APU' is selected.
00:33:02 INFO  : 'stop' command is executed.
00:33:02 INFO  : 'ps7_init' command is executed.
00:33:02 INFO  : 'ps7_post_config' command is executed.
00:33:03 INFO  : Context for processor 'ps7_cortexa9_0' is selected.
00:33:03 INFO  : Processor reset is completed for 'ps7_cortexa9_0'.
00:33:03 INFO  : Context for processor 'ps7_cortexa9_0' is selected.
00:33:03 INFO  : The application 'F:/FPGA/work_space/AD_DA_tran/AD_DA_tran.sdk/Uart_0/Debug/Uart_0.elf' is downloaded to processor 'ps7_cortexa9_0'.
00:33:03 INFO  : 'configparams force-mem-access 0' command is executed.
00:33:03 INFO  : ----------------XSDB Script----------------
connect -url tcp:127.0.0.1:3121
source F:/FPGA/work_space/AD_DA_tran/AD_DA_tran.sdk/FFT_OUT_hw_platform_0/ps7_init.tcl
targets -set -nocase -filter {name =~"APU*" && jtag_cable_name =~ "Digilent JTAG-SMT3 210357A7D00EA"} -index 0
loadhw -hw F:/FPGA/work_space/AD_DA_tran/AD_DA_tran.sdk/FFT_OUT_hw_platform_0/system.hdf -mem-ranges [list {0x40000000 0xbfffffff}]
configparams force-mem-access 1
targets -set -nocase -filter {name =~"APU*" && jtag_cable_name =~ "Digilent JTAG-SMT3 210357A7D00EA"} -index 0
stop
ps7_init
ps7_post_config
targets -set -nocase -filter {name =~ "ARM*#0" && jtag_cable_name =~ "Digilent JTAG-SMT3 210357A7D00EA"} -index 0
rst -processor
targets -set -nocase -filter {name =~ "ARM*#0" && jtag_cable_name =~ "Digilent JTAG-SMT3 210357A7D00EA"} -index 0
dow F:/FPGA/work_space/AD_DA_tran/AD_DA_tran.sdk/Uart_0/Debug/Uart_0.elf
configparams force-mem-access 0
----------------End of Script----------------

00:33:03 INFO  : Memory regions updated for context APU
00:33:03 INFO  : Context for processor 'ps7_cortexa9_0' is selected.
00:33:03 INFO  : 'con' command is executed.
00:33:03 INFO  : ----------------XSDB Script (After Launch)----------------
targets -set -nocase -filter {name =~ "ARM*#0" && jtag_cable_name =~ "Digilent JTAG-SMT3 210357A7D00EA"} -index 0
con
----------------End of Script----------------

00:33:03 INFO  : Launch script is exported to file 'F:\FPGA\work_space\AD_DA_tran\AD_DA_tran.sdk\.sdk\launch_scripts\xilinx_c-c++_application_(system_debugger)\system_debugger_using_debug_uart_0.elf_on_local.tcl'
00:33:47 INFO  : Disconnected from the channel tcfchan#58.
00:33:48 INFO  : 'targets -set -filter {jtag_cable_name =~ "Digilent JTAG-SMT3 210357A7D00EA" && level==0} -index 1' command is executed.
00:33:48 INFO  : 'fpga -state' command is executed.
00:33:48 INFO  : Connected to target on host '127.0.0.1' and port '3121'.
00:33:48 INFO  : Jtag cable 'Digilent JTAG-SMT3 210357A7D00EA' is selected.
00:33:48 INFO  : 'jtag frequency' command is executed.
00:33:48 INFO  : Sourcing of 'F:/FPGA/work_space/AD_DA_tran/AD_DA_tran.sdk/FFT_OUT_hw_platform_0/ps7_init.tcl' is done.
00:33:48 INFO  : Context for 'APU' is selected.
00:33:49 INFO  : Hardware design information is loaded from 'F:/FPGA/work_space/AD_DA_tran/AD_DA_tran.sdk/FFT_OUT_hw_platform_0/system.hdf'.
00:33:49 INFO  : 'configparams force-mem-access 1' command is executed.
00:33:49 INFO  : Context for 'APU' is selected.
00:33:49 INFO  : 'stop' command is executed.
00:33:49 INFO  : 'ps7_init' command is executed.
00:33:49 INFO  : 'ps7_post_config' command is executed.
00:33:49 INFO  : Context for processor 'ps7_cortexa9_0' is selected.
00:33:49 INFO  : Processor reset is completed for 'ps7_cortexa9_0'.
00:33:49 INFO  : Context for processor 'ps7_cortexa9_0' is selected.
00:33:50 INFO  : The application 'F:/FPGA/work_space/AD_DA_tran/AD_DA_tran.sdk/Uart_0/Debug/Uart_0.elf' is downloaded to processor 'ps7_cortexa9_0'.
00:33:50 INFO  : 'configparams force-mem-access 0' command is executed.
00:33:50 INFO  : ----------------XSDB Script----------------
connect -url tcp:127.0.0.1:3121
source F:/FPGA/work_space/AD_DA_tran/AD_DA_tran.sdk/FFT_OUT_hw_platform_0/ps7_init.tcl
targets -set -nocase -filter {name =~"APU*" && jtag_cable_name =~ "Digilent JTAG-SMT3 210357A7D00EA"} -index 0
loadhw -hw F:/FPGA/work_space/AD_DA_tran/AD_DA_tran.sdk/FFT_OUT_hw_platform_0/system.hdf -mem-ranges [list {0x40000000 0xbfffffff}]
configparams force-mem-access 1
targets -set -nocase -filter {name =~"APU*" && jtag_cable_name =~ "Digilent JTAG-SMT3 210357A7D00EA"} -index 0
stop
ps7_init
ps7_post_config
targets -set -nocase -filter {name =~ "ARM*#0" && jtag_cable_name =~ "Digilent JTAG-SMT3 210357A7D00EA"} -index 0
rst -processor
targets -set -nocase -filter {name =~ "ARM*#0" && jtag_cable_name =~ "Digilent JTAG-SMT3 210357A7D00EA"} -index 0
dow F:/FPGA/work_space/AD_DA_tran/AD_DA_tran.sdk/Uart_0/Debug/Uart_0.elf
configparams force-mem-access 0
----------------End of Script----------------

00:33:50 INFO  : Memory regions updated for context APU
00:33:50 INFO  : Context for processor 'ps7_cortexa9_0' is selected.
00:33:50 INFO  : 'con' command is executed.
00:33:50 INFO  : ----------------XSDB Script (After Launch)----------------
targets -set -nocase -filter {name =~ "ARM*#0" && jtag_cable_name =~ "Digilent JTAG-SMT3 210357A7D00EA"} -index 0
con
----------------End of Script----------------

00:33:50 INFO  : Launch script is exported to file 'F:\FPGA\work_space\AD_DA_tran\AD_DA_tran.sdk\.sdk\launch_scripts\xilinx_c-c++_application_(system_debugger)\system_debugger_using_debug_uart_0.elf_on_local.tcl'
00:34:23 INFO  : Disconnected from the channel tcfchan#59.
00:34:24 INFO  : 'targets -set -filter {jtag_cable_name =~ "Digilent JTAG-SMT3 210357A7D00EA" && level==0} -index 1' command is executed.
00:34:24 INFO  : 'fpga -state' command is executed.
00:34:24 INFO  : Connected to target on host '127.0.0.1' and port '3121'.
00:34:25 INFO  : Jtag cable 'Digilent JTAG-SMT3 210357A7D00EA' is selected.
00:34:25 INFO  : 'jtag frequency' command is executed.
00:34:25 INFO  : Sourcing of 'F:/FPGA/work_space/AD_DA_tran/AD_DA_tran.sdk/FFT_OUT_hw_platform_0/ps7_init.tcl' is done.
00:34:25 INFO  : Context for 'APU' is selected.
00:34:25 INFO  : Hardware design information is loaded from 'F:/FPGA/work_space/AD_DA_tran/AD_DA_tran.sdk/FFT_OUT_hw_platform_0/system.hdf'.
00:34:25 INFO  : 'configparams force-mem-access 1' command is executed.
00:34:26 INFO  : Context for 'APU' is selected.
00:34:26 INFO  : 'stop' command is executed.
00:34:26 INFO  : 'ps7_init' command is executed.
00:34:26 INFO  : 'ps7_post_config' command is executed.
00:34:26 INFO  : Context for processor 'ps7_cortexa9_0' is selected.
00:34:26 INFO  : Processor reset is completed for 'ps7_cortexa9_0'.
00:34:26 INFO  : Context for processor 'ps7_cortexa9_0' is selected.
00:34:26 INFO  : The application 'F:/FPGA/work_space/AD_DA_tran/AD_DA_tran.sdk/Uart_0/Debug/Uart_0.elf' is downloaded to processor 'ps7_cortexa9_0'.
00:34:26 INFO  : 'configparams force-mem-access 0' command is executed.
00:34:26 INFO  : ----------------XSDB Script----------------
connect -url tcp:127.0.0.1:3121
source F:/FPGA/work_space/AD_DA_tran/AD_DA_tran.sdk/FFT_OUT_hw_platform_0/ps7_init.tcl
targets -set -nocase -filter {name =~"APU*" && jtag_cable_name =~ "Digilent JTAG-SMT3 210357A7D00EA"} -index 0
loadhw -hw F:/FPGA/work_space/AD_DA_tran/AD_DA_tran.sdk/FFT_OUT_hw_platform_0/system.hdf -mem-ranges [list {0x40000000 0xbfffffff}]
configparams force-mem-access 1
targets -set -nocase -filter {name =~"APU*" && jtag_cable_name =~ "Digilent JTAG-SMT3 210357A7D00EA"} -index 0
stop
ps7_init
ps7_post_config
targets -set -nocase -filter {name =~ "ARM*#0" && jtag_cable_name =~ "Digilent JTAG-SMT3 210357A7D00EA"} -index 0
rst -processor
targets -set -nocase -filter {name =~ "ARM*#0" && jtag_cable_name =~ "Digilent JTAG-SMT3 210357A7D00EA"} -index 0
dow F:/FPGA/work_space/AD_DA_tran/AD_DA_tran.sdk/Uart_0/Debug/Uart_0.elf
configparams force-mem-access 0
----------------End of Script----------------

00:34:26 INFO  : Memory regions updated for context APU
00:34:26 INFO  : Context for processor 'ps7_cortexa9_0' is selected.
00:34:26 INFO  : 'con' command is executed.
00:34:26 INFO  : ----------------XSDB Script (After Launch)----------------
targets -set -nocase -filter {name =~ "ARM*#0" && jtag_cable_name =~ "Digilent JTAG-SMT3 210357A7D00EA"} -index 0
con
----------------End of Script----------------

00:34:26 INFO  : Launch script is exported to file 'F:\FPGA\work_space\AD_DA_tran\AD_DA_tran.sdk\.sdk\launch_scripts\xilinx_c-c++_application_(system_debugger)\system_debugger_using_debug_uart_0.elf_on_local.tcl'
00:40:34 INFO  : Disconnected from the channel tcfchan#60.
00:40:35 INFO  : 'targets -set -filter {jtag_cable_name =~ "Digilent JTAG-SMT3 210357A7D00EA" && level==0} -index 1' command is executed.
00:40:35 INFO  : 'fpga -state' command is executed.
00:40:35 INFO  : Connected to target on host '127.0.0.1' and port '3121'.
00:40:35 INFO  : Jtag cable 'Digilent JTAG-SMT3 210357A7D00EA' is selected.
00:40:35 INFO  : 'jtag frequency' command is executed.
00:40:35 INFO  : Sourcing of 'F:/FPGA/work_space/AD_DA_tran/AD_DA_tran.sdk/FFT_OUT_hw_platform_0/ps7_init.tcl' is done.
00:40:35 INFO  : Context for 'APU' is selected.
00:40:36 INFO  : Hardware design information is loaded from 'F:/FPGA/work_space/AD_DA_tran/AD_DA_tran.sdk/FFT_OUT_hw_platform_0/system.hdf'.
00:40:36 INFO  : 'configparams force-mem-access 1' command is executed.
00:40:36 INFO  : Context for 'APU' is selected.
00:40:36 INFO  : 'stop' command is executed.
00:40:36 INFO  : 'ps7_init' command is executed.
00:40:36 INFO  : 'ps7_post_config' command is executed.
00:40:36 INFO  : Context for processor 'ps7_cortexa9_0' is selected.
00:40:36 INFO  : Processor reset is completed for 'ps7_cortexa9_0'.
00:40:36 INFO  : Context for processor 'ps7_cortexa9_0' is selected.
00:40:36 INFO  : The application 'F:/FPGA/work_space/AD_DA_tran/AD_DA_tran.sdk/Uart_0/Debug/Uart_0.elf' is downloaded to processor 'ps7_cortexa9_0'.
00:40:36 INFO  : 'configparams force-mem-access 0' command is executed.
00:40:36 INFO  : ----------------XSDB Script----------------
connect -url tcp:127.0.0.1:3121
source F:/FPGA/work_space/AD_DA_tran/AD_DA_tran.sdk/FFT_OUT_hw_platform_0/ps7_init.tcl
targets -set -nocase -filter {name =~"APU*" && jtag_cable_name =~ "Digilent JTAG-SMT3 210357A7D00EA"} -index 0
loadhw -hw F:/FPGA/work_space/AD_DA_tran/AD_DA_tran.sdk/FFT_OUT_hw_platform_0/system.hdf -mem-ranges [list {0x40000000 0xbfffffff}]
configparams force-mem-access 1
targets -set -nocase -filter {name =~"APU*" && jtag_cable_name =~ "Digilent JTAG-SMT3 210357A7D00EA"} -index 0
stop
ps7_init
ps7_post_config
targets -set -nocase -filter {name =~ "ARM*#0" && jtag_cable_name =~ "Digilent JTAG-SMT3 210357A7D00EA"} -index 0
rst -processor
targets -set -nocase -filter {name =~ "ARM*#0" && jtag_cable_name =~ "Digilent JTAG-SMT3 210357A7D00EA"} -index 0
dow F:/FPGA/work_space/AD_DA_tran/AD_DA_tran.sdk/Uart_0/Debug/Uart_0.elf
configparams force-mem-access 0
----------------End of Script----------------

00:40:36 INFO  : Memory regions updated for context APU
00:40:36 INFO  : Context for processor 'ps7_cortexa9_0' is selected.
00:40:36 INFO  : 'con' command is executed.
00:40:36 INFO  : ----------------XSDB Script (After Launch)----------------
targets -set -nocase -filter {name =~ "ARM*#0" && jtag_cable_name =~ "Digilent JTAG-SMT3 210357A7D00EA"} -index 0
con
----------------End of Script----------------

00:40:36 INFO  : Launch script is exported to file 'F:\FPGA\work_space\AD_DA_tran\AD_DA_tran.sdk\.sdk\launch_scripts\xilinx_c-c++_application_(system_debugger)\system_debugger_using_debug_uart_0.elf_on_local.tcl'
00:41:43 INFO  : Disconnected from the channel tcfchan#61.
00:41:44 INFO  : 'targets -set -filter {jtag_cable_name =~ "Digilent JTAG-SMT3 210357A7D00EA" && level==0} -index 1' command is executed.
00:41:44 INFO  : 'fpga -state' command is executed.
00:41:44 INFO  : Connected to target on host '127.0.0.1' and port '3121'.
00:41:44 INFO  : Jtag cable 'Digilent JTAG-SMT3 210357A7D00EA' is selected.
00:41:44 INFO  : 'jtag frequency' command is executed.
00:41:44 INFO  : Sourcing of 'F:/FPGA/work_space/AD_DA_tran/AD_DA_tran.sdk/FFT_OUT_hw_platform_0/ps7_init.tcl' is done.
00:41:44 INFO  : Context for 'APU' is selected.
00:41:45 INFO  : Hardware design information is loaded from 'F:/FPGA/work_space/AD_DA_tran/AD_DA_tran.sdk/FFT_OUT_hw_platform_0/system.hdf'.
00:41:45 INFO  : 'configparams force-mem-access 1' command is executed.
00:41:45 INFO  : Context for 'APU' is selected.
00:41:45 INFO  : 'stop' command is executed.
00:41:46 INFO  : 'ps7_init' command is executed.
00:41:46 INFO  : 'ps7_post_config' command is executed.
00:41:46 INFO  : Context for processor 'ps7_cortexa9_0' is selected.
00:41:46 INFO  : Processor reset is completed for 'ps7_cortexa9_0'.
00:41:46 INFO  : Context for processor 'ps7_cortexa9_0' is selected.
00:41:46 INFO  : The application 'F:/FPGA/work_space/AD_DA_tran/AD_DA_tran.sdk/Uart_0/Debug/Uart_0.elf' is downloaded to processor 'ps7_cortexa9_0'.
00:41:46 INFO  : 'configparams force-mem-access 0' command is executed.
00:41:46 INFO  : ----------------XSDB Script----------------
connect -url tcp:127.0.0.1:3121
source F:/FPGA/work_space/AD_DA_tran/AD_DA_tran.sdk/FFT_OUT_hw_platform_0/ps7_init.tcl
targets -set -nocase -filter {name =~"APU*" && jtag_cable_name =~ "Digilent JTAG-SMT3 210357A7D00EA"} -index 0
loadhw -hw F:/FPGA/work_space/AD_DA_tran/AD_DA_tran.sdk/FFT_OUT_hw_platform_0/system.hdf -mem-ranges [list {0x40000000 0xbfffffff}]
configparams force-mem-access 1
targets -set -nocase -filter {name =~"APU*" && jtag_cable_name =~ "Digilent JTAG-SMT3 210357A7D00EA"} -index 0
stop
ps7_init
ps7_post_config
targets -set -nocase -filter {name =~ "ARM*#0" && jtag_cable_name =~ "Digilent JTAG-SMT3 210357A7D00EA"} -index 0
rst -processor
targets -set -nocase -filter {name =~ "ARM*#0" && jtag_cable_name =~ "Digilent JTAG-SMT3 210357A7D00EA"} -index 0
dow F:/FPGA/work_space/AD_DA_tran/AD_DA_tran.sdk/Uart_0/Debug/Uart_0.elf
configparams force-mem-access 0
----------------End of Script----------------

00:41:46 INFO  : Memory regions updated for context APU
00:41:46 INFO  : Context for processor 'ps7_cortexa9_0' is selected.
00:41:46 INFO  : 'con' command is executed.
00:41:46 INFO  : ----------------XSDB Script (After Launch)----------------
targets -set -nocase -filter {name =~ "ARM*#0" && jtag_cable_name =~ "Digilent JTAG-SMT3 210357A7D00EA"} -index 0
con
----------------End of Script----------------

00:41:46 INFO  : Launch script is exported to file 'F:\FPGA\work_space\AD_DA_tran\AD_DA_tran.sdk\.sdk\launch_scripts\xilinx_c-c++_application_(system_debugger)\system_debugger_using_debug_uart_0.elf_on_local.tcl'
00:43:14 INFO  : Disconnected from the channel tcfchan#62.
00:43:15 INFO  : 'targets -set -filter {jtag_cable_name =~ "Digilent JTAG-SMT3 210357A7D00EA" && level==0} -index 1' command is executed.
00:43:15 INFO  : 'fpga -state' command is executed.
00:43:15 INFO  : Connected to target on host '127.0.0.1' and port '3121'.
00:43:15 INFO  : Jtag cable 'Digilent JTAG-SMT3 210357A7D00EA' is selected.
00:43:15 INFO  : 'jtag frequency' command is executed.
00:43:15 INFO  : Sourcing of 'F:/FPGA/work_space/AD_DA_tran/AD_DA_tran.sdk/FFT_OUT_hw_platform_0/ps7_init.tcl' is done.
00:43:15 INFO  : Context for 'APU' is selected.
00:43:16 INFO  : Hardware design information is loaded from 'F:/FPGA/work_space/AD_DA_tran/AD_DA_tran.sdk/FFT_OUT_hw_platform_0/system.hdf'.
00:43:16 INFO  : 'configparams force-mem-access 1' command is executed.
00:43:16 INFO  : Context for 'APU' is selected.
00:43:16 INFO  : 'stop' command is executed.
00:43:16 INFO  : 'ps7_init' command is executed.
00:43:16 INFO  : 'ps7_post_config' command is executed.
00:43:16 INFO  : Context for processor 'ps7_cortexa9_0' is selected.
00:43:16 INFO  : Processor reset is completed for 'ps7_cortexa9_0'.
00:43:16 INFO  : Context for processor 'ps7_cortexa9_0' is selected.
00:43:17 INFO  : The application 'F:/FPGA/work_space/AD_DA_tran/AD_DA_tran.sdk/Uart_0/Debug/Uart_0.elf' is downloaded to processor 'ps7_cortexa9_0'.
00:43:17 INFO  : 'configparams force-mem-access 0' command is executed.
00:43:17 INFO  : ----------------XSDB Script----------------
connect -url tcp:127.0.0.1:3121
source F:/FPGA/work_space/AD_DA_tran/AD_DA_tran.sdk/FFT_OUT_hw_platform_0/ps7_init.tcl
targets -set -nocase -filter {name =~"APU*" && jtag_cable_name =~ "Digilent JTAG-SMT3 210357A7D00EA"} -index 0
loadhw -hw F:/FPGA/work_space/AD_DA_tran/AD_DA_tran.sdk/FFT_OUT_hw_platform_0/system.hdf -mem-ranges [list {0x40000000 0xbfffffff}]
configparams force-mem-access 1
targets -set -nocase -filter {name =~"APU*" && jtag_cable_name =~ "Digilent JTAG-SMT3 210357A7D00EA"} -index 0
stop
ps7_init
ps7_post_config
targets -set -nocase -filter {name =~ "ARM*#0" && jtag_cable_name =~ "Digilent JTAG-SMT3 210357A7D00EA"} -index 0
rst -processor
targets -set -nocase -filter {name =~ "ARM*#0" && jtag_cable_name =~ "Digilent JTAG-SMT3 210357A7D00EA"} -index 0
dow F:/FPGA/work_space/AD_DA_tran/AD_DA_tran.sdk/Uart_0/Debug/Uart_0.elf
configparams force-mem-access 0
----------------End of Script----------------

00:43:17 INFO  : Memory regions updated for context APU
00:43:17 INFO  : Context for processor 'ps7_cortexa9_0' is selected.
00:43:17 INFO  : 'con' command is executed.
00:43:17 INFO  : ----------------XSDB Script (After Launch)----------------
targets -set -nocase -filter {name =~ "ARM*#0" && jtag_cable_name =~ "Digilent JTAG-SMT3 210357A7D00EA"} -index 0
con
----------------End of Script----------------

00:43:17 INFO  : Launch script is exported to file 'F:\FPGA\work_space\AD_DA_tran\AD_DA_tran.sdk\.sdk\launch_scripts\xilinx_c-c++_application_(system_debugger)\system_debugger_using_debug_uart_0.elf_on_local.tcl'
00:48:32 INFO  : Disconnected from the channel tcfchan#63.
00:48:33 INFO  : 'targets -set -filter {jtag_cable_name =~ "Digilent JTAG-SMT3 210357A7D00EA" && level==0} -index 1' command is executed.
00:48:34 INFO  : 'fpga -state' command is executed.
00:48:34 INFO  : Connected to target on host '127.0.0.1' and port '3121'.
00:48:34 INFO  : Jtag cable 'Digilent JTAG-SMT3 210357A7D00EA' is selected.
00:48:34 INFO  : 'jtag frequency' command is executed.
00:48:34 INFO  : Sourcing of 'F:/FPGA/work_space/AD_DA_tran/AD_DA_tran.sdk/FFT_OUT_hw_platform_0/ps7_init.tcl' is done.
00:48:34 INFO  : Context for 'APU' is selected.
00:48:35 INFO  : Hardware design information is loaded from 'F:/FPGA/work_space/AD_DA_tran/AD_DA_tran.sdk/FFT_OUT_hw_platform_0/system.hdf'.
00:48:35 INFO  : 'configparams force-mem-access 1' command is executed.
00:48:35 INFO  : Context for 'APU' is selected.
00:48:35 INFO  : 'stop' command is executed.
00:48:35 INFO  : 'ps7_init' command is executed.
00:48:35 INFO  : 'ps7_post_config' command is executed.
00:48:35 INFO  : Context for processor 'ps7_cortexa9_0' is selected.
00:48:35 INFO  : Processor reset is completed for 'ps7_cortexa9_0'.
00:48:35 INFO  : Context for processor 'ps7_cortexa9_0' is selected.
00:48:35 INFO  : The application 'F:/FPGA/work_space/AD_DA_tran/AD_DA_tran.sdk/Uart_0/Debug/Uart_0.elf' is downloaded to processor 'ps7_cortexa9_0'.
00:48:35 INFO  : 'configparams force-mem-access 0' command is executed.
00:48:35 INFO  : ----------------XSDB Script----------------
connect -url tcp:127.0.0.1:3121
source F:/FPGA/work_space/AD_DA_tran/AD_DA_tran.sdk/FFT_OUT_hw_platform_0/ps7_init.tcl
targets -set -nocase -filter {name =~"APU*" && jtag_cable_name =~ "Digilent JTAG-SMT3 210357A7D00EA"} -index 0
loadhw -hw F:/FPGA/work_space/AD_DA_tran/AD_DA_tran.sdk/FFT_OUT_hw_platform_0/system.hdf -mem-ranges [list {0x40000000 0xbfffffff}]
configparams force-mem-access 1
targets -set -nocase -filter {name =~"APU*" && jtag_cable_name =~ "Digilent JTAG-SMT3 210357A7D00EA"} -index 0
stop
ps7_init
ps7_post_config
targets -set -nocase -filter {name =~ "ARM*#0" && jtag_cable_name =~ "Digilent JTAG-SMT3 210357A7D00EA"} -index 0
rst -processor
targets -set -nocase -filter {name =~ "ARM*#0" && jtag_cable_name =~ "Digilent JTAG-SMT3 210357A7D00EA"} -index 0
dow F:/FPGA/work_space/AD_DA_tran/AD_DA_tran.sdk/Uart_0/Debug/Uart_0.elf
configparams force-mem-access 0
----------------End of Script----------------

00:48:35 INFO  : Memory regions updated for context APU
00:48:35 INFO  : Context for processor 'ps7_cortexa9_0' is selected.
00:48:36 INFO  : 'con' command is executed.
00:48:36 INFO  : ----------------XSDB Script (After Launch)----------------
targets -set -nocase -filter {name =~ "ARM*#0" && jtag_cable_name =~ "Digilent JTAG-SMT3 210357A7D00EA"} -index 0
con
----------------End of Script----------------

00:48:36 INFO  : Launch script is exported to file 'F:\FPGA\work_space\AD_DA_tran\AD_DA_tran.sdk\.sdk\launch_scripts\xilinx_c-c++_application_(system_debugger)\system_debugger_using_debug_uart_0.elf_on_local.tcl'
00:50:32 INFO  : Disconnected from the channel tcfchan#64.
00:50:33 INFO  : 'targets -set -filter {jtag_cable_name =~ "Digilent JTAG-SMT3 210357A7D00EA" && level==0} -index 1' command is executed.
00:50:33 INFO  : 'fpga -state' command is executed.
00:50:33 INFO  : Connected to target on host '127.0.0.1' and port '3121'.
00:50:33 INFO  : Jtag cable 'Digilent JTAG-SMT3 210357A7D00EA' is selected.
00:50:33 INFO  : 'jtag frequency' command is executed.
00:50:33 INFO  : Sourcing of 'F:/FPGA/work_space/AD_DA_tran/AD_DA_tran.sdk/FFT_OUT_hw_platform_0/ps7_init.tcl' is done.
00:50:33 INFO  : Context for 'APU' is selected.
00:50:34 INFO  : Hardware design information is loaded from 'F:/FPGA/work_space/AD_DA_tran/AD_DA_tran.sdk/FFT_OUT_hw_platform_0/system.hdf'.
00:50:34 INFO  : 'configparams force-mem-access 1' command is executed.
00:50:34 INFO  : Context for 'APU' is selected.
00:50:34 INFO  : 'stop' command is executed.
00:50:34 INFO  : 'ps7_init' command is executed.
00:50:34 INFO  : 'ps7_post_config' command is executed.
00:50:34 INFO  : Context for processor 'ps7_cortexa9_0' is selected.
00:50:34 INFO  : Processor reset is completed for 'ps7_cortexa9_0'.
00:50:34 INFO  : Context for processor 'ps7_cortexa9_0' is selected.
00:50:34 INFO  : The application 'F:/FPGA/work_space/AD_DA_tran/AD_DA_tran.sdk/Uart_0/Debug/Uart_0.elf' is downloaded to processor 'ps7_cortexa9_0'.
00:50:34 INFO  : 'configparams force-mem-access 0' command is executed.
00:50:34 INFO  : ----------------XSDB Script----------------
connect -url tcp:127.0.0.1:3121
source F:/FPGA/work_space/AD_DA_tran/AD_DA_tran.sdk/FFT_OUT_hw_platform_0/ps7_init.tcl
targets -set -nocase -filter {name =~"APU*" && jtag_cable_name =~ "Digilent JTAG-SMT3 210357A7D00EA"} -index 0
loadhw -hw F:/FPGA/work_space/AD_DA_tran/AD_DA_tran.sdk/FFT_OUT_hw_platform_0/system.hdf -mem-ranges [list {0x40000000 0xbfffffff}]
configparams force-mem-access 1
targets -set -nocase -filter {name =~"APU*" && jtag_cable_name =~ "Digilent JTAG-SMT3 210357A7D00EA"} -index 0
stop
ps7_init
ps7_post_config
targets -set -nocase -filter {name =~ "ARM*#0" && jtag_cable_name =~ "Digilent JTAG-SMT3 210357A7D00EA"} -index 0
rst -processor
targets -set -nocase -filter {name =~ "ARM*#0" && jtag_cable_name =~ "Digilent JTAG-SMT3 210357A7D00EA"} -index 0
dow F:/FPGA/work_space/AD_DA_tran/AD_DA_tran.sdk/Uart_0/Debug/Uart_0.elf
configparams force-mem-access 0
----------------End of Script----------------

00:50:34 INFO  : Memory regions updated for context APU
00:50:34 INFO  : Context for processor 'ps7_cortexa9_0' is selected.
00:50:35 INFO  : 'con' command is executed.
00:50:35 INFO  : ----------------XSDB Script (After Launch)----------------
targets -set -nocase -filter {name =~ "ARM*#0" && jtag_cable_name =~ "Digilent JTAG-SMT3 210357A7D00EA"} -index 0
con
----------------End of Script----------------

00:50:35 INFO  : Launch script is exported to file 'F:\FPGA\work_space\AD_DA_tran\AD_DA_tran.sdk\.sdk\launch_scripts\xilinx_c-c++_application_(system_debugger)\system_debugger_using_debug_uart_0.elf_on_local.tcl'
00:52:24 INFO  : Disconnected from the channel tcfchan#65.
00:52:25 INFO  : 'targets -set -filter {jtag_cable_name =~ "Digilent JTAG-SMT3 210357A7D00EA" && level==0} -index 1' command is executed.
00:52:25 INFO  : 'fpga -state' command is executed.
00:52:25 INFO  : Connected to target on host '127.0.0.1' and port '3121'.
00:52:25 INFO  : Jtag cable 'Digilent JTAG-SMT3 210357A7D00EA' is selected.
00:52:25 INFO  : 'jtag frequency' command is executed.
00:52:25 INFO  : Sourcing of 'F:/FPGA/work_space/AD_DA_tran/AD_DA_tran.sdk/FFT_OUT_hw_platform_0/ps7_init.tcl' is done.
00:52:25 INFO  : Context for 'APU' is selected.
00:52:26 INFO  : Hardware design information is loaded from 'F:/FPGA/work_space/AD_DA_tran/AD_DA_tran.sdk/FFT_OUT_hw_platform_0/system.hdf'.
00:52:26 INFO  : 'configparams force-mem-access 1' command is executed.
00:52:26 INFO  : Context for 'APU' is selected.
00:52:26 INFO  : 'stop' command is executed.
00:52:27 INFO  : 'ps7_init' command is executed.
00:52:27 INFO  : 'ps7_post_config' command is executed.
00:52:27 INFO  : Context for processor 'ps7_cortexa9_0' is selected.
00:52:27 INFO  : Processor reset is completed for 'ps7_cortexa9_0'.
00:52:27 INFO  : Context for processor 'ps7_cortexa9_0' is selected.
00:52:27 INFO  : The application 'F:/FPGA/work_space/AD_DA_tran/AD_DA_tran.sdk/Uart_0/Debug/Uart_0.elf' is downloaded to processor 'ps7_cortexa9_0'.
00:52:27 INFO  : 'configparams force-mem-access 0' command is executed.
00:52:27 INFO  : ----------------XSDB Script----------------
connect -url tcp:127.0.0.1:3121
source F:/FPGA/work_space/AD_DA_tran/AD_DA_tran.sdk/FFT_OUT_hw_platform_0/ps7_init.tcl
targets -set -nocase -filter {name =~"APU*" && jtag_cable_name =~ "Digilent JTAG-SMT3 210357A7D00EA"} -index 0
loadhw -hw F:/FPGA/work_space/AD_DA_tran/AD_DA_tran.sdk/FFT_OUT_hw_platform_0/system.hdf -mem-ranges [list {0x40000000 0xbfffffff}]
configparams force-mem-access 1
targets -set -nocase -filter {name =~"APU*" && jtag_cable_name =~ "Digilent JTAG-SMT3 210357A7D00EA"} -index 0
stop
ps7_init
ps7_post_config
targets -set -nocase -filter {name =~ "ARM*#0" && jtag_cable_name =~ "Digilent JTAG-SMT3 210357A7D00EA"} -index 0
rst -processor
targets -set -nocase -filter {name =~ "ARM*#0" && jtag_cable_name =~ "Digilent JTAG-SMT3 210357A7D00EA"} -index 0
dow F:/FPGA/work_space/AD_DA_tran/AD_DA_tran.sdk/Uart_0/Debug/Uart_0.elf
configparams force-mem-access 0
----------------End of Script----------------

00:52:27 INFO  : Memory regions updated for context APU
00:52:27 INFO  : Context for processor 'ps7_cortexa9_0' is selected.
00:52:27 INFO  : 'con' command is executed.
00:52:27 INFO  : ----------------XSDB Script (After Launch)----------------
targets -set -nocase -filter {name =~ "ARM*#0" && jtag_cable_name =~ "Digilent JTAG-SMT3 210357A7D00EA"} -index 0
con
----------------End of Script----------------

00:52:27 INFO  : Launch script is exported to file 'F:\FPGA\work_space\AD_DA_tran\AD_DA_tran.sdk\.sdk\launch_scripts\xilinx_c-c++_application_(system_debugger)\system_debugger_using_debug_uart_0.elf_on_local.tcl'
01:00:25 INFO  : Disconnected from the channel tcfchan#66.
01:00:26 INFO  : 'targets -set -filter {jtag_cable_name =~ "Digilent JTAG-SMT3 210357A7D00EA" && level==0} -index 1' command is executed.
01:00:26 INFO  : 'fpga -state' command is executed.
01:00:26 INFO  : Connected to target on host '127.0.0.1' and port '3121'.
01:00:26 INFO  : Jtag cable 'Digilent JTAG-SMT3 210357A7D00EA' is selected.
01:00:26 INFO  : 'jtag frequency' command is executed.
01:00:26 INFO  : Sourcing of 'F:/FPGA/work_space/AD_DA_tran/AD_DA_tran.sdk/FFT_OUT_hw_platform_0/ps7_init.tcl' is done.
01:00:26 INFO  : Context for 'APU' is selected.
01:00:28 INFO  : Hardware design information is loaded from 'F:/FPGA/work_space/AD_DA_tran/AD_DA_tran.sdk/FFT_OUT_hw_platform_0/system.hdf'.
01:00:28 INFO  : 'configparams force-mem-access 1' command is executed.
01:00:28 INFO  : Context for 'APU' is selected.
01:00:28 INFO  : 'stop' command is executed.
01:00:28 INFO  : 'ps7_init' command is executed.
01:00:28 INFO  : 'ps7_post_config' command is executed.
01:00:28 INFO  : Context for processor 'ps7_cortexa9_0' is selected.
01:00:28 INFO  : Processor reset is completed for 'ps7_cortexa9_0'.
01:00:28 INFO  : Context for processor 'ps7_cortexa9_0' is selected.
01:00:28 INFO  : The application 'F:/FPGA/work_space/AD_DA_tran/AD_DA_tran.sdk/Uart_0/Debug/Uart_0.elf' is downloaded to processor 'ps7_cortexa9_0'.
01:00:28 INFO  : 'configparams force-mem-access 0' command is executed.
01:00:28 INFO  : ----------------XSDB Script----------------
connect -url tcp:127.0.0.1:3121
source F:/FPGA/work_space/AD_DA_tran/AD_DA_tran.sdk/FFT_OUT_hw_platform_0/ps7_init.tcl
targets -set -nocase -filter {name =~"APU*" && jtag_cable_name =~ "Digilent JTAG-SMT3 210357A7D00EA"} -index 0
loadhw -hw F:/FPGA/work_space/AD_DA_tran/AD_DA_tran.sdk/FFT_OUT_hw_platform_0/system.hdf -mem-ranges [list {0x40000000 0xbfffffff}]
configparams force-mem-access 1
targets -set -nocase -filter {name =~"APU*" && jtag_cable_name =~ "Digilent JTAG-SMT3 210357A7D00EA"} -index 0
stop
ps7_init
ps7_post_config
targets -set -nocase -filter {name =~ "ARM*#0" && jtag_cable_name =~ "Digilent JTAG-SMT3 210357A7D00EA"} -index 0
rst -processor
targets -set -nocase -filter {name =~ "ARM*#0" && jtag_cable_name =~ "Digilent JTAG-SMT3 210357A7D00EA"} -index 0
dow F:/FPGA/work_space/AD_DA_tran/AD_DA_tran.sdk/Uart_0/Debug/Uart_0.elf
configparams force-mem-access 0
----------------End of Script----------------

01:00:28 INFO  : Memory regions updated for context APU
01:00:28 INFO  : Context for processor 'ps7_cortexa9_0' is selected.
01:00:28 INFO  : 'con' command is executed.
01:00:28 INFO  : ----------------XSDB Script (After Launch)----------------
targets -set -nocase -filter {name =~ "ARM*#0" && jtag_cable_name =~ "Digilent JTAG-SMT3 210357A7D00EA"} -index 0
con
----------------End of Script----------------

01:00:28 INFO  : Launch script is exported to file 'F:\FPGA\work_space\AD_DA_tran\AD_DA_tran.sdk\.sdk\launch_scripts\xilinx_c-c++_application_(system_debugger)\system_debugger_using_debug_uart_0.elf_on_local.tcl'
01:12:42 INFO  : Disconnected from the channel tcfchan#67.
01:12:44 INFO  : 'targets -set -filter {jtag_cable_name =~ "Digilent JTAG-SMT3 210357A7D00EA" && level==0} -index 1' command is executed.
01:12:44 INFO  : 'fpga -state' command is executed.
01:12:44 INFO  : Connected to target on host '127.0.0.1' and port '3121'.
01:12:44 INFO  : Jtag cable 'Digilent JTAG-SMT3 210357A7D00EA' is selected.
01:12:44 INFO  : 'jtag frequency' command is executed.
01:12:44 INFO  : Sourcing of 'F:/FPGA/work_space/AD_DA_tran/AD_DA_tran.sdk/FFT_OUT_hw_platform_0/ps7_init.tcl' is done.
01:12:44 INFO  : Context for 'APU' is selected.
01:12:46 INFO  : Hardware design information is loaded from 'F:/FPGA/work_space/AD_DA_tran/AD_DA_tran.sdk/FFT_OUT_hw_platform_0/system.hdf'.
01:12:46 INFO  : 'configparams force-mem-access 1' command is executed.
01:12:46 INFO  : Context for 'APU' is selected.
01:12:46 INFO  : 'stop' command is executed.
01:12:46 INFO  : 'ps7_init' command is executed.
01:12:47 INFO  : 'ps7_post_config' command is executed.
01:12:47 INFO  : Context for processor 'ps7_cortexa9_0' is selected.
01:12:47 INFO  : Processor reset is completed for 'ps7_cortexa9_0'.
01:12:47 INFO  : Context for processor 'ps7_cortexa9_0' is selected.
01:12:47 INFO  : The application 'F:/FPGA/work_space/AD_DA_tran/AD_DA_tran.sdk/Uart_0/Debug/Uart_0.elf' is downloaded to processor 'ps7_cortexa9_0'.
01:12:47 INFO  : 'configparams force-mem-access 0' command is executed.
01:12:47 INFO  : ----------------XSDB Script----------------
connect -url tcp:127.0.0.1:3121
source F:/FPGA/work_space/AD_DA_tran/AD_DA_tran.sdk/FFT_OUT_hw_platform_0/ps7_init.tcl
targets -set -nocase -filter {name =~"APU*" && jtag_cable_name =~ "Digilent JTAG-SMT3 210357A7D00EA"} -index 0
loadhw -hw F:/FPGA/work_space/AD_DA_tran/AD_DA_tran.sdk/FFT_OUT_hw_platform_0/system.hdf -mem-ranges [list {0x40000000 0xbfffffff}]
configparams force-mem-access 1
targets -set -nocase -filter {name =~"APU*" && jtag_cable_name =~ "Digilent JTAG-SMT3 210357A7D00EA"} -index 0
stop
ps7_init
ps7_post_config
targets -set -nocase -filter {name =~ "ARM*#0" && jtag_cable_name =~ "Digilent JTAG-SMT3 210357A7D00EA"} -index 0
rst -processor
targets -set -nocase -filter {name =~ "ARM*#0" && jtag_cable_name =~ "Digilent JTAG-SMT3 210357A7D00EA"} -index 0
dow F:/FPGA/work_space/AD_DA_tran/AD_DA_tran.sdk/Uart_0/Debug/Uart_0.elf
configparams force-mem-access 0
----------------End of Script----------------

01:12:47 INFO  : Memory regions updated for context APU
01:12:47 INFO  : Context for processor 'ps7_cortexa9_0' is selected.
01:12:47 INFO  : 'con' command is executed.
01:12:47 INFO  : ----------------XSDB Script (After Launch)----------------
targets -set -nocase -filter {name =~ "ARM*#0" && jtag_cable_name =~ "Digilent JTAG-SMT3 210357A7D00EA"} -index 0
con
----------------End of Script----------------

01:12:47 INFO  : Launch script is exported to file 'F:\FPGA\work_space\AD_DA_tran\AD_DA_tran.sdk\.sdk\launch_scripts\xilinx_c-c++_application_(system_debugger)\system_debugger_using_debug_uart_0.elf_on_local.tcl'
01:22:24 INFO  : Disconnected from the channel tcfchan#68.
01:22:25 INFO  : 'targets -set -filter {jtag_cable_name =~ "Digilent JTAG-SMT3 210357A7D00EA" && level==0} -index 1' command is executed.
01:22:25 INFO  : 'fpga -state' command is executed.
01:22:25 INFO  : Connected to target on host '127.0.0.1' and port '3121'.
01:22:26 INFO  : Jtag cable 'Digilent JTAG-SMT3 210357A7D00EA' is selected.
01:22:26 INFO  : 'jtag frequency' command is executed.
01:22:26 INFO  : Sourcing of 'F:/FPGA/work_space/AD_DA_tran/AD_DA_tran.sdk/FFT_OUT_hw_platform_0/ps7_init.tcl' is done.
01:22:26 INFO  : Context for 'APU' is selected.
01:22:27 INFO  : Hardware design information is loaded from 'F:/FPGA/work_space/AD_DA_tran/AD_DA_tran.sdk/FFT_OUT_hw_platform_0/system.hdf'.
01:22:27 INFO  : 'configparams force-mem-access 1' command is executed.
01:22:27 INFO  : Context for 'APU' is selected.
01:22:27 INFO  : 'stop' command is executed.
01:22:27 INFO  : 'ps7_init' command is executed.
01:22:28 INFO  : 'ps7_post_config' command is executed.
01:22:28 INFO  : Context for processor 'ps7_cortexa9_0' is selected.
01:22:28 INFO  : Processor reset is completed for 'ps7_cortexa9_0'.
01:22:28 INFO  : Context for processor 'ps7_cortexa9_0' is selected.
01:22:28 INFO  : The application 'F:/FPGA/work_space/AD_DA_tran/AD_DA_tran.sdk/Uart_0/Debug/Uart_0.elf' is downloaded to processor 'ps7_cortexa9_0'.
01:22:28 INFO  : 'configparams force-mem-access 0' command is executed.
01:22:28 INFO  : ----------------XSDB Script----------------
connect -url tcp:127.0.0.1:3121
source F:/FPGA/work_space/AD_DA_tran/AD_DA_tran.sdk/FFT_OUT_hw_platform_0/ps7_init.tcl
targets -set -nocase -filter {name =~"APU*" && jtag_cable_name =~ "Digilent JTAG-SMT3 210357A7D00EA"} -index 0
loadhw -hw F:/FPGA/work_space/AD_DA_tran/AD_DA_tran.sdk/FFT_OUT_hw_platform_0/system.hdf -mem-ranges [list {0x40000000 0xbfffffff}]
configparams force-mem-access 1
targets -set -nocase -filter {name =~"APU*" && jtag_cable_name =~ "Digilent JTAG-SMT3 210357A7D00EA"} -index 0
stop
ps7_init
ps7_post_config
targets -set -nocase -filter {name =~ "ARM*#0" && jtag_cable_name =~ "Digilent JTAG-SMT3 210357A7D00EA"} -index 0
rst -processor
targets -set -nocase -filter {name =~ "ARM*#0" && jtag_cable_name =~ "Digilent JTAG-SMT3 210357A7D00EA"} -index 0
dow F:/FPGA/work_space/AD_DA_tran/AD_DA_tran.sdk/Uart_0/Debug/Uart_0.elf
configparams force-mem-access 0
----------------End of Script----------------

01:22:28 INFO  : Memory regions updated for context APU
01:22:28 INFO  : Context for processor 'ps7_cortexa9_0' is selected.
01:22:28 INFO  : 'con' command is executed.
01:22:28 INFO  : ----------------XSDB Script (After Launch)----------------
targets -set -nocase -filter {name =~ "ARM*#0" && jtag_cable_name =~ "Digilent JTAG-SMT3 210357A7D00EA"} -index 0
con
----------------End of Script----------------

01:22:28 INFO  : Launch script is exported to file 'F:\FPGA\work_space\AD_DA_tran\AD_DA_tran.sdk\.sdk\launch_scripts\xilinx_c-c++_application_(system_debugger)\system_debugger_using_debug_uart_0.elf_on_local.tcl'
01:49:51 INFO  : Disconnected from the channel tcfchan#69.
14:29:13 INFO  : Registering command handlers for SDK TCF services
14:29:14 INFO  : Launching XSCT server: xsct.bat -interactive F:\FPGA\work_space\AD_DA_tran\AD_DA_tran.sdk\temp_xsdb_launch_script.tcl
14:29:17 INFO  : XSCT server has started successfully.
14:29:17 INFO  : Successfully done setting XSCT server connection channel  
14:29:21 INFO  : Successfully done setting SDK workspace  
14:29:21 INFO  : Processing command line option -hwspec F:/FPGA/work_space/AD_DA_tran/AD_DA_tran.sdk/FFT_OUT.hdf.
14:29:21 INFO  : Checking for hwspec changes in the project FFT_OUT_hw_platform_0.
14:29:44 INFO  : 'targets -set -filter {jtag_cable_name =~ "Digilent JTAG-SMT3 210357A7D00EA" && level==0} -index 1' command is executed.
14:29:44 INFO  : 'fpga -state' command is executed.
14:29:44 INFO  : Connected to target on host '127.0.0.1' and port '3121'.
14:29:44 INFO  : Jtag cable 'Digilent JTAG-SMT3 210357A7D00EA' is selected.
14:29:44 INFO  : 'jtag frequency' command is executed.
14:29:44 INFO  : Sourcing of 'F:/FPGA/work_space/AD_DA_tran/AD_DA_tran.sdk/FFT_OUT_hw_platform_0/ps7_init.tcl' is done.
14:29:44 INFO  : Context for 'APU' is selected.
14:29:44 INFO  : Hardware design information is loaded from 'F:/FPGA/work_space/AD_DA_tran/AD_DA_tran.sdk/FFT_OUT_hw_platform_0/system.hdf'.
14:29:44 INFO  : 'configparams force-mem-access 1' command is executed.
14:29:44 INFO  : Context for 'APU' is selected.
14:29:44 INFO  : 'stop' command is executed.
14:29:45 INFO  : 'ps7_init' command is executed.
14:29:45 INFO  : 'ps7_post_config' command is executed.
14:29:45 INFO  : Context for processor 'ps7_cortexa9_0' is selected.
14:29:45 INFO  : Processor reset is completed for 'ps7_cortexa9_0'.
14:29:45 INFO  : Context for processor 'ps7_cortexa9_0' is selected.
14:29:45 INFO  : The application 'F:/FPGA/work_space/AD_DA_tran/AD_DA_tran.sdk/Uart_0/Debug/Uart_0.elf' is downloaded to processor 'ps7_cortexa9_0'.
14:29:45 INFO  : 'configparams force-mem-access 0' command is executed.
14:29:45 INFO  : ----------------XSDB Script----------------
connect -url tcp:127.0.0.1:3121
source F:/FPGA/work_space/AD_DA_tran/AD_DA_tran.sdk/FFT_OUT_hw_platform_0/ps7_init.tcl
targets -set -nocase -filter {name =~"APU*" && jtag_cable_name =~ "Digilent JTAG-SMT3 210357A7D00EA"} -index 0
loadhw -hw F:/FPGA/work_space/AD_DA_tran/AD_DA_tran.sdk/FFT_OUT_hw_platform_0/system.hdf -mem-ranges [list {0x40000000 0xbfffffff}]
configparams force-mem-access 1
targets -set -nocase -filter {name =~"APU*" && jtag_cable_name =~ "Digilent JTAG-SMT3 210357A7D00EA"} -index 0
stop
ps7_init
ps7_post_config
targets -set -nocase -filter {name =~ "ARM*#0" && jtag_cable_name =~ "Digilent JTAG-SMT3 210357A7D00EA"} -index 0
rst -processor
targets -set -nocase -filter {name =~ "ARM*#0" && jtag_cable_name =~ "Digilent JTAG-SMT3 210357A7D00EA"} -index 0
dow F:/FPGA/work_space/AD_DA_tran/AD_DA_tran.sdk/Uart_0/Debug/Uart_0.elf
configparams force-mem-access 0
----------------End of Script----------------

14:29:45 INFO  : Memory regions updated for context APU
14:29:45 INFO  : Context for processor 'ps7_cortexa9_0' is selected.
14:29:45 INFO  : 'con' command is executed.
14:29:45 INFO  : ----------------XSDB Script (After Launch)----------------
targets -set -nocase -filter {name =~ "ARM*#0" && jtag_cable_name =~ "Digilent JTAG-SMT3 210357A7D00EA"} -index 0
con
----------------End of Script----------------

14:29:45 INFO  : Launch script is exported to file 'F:\FPGA\work_space\AD_DA_tran\AD_DA_tran.sdk\.sdk\launch_scripts\xilinx_c-c++_application_(system_debugger)\system_debugger_using_debug_uart_0.elf_on_local.tcl'
15:11:43 INFO  : Disconnected from the channel tcfchan#1.
15:11:44 INFO  : 'targets -set -filter {jtag_cable_name =~ "Digilent JTAG-SMT3 210357A7D00EA" && level==0} -index 1' command is executed.
15:11:44 INFO  : 'fpga -state' command is executed.
15:11:44 INFO  : Connected to target on host '127.0.0.1' and port '3121'.
15:11:45 INFO  : Jtag cable 'Digilent JTAG-SMT3 210357A7D00EA' is selected.
15:11:45 INFO  : 'jtag frequency' command is executed.
15:11:45 INFO  : Sourcing of 'F:/FPGA/work_space/AD_DA_tran/AD_DA_tran.sdk/FFT_OUT_hw_platform_0/ps7_init.tcl' is done.
15:11:45 INFO  : Context for 'APU' is selected.
15:11:46 INFO  : Hardware design information is loaded from 'F:/FPGA/work_space/AD_DA_tran/AD_DA_tran.sdk/FFT_OUT_hw_platform_0/system.hdf'.
15:11:46 INFO  : 'configparams force-mem-access 1' command is executed.
15:11:46 INFO  : Context for 'APU' is selected.
15:11:46 INFO  : 'stop' command is executed.
15:11:47 INFO  : 'ps7_init' command is executed.
15:11:47 INFO  : 'ps7_post_config' command is executed.
15:11:47 INFO  : Context for processor 'ps7_cortexa9_0' is selected.
15:11:47 INFO  : Processor reset is completed for 'ps7_cortexa9_0'.
15:11:47 INFO  : Context for processor 'ps7_cortexa9_0' is selected.
15:11:47 INFO  : The application 'F:/FPGA/work_space/AD_DA_tran/AD_DA_tran.sdk/Uart_0/Debug/Uart_0.elf' is downloaded to processor 'ps7_cortexa9_0'.
15:11:47 INFO  : 'configparams force-mem-access 0' command is executed.
15:11:47 INFO  : ----------------XSDB Script----------------
connect -url tcp:127.0.0.1:3121
source F:/FPGA/work_space/AD_DA_tran/AD_DA_tran.sdk/FFT_OUT_hw_platform_0/ps7_init.tcl
targets -set -nocase -filter {name =~"APU*" && jtag_cable_name =~ "Digilent JTAG-SMT3 210357A7D00EA"} -index 0
loadhw -hw F:/FPGA/work_space/AD_DA_tran/AD_DA_tran.sdk/FFT_OUT_hw_platform_0/system.hdf -mem-ranges [list {0x40000000 0xbfffffff}]
configparams force-mem-access 1
targets -set -nocase -filter {name =~"APU*" && jtag_cable_name =~ "Digilent JTAG-SMT3 210357A7D00EA"} -index 0
stop
ps7_init
ps7_post_config
targets -set -nocase -filter {name =~ "ARM*#0" && jtag_cable_name =~ "Digilent JTAG-SMT3 210357A7D00EA"} -index 0
rst -processor
targets -set -nocase -filter {name =~ "ARM*#0" && jtag_cable_name =~ "Digilent JTAG-SMT3 210357A7D00EA"} -index 0
dow F:/FPGA/work_space/AD_DA_tran/AD_DA_tran.sdk/Uart_0/Debug/Uart_0.elf
configparams force-mem-access 0
----------------End of Script----------------

15:11:47 INFO  : Memory regions updated for context APU
15:11:47 INFO  : Context for processor 'ps7_cortexa9_0' is selected.
15:11:47 INFO  : 'con' command is executed.
15:11:47 INFO  : ----------------XSDB Script (After Launch)----------------
targets -set -nocase -filter {name =~ "ARM*#0" && jtag_cable_name =~ "Digilent JTAG-SMT3 210357A7D00EA"} -index 0
con
----------------End of Script----------------

15:11:47 INFO  : Launch script is exported to file 'F:\FPGA\work_space\AD_DA_tran\AD_DA_tran.sdk\.sdk\launch_scripts\xilinx_c-c++_application_(system_debugger)\system_debugger_using_debug_uart_0.elf_on_local.tcl'
17:08:36 INFO  : Disconnected from the channel tcfchan#2.
17:08:37 INFO  : 'targets -set -filter {jtag_cable_name =~ "Digilent JTAG-SMT3 210357A7D00EA" && level==0} -index 1' command is executed.
17:08:37 INFO  : 'fpga -state' command is executed.
17:08:37 INFO  : Connected to target on host '127.0.0.1' and port '3121'.
17:08:37 INFO  : Jtag cable 'Digilent JTAG-SMT3 210357A7D00EA' is selected.
17:08:37 INFO  : 'jtag frequency' command is executed.
17:08:37 INFO  : Sourcing of 'F:/FPGA/work_space/AD_DA_tran/AD_DA_tran.sdk/FFT_OUT_hw_platform_0/ps7_init.tcl' is done.
17:08:37 INFO  : Context for 'APU' is selected.
17:08:38 INFO  : Hardware design information is loaded from 'F:/FPGA/work_space/AD_DA_tran/AD_DA_tran.sdk/FFT_OUT_hw_platform_0/system.hdf'.
17:08:38 INFO  : 'configparams force-mem-access 1' command is executed.
17:08:38 INFO  : Context for 'APU' is selected.
17:08:38 INFO  : 'stop' command is executed.
17:08:38 INFO  : 'ps7_init' command is executed.
17:08:38 INFO  : 'ps7_post_config' command is executed.
17:08:38 INFO  : Context for processor 'ps7_cortexa9_0' is selected.
17:08:38 INFO  : Processor reset is completed for 'ps7_cortexa9_0'.
17:08:38 INFO  : Context for processor 'ps7_cortexa9_0' is selected.
17:08:38 INFO  : The application 'F:/FPGA/work_space/AD_DA_tran/AD_DA_tran.sdk/Uart_0/Debug/Uart_0.elf' is downloaded to processor 'ps7_cortexa9_0'.
17:08:38 INFO  : 'configparams force-mem-access 0' command is executed.
17:08:38 INFO  : ----------------XSDB Script----------------
connect -url tcp:127.0.0.1:3121
source F:/FPGA/work_space/AD_DA_tran/AD_DA_tran.sdk/FFT_OUT_hw_platform_0/ps7_init.tcl
targets -set -nocase -filter {name =~"APU*" && jtag_cable_name =~ "Digilent JTAG-SMT3 210357A7D00EA"} -index 0
loadhw -hw F:/FPGA/work_space/AD_DA_tran/AD_DA_tran.sdk/FFT_OUT_hw_platform_0/system.hdf -mem-ranges [list {0x40000000 0xbfffffff}]
configparams force-mem-access 1
targets -set -nocase -filter {name =~"APU*" && jtag_cable_name =~ "Digilent JTAG-SMT3 210357A7D00EA"} -index 0
stop
ps7_init
ps7_post_config
targets -set -nocase -filter {name =~ "ARM*#0" && jtag_cable_name =~ "Digilent JTAG-SMT3 210357A7D00EA"} -index 0
rst -processor
targets -set -nocase -filter {name =~ "ARM*#0" && jtag_cable_name =~ "Digilent JTAG-SMT3 210357A7D00EA"} -index 0
dow F:/FPGA/work_space/AD_DA_tran/AD_DA_tran.sdk/Uart_0/Debug/Uart_0.elf
configparams force-mem-access 0
----------------End of Script----------------

17:08:38 INFO  : Memory regions updated for context APU
17:08:38 INFO  : Context for processor 'ps7_cortexa9_0' is selected.
17:08:38 INFO  : 'con' command is executed.
17:08:38 INFO  : ----------------XSDB Script (After Launch)----------------
targets -set -nocase -filter {name =~ "ARM*#0" && jtag_cable_name =~ "Digilent JTAG-SMT3 210357A7D00EA"} -index 0
con
----------------End of Script----------------

17:08:38 INFO  : Launch script is exported to file 'F:\FPGA\work_space\AD_DA_tran\AD_DA_tran.sdk\.sdk\launch_scripts\xilinx_c-c++_application_(system_debugger)\system_debugger_using_debug_uart_0.elf_on_local.tcl'
17:32:23 INFO  : Disconnected from the channel tcfchan#3.
17:32:25 INFO  : 'targets -set -filter {jtag_cable_name =~ "Digilent JTAG-SMT3 210357A7D00EA" && level==0} -index 1' command is executed.
17:32:25 INFO  : 'fpga -state' command is executed.
17:32:25 INFO  : Connected to target on host '127.0.0.1' and port '3121'.
17:32:25 INFO  : Jtag cable 'Digilent JTAG-SMT3 210357A7D00EA' is selected.
17:32:25 INFO  : 'jtag frequency' command is executed.
17:32:25 INFO  : Sourcing of 'F:/FPGA/work_space/AD_DA_tran/AD_DA_tran.sdk/FFT_OUT_hw_platform_0/ps7_init.tcl' is done.
17:32:25 INFO  : Context for 'APU' is selected.
17:32:26 INFO  : Hardware design information is loaded from 'F:/FPGA/work_space/AD_DA_tran/AD_DA_tran.sdk/FFT_OUT_hw_platform_0/system.hdf'.
17:32:26 INFO  : 'configparams force-mem-access 1' command is executed.
17:32:26 INFO  : Context for 'APU' is selected.
17:32:27 INFO  : 'stop' command is executed.
17:32:27 INFO  : 'ps7_init' command is executed.
17:32:27 INFO  : 'ps7_post_config' command is executed.
17:32:27 INFO  : Context for processor 'ps7_cortexa9_0' is selected.
17:32:27 INFO  : Processor reset is completed for 'ps7_cortexa9_0'.
17:32:27 INFO  : Context for processor 'ps7_cortexa9_0' is selected.
17:32:27 INFO  : The application 'F:/FPGA/work_space/AD_DA_tran/AD_DA_tran.sdk/Uart_0/Debug/Uart_0.elf' is downloaded to processor 'ps7_cortexa9_0'.
17:32:27 INFO  : 'configparams force-mem-access 0' command is executed.
17:32:27 INFO  : ----------------XSDB Script----------------
connect -url tcp:127.0.0.1:3121
source F:/FPGA/work_space/AD_DA_tran/AD_DA_tran.sdk/FFT_OUT_hw_platform_0/ps7_init.tcl
targets -set -nocase -filter {name =~"APU*" && jtag_cable_name =~ "Digilent JTAG-SMT3 210357A7D00EA"} -index 0
loadhw -hw F:/FPGA/work_space/AD_DA_tran/AD_DA_tran.sdk/FFT_OUT_hw_platform_0/system.hdf -mem-ranges [list {0x40000000 0xbfffffff}]
configparams force-mem-access 1
targets -set -nocase -filter {name =~"APU*" && jtag_cable_name =~ "Digilent JTAG-SMT3 210357A7D00EA"} -index 0
stop
ps7_init
ps7_post_config
targets -set -nocase -filter {name =~ "ARM*#0" && jtag_cable_name =~ "Digilent JTAG-SMT3 210357A7D00EA"} -index 0
rst -processor
targets -set -nocase -filter {name =~ "ARM*#0" && jtag_cable_name =~ "Digilent JTAG-SMT3 210357A7D00EA"} -index 0
dow F:/FPGA/work_space/AD_DA_tran/AD_DA_tran.sdk/Uart_0/Debug/Uart_0.elf
configparams force-mem-access 0
----------------End of Script----------------

17:32:27 INFO  : Memory regions updated for context APU
17:32:27 INFO  : Context for processor 'ps7_cortexa9_0' is selected.
17:32:27 INFO  : 'con' command is executed.
17:32:27 INFO  : ----------------XSDB Script (After Launch)----------------
targets -set -nocase -filter {name =~ "ARM*#0" && jtag_cable_name =~ "Digilent JTAG-SMT3 210357A7D00EA"} -index 0
con
----------------End of Script----------------

17:32:27 INFO  : Launch script is exported to file 'F:\FPGA\work_space\AD_DA_tran\AD_DA_tran.sdk\.sdk\launch_scripts\xilinx_c-c++_application_(system_debugger)\system_debugger_using_debug_uart_0.elf_on_local.tcl'
17:56:27 INFO  : Disconnected from the channel tcfchan#4.
17:56:28 INFO  : 'targets -set -filter {jtag_cable_name =~ "Digilent JTAG-SMT3 210357A7D00EA" && level==0} -index 1' command is executed.
17:56:29 INFO  : 'fpga -state' command is executed.
17:56:29 INFO  : Connected to target on host '127.0.0.1' and port '3121'.
17:56:29 INFO  : Jtag cable 'Digilent JTAG-SMT3 210357A7D00EA' is selected.
17:56:29 INFO  : 'jtag frequency' command is executed.
17:56:29 INFO  : Sourcing of 'F:/FPGA/work_space/AD_DA_tran/AD_DA_tran.sdk/FFT_OUT_hw_platform_0/ps7_init.tcl' is done.
17:56:29 INFO  : Context for 'APU' is selected.
17:56:29 INFO  : Hardware design information is loaded from 'F:/FPGA/work_space/AD_DA_tran/AD_DA_tran.sdk/FFT_OUT_hw_platform_0/system.hdf'.
17:56:29 INFO  : 'configparams force-mem-access 1' command is executed.
17:56:29 INFO  : Context for 'APU' is selected.
17:56:30 INFO  : 'stop' command is executed.
17:56:30 INFO  : 'ps7_init' command is executed.
17:56:30 INFO  : 'ps7_post_config' command is executed.
17:56:30 INFO  : Context for processor 'ps7_cortexa9_0' is selected.
17:56:30 INFO  : Processor reset is completed for 'ps7_cortexa9_0'.
17:56:30 INFO  : Context for processor 'ps7_cortexa9_0' is selected.
17:56:30 INFO  : The application 'F:/FPGA/work_space/AD_DA_tran/AD_DA_tran.sdk/Uart_0/Debug/Uart_0.elf' is downloaded to processor 'ps7_cortexa9_0'.
17:56:30 INFO  : 'configparams force-mem-access 0' command is executed.
17:56:30 INFO  : ----------------XSDB Script----------------
connect -url tcp:127.0.0.1:3121
source F:/FPGA/work_space/AD_DA_tran/AD_DA_tran.sdk/FFT_OUT_hw_platform_0/ps7_init.tcl
targets -set -nocase -filter {name =~"APU*" && jtag_cable_name =~ "Digilent JTAG-SMT3 210357A7D00EA"} -index 0
loadhw -hw F:/FPGA/work_space/AD_DA_tran/AD_DA_tran.sdk/FFT_OUT_hw_platform_0/system.hdf -mem-ranges [list {0x40000000 0xbfffffff}]
configparams force-mem-access 1
targets -set -nocase -filter {name =~"APU*" && jtag_cable_name =~ "Digilent JTAG-SMT3 210357A7D00EA"} -index 0
stop
ps7_init
ps7_post_config
targets -set -nocase -filter {name =~ "ARM*#0" && jtag_cable_name =~ "Digilent JTAG-SMT3 210357A7D00EA"} -index 0
rst -processor
targets -set -nocase -filter {name =~ "ARM*#0" && jtag_cable_name =~ "Digilent JTAG-SMT3 210357A7D00EA"} -index 0
dow F:/FPGA/work_space/AD_DA_tran/AD_DA_tran.sdk/Uart_0/Debug/Uart_0.elf
configparams force-mem-access 0
----------------End of Script----------------

17:56:30 INFO  : Memory regions updated for context APU
17:56:30 INFO  : Context for processor 'ps7_cortexa9_0' is selected.
17:56:30 INFO  : 'con' command is executed.
17:56:30 INFO  : ----------------XSDB Script (After Launch)----------------
targets -set -nocase -filter {name =~ "ARM*#0" && jtag_cable_name =~ "Digilent JTAG-SMT3 210357A7D00EA"} -index 0
con
----------------End of Script----------------

17:56:30 INFO  : Launch script is exported to file 'F:\FPGA\work_space\AD_DA_tran\AD_DA_tran.sdk\.sdk\launch_scripts\xilinx_c-c++_application_(system_debugger)\system_debugger_using_debug_uart_0.elf_on_local.tcl'
18:12:02 INFO  : Disconnected from the channel tcfchan#5.
18:12:03 INFO  : 'targets -set -filter {jtag_cable_name =~ "Digilent JTAG-SMT3 210357A7D00EA" && level==0} -index 1' command is executed.
18:12:03 INFO  : 'fpga -state' command is executed.
18:12:03 INFO  : Connected to target on host '127.0.0.1' and port '3121'.
18:12:03 INFO  : Jtag cable 'Digilent JTAG-SMT3 210357A7D00EA' is selected.
18:12:03 INFO  : 'jtag frequency' command is executed.
18:12:03 INFO  : Sourcing of 'F:/FPGA/work_space/AD_DA_tran/AD_DA_tran.sdk/FFT_OUT_hw_platform_0/ps7_init.tcl' is done.
18:12:03 INFO  : Context for 'APU' is selected.
18:12:04 INFO  : Hardware design information is loaded from 'F:/FPGA/work_space/AD_DA_tran/AD_DA_tran.sdk/FFT_OUT_hw_platform_0/system.hdf'.
18:12:04 INFO  : 'configparams force-mem-access 1' command is executed.
18:12:04 INFO  : Context for 'APU' is selected.
18:12:04 INFO  : 'stop' command is executed.
18:12:04 INFO  : 'ps7_init' command is executed.
18:12:04 INFO  : 'ps7_post_config' command is executed.
18:12:04 INFO  : Context for processor 'ps7_cortexa9_0' is selected.
18:12:04 INFO  : Processor reset is completed for 'ps7_cortexa9_0'.
18:12:04 INFO  : Context for processor 'ps7_cortexa9_0' is selected.
18:12:04 INFO  : The application 'F:/FPGA/work_space/AD_DA_tran/AD_DA_tran.sdk/Uart_0/Debug/Uart_0.elf' is downloaded to processor 'ps7_cortexa9_0'.
18:12:04 INFO  : 'configparams force-mem-access 0' command is executed.
18:12:04 INFO  : ----------------XSDB Script----------------
connect -url tcp:127.0.0.1:3121
source F:/FPGA/work_space/AD_DA_tran/AD_DA_tran.sdk/FFT_OUT_hw_platform_0/ps7_init.tcl
targets -set -nocase -filter {name =~"APU*" && jtag_cable_name =~ "Digilent JTAG-SMT3 210357A7D00EA"} -index 0
loadhw -hw F:/FPGA/work_space/AD_DA_tran/AD_DA_tran.sdk/FFT_OUT_hw_platform_0/system.hdf -mem-ranges [list {0x40000000 0xbfffffff}]
configparams force-mem-access 1
targets -set -nocase -filter {name =~"APU*" && jtag_cable_name =~ "Digilent JTAG-SMT3 210357A7D00EA"} -index 0
stop
ps7_init
ps7_post_config
targets -set -nocase -filter {name =~ "ARM*#0" && jtag_cable_name =~ "Digilent JTAG-SMT3 210357A7D00EA"} -index 0
rst -processor
targets -set -nocase -filter {name =~ "ARM*#0" && jtag_cable_name =~ "Digilent JTAG-SMT3 210357A7D00EA"} -index 0
dow F:/FPGA/work_space/AD_DA_tran/AD_DA_tran.sdk/Uart_0/Debug/Uart_0.elf
configparams force-mem-access 0
----------------End of Script----------------

18:12:04 INFO  : Memory regions updated for context APU
18:12:05 INFO  : Context for processor 'ps7_cortexa9_0' is selected.
18:12:05 INFO  : 'con' command is executed.
18:12:05 INFO  : ----------------XSDB Script (After Launch)----------------
targets -set -nocase -filter {name =~ "ARM*#0" && jtag_cable_name =~ "Digilent JTAG-SMT3 210357A7D00EA"} -index 0
con
----------------End of Script----------------

18:12:05 INFO  : Launch script is exported to file 'F:\FPGA\work_space\AD_DA_tran\AD_DA_tran.sdk\.sdk\launch_scripts\xilinx_c-c++_application_(system_debugger)\system_debugger_using_debug_uart_0.elf_on_local.tcl'
18:14:31 INFO  : Disconnected from the channel tcfchan#6.
18:14:32 INFO  : 'targets -set -filter {jtag_cable_name =~ "Digilent JTAG-SMT3 210357A7D00EA" && level==0} -index 1' command is executed.
18:14:32 INFO  : 'fpga -state' command is executed.
18:14:32 INFO  : Connected to target on host '127.0.0.1' and port '3121'.
18:14:32 INFO  : Jtag cable 'Digilent JTAG-SMT3 210357A7D00EA' is selected.
18:14:32 INFO  : 'jtag frequency' command is executed.
18:14:32 INFO  : Sourcing of 'F:/FPGA/work_space/AD_DA_tran/AD_DA_tran.sdk/FFT_OUT_hw_platform_0/ps7_init.tcl' is done.
18:14:32 INFO  : Context for 'APU' is selected.
18:14:33 INFO  : Hardware design information is loaded from 'F:/FPGA/work_space/AD_DA_tran/AD_DA_tran.sdk/FFT_OUT_hw_platform_0/system.hdf'.
18:14:33 INFO  : 'configparams force-mem-access 1' command is executed.
18:14:33 INFO  : Context for 'APU' is selected.
18:14:33 INFO  : 'stop' command is executed.
18:14:33 INFO  : 'ps7_init' command is executed.
18:14:33 INFO  : 'ps7_post_config' command is executed.
18:14:33 INFO  : Context for processor 'ps7_cortexa9_0' is selected.
18:14:33 INFO  : Processor reset is completed for 'ps7_cortexa9_0'.
18:14:33 INFO  : Context for processor 'ps7_cortexa9_0' is selected.
18:14:34 INFO  : The application 'F:/FPGA/work_space/AD_DA_tran/AD_DA_tran.sdk/Uart_0/Debug/Uart_0.elf' is downloaded to processor 'ps7_cortexa9_0'.
18:14:34 INFO  : 'configparams force-mem-access 0' command is executed.
18:14:34 INFO  : ----------------XSDB Script----------------
connect -url tcp:127.0.0.1:3121
source F:/FPGA/work_space/AD_DA_tran/AD_DA_tran.sdk/FFT_OUT_hw_platform_0/ps7_init.tcl
targets -set -nocase -filter {name =~"APU*" && jtag_cable_name =~ "Digilent JTAG-SMT3 210357A7D00EA"} -index 0
loadhw -hw F:/FPGA/work_space/AD_DA_tran/AD_DA_tran.sdk/FFT_OUT_hw_platform_0/system.hdf -mem-ranges [list {0x40000000 0xbfffffff}]
configparams force-mem-access 1
targets -set -nocase -filter {name =~"APU*" && jtag_cable_name =~ "Digilent JTAG-SMT3 210357A7D00EA"} -index 0
stop
ps7_init
ps7_post_config
targets -set -nocase -filter {name =~ "ARM*#0" && jtag_cable_name =~ "Digilent JTAG-SMT3 210357A7D00EA"} -index 0
rst -processor
targets -set -nocase -filter {name =~ "ARM*#0" && jtag_cable_name =~ "Digilent JTAG-SMT3 210357A7D00EA"} -index 0
dow F:/FPGA/work_space/AD_DA_tran/AD_DA_tran.sdk/Uart_0/Debug/Uart_0.elf
configparams force-mem-access 0
----------------End of Script----------------

18:14:34 INFO  : Memory regions updated for context APU
18:14:34 INFO  : Context for processor 'ps7_cortexa9_0' is selected.
18:14:34 INFO  : 'con' command is executed.
18:14:34 INFO  : ----------------XSDB Script (After Launch)----------------
targets -set -nocase -filter {name =~ "ARM*#0" && jtag_cable_name =~ "Digilent JTAG-SMT3 210357A7D00EA"} -index 0
con
----------------End of Script----------------

18:14:34 INFO  : Launch script is exported to file 'F:\FPGA\work_space\AD_DA_tran\AD_DA_tran.sdk\.sdk\launch_scripts\xilinx_c-c++_application_(system_debugger)\system_debugger_using_debug_uart_0.elf_on_local.tcl'
18:16:39 INFO  : Disconnected from the channel tcfchan#7.
18:16:40 INFO  : 'targets -set -filter {jtag_cable_name =~ "Digilent JTAG-SMT3 210357A7D00EA" && level==0} -index 1' command is executed.
18:16:40 INFO  : 'fpga -state' command is executed.
18:16:40 INFO  : Connected to target on host '127.0.0.1' and port '3121'.
18:16:40 INFO  : Jtag cable 'Digilent JTAG-SMT3 210357A7D00EA' is selected.
18:16:40 INFO  : 'jtag frequency' command is executed.
18:16:40 INFO  : Sourcing of 'F:/FPGA/work_space/AD_DA_tran/AD_DA_tran.sdk/FFT_OUT_hw_platform_0/ps7_init.tcl' is done.
18:16:40 INFO  : Context for 'APU' is selected.
18:16:41 INFO  : Hardware design information is loaded from 'F:/FPGA/work_space/AD_DA_tran/AD_DA_tran.sdk/FFT_OUT_hw_platform_0/system.hdf'.
18:16:41 INFO  : 'configparams force-mem-access 1' command is executed.
18:16:41 INFO  : Context for 'APU' is selected.
18:16:41 INFO  : 'stop' command is executed.
18:16:41 INFO  : 'ps7_init' command is executed.
18:16:41 INFO  : 'ps7_post_config' command is executed.
18:16:41 INFO  : Context for processor 'ps7_cortexa9_0' is selected.
18:16:41 INFO  : Processor reset is completed for 'ps7_cortexa9_0'.
18:16:41 INFO  : Context for processor 'ps7_cortexa9_0' is selected.
18:16:41 INFO  : The application 'F:/FPGA/work_space/AD_DA_tran/AD_DA_tran.sdk/Uart_0/Debug/Uart_0.elf' is downloaded to processor 'ps7_cortexa9_0'.
18:16:41 INFO  : 'configparams force-mem-access 0' command is executed.
18:16:41 INFO  : ----------------XSDB Script----------------
connect -url tcp:127.0.0.1:3121
source F:/FPGA/work_space/AD_DA_tran/AD_DA_tran.sdk/FFT_OUT_hw_platform_0/ps7_init.tcl
targets -set -nocase -filter {name =~"APU*" && jtag_cable_name =~ "Digilent JTAG-SMT3 210357A7D00EA"} -index 0
loadhw -hw F:/FPGA/work_space/AD_DA_tran/AD_DA_tran.sdk/FFT_OUT_hw_platform_0/system.hdf -mem-ranges [list {0x40000000 0xbfffffff}]
configparams force-mem-access 1
targets -set -nocase -filter {name =~"APU*" && jtag_cable_name =~ "Digilent JTAG-SMT3 210357A7D00EA"} -index 0
stop
ps7_init
ps7_post_config
targets -set -nocase -filter {name =~ "ARM*#0" && jtag_cable_name =~ "Digilent JTAG-SMT3 210357A7D00EA"} -index 0
rst -processor
targets -set -nocase -filter {name =~ "ARM*#0" && jtag_cable_name =~ "Digilent JTAG-SMT3 210357A7D00EA"} -index 0
dow F:/FPGA/work_space/AD_DA_tran/AD_DA_tran.sdk/Uart_0/Debug/Uart_0.elf
configparams force-mem-access 0
----------------End of Script----------------

18:16:41 INFO  : Memory regions updated for context APU
18:16:42 INFO  : Context for processor 'ps7_cortexa9_0' is selected.
18:16:42 INFO  : 'con' command is executed.
18:16:42 INFO  : ----------------XSDB Script (After Launch)----------------
targets -set -nocase -filter {name =~ "ARM*#0" && jtag_cable_name =~ "Digilent JTAG-SMT3 210357A7D00EA"} -index 0
con
----------------End of Script----------------

18:16:42 INFO  : Launch script is exported to file 'F:\FPGA\work_space\AD_DA_tran\AD_DA_tran.sdk\.sdk\launch_scripts\xilinx_c-c++_application_(system_debugger)\system_debugger_using_debug_uart_0.elf_on_local.tcl'
18:28:26 INFO  : Disconnected from the channel tcfchan#8.
18:28:27 INFO  : 'targets -set -filter {jtag_cable_name =~ "Digilent JTAG-SMT3 210357A7D00EA" && level==0} -index 1' command is executed.
18:28:27 INFO  : 'fpga -state' command is executed.
18:28:27 INFO  : Connected to target on host '127.0.0.1' and port '3121'.
18:28:27 INFO  : Jtag cable 'Digilent JTAG-SMT3 210357A7D00EA' is selected.
18:28:27 INFO  : 'jtag frequency' command is executed.
18:28:27 INFO  : Sourcing of 'F:/FPGA/work_space/AD_DA_tran/AD_DA_tran.sdk/FFT_OUT_hw_platform_0/ps7_init.tcl' is done.
18:28:27 INFO  : Context for 'APU' is selected.
18:28:28 INFO  : Hardware design information is loaded from 'F:/FPGA/work_space/AD_DA_tran/AD_DA_tran.sdk/FFT_OUT_hw_platform_0/system.hdf'.
18:28:28 INFO  : 'configparams force-mem-access 1' command is executed.
18:28:28 INFO  : Context for 'APU' is selected.
18:28:28 INFO  : 'stop' command is executed.
18:28:28 INFO  : 'ps7_init' command is executed.
18:28:28 INFO  : 'ps7_post_config' command is executed.
18:28:28 INFO  : Context for processor 'ps7_cortexa9_0' is selected.
18:28:28 INFO  : Processor reset is completed for 'ps7_cortexa9_0'.
18:28:28 INFO  : Context for processor 'ps7_cortexa9_0' is selected.
18:28:28 INFO  : The application 'F:/FPGA/work_space/AD_DA_tran/AD_DA_tran.sdk/Uart_0/Debug/Uart_0.elf' is downloaded to processor 'ps7_cortexa9_0'.
18:28:29 INFO  : 'configparams force-mem-access 0' command is executed.
18:28:29 INFO  : ----------------XSDB Script----------------
connect -url tcp:127.0.0.1:3121
source F:/FPGA/work_space/AD_DA_tran/AD_DA_tran.sdk/FFT_OUT_hw_platform_0/ps7_init.tcl
targets -set -nocase -filter {name =~"APU*" && jtag_cable_name =~ "Digilent JTAG-SMT3 210357A7D00EA"} -index 0
loadhw -hw F:/FPGA/work_space/AD_DA_tran/AD_DA_tran.sdk/FFT_OUT_hw_platform_0/system.hdf -mem-ranges [list {0x40000000 0xbfffffff}]
configparams force-mem-access 1
targets -set -nocase -filter {name =~"APU*" && jtag_cable_name =~ "Digilent JTAG-SMT3 210357A7D00EA"} -index 0
stop
ps7_init
ps7_post_config
targets -set -nocase -filter {name =~ "ARM*#0" && jtag_cable_name =~ "Digilent JTAG-SMT3 210357A7D00EA"} -index 0
rst -processor
targets -set -nocase -filter {name =~ "ARM*#0" && jtag_cable_name =~ "Digilent JTAG-SMT3 210357A7D00EA"} -index 0
dow F:/FPGA/work_space/AD_DA_tran/AD_DA_tran.sdk/Uart_0/Debug/Uart_0.elf
configparams force-mem-access 0
----------------End of Script----------------

18:28:29 INFO  : Memory regions updated for context APU
18:28:29 INFO  : Context for processor 'ps7_cortexa9_0' is selected.
18:28:29 INFO  : 'con' command is executed.
18:28:29 INFO  : ----------------XSDB Script (After Launch)----------------
targets -set -nocase -filter {name =~ "ARM*#0" && jtag_cable_name =~ "Digilent JTAG-SMT3 210357A7D00EA"} -index 0
con
----------------End of Script----------------

18:28:29 INFO  : Launch script is exported to file 'F:\FPGA\work_space\AD_DA_tran\AD_DA_tran.sdk\.sdk\launch_scripts\xilinx_c-c++_application_(system_debugger)\system_debugger_using_debug_uart_0.elf_on_local.tcl'
18:29:49 INFO  : Disconnected from the channel tcfchan#9.
18:29:50 INFO  : 'targets -set -filter {jtag_cable_name =~ "Digilent JTAG-SMT3 210357A7D00EA" && level==0} -index 1' command is executed.
18:29:50 INFO  : 'fpga -state' command is executed.
18:29:50 INFO  : Connected to target on host '127.0.0.1' and port '3121'.
18:29:50 INFO  : Jtag cable 'Digilent JTAG-SMT3 210357A7D00EA' is selected.
18:29:50 INFO  : 'jtag frequency' command is executed.
18:29:50 INFO  : Sourcing of 'F:/FPGA/work_space/AD_DA_tran/AD_DA_tran.sdk/FFT_OUT_hw_platform_0/ps7_init.tcl' is done.
18:29:50 INFO  : Context for 'APU' is selected.
18:29:51 INFO  : Hardware design information is loaded from 'F:/FPGA/work_space/AD_DA_tran/AD_DA_tran.sdk/FFT_OUT_hw_platform_0/system.hdf'.
18:29:51 INFO  : 'configparams force-mem-access 1' command is executed.
18:29:51 INFO  : Context for 'APU' is selected.
18:29:51 INFO  : 'stop' command is executed.
18:29:51 INFO  : 'ps7_init' command is executed.
18:29:51 INFO  : 'ps7_post_config' command is executed.
18:29:51 INFO  : Context for processor 'ps7_cortexa9_0' is selected.
18:29:51 INFO  : Processor reset is completed for 'ps7_cortexa9_0'.
18:29:51 INFO  : Context for processor 'ps7_cortexa9_0' is selected.
18:29:52 INFO  : The application 'F:/FPGA/work_space/AD_DA_tran/AD_DA_tran.sdk/Uart_0/Debug/Uart_0.elf' is downloaded to processor 'ps7_cortexa9_0'.
18:29:52 INFO  : 'configparams force-mem-access 0' command is executed.
18:29:52 INFO  : ----------------XSDB Script----------------
connect -url tcp:127.0.0.1:3121
source F:/FPGA/work_space/AD_DA_tran/AD_DA_tran.sdk/FFT_OUT_hw_platform_0/ps7_init.tcl
targets -set -nocase -filter {name =~"APU*" && jtag_cable_name =~ "Digilent JTAG-SMT3 210357A7D00EA"} -index 0
loadhw -hw F:/FPGA/work_space/AD_DA_tran/AD_DA_tran.sdk/FFT_OUT_hw_platform_0/system.hdf -mem-ranges [list {0x40000000 0xbfffffff}]
configparams force-mem-access 1
targets -set -nocase -filter {name =~"APU*" && jtag_cable_name =~ "Digilent JTAG-SMT3 210357A7D00EA"} -index 0
stop
ps7_init
ps7_post_config
targets -set -nocase -filter {name =~ "ARM*#0" && jtag_cable_name =~ "Digilent JTAG-SMT3 210357A7D00EA"} -index 0
rst -processor
targets -set -nocase -filter {name =~ "ARM*#0" && jtag_cable_name =~ "Digilent JTAG-SMT3 210357A7D00EA"} -index 0
dow F:/FPGA/work_space/AD_DA_tran/AD_DA_tran.sdk/Uart_0/Debug/Uart_0.elf
configparams force-mem-access 0
----------------End of Script----------------

18:29:52 INFO  : Memory regions updated for context APU
18:29:52 INFO  : Context for processor 'ps7_cortexa9_0' is selected.
18:29:52 INFO  : 'con' command is executed.
18:29:52 INFO  : ----------------XSDB Script (After Launch)----------------
targets -set -nocase -filter {name =~ "ARM*#0" && jtag_cable_name =~ "Digilent JTAG-SMT3 210357A7D00EA"} -index 0
con
----------------End of Script----------------

18:29:52 INFO  : Launch script is exported to file 'F:\FPGA\work_space\AD_DA_tran\AD_DA_tran.sdk\.sdk\launch_scripts\xilinx_c-c++_application_(system_debugger)\system_debugger_using_debug_uart_0.elf_on_local.tcl'
19:00:45 INFO  : Disconnected from the channel tcfchan#10.
19:00:46 INFO  : 'targets -set -filter {jtag_cable_name =~ "Digilent JTAG-SMT3 210357A7D00EA" && level==0} -index 1' command is executed.
19:00:46 INFO  : 'fpga -state' command is executed.
19:00:46 INFO  : Connected to target on host '127.0.0.1' and port '3121'.
19:00:47 INFO  : Jtag cable 'Digilent JTAG-SMT3 210357A7D00EA' is selected.
19:00:47 INFO  : 'jtag frequency' command is executed.
19:00:47 INFO  : Sourcing of 'F:/FPGA/work_space/AD_DA_tran/AD_DA_tran.sdk/FFT_OUT_hw_platform_0/ps7_init.tcl' is done.
19:00:47 INFO  : Context for 'APU' is selected.
19:00:47 INFO  : Hardware design information is loaded from 'F:/FPGA/work_space/AD_DA_tran/AD_DA_tran.sdk/FFT_OUT_hw_platform_0/system.hdf'.
19:00:47 INFO  : 'configparams force-mem-access 1' command is executed.
19:00:47 INFO  : Context for 'APU' is selected.
19:00:47 INFO  : 'stop' command is executed.
19:00:48 INFO  : 'ps7_init' command is executed.
19:00:48 INFO  : 'ps7_post_config' command is executed.
19:00:48 INFO  : Context for processor 'ps7_cortexa9_0' is selected.
19:00:48 INFO  : Processor reset is completed for 'ps7_cortexa9_0'.
19:00:48 INFO  : Context for processor 'ps7_cortexa9_0' is selected.
19:00:48 INFO  : The application 'F:/FPGA/work_space/AD_DA_tran/AD_DA_tran.sdk/Uart_0/Debug/Uart_0.elf' is downloaded to processor 'ps7_cortexa9_0'.
19:00:48 INFO  : 'configparams force-mem-access 0' command is executed.
19:00:48 INFO  : ----------------XSDB Script----------------
connect -url tcp:127.0.0.1:3121
source F:/FPGA/work_space/AD_DA_tran/AD_DA_tran.sdk/FFT_OUT_hw_platform_0/ps7_init.tcl
targets -set -nocase -filter {name =~"APU*" && jtag_cable_name =~ "Digilent JTAG-SMT3 210357A7D00EA"} -index 0
loadhw -hw F:/FPGA/work_space/AD_DA_tran/AD_DA_tran.sdk/FFT_OUT_hw_platform_0/system.hdf -mem-ranges [list {0x40000000 0xbfffffff}]
configparams force-mem-access 1
targets -set -nocase -filter {name =~"APU*" && jtag_cable_name =~ "Digilent JTAG-SMT3 210357A7D00EA"} -index 0
stop
ps7_init
ps7_post_config
targets -set -nocase -filter {name =~ "ARM*#0" && jtag_cable_name =~ "Digilent JTAG-SMT3 210357A7D00EA"} -index 0
rst -processor
targets -set -nocase -filter {name =~ "ARM*#0" && jtag_cable_name =~ "Digilent JTAG-SMT3 210357A7D00EA"} -index 0
dow F:/FPGA/work_space/AD_DA_tran/AD_DA_tran.sdk/Uart_0/Debug/Uart_0.elf
configparams force-mem-access 0
----------------End of Script----------------

19:00:48 INFO  : Memory regions updated for context APU
19:00:48 INFO  : Context for processor 'ps7_cortexa9_0' is selected.
19:00:48 INFO  : 'con' command is executed.
19:00:48 INFO  : ----------------XSDB Script (After Launch)----------------
targets -set -nocase -filter {name =~ "ARM*#0" && jtag_cable_name =~ "Digilent JTAG-SMT3 210357A7D00EA"} -index 0
con
----------------End of Script----------------

19:00:48 INFO  : Launch script is exported to file 'F:\FPGA\work_space\AD_DA_tran\AD_DA_tran.sdk\.sdk\launch_scripts\xilinx_c-c++_application_(system_debugger)\system_debugger_using_debug_uart_0.elf_on_local.tcl'
19:00:56 INFO  : Disconnected from the channel tcfchan#11.
19:00:57 INFO  : 'targets -set -filter {jtag_cable_name =~ "Digilent JTAG-SMT3 210357A7D00EA" && level==0} -index 1' command is executed.
19:00:57 INFO  : 'fpga -state' command is executed.
19:00:57 INFO  : Connected to target on host '127.0.0.1' and port '3121'.
19:00:58 INFO  : Jtag cable 'Digilent JTAG-SMT3 210357A7D00EA' is selected.
19:00:58 INFO  : 'jtag frequency' command is executed.
19:00:58 INFO  : Sourcing of 'F:/FPGA/work_space/AD_DA_tran/AD_DA_tran.sdk/FFT_OUT_hw_platform_0/ps7_init.tcl' is done.
19:00:58 INFO  : Context for 'APU' is selected.
19:00:58 INFO  : Hardware design information is loaded from 'F:/FPGA/work_space/AD_DA_tran/AD_DA_tran.sdk/FFT_OUT_hw_platform_0/system.hdf'.
19:00:58 INFO  : 'configparams force-mem-access 1' command is executed.
19:00:58 INFO  : Context for 'APU' is selected.
19:00:58 INFO  : 'stop' command is executed.
19:00:59 INFO  : 'ps7_init' command is executed.
19:00:59 INFO  : 'ps7_post_config' command is executed.
19:00:59 INFO  : Context for processor 'ps7_cortexa9_0' is selected.
19:00:59 INFO  : Processor reset is completed for 'ps7_cortexa9_0'.
19:00:59 INFO  : Context for processor 'ps7_cortexa9_0' is selected.
19:00:59 INFO  : The application 'F:/FPGA/work_space/AD_DA_tran/AD_DA_tran.sdk/Uart_0/Debug/Uart_0.elf' is downloaded to processor 'ps7_cortexa9_0'.
19:00:59 INFO  : 'configparams force-mem-access 0' command is executed.
19:00:59 INFO  : ----------------XSDB Script----------------
connect -url tcp:127.0.0.1:3121
source F:/FPGA/work_space/AD_DA_tran/AD_DA_tran.sdk/FFT_OUT_hw_platform_0/ps7_init.tcl
targets -set -nocase -filter {name =~"APU*" && jtag_cable_name =~ "Digilent JTAG-SMT3 210357A7D00EA"} -index 0
loadhw -hw F:/FPGA/work_space/AD_DA_tran/AD_DA_tran.sdk/FFT_OUT_hw_platform_0/system.hdf -mem-ranges [list {0x40000000 0xbfffffff}]
configparams force-mem-access 1
targets -set -nocase -filter {name =~"APU*" && jtag_cable_name =~ "Digilent JTAG-SMT3 210357A7D00EA"} -index 0
stop
ps7_init
ps7_post_config
targets -set -nocase -filter {name =~ "ARM*#0" && jtag_cable_name =~ "Digilent JTAG-SMT3 210357A7D00EA"} -index 0
rst -processor
targets -set -nocase -filter {name =~ "ARM*#0" && jtag_cable_name =~ "Digilent JTAG-SMT3 210357A7D00EA"} -index 0
dow F:/FPGA/work_space/AD_DA_tran/AD_DA_tran.sdk/Uart_0/Debug/Uart_0.elf
configparams force-mem-access 0
----------------End of Script----------------

19:00:59 INFO  : Memory regions updated for context APU
19:00:59 INFO  : Context for processor 'ps7_cortexa9_0' is selected.
19:00:59 INFO  : 'con' command is executed.
19:00:59 INFO  : ----------------XSDB Script (After Launch)----------------
targets -set -nocase -filter {name =~ "ARM*#0" && jtag_cable_name =~ "Digilent JTAG-SMT3 210357A7D00EA"} -index 0
con
----------------End of Script----------------

19:00:59 INFO  : Launch script is exported to file 'F:\FPGA\work_space\AD_DA_tran\AD_DA_tran.sdk\.sdk\launch_scripts\xilinx_c-c++_application_(system_debugger)\system_debugger_using_debug_uart_0.elf_on_local.tcl'
19:02:18 INFO  : Disconnected from the channel tcfchan#12.
19:02:19 INFO  : 'targets -set -filter {jtag_cable_name =~ "Digilent JTAG-SMT3 210357A7D00EA" && level==0} -index 1' command is executed.
19:02:19 INFO  : 'fpga -state' command is executed.
19:02:19 INFO  : Connected to target on host '127.0.0.1' and port '3121'.
19:02:20 INFO  : Jtag cable 'Digilent JTAG-SMT3 210357A7D00EA' is selected.
19:02:20 INFO  : 'jtag frequency' command is executed.
19:02:20 INFO  : Sourcing of 'F:/FPGA/work_space/AD_DA_tran/AD_DA_tran.sdk/FFT_OUT_hw_platform_0/ps7_init.tcl' is done.
19:02:20 INFO  : Context for 'APU' is selected.
19:02:21 INFO  : Hardware design information is loaded from 'F:/FPGA/work_space/AD_DA_tran/AD_DA_tran.sdk/FFT_OUT_hw_platform_0/system.hdf'.
19:02:21 INFO  : 'configparams force-mem-access 1' command is executed.
19:02:21 INFO  : Context for 'APU' is selected.
19:02:21 INFO  : 'stop' command is executed.
19:02:21 INFO  : 'ps7_init' command is executed.
19:02:21 INFO  : 'ps7_post_config' command is executed.
19:02:21 INFO  : Context for processor 'ps7_cortexa9_0' is selected.
19:02:21 INFO  : Processor reset is completed for 'ps7_cortexa9_0'.
19:02:21 INFO  : Context for processor 'ps7_cortexa9_0' is selected.
19:02:21 INFO  : The application 'F:/FPGA/work_space/AD_DA_tran/AD_DA_tran.sdk/Uart_0/Debug/Uart_0.elf' is downloaded to processor 'ps7_cortexa9_0'.
19:02:21 INFO  : 'configparams force-mem-access 0' command is executed.
19:02:21 INFO  : ----------------XSDB Script----------------
connect -url tcp:127.0.0.1:3121
source F:/FPGA/work_space/AD_DA_tran/AD_DA_tran.sdk/FFT_OUT_hw_platform_0/ps7_init.tcl
targets -set -nocase -filter {name =~"APU*" && jtag_cable_name =~ "Digilent JTAG-SMT3 210357A7D00EA"} -index 0
loadhw -hw F:/FPGA/work_space/AD_DA_tran/AD_DA_tran.sdk/FFT_OUT_hw_platform_0/system.hdf -mem-ranges [list {0x40000000 0xbfffffff}]
configparams force-mem-access 1
targets -set -nocase -filter {name =~"APU*" && jtag_cable_name =~ "Digilent JTAG-SMT3 210357A7D00EA"} -index 0
stop
ps7_init
ps7_post_config
targets -set -nocase -filter {name =~ "ARM*#0" && jtag_cable_name =~ "Digilent JTAG-SMT3 210357A7D00EA"} -index 0
rst -processor
targets -set -nocase -filter {name =~ "ARM*#0" && jtag_cable_name =~ "Digilent JTAG-SMT3 210357A7D00EA"} -index 0
dow F:/FPGA/work_space/AD_DA_tran/AD_DA_tran.sdk/Uart_0/Debug/Uart_0.elf
configparams force-mem-access 0
----------------End of Script----------------

19:02:21 INFO  : Memory regions updated for context APU
19:02:21 INFO  : Context for processor 'ps7_cortexa9_0' is selected.
19:02:21 INFO  : 'con' command is executed.
19:02:21 INFO  : ----------------XSDB Script (After Launch)----------------
targets -set -nocase -filter {name =~ "ARM*#0" && jtag_cable_name =~ "Digilent JTAG-SMT3 210357A7D00EA"} -index 0
con
----------------End of Script----------------

19:02:21 INFO  : Launch script is exported to file 'F:\FPGA\work_space\AD_DA_tran\AD_DA_tran.sdk\.sdk\launch_scripts\xilinx_c-c++_application_(system_debugger)\system_debugger_using_debug_uart_0.elf_on_local.tcl'
19:04:18 INFO  : Disconnected from the channel tcfchan#13.
19:04:19 INFO  : 'targets -set -filter {jtag_cable_name =~ "Digilent JTAG-SMT3 210357A7D00EA" && level==0} -index 1' command is executed.
19:04:19 INFO  : 'fpga -state' command is executed.
19:04:19 INFO  : Connected to target on host '127.0.0.1' and port '3121'.
19:04:20 INFO  : Jtag cable 'Digilent JTAG-SMT3 210357A7D00EA' is selected.
19:04:20 INFO  : 'jtag frequency' command is executed.
19:04:20 INFO  : Sourcing of 'F:/FPGA/work_space/AD_DA_tran/AD_DA_tran.sdk/FFT_OUT_hw_platform_0/ps7_init.tcl' is done.
19:04:20 INFO  : Context for 'APU' is selected.
19:04:20 INFO  : Hardware design information is loaded from 'F:/FPGA/work_space/AD_DA_tran/AD_DA_tran.sdk/FFT_OUT_hw_platform_0/system.hdf'.
19:04:20 INFO  : 'configparams force-mem-access 1' command is executed.
19:04:20 INFO  : Context for 'APU' is selected.
19:04:20 INFO  : 'stop' command is executed.
19:04:21 INFO  : 'ps7_init' command is executed.
19:04:21 INFO  : 'ps7_post_config' command is executed.
19:04:21 INFO  : Context for processor 'ps7_cortexa9_0' is selected.
19:04:21 INFO  : Processor reset is completed for 'ps7_cortexa9_0'.
19:04:21 INFO  : Context for processor 'ps7_cortexa9_0' is selected.
19:04:21 INFO  : The application 'F:/FPGA/work_space/AD_DA_tran/AD_DA_tran.sdk/Uart_0/Debug/Uart_0.elf' is downloaded to processor 'ps7_cortexa9_0'.
19:04:21 INFO  : 'configparams force-mem-access 0' command is executed.
19:04:21 INFO  : ----------------XSDB Script----------------
connect -url tcp:127.0.0.1:3121
source F:/FPGA/work_space/AD_DA_tran/AD_DA_tran.sdk/FFT_OUT_hw_platform_0/ps7_init.tcl
targets -set -nocase -filter {name =~"APU*" && jtag_cable_name =~ "Digilent JTAG-SMT3 210357A7D00EA"} -index 0
loadhw -hw F:/FPGA/work_space/AD_DA_tran/AD_DA_tran.sdk/FFT_OUT_hw_platform_0/system.hdf -mem-ranges [list {0x40000000 0xbfffffff}]
configparams force-mem-access 1
targets -set -nocase -filter {name =~"APU*" && jtag_cable_name =~ "Digilent JTAG-SMT3 210357A7D00EA"} -index 0
stop
ps7_init
ps7_post_config
targets -set -nocase -filter {name =~ "ARM*#0" && jtag_cable_name =~ "Digilent JTAG-SMT3 210357A7D00EA"} -index 0
rst -processor
targets -set -nocase -filter {name =~ "ARM*#0" && jtag_cable_name =~ "Digilent JTAG-SMT3 210357A7D00EA"} -index 0
dow F:/FPGA/work_space/AD_DA_tran/AD_DA_tran.sdk/Uart_0/Debug/Uart_0.elf
configparams force-mem-access 0
----------------End of Script----------------

19:04:21 INFO  : Memory regions updated for context APU
19:04:21 INFO  : Context for processor 'ps7_cortexa9_0' is selected.
19:04:21 INFO  : 'con' command is executed.
19:04:21 INFO  : ----------------XSDB Script (After Launch)----------------
targets -set -nocase -filter {name =~ "ARM*#0" && jtag_cable_name =~ "Digilent JTAG-SMT3 210357A7D00EA"} -index 0
con
----------------End of Script----------------

19:04:21 INFO  : Launch script is exported to file 'F:\FPGA\work_space\AD_DA_tran\AD_DA_tran.sdk\.sdk\launch_scripts\xilinx_c-c++_application_(system_debugger)\system_debugger_using_debug_uart_0.elf_on_local.tcl'
19:06:32 INFO  : Disconnected from the channel tcfchan#14.
19:06:33 INFO  : 'targets -set -filter {jtag_cable_name =~ "Digilent JTAG-SMT3 210357A7D00EA" && level==0} -index 1' command is executed.
19:06:33 INFO  : 'fpga -state' command is executed.
19:06:33 INFO  : Connected to target on host '127.0.0.1' and port '3121'.
19:06:33 INFO  : Jtag cable 'Digilent JTAG-SMT3 210357A7D00EA' is selected.
19:06:33 INFO  : 'jtag frequency' command is executed.
19:06:33 INFO  : Sourcing of 'F:/FPGA/work_space/AD_DA_tran/AD_DA_tran.sdk/FFT_OUT_hw_platform_0/ps7_init.tcl' is done.
19:06:33 INFO  : Context for 'APU' is selected.
19:06:34 INFO  : Hardware design information is loaded from 'F:/FPGA/work_space/AD_DA_tran/AD_DA_tran.sdk/FFT_OUT_hw_platform_0/system.hdf'.
19:06:34 INFO  : 'configparams force-mem-access 1' command is executed.
19:06:34 INFO  : Context for 'APU' is selected.
19:06:34 INFO  : 'stop' command is executed.
19:06:34 INFO  : 'ps7_init' command is executed.
19:06:34 INFO  : 'ps7_post_config' command is executed.
19:06:34 INFO  : Context for processor 'ps7_cortexa9_0' is selected.
19:06:34 INFO  : Processor reset is completed for 'ps7_cortexa9_0'.
19:06:34 INFO  : Context for processor 'ps7_cortexa9_0' is selected.
19:06:35 INFO  : The application 'F:/FPGA/work_space/AD_DA_tran/AD_DA_tran.sdk/Uart_0/Debug/Uart_0.elf' is downloaded to processor 'ps7_cortexa9_0'.
19:06:35 INFO  : 'configparams force-mem-access 0' command is executed.
19:06:35 INFO  : ----------------XSDB Script----------------
connect -url tcp:127.0.0.1:3121
source F:/FPGA/work_space/AD_DA_tran/AD_DA_tran.sdk/FFT_OUT_hw_platform_0/ps7_init.tcl
targets -set -nocase -filter {name =~"APU*" && jtag_cable_name =~ "Digilent JTAG-SMT3 210357A7D00EA"} -index 0
loadhw -hw F:/FPGA/work_space/AD_DA_tran/AD_DA_tran.sdk/FFT_OUT_hw_platform_0/system.hdf -mem-ranges [list {0x40000000 0xbfffffff}]
configparams force-mem-access 1
targets -set -nocase -filter {name =~"APU*" && jtag_cable_name =~ "Digilent JTAG-SMT3 210357A7D00EA"} -index 0
stop
ps7_init
ps7_post_config
targets -set -nocase -filter {name =~ "ARM*#0" && jtag_cable_name =~ "Digilent JTAG-SMT3 210357A7D00EA"} -index 0
rst -processor
targets -set -nocase -filter {name =~ "ARM*#0" && jtag_cable_name =~ "Digilent JTAG-SMT3 210357A7D00EA"} -index 0
dow F:/FPGA/work_space/AD_DA_tran/AD_DA_tran.sdk/Uart_0/Debug/Uart_0.elf
configparams force-mem-access 0
----------------End of Script----------------

19:06:35 INFO  : Memory regions updated for context APU
19:06:35 INFO  : Context for processor 'ps7_cortexa9_0' is selected.
19:06:35 INFO  : 'con' command is executed.
19:06:35 INFO  : ----------------XSDB Script (After Launch)----------------
targets -set -nocase -filter {name =~ "ARM*#0" && jtag_cable_name =~ "Digilent JTAG-SMT3 210357A7D00EA"} -index 0
con
----------------End of Script----------------

19:06:35 INFO  : Launch script is exported to file 'F:\FPGA\work_space\AD_DA_tran\AD_DA_tran.sdk\.sdk\launch_scripts\xilinx_c-c++_application_(system_debugger)\system_debugger_using_debug_uart_0.elf_on_local.tcl'
19:08:26 INFO  : Disconnected from the channel tcfchan#15.
19:08:27 INFO  : 'targets -set -filter {jtag_cable_name =~ "Digilent JTAG-SMT3 210357A7D00EA" && level==0} -index 1' command is executed.
19:08:27 INFO  : 'fpga -state' command is executed.
19:08:27 INFO  : Connected to target on host '127.0.0.1' and port '3121'.
19:08:27 INFO  : Jtag cable 'Digilent JTAG-SMT3 210357A7D00EA' is selected.
19:08:27 INFO  : 'jtag frequency' command is executed.
19:08:27 INFO  : Sourcing of 'F:/FPGA/work_space/AD_DA_tran/AD_DA_tran.sdk/FFT_OUT_hw_platform_0/ps7_init.tcl' is done.
19:08:27 INFO  : Context for 'APU' is selected.
19:08:28 INFO  : Hardware design information is loaded from 'F:/FPGA/work_space/AD_DA_tran/AD_DA_tran.sdk/FFT_OUT_hw_platform_0/system.hdf'.
19:08:28 INFO  : 'configparams force-mem-access 1' command is executed.
19:08:28 INFO  : Context for 'APU' is selected.
19:08:28 INFO  : 'stop' command is executed.
19:08:28 INFO  : 'ps7_init' command is executed.
19:08:28 INFO  : 'ps7_post_config' command is executed.
19:08:28 INFO  : Context for processor 'ps7_cortexa9_0' is selected.
19:08:28 INFO  : Processor reset is completed for 'ps7_cortexa9_0'.
19:08:28 INFO  : Context for processor 'ps7_cortexa9_0' is selected.
19:08:28 INFO  : The application 'F:/FPGA/work_space/AD_DA_tran/AD_DA_tran.sdk/Uart_0/Debug/Uart_0.elf' is downloaded to processor 'ps7_cortexa9_0'.
19:08:28 INFO  : 'configparams force-mem-access 0' command is executed.
19:08:28 INFO  : ----------------XSDB Script----------------
connect -url tcp:127.0.0.1:3121
source F:/FPGA/work_space/AD_DA_tran/AD_DA_tran.sdk/FFT_OUT_hw_platform_0/ps7_init.tcl
targets -set -nocase -filter {name =~"APU*" && jtag_cable_name =~ "Digilent JTAG-SMT3 210357A7D00EA"} -index 0
loadhw -hw F:/FPGA/work_space/AD_DA_tran/AD_DA_tran.sdk/FFT_OUT_hw_platform_0/system.hdf -mem-ranges [list {0x40000000 0xbfffffff}]
configparams force-mem-access 1
targets -set -nocase -filter {name =~"APU*" && jtag_cable_name =~ "Digilent JTAG-SMT3 210357A7D00EA"} -index 0
stop
ps7_init
ps7_post_config
targets -set -nocase -filter {name =~ "ARM*#0" && jtag_cable_name =~ "Digilent JTAG-SMT3 210357A7D00EA"} -index 0
rst -processor
targets -set -nocase -filter {name =~ "ARM*#0" && jtag_cable_name =~ "Digilent JTAG-SMT3 210357A7D00EA"} -index 0
dow F:/FPGA/work_space/AD_DA_tran/AD_DA_tran.sdk/Uart_0/Debug/Uart_0.elf
configparams force-mem-access 0
----------------End of Script----------------

19:08:28 INFO  : Memory regions updated for context APU
19:08:29 INFO  : Context for processor 'ps7_cortexa9_0' is selected.
19:08:29 INFO  : 'con' command is executed.
19:08:29 INFO  : ----------------XSDB Script (After Launch)----------------
targets -set -nocase -filter {name =~ "ARM*#0" && jtag_cable_name =~ "Digilent JTAG-SMT3 210357A7D00EA"} -index 0
con
----------------End of Script----------------

19:08:29 INFO  : Launch script is exported to file 'F:\FPGA\work_space\AD_DA_tran\AD_DA_tran.sdk\.sdk\launch_scripts\xilinx_c-c++_application_(system_debugger)\system_debugger_using_debug_uart_0.elf_on_local.tcl'
19:09:19 INFO  : Disconnected from the channel tcfchan#16.
19:09:20 INFO  : 'targets -set -filter {jtag_cable_name =~ "Digilent JTAG-SMT3 210357A7D00EA" && level==0} -index 1' command is executed.
19:09:20 INFO  : 'fpga -state' command is executed.
19:09:20 INFO  : Connected to target on host '127.0.0.1' and port '3121'.
19:09:20 INFO  : Jtag cable 'Digilent JTAG-SMT3 210357A7D00EA' is selected.
19:09:20 INFO  : 'jtag frequency' command is executed.
19:09:20 INFO  : Sourcing of 'F:/FPGA/work_space/AD_DA_tran/AD_DA_tran.sdk/FFT_OUT_hw_platform_0/ps7_init.tcl' is done.
19:09:20 INFO  : Context for 'APU' is selected.
19:09:21 INFO  : Hardware design information is loaded from 'F:/FPGA/work_space/AD_DA_tran/AD_DA_tran.sdk/FFT_OUT_hw_platform_0/system.hdf'.
19:09:21 INFO  : 'configparams force-mem-access 1' command is executed.
19:09:21 INFO  : Context for 'APU' is selected.
19:09:21 INFO  : 'stop' command is executed.
19:09:21 INFO  : 'ps7_init' command is executed.
19:09:21 INFO  : 'ps7_post_config' command is executed.
19:09:21 INFO  : Context for processor 'ps7_cortexa9_0' is selected.
19:09:21 INFO  : Processor reset is completed for 'ps7_cortexa9_0'.
19:09:21 INFO  : Context for processor 'ps7_cortexa9_0' is selected.
19:09:21 INFO  : The application 'F:/FPGA/work_space/AD_DA_tran/AD_DA_tran.sdk/Uart_0/Debug/Uart_0.elf' is downloaded to processor 'ps7_cortexa9_0'.
19:09:21 INFO  : 'configparams force-mem-access 0' command is executed.
19:09:21 INFO  : ----------------XSDB Script----------------
connect -url tcp:127.0.0.1:3121
source F:/FPGA/work_space/AD_DA_tran/AD_DA_tran.sdk/FFT_OUT_hw_platform_0/ps7_init.tcl
targets -set -nocase -filter {name =~"APU*" && jtag_cable_name =~ "Digilent JTAG-SMT3 210357A7D00EA"} -index 0
loadhw -hw F:/FPGA/work_space/AD_DA_tran/AD_DA_tran.sdk/FFT_OUT_hw_platform_0/system.hdf -mem-ranges [list {0x40000000 0xbfffffff}]
configparams force-mem-access 1
targets -set -nocase -filter {name =~"APU*" && jtag_cable_name =~ "Digilent JTAG-SMT3 210357A7D00EA"} -index 0
stop
ps7_init
ps7_post_config
targets -set -nocase -filter {name =~ "ARM*#0" && jtag_cable_name =~ "Digilent JTAG-SMT3 210357A7D00EA"} -index 0
rst -processor
targets -set -nocase -filter {name =~ "ARM*#0" && jtag_cable_name =~ "Digilent JTAG-SMT3 210357A7D00EA"} -index 0
dow F:/FPGA/work_space/AD_DA_tran/AD_DA_tran.sdk/Uart_0/Debug/Uart_0.elf
configparams force-mem-access 0
----------------End of Script----------------

19:09:21 INFO  : Memory regions updated for context APU
19:09:21 INFO  : Context for processor 'ps7_cortexa9_0' is selected.
19:09:21 INFO  : 'con' command is executed.
19:09:21 INFO  : ----------------XSDB Script (After Launch)----------------
targets -set -nocase -filter {name =~ "ARM*#0" && jtag_cable_name =~ "Digilent JTAG-SMT3 210357A7D00EA"} -index 0
con
----------------End of Script----------------

19:09:21 INFO  : Launch script is exported to file 'F:\FPGA\work_space\AD_DA_tran\AD_DA_tran.sdk\.sdk\launch_scripts\xilinx_c-c++_application_(system_debugger)\system_debugger_using_debug_uart_0.elf_on_local.tcl'
19:12:46 INFO  : Disconnected from the channel tcfchan#17.
19:12:47 INFO  : 'targets -set -filter {jtag_cable_name =~ "Digilent JTAG-SMT3 210357A7D00EA" && level==0} -index 1' command is executed.
19:12:47 INFO  : 'fpga -state' command is executed.
19:12:47 INFO  : Connected to target on host '127.0.0.1' and port '3121'.
19:12:47 INFO  : Jtag cable 'Digilent JTAG-SMT3 210357A7D00EA' is selected.
19:12:47 INFO  : 'jtag frequency' command is executed.
19:12:47 INFO  : Sourcing of 'F:/FPGA/work_space/AD_DA_tran/AD_DA_tran.sdk/FFT_OUT_hw_platform_0/ps7_init.tcl' is done.
19:12:47 INFO  : Context for 'APU' is selected.
19:12:48 INFO  : Hardware design information is loaded from 'F:/FPGA/work_space/AD_DA_tran/AD_DA_tran.sdk/FFT_OUT_hw_platform_0/system.hdf'.
19:12:48 INFO  : 'configparams force-mem-access 1' command is executed.
19:12:48 INFO  : Context for 'APU' is selected.
19:12:48 INFO  : 'stop' command is executed.
19:12:49 INFO  : 'ps7_init' command is executed.
19:12:49 INFO  : 'ps7_post_config' command is executed.
19:12:49 INFO  : Context for processor 'ps7_cortexa9_0' is selected.
19:12:49 INFO  : Processor reset is completed for 'ps7_cortexa9_0'.
19:12:49 INFO  : Context for processor 'ps7_cortexa9_0' is selected.
19:12:49 INFO  : The application 'F:/FPGA/work_space/AD_DA_tran/AD_DA_tran.sdk/Uart_0/Debug/Uart_0.elf' is downloaded to processor 'ps7_cortexa9_0'.
19:12:49 INFO  : 'configparams force-mem-access 0' command is executed.
19:12:49 INFO  : ----------------XSDB Script----------------
connect -url tcp:127.0.0.1:3121
source F:/FPGA/work_space/AD_DA_tran/AD_DA_tran.sdk/FFT_OUT_hw_platform_0/ps7_init.tcl
targets -set -nocase -filter {name =~"APU*" && jtag_cable_name =~ "Digilent JTAG-SMT3 210357A7D00EA"} -index 0
loadhw -hw F:/FPGA/work_space/AD_DA_tran/AD_DA_tran.sdk/FFT_OUT_hw_platform_0/system.hdf -mem-ranges [list {0x40000000 0xbfffffff}]
configparams force-mem-access 1
targets -set -nocase -filter {name =~"APU*" && jtag_cable_name =~ "Digilent JTAG-SMT3 210357A7D00EA"} -index 0
stop
ps7_init
ps7_post_config
targets -set -nocase -filter {name =~ "ARM*#0" && jtag_cable_name =~ "Digilent JTAG-SMT3 210357A7D00EA"} -index 0
rst -processor
targets -set -nocase -filter {name =~ "ARM*#0" && jtag_cable_name =~ "Digilent JTAG-SMT3 210357A7D00EA"} -index 0
dow F:/FPGA/work_space/AD_DA_tran/AD_DA_tran.sdk/Uart_0/Debug/Uart_0.elf
configparams force-mem-access 0
----------------End of Script----------------

19:12:49 INFO  : Memory regions updated for context APU
19:12:49 INFO  : Context for processor 'ps7_cortexa9_0' is selected.
19:12:49 INFO  : 'con' command is executed.
19:12:49 INFO  : ----------------XSDB Script (After Launch)----------------
targets -set -nocase -filter {name =~ "ARM*#0" && jtag_cable_name =~ "Digilent JTAG-SMT3 210357A7D00EA"} -index 0
con
----------------End of Script----------------

19:12:49 INFO  : Launch script is exported to file 'F:\FPGA\work_space\AD_DA_tran\AD_DA_tran.sdk\.sdk\launch_scripts\xilinx_c-c++_application_(system_debugger)\system_debugger_using_debug_uart_0.elf_on_local.tcl'
20:12:00 INFO  : Disconnected from the channel tcfchan#18.
20:12:01 INFO  : 'targets -set -filter {jtag_cable_name =~ "Digilent JTAG-SMT3 210357A7D00EA" && level==0} -index 1' command is executed.
20:12:01 INFO  : 'fpga -state' command is executed.
20:12:01 INFO  : Connected to target on host '127.0.0.1' and port '3121'.
20:12:01 INFO  : Jtag cable 'Digilent JTAG-SMT3 210357A7D00EA' is selected.
20:12:01 INFO  : 'jtag frequency' command is executed.
20:12:01 INFO  : Sourcing of 'F:/FPGA/work_space/AD_DA_tran/AD_DA_tran.sdk/FFT_OUT_hw_platform_0/ps7_init.tcl' is done.
20:12:01 INFO  : Context for 'APU' is selected.
20:12:02 INFO  : Hardware design information is loaded from 'F:/FPGA/work_space/AD_DA_tran/AD_DA_tran.sdk/FFT_OUT_hw_platform_0/system.hdf'.
20:12:02 INFO  : 'configparams force-mem-access 1' command is executed.
20:12:02 INFO  : Context for 'APU' is selected.
20:12:02 INFO  : 'stop' command is executed.
20:12:02 INFO  : 'ps7_init' command is executed.
20:12:02 INFO  : 'ps7_post_config' command is executed.
20:12:02 INFO  : Context for processor 'ps7_cortexa9_0' is selected.
20:12:02 INFO  : Processor reset is completed for 'ps7_cortexa9_0'.
20:12:02 INFO  : Context for processor 'ps7_cortexa9_0' is selected.
20:12:03 INFO  : The application 'F:/FPGA/work_space/AD_DA_tran/AD_DA_tran.sdk/Uart_0/Debug/Uart_0.elf' is downloaded to processor 'ps7_cortexa9_0'.
20:12:03 INFO  : 'configparams force-mem-access 0' command is executed.
20:12:03 INFO  : ----------------XSDB Script----------------
connect -url tcp:127.0.0.1:3121
source F:/FPGA/work_space/AD_DA_tran/AD_DA_tran.sdk/FFT_OUT_hw_platform_0/ps7_init.tcl
targets -set -nocase -filter {name =~"APU*" && jtag_cable_name =~ "Digilent JTAG-SMT3 210357A7D00EA"} -index 0
loadhw -hw F:/FPGA/work_space/AD_DA_tran/AD_DA_tran.sdk/FFT_OUT_hw_platform_0/system.hdf -mem-ranges [list {0x40000000 0xbfffffff}]
configparams force-mem-access 1
targets -set -nocase -filter {name =~"APU*" && jtag_cable_name =~ "Digilent JTAG-SMT3 210357A7D00EA"} -index 0
stop
ps7_init
ps7_post_config
targets -set -nocase -filter {name =~ "ARM*#0" && jtag_cable_name =~ "Digilent JTAG-SMT3 210357A7D00EA"} -index 0
rst -processor
targets -set -nocase -filter {name =~ "ARM*#0" && jtag_cable_name =~ "Digilent JTAG-SMT3 210357A7D00EA"} -index 0
dow F:/FPGA/work_space/AD_DA_tran/AD_DA_tran.sdk/Uart_0/Debug/Uart_0.elf
configparams force-mem-access 0
----------------End of Script----------------

20:12:03 INFO  : Memory regions updated for context APU
20:12:03 INFO  : Context for processor 'ps7_cortexa9_0' is selected.
20:12:03 INFO  : 'con' command is executed.
20:12:03 INFO  : ----------------XSDB Script (After Launch)----------------
targets -set -nocase -filter {name =~ "ARM*#0" && jtag_cable_name =~ "Digilent JTAG-SMT3 210357A7D00EA"} -index 0
con
----------------End of Script----------------

20:12:03 INFO  : Launch script is exported to file 'F:\FPGA\work_space\AD_DA_tran\AD_DA_tran.sdk\.sdk\launch_scripts\xilinx_c-c++_application_(system_debugger)\system_debugger_using_debug_uart_0.elf_on_local.tcl'
20:47:15 INFO  : Disconnected from the channel tcfchan#19.
20:47:16 INFO  : 'targets -set -filter {jtag_cable_name =~ "Digilent JTAG-SMT3 210357A7D00EA" && level==0} -index 1' command is executed.
20:47:16 INFO  : 'fpga -state' command is executed.
20:47:16 INFO  : Connected to target on host '127.0.0.1' and port '3121'.
20:47:16 INFO  : Jtag cable 'Digilent JTAG-SMT3 210357A7D00EA' is selected.
20:47:16 INFO  : 'jtag frequency' command is executed.
20:47:16 INFO  : Sourcing of 'F:/FPGA/work_space/AD_DA_tran/AD_DA_tran.sdk/FFT_OUT_hw_platform_0/ps7_init.tcl' is done.
20:47:16 INFO  : Context for 'APU' is selected.
20:47:17 INFO  : Hardware design information is loaded from 'F:/FPGA/work_space/AD_DA_tran/AD_DA_tran.sdk/FFT_OUT_hw_platform_0/system.hdf'.
20:47:17 INFO  : 'configparams force-mem-access 1' command is executed.
20:47:17 INFO  : Context for 'APU' is selected.
20:47:17 INFO  : 'stop' command is executed.
20:47:17 INFO  : 'ps7_init' command is executed.
20:47:17 INFO  : 'ps7_post_config' command is executed.
20:47:17 INFO  : Context for processor 'ps7_cortexa9_0' is selected.
20:47:17 INFO  : Processor reset is completed for 'ps7_cortexa9_0'.
20:47:17 INFO  : Context for processor 'ps7_cortexa9_0' is selected.
20:47:17 INFO  : The application 'F:/FPGA/work_space/AD_DA_tran/AD_DA_tran.sdk/Uart_0/Debug/Uart_0.elf' is downloaded to processor 'ps7_cortexa9_0'.
20:47:17 INFO  : 'configparams force-mem-access 0' command is executed.
20:47:17 INFO  : ----------------XSDB Script----------------
connect -url tcp:127.0.0.1:3121
source F:/FPGA/work_space/AD_DA_tran/AD_DA_tran.sdk/FFT_OUT_hw_platform_0/ps7_init.tcl
targets -set -nocase -filter {name =~"APU*" && jtag_cable_name =~ "Digilent JTAG-SMT3 210357A7D00EA"} -index 0
loadhw -hw F:/FPGA/work_space/AD_DA_tran/AD_DA_tran.sdk/FFT_OUT_hw_platform_0/system.hdf -mem-ranges [list {0x40000000 0xbfffffff}]
configparams force-mem-access 1
targets -set -nocase -filter {name =~"APU*" && jtag_cable_name =~ "Digilent JTAG-SMT3 210357A7D00EA"} -index 0
stop
ps7_init
ps7_post_config
targets -set -nocase -filter {name =~ "ARM*#0" && jtag_cable_name =~ "Digilent JTAG-SMT3 210357A7D00EA"} -index 0
rst -processor
targets -set -nocase -filter {name =~ "ARM*#0" && jtag_cable_name =~ "Digilent JTAG-SMT3 210357A7D00EA"} -index 0
dow F:/FPGA/work_space/AD_DA_tran/AD_DA_tran.sdk/Uart_0/Debug/Uart_0.elf
configparams force-mem-access 0
----------------End of Script----------------

20:47:18 INFO  : Memory regions updated for context APU
20:47:18 INFO  : Context for processor 'ps7_cortexa9_0' is selected.
20:47:18 INFO  : 'con' command is executed.
20:47:18 INFO  : ----------------XSDB Script (After Launch)----------------
targets -set -nocase -filter {name =~ "ARM*#0" && jtag_cable_name =~ "Digilent JTAG-SMT3 210357A7D00EA"} -index 0
con
----------------End of Script----------------

20:47:18 INFO  : Launch script is exported to file 'F:\FPGA\work_space\AD_DA_tran\AD_DA_tran.sdk\.sdk\launch_scripts\xilinx_c-c++_application_(system_debugger)\system_debugger_using_debug_uart_0.elf_on_local.tcl'
21:25:36 INFO  : Disconnected from the channel tcfchan#20.
21:25:37 INFO  : 'targets -set -filter {jtag_cable_name =~ "Digilent JTAG-SMT3 210357A7D00EA" && level==0} -index 1' command is executed.
21:25:37 INFO  : 'fpga -state' command is executed.
21:25:37 INFO  : Connected to target on host '127.0.0.1' and port '3121'.
21:25:38 INFO  : Jtag cable 'Digilent JTAG-SMT3 210357A7D00EA' is selected.
21:25:38 INFO  : 'jtag frequency' command is executed.
21:25:38 INFO  : Sourcing of 'F:/FPGA/work_space/AD_DA_tran/AD_DA_tran.sdk/FFT_OUT_hw_platform_0/ps7_init.tcl' is done.
21:25:38 INFO  : Context for 'APU' is selected.
21:25:38 INFO  : Hardware design information is loaded from 'F:/FPGA/work_space/AD_DA_tran/AD_DA_tran.sdk/FFT_OUT_hw_platform_0/system.hdf'.
21:25:38 INFO  : 'configparams force-mem-access 1' command is executed.
21:25:38 INFO  : Context for 'APU' is selected.
21:25:38 INFO  : 'stop' command is executed.
21:25:39 INFO  : 'ps7_init' command is executed.
21:25:39 INFO  : 'ps7_post_config' command is executed.
21:25:39 INFO  : Context for processor 'ps7_cortexa9_0' is selected.
21:25:39 INFO  : Processor reset is completed for 'ps7_cortexa9_0'.
21:25:39 INFO  : Context for processor 'ps7_cortexa9_0' is selected.
21:25:39 INFO  : The application 'F:/FPGA/work_space/AD_DA_tran/AD_DA_tran.sdk/Uart_0/Debug/Uart_0.elf' is downloaded to processor 'ps7_cortexa9_0'.
21:25:39 INFO  : 'configparams force-mem-access 0' command is executed.
21:25:39 INFO  : ----------------XSDB Script----------------
connect -url tcp:127.0.0.1:3121
source F:/FPGA/work_space/AD_DA_tran/AD_DA_tran.sdk/FFT_OUT_hw_platform_0/ps7_init.tcl
targets -set -nocase -filter {name =~"APU*" && jtag_cable_name =~ "Digilent JTAG-SMT3 210357A7D00EA"} -index 0
loadhw -hw F:/FPGA/work_space/AD_DA_tran/AD_DA_tran.sdk/FFT_OUT_hw_platform_0/system.hdf -mem-ranges [list {0x40000000 0xbfffffff}]
configparams force-mem-access 1
targets -set -nocase -filter {name =~"APU*" && jtag_cable_name =~ "Digilent JTAG-SMT3 210357A7D00EA"} -index 0
stop
ps7_init
ps7_post_config
targets -set -nocase -filter {name =~ "ARM*#0" && jtag_cable_name =~ "Digilent JTAG-SMT3 210357A7D00EA"} -index 0
rst -processor
targets -set -nocase -filter {name =~ "ARM*#0" && jtag_cable_name =~ "Digilent JTAG-SMT3 210357A7D00EA"} -index 0
dow F:/FPGA/work_space/AD_DA_tran/AD_DA_tran.sdk/Uart_0/Debug/Uart_0.elf
configparams force-mem-access 0
----------------End of Script----------------

21:25:39 INFO  : Memory regions updated for context APU
21:25:39 INFO  : Context for processor 'ps7_cortexa9_0' is selected.
21:25:39 INFO  : 'con' command is executed.
21:25:39 INFO  : ----------------XSDB Script (After Launch)----------------
targets -set -nocase -filter {name =~ "ARM*#0" && jtag_cable_name =~ "Digilent JTAG-SMT3 210357A7D00EA"} -index 0
con
----------------End of Script----------------

21:25:39 INFO  : Launch script is exported to file 'F:\FPGA\work_space\AD_DA_tran\AD_DA_tran.sdk\.sdk\launch_scripts\xilinx_c-c++_application_(system_debugger)\system_debugger_using_debug_uart_0.elf_on_local.tcl'
21:27:11 INFO  : Disconnected from the channel tcfchan#21.
21:27:12 INFO  : 'targets -set -filter {jtag_cable_name =~ "Digilent JTAG-SMT3 210357A7D00EA" && level==0} -index 1' command is executed.
21:27:13 INFO  : 'fpga -state' command is executed.
21:27:13 INFO  : Connected to target on host '127.0.0.1' and port '3121'.
21:27:13 INFO  : Jtag cable 'Digilent JTAG-SMT3 210357A7D00EA' is selected.
21:27:13 INFO  : 'jtag frequency' command is executed.
21:27:13 INFO  : Sourcing of 'F:/FPGA/work_space/AD_DA_tran/AD_DA_tran.sdk/FFT_OUT_hw_platform_0/ps7_init.tcl' is done.
21:27:13 INFO  : Context for 'APU' is selected.
21:27:13 INFO  : Hardware design information is loaded from 'F:/FPGA/work_space/AD_DA_tran/AD_DA_tran.sdk/FFT_OUT_hw_platform_0/system.hdf'.
21:27:13 INFO  : 'configparams force-mem-access 1' command is executed.
21:27:13 INFO  : Context for 'APU' is selected.
21:27:13 INFO  : 'stop' command is executed.
21:27:14 INFO  : 'ps7_init' command is executed.
21:27:14 INFO  : 'ps7_post_config' command is executed.
21:27:14 INFO  : Context for processor 'ps7_cortexa9_0' is selected.
21:27:14 INFO  : Processor reset is completed for 'ps7_cortexa9_0'.
21:27:14 INFO  : Context for processor 'ps7_cortexa9_0' is selected.
21:27:14 INFO  : The application 'F:/FPGA/work_space/AD_DA_tran/AD_DA_tran.sdk/Uart_0/Debug/Uart_0.elf' is downloaded to processor 'ps7_cortexa9_0'.
21:27:14 INFO  : 'configparams force-mem-access 0' command is executed.
21:27:14 INFO  : ----------------XSDB Script----------------
connect -url tcp:127.0.0.1:3121
source F:/FPGA/work_space/AD_DA_tran/AD_DA_tran.sdk/FFT_OUT_hw_platform_0/ps7_init.tcl
targets -set -nocase -filter {name =~"APU*" && jtag_cable_name =~ "Digilent JTAG-SMT3 210357A7D00EA"} -index 0
loadhw -hw F:/FPGA/work_space/AD_DA_tran/AD_DA_tran.sdk/FFT_OUT_hw_platform_0/system.hdf -mem-ranges [list {0x40000000 0xbfffffff}]
configparams force-mem-access 1
targets -set -nocase -filter {name =~"APU*" && jtag_cable_name =~ "Digilent JTAG-SMT3 210357A7D00EA"} -index 0
stop
ps7_init
ps7_post_config
targets -set -nocase -filter {name =~ "ARM*#0" && jtag_cable_name =~ "Digilent JTAG-SMT3 210357A7D00EA"} -index 0
rst -processor
targets -set -nocase -filter {name =~ "ARM*#0" && jtag_cable_name =~ "Digilent JTAG-SMT3 210357A7D00EA"} -index 0
dow F:/FPGA/work_space/AD_DA_tran/AD_DA_tran.sdk/Uart_0/Debug/Uart_0.elf
configparams force-mem-access 0
----------------End of Script----------------

21:27:14 INFO  : Memory regions updated for context APU
21:27:14 INFO  : Context for processor 'ps7_cortexa9_0' is selected.
21:27:14 INFO  : 'con' command is executed.
21:27:14 INFO  : ----------------XSDB Script (After Launch)----------------
targets -set -nocase -filter {name =~ "ARM*#0" && jtag_cable_name =~ "Digilent JTAG-SMT3 210357A7D00EA"} -index 0
con
----------------End of Script----------------

21:27:14 INFO  : Launch script is exported to file 'F:\FPGA\work_space\AD_DA_tran\AD_DA_tran.sdk\.sdk\launch_scripts\xilinx_c-c++_application_(system_debugger)\system_debugger_using_debug_uart_0.elf_on_local.tcl'
21:30:51 INFO  : Disconnected from the channel tcfchan#22.
21:30:52 INFO  : 'targets -set -filter {jtag_cable_name =~ "Digilent JTAG-SMT3 210357A7D00EA" && level==0} -index 1' command is executed.
21:30:52 INFO  : 'fpga -state' command is executed.
21:30:52 INFO  : Connected to target on host '127.0.0.1' and port '3121'.
21:30:52 INFO  : Jtag cable 'Digilent JTAG-SMT3 210357A7D00EA' is selected.
21:30:52 INFO  : 'jtag frequency' command is executed.
21:30:52 INFO  : Sourcing of 'F:/FPGA/work_space/AD_DA_tran/AD_DA_tran.sdk/FFT_OUT_hw_platform_0/ps7_init.tcl' is done.
21:30:52 INFO  : Context for 'APU' is selected.
21:30:53 INFO  : Hardware design information is loaded from 'F:/FPGA/work_space/AD_DA_tran/AD_DA_tran.sdk/FFT_OUT_hw_platform_0/system.hdf'.
21:30:53 INFO  : 'configparams force-mem-access 1' command is executed.
21:30:53 INFO  : Context for 'APU' is selected.
21:30:53 INFO  : 'stop' command is executed.
21:30:53 INFO  : 'ps7_init' command is executed.
21:30:53 INFO  : 'ps7_post_config' command is executed.
21:30:53 INFO  : Context for processor 'ps7_cortexa9_0' is selected.
21:30:53 INFO  : Processor reset is completed for 'ps7_cortexa9_0'.
21:30:53 INFO  : Context for processor 'ps7_cortexa9_0' is selected.
21:30:53 INFO  : The application 'F:/FPGA/work_space/AD_DA_tran/AD_DA_tran.sdk/Uart_0/Debug/Uart_0.elf' is downloaded to processor 'ps7_cortexa9_0'.
21:30:53 INFO  : 'configparams force-mem-access 0' command is executed.
21:30:53 INFO  : ----------------XSDB Script----------------
connect -url tcp:127.0.0.1:3121
source F:/FPGA/work_space/AD_DA_tran/AD_DA_tran.sdk/FFT_OUT_hw_platform_0/ps7_init.tcl
targets -set -nocase -filter {name =~"APU*" && jtag_cable_name =~ "Digilent JTAG-SMT3 210357A7D00EA"} -index 0
loadhw -hw F:/FPGA/work_space/AD_DA_tran/AD_DA_tran.sdk/FFT_OUT_hw_platform_0/system.hdf -mem-ranges [list {0x40000000 0xbfffffff}]
configparams force-mem-access 1
targets -set -nocase -filter {name =~"APU*" && jtag_cable_name =~ "Digilent JTAG-SMT3 210357A7D00EA"} -index 0
stop
ps7_init
ps7_post_config
targets -set -nocase -filter {name =~ "ARM*#0" && jtag_cable_name =~ "Digilent JTAG-SMT3 210357A7D00EA"} -index 0
rst -processor
targets -set -nocase -filter {name =~ "ARM*#0" && jtag_cable_name =~ "Digilent JTAG-SMT3 210357A7D00EA"} -index 0
dow F:/FPGA/work_space/AD_DA_tran/AD_DA_tran.sdk/Uart_0/Debug/Uart_0.elf
configparams force-mem-access 0
----------------End of Script----------------

21:30:53 INFO  : Memory regions updated for context APU
21:30:53 INFO  : Context for processor 'ps7_cortexa9_0' is selected.
21:30:53 INFO  : 'con' command is executed.
21:30:53 INFO  : ----------------XSDB Script (After Launch)----------------
targets -set -nocase -filter {name =~ "ARM*#0" && jtag_cable_name =~ "Digilent JTAG-SMT3 210357A7D00EA"} -index 0
con
----------------End of Script----------------

21:30:53 INFO  : Launch script is exported to file 'F:\FPGA\work_space\AD_DA_tran\AD_DA_tran.sdk\.sdk\launch_scripts\xilinx_c-c++_application_(system_debugger)\system_debugger_using_debug_uart_0.elf_on_local.tcl'
21:48:49 INFO  : Disconnected from the channel tcfchan#23.
21:48:50 INFO  : 'targets -set -filter {jtag_cable_name =~ "Digilent JTAG-SMT3 210357A7D00EA" && level==0} -index 1' command is executed.
21:48:50 INFO  : 'fpga -state' command is executed.
21:48:50 INFO  : Connected to target on host '127.0.0.1' and port '3121'.
21:48:50 INFO  : Jtag cable 'Digilent JTAG-SMT3 210357A7D00EA' is selected.
21:48:50 INFO  : 'jtag frequency' command is executed.
21:48:50 INFO  : Sourcing of 'F:/FPGA/work_space/AD_DA_tran/AD_DA_tran.sdk/FFT_OUT_hw_platform_0/ps7_init.tcl' is done.
21:48:50 INFO  : Context for 'APU' is selected.
21:48:51 INFO  : Hardware design information is loaded from 'F:/FPGA/work_space/AD_DA_tran/AD_DA_tran.sdk/FFT_OUT_hw_platform_0/system.hdf'.
21:48:51 INFO  : 'configparams force-mem-access 1' command is executed.
21:48:51 INFO  : Context for 'APU' is selected.
21:48:51 INFO  : 'stop' command is executed.
21:48:52 INFO  : 'ps7_init' command is executed.
21:48:52 INFO  : 'ps7_post_config' command is executed.
21:48:52 INFO  : Context for processor 'ps7_cortexa9_0' is selected.
21:48:52 INFO  : Processor reset is completed for 'ps7_cortexa9_0'.
21:48:52 INFO  : Context for processor 'ps7_cortexa9_0' is selected.
21:48:52 INFO  : The application 'F:/FPGA/work_space/AD_DA_tran/AD_DA_tran.sdk/Uart_0/Debug/Uart_0.elf' is downloaded to processor 'ps7_cortexa9_0'.
21:48:52 INFO  : 'configparams force-mem-access 0' command is executed.
21:48:52 INFO  : ----------------XSDB Script----------------
connect -url tcp:127.0.0.1:3121
source F:/FPGA/work_space/AD_DA_tran/AD_DA_tran.sdk/FFT_OUT_hw_platform_0/ps7_init.tcl
targets -set -nocase -filter {name =~"APU*" && jtag_cable_name =~ "Digilent JTAG-SMT3 210357A7D00EA"} -index 0
loadhw -hw F:/FPGA/work_space/AD_DA_tran/AD_DA_tran.sdk/FFT_OUT_hw_platform_0/system.hdf -mem-ranges [list {0x40000000 0xbfffffff}]
configparams force-mem-access 1
targets -set -nocase -filter {name =~"APU*" && jtag_cable_name =~ "Digilent JTAG-SMT3 210357A7D00EA"} -index 0
stop
ps7_init
ps7_post_config
targets -set -nocase -filter {name =~ "ARM*#0" && jtag_cable_name =~ "Digilent JTAG-SMT3 210357A7D00EA"} -index 0
rst -processor
targets -set -nocase -filter {name =~ "ARM*#0" && jtag_cable_name =~ "Digilent JTAG-SMT3 210357A7D00EA"} -index 0
dow F:/FPGA/work_space/AD_DA_tran/AD_DA_tran.sdk/Uart_0/Debug/Uart_0.elf
configparams force-mem-access 0
----------------End of Script----------------

21:48:52 INFO  : Memory regions updated for context APU
21:48:52 INFO  : Context for processor 'ps7_cortexa9_0' is selected.
21:48:52 INFO  : 'con' command is executed.
21:48:52 INFO  : ----------------XSDB Script (After Launch)----------------
targets -set -nocase -filter {name =~ "ARM*#0" && jtag_cable_name =~ "Digilent JTAG-SMT3 210357A7D00EA"} -index 0
con
----------------End of Script----------------

21:48:52 INFO  : Launch script is exported to file 'F:\FPGA\work_space\AD_DA_tran\AD_DA_tran.sdk\.sdk\launch_scripts\xilinx_c-c++_application_(system_debugger)\system_debugger_using_debug_uart_0.elf_on_local.tcl'
22:13:17 INFO  : Disconnected from the channel tcfchan#24.
22:13:18 INFO  : 'targets -set -filter {jtag_cable_name =~ "Digilent JTAG-SMT3 210357A7D00EA" && level==0} -index 1' command is executed.
22:13:18 INFO  : 'fpga -state' command is executed.
22:13:18 INFO  : Connected to target on host '127.0.0.1' and port '3121'.
22:13:18 INFO  : Jtag cable 'Digilent JTAG-SMT3 210357A7D00EA' is selected.
22:13:18 INFO  : 'jtag frequency' command is executed.
22:13:18 INFO  : Sourcing of 'F:/FPGA/work_space/AD_DA_tran/AD_DA_tran.sdk/FFT_OUT_hw_platform_0/ps7_init.tcl' is done.
22:13:18 INFO  : Context for 'APU' is selected.
22:13:19 INFO  : Hardware design information is loaded from 'F:/FPGA/work_space/AD_DA_tran/AD_DA_tran.sdk/FFT_OUT_hw_platform_0/system.hdf'.
22:13:19 INFO  : 'configparams force-mem-access 1' command is executed.
22:13:19 INFO  : Context for 'APU' is selected.
22:13:19 INFO  : 'stop' command is executed.
22:13:19 INFO  : 'ps7_init' command is executed.
22:13:19 INFO  : 'ps7_post_config' command is executed.
22:13:19 INFO  : Context for processor 'ps7_cortexa9_0' is selected.
22:13:19 INFO  : Processor reset is completed for 'ps7_cortexa9_0'.
22:13:19 INFO  : Context for processor 'ps7_cortexa9_0' is selected.
22:13:20 INFO  : The application 'F:/FPGA/work_space/AD_DA_tran/AD_DA_tran.sdk/Uart_0/Debug/Uart_0.elf' is downloaded to processor 'ps7_cortexa9_0'.
22:13:20 INFO  : 'configparams force-mem-access 0' command is executed.
22:13:20 INFO  : ----------------XSDB Script----------------
connect -url tcp:127.0.0.1:3121
source F:/FPGA/work_space/AD_DA_tran/AD_DA_tran.sdk/FFT_OUT_hw_platform_0/ps7_init.tcl
targets -set -nocase -filter {name =~"APU*" && jtag_cable_name =~ "Digilent JTAG-SMT3 210357A7D00EA"} -index 0
loadhw -hw F:/FPGA/work_space/AD_DA_tran/AD_DA_tran.sdk/FFT_OUT_hw_platform_0/system.hdf -mem-ranges [list {0x40000000 0xbfffffff}]
configparams force-mem-access 1
targets -set -nocase -filter {name =~"APU*" && jtag_cable_name =~ "Digilent JTAG-SMT3 210357A7D00EA"} -index 0
stop
ps7_init
ps7_post_config
targets -set -nocase -filter {name =~ "ARM*#0" && jtag_cable_name =~ "Digilent JTAG-SMT3 210357A7D00EA"} -index 0
rst -processor
targets -set -nocase -filter {name =~ "ARM*#0" && jtag_cable_name =~ "Digilent JTAG-SMT3 210357A7D00EA"} -index 0
dow F:/FPGA/work_space/AD_DA_tran/AD_DA_tran.sdk/Uart_0/Debug/Uart_0.elf
configparams force-mem-access 0
----------------End of Script----------------

22:13:20 INFO  : Memory regions updated for context APU
22:13:20 INFO  : Context for processor 'ps7_cortexa9_0' is selected.
22:13:20 INFO  : 'con' command is executed.
22:13:20 INFO  : ----------------XSDB Script (After Launch)----------------
targets -set -nocase -filter {name =~ "ARM*#0" && jtag_cable_name =~ "Digilent JTAG-SMT3 210357A7D00EA"} -index 0
con
----------------End of Script----------------

22:13:20 INFO  : Launch script is exported to file 'F:\FPGA\work_space\AD_DA_tran\AD_DA_tran.sdk\.sdk\launch_scripts\xilinx_c-c++_application_(system_debugger)\system_debugger_using_debug_uart_0.elf_on_local.tcl'
22:15:59 INFO  : Disconnected from the channel tcfchan#25.
22:16:00 INFO  : 'targets -set -filter {jtag_cable_name =~ "Digilent JTAG-SMT3 210357A7D00EA" && level==0} -index 1' command is executed.
22:16:00 INFO  : 'fpga -state' command is executed.
22:16:00 INFO  : Connected to target on host '127.0.0.1' and port '3121'.
22:16:01 INFO  : Jtag cable 'Digilent JTAG-SMT3 210357A7D00EA' is selected.
22:16:01 INFO  : 'jtag frequency' command is executed.
22:16:01 INFO  : Sourcing of 'F:/FPGA/work_space/AD_DA_tran/AD_DA_tran.sdk/FFT_OUT_hw_platform_0/ps7_init.tcl' is done.
22:16:01 INFO  : Context for 'APU' is selected.
22:16:01 INFO  : Hardware design information is loaded from 'F:/FPGA/work_space/AD_DA_tran/AD_DA_tran.sdk/FFT_OUT_hw_platform_0/system.hdf'.
22:16:01 INFO  : 'configparams force-mem-access 1' command is executed.
22:16:01 INFO  : Context for 'APU' is selected.
22:16:01 INFO  : 'stop' command is executed.
22:16:02 INFO  : 'ps7_init' command is executed.
22:16:02 INFO  : 'ps7_post_config' command is executed.
22:16:02 INFO  : Context for processor 'ps7_cortexa9_0' is selected.
22:16:02 INFO  : Processor reset is completed for 'ps7_cortexa9_0'.
22:16:02 INFO  : Context for processor 'ps7_cortexa9_0' is selected.
22:16:02 INFO  : The application 'F:/FPGA/work_space/AD_DA_tran/AD_DA_tran.sdk/Uart_0/Debug/Uart_0.elf' is downloaded to processor 'ps7_cortexa9_0'.
22:16:02 INFO  : 'configparams force-mem-access 0' command is executed.
22:16:02 INFO  : ----------------XSDB Script----------------
connect -url tcp:127.0.0.1:3121
source F:/FPGA/work_space/AD_DA_tran/AD_DA_tran.sdk/FFT_OUT_hw_platform_0/ps7_init.tcl
targets -set -nocase -filter {name =~"APU*" && jtag_cable_name =~ "Digilent JTAG-SMT3 210357A7D00EA"} -index 0
loadhw -hw F:/FPGA/work_space/AD_DA_tran/AD_DA_tran.sdk/FFT_OUT_hw_platform_0/system.hdf -mem-ranges [list {0x40000000 0xbfffffff}]
configparams force-mem-access 1
targets -set -nocase -filter {name =~"APU*" && jtag_cable_name =~ "Digilent JTAG-SMT3 210357A7D00EA"} -index 0
stop
ps7_init
ps7_post_config
targets -set -nocase -filter {name =~ "ARM*#0" && jtag_cable_name =~ "Digilent JTAG-SMT3 210357A7D00EA"} -index 0
rst -processor
targets -set -nocase -filter {name =~ "ARM*#0" && jtag_cable_name =~ "Digilent JTAG-SMT3 210357A7D00EA"} -index 0
dow F:/FPGA/work_space/AD_DA_tran/AD_DA_tran.sdk/Uart_0/Debug/Uart_0.elf
configparams force-mem-access 0
----------------End of Script----------------

22:16:02 INFO  : Memory regions updated for context APU
22:16:02 INFO  : Context for processor 'ps7_cortexa9_0' is selected.
22:16:02 INFO  : 'con' command is executed.
22:16:02 INFO  : ----------------XSDB Script (After Launch)----------------
targets -set -nocase -filter {name =~ "ARM*#0" && jtag_cable_name =~ "Digilent JTAG-SMT3 210357A7D00EA"} -index 0
con
----------------End of Script----------------

22:16:02 INFO  : Launch script is exported to file 'F:\FPGA\work_space\AD_DA_tran\AD_DA_tran.sdk\.sdk\launch_scripts\xilinx_c-c++_application_(system_debugger)\system_debugger_using_debug_uart_0.elf_on_local.tcl'
22:16:12 INFO  : Disconnected from the channel tcfchan#26.
22:16:13 INFO  : 'targets -set -filter {jtag_cable_name =~ "Digilent JTAG-SMT3 210357A7D00EA" && level==0} -index 1' command is executed.
22:16:13 INFO  : 'fpga -state' command is executed.
22:16:13 INFO  : Connected to target on host '127.0.0.1' and port '3121'.
22:16:13 INFO  : Jtag cable 'Digilent JTAG-SMT3 210357A7D00EA' is selected.
22:16:13 INFO  : 'jtag frequency' command is executed.
22:16:13 INFO  : Sourcing of 'F:/FPGA/work_space/AD_DA_tran/AD_DA_tran.sdk/FFT_OUT_hw_platform_0/ps7_init.tcl' is done.
22:16:13 INFO  : Context for 'APU' is selected.
22:16:13 INFO  : Hardware design information is loaded from 'F:/FPGA/work_space/AD_DA_tran/AD_DA_tran.sdk/FFT_OUT_hw_platform_0/system.hdf'.
22:16:13 INFO  : 'configparams force-mem-access 1' command is executed.
22:16:13 INFO  : Context for 'APU' is selected.
22:16:13 INFO  : 'stop' command is executed.
22:16:14 INFO  : 'ps7_init' command is executed.
22:16:14 INFO  : 'ps7_post_config' command is executed.
22:16:14 INFO  : Context for processor 'ps7_cortexa9_0' is selected.
22:16:14 INFO  : Processor reset is completed for 'ps7_cortexa9_0'.
22:16:14 INFO  : Context for processor 'ps7_cortexa9_0' is selected.
22:16:14 INFO  : The application 'F:/FPGA/work_space/AD_DA_tran/AD_DA_tran.sdk/Uart_0/Debug/Uart_0.elf' is downloaded to processor 'ps7_cortexa9_0'.
22:16:14 INFO  : 'configparams force-mem-access 0' command is executed.
22:16:14 INFO  : ----------------XSDB Script----------------
connect -url tcp:127.0.0.1:3121
source F:/FPGA/work_space/AD_DA_tran/AD_DA_tran.sdk/FFT_OUT_hw_platform_0/ps7_init.tcl
targets -set -nocase -filter {name =~"APU*" && jtag_cable_name =~ "Digilent JTAG-SMT3 210357A7D00EA"} -index 0
loadhw -hw F:/FPGA/work_space/AD_DA_tran/AD_DA_tran.sdk/FFT_OUT_hw_platform_0/system.hdf -mem-ranges [list {0x40000000 0xbfffffff}]
configparams force-mem-access 1
targets -set -nocase -filter {name =~"APU*" && jtag_cable_name =~ "Digilent JTAG-SMT3 210357A7D00EA"} -index 0
stop
ps7_init
ps7_post_config
targets -set -nocase -filter {name =~ "ARM*#0" && jtag_cable_name =~ "Digilent JTAG-SMT3 210357A7D00EA"} -index 0
rst -processor
targets -set -nocase -filter {name =~ "ARM*#0" && jtag_cable_name =~ "Digilent JTAG-SMT3 210357A7D00EA"} -index 0
dow F:/FPGA/work_space/AD_DA_tran/AD_DA_tran.sdk/Uart_0/Debug/Uart_0.elf
configparams force-mem-access 0
----------------End of Script----------------

22:16:14 INFO  : Memory regions updated for context APU
22:16:14 INFO  : Context for processor 'ps7_cortexa9_0' is selected.
22:16:14 INFO  : 'con' command is executed.
22:16:14 INFO  : ----------------XSDB Script (After Launch)----------------
targets -set -nocase -filter {name =~ "ARM*#0" && jtag_cable_name =~ "Digilent JTAG-SMT3 210357A7D00EA"} -index 0
con
----------------End of Script----------------

22:16:14 INFO  : Launch script is exported to file 'F:\FPGA\work_space\AD_DA_tran\AD_DA_tran.sdk\.sdk\launch_scripts\xilinx_c-c++_application_(system_debugger)\system_debugger_using_debug_uart_0.elf_on_local.tcl'
22:32:07 INFO  : Disconnected from the channel tcfchan#27.
22:32:08 INFO  : 'targets -set -filter {jtag_cable_name =~ "Digilent JTAG-SMT3 210357A7D00EA" && level==0} -index 1' command is executed.
22:32:08 INFO  : 'fpga -state' command is executed.
22:32:08 INFO  : Connected to target on host '127.0.0.1' and port '3121'.
22:32:08 INFO  : Jtag cable 'Digilent JTAG-SMT3 210357A7D00EA' is selected.
22:32:08 INFO  : 'jtag frequency' command is executed.
22:32:08 INFO  : Sourcing of 'F:/FPGA/work_space/AD_DA_tran/AD_DA_tran.sdk/FFT_OUT_hw_platform_0/ps7_init.tcl' is done.
22:32:08 INFO  : Context for 'APU' is selected.
22:32:09 INFO  : Hardware design information is loaded from 'F:/FPGA/work_space/AD_DA_tran/AD_DA_tran.sdk/FFT_OUT_hw_platform_0/system.hdf'.
22:32:09 INFO  : 'configparams force-mem-access 1' command is executed.
22:32:09 INFO  : Context for 'APU' is selected.
22:32:09 INFO  : 'stop' command is executed.
22:32:09 INFO  : 'ps7_init' command is executed.
22:32:09 INFO  : 'ps7_post_config' command is executed.
22:32:09 INFO  : Context for processor 'ps7_cortexa9_0' is selected.
22:32:09 INFO  : Processor reset is completed for 'ps7_cortexa9_0'.
22:32:09 INFO  : Context for processor 'ps7_cortexa9_0' is selected.
22:32:09 INFO  : The application 'F:/FPGA/work_space/AD_DA_tran/AD_DA_tran.sdk/Uart_0/Debug/Uart_0.elf' is downloaded to processor 'ps7_cortexa9_0'.
22:32:09 INFO  : 'configparams force-mem-access 0' command is executed.
22:32:09 INFO  : ----------------XSDB Script----------------
connect -url tcp:127.0.0.1:3121
source F:/FPGA/work_space/AD_DA_tran/AD_DA_tran.sdk/FFT_OUT_hw_platform_0/ps7_init.tcl
targets -set -nocase -filter {name =~"APU*" && jtag_cable_name =~ "Digilent JTAG-SMT3 210357A7D00EA"} -index 0
loadhw -hw F:/FPGA/work_space/AD_DA_tran/AD_DA_tran.sdk/FFT_OUT_hw_platform_0/system.hdf -mem-ranges [list {0x40000000 0xbfffffff}]
configparams force-mem-access 1
targets -set -nocase -filter {name =~"APU*" && jtag_cable_name =~ "Digilent JTAG-SMT3 210357A7D00EA"} -index 0
stop
ps7_init
ps7_post_config
targets -set -nocase -filter {name =~ "ARM*#0" && jtag_cable_name =~ "Digilent JTAG-SMT3 210357A7D00EA"} -index 0
rst -processor
targets -set -nocase -filter {name =~ "ARM*#0" && jtag_cable_name =~ "Digilent JTAG-SMT3 210357A7D00EA"} -index 0
dow F:/FPGA/work_space/AD_DA_tran/AD_DA_tran.sdk/Uart_0/Debug/Uart_0.elf
configparams force-mem-access 0
----------------End of Script----------------

22:32:09 INFO  : Memory regions updated for context APU
22:32:09 INFO  : Context for processor 'ps7_cortexa9_0' is selected.
22:32:09 INFO  : 'con' command is executed.
22:32:09 INFO  : ----------------XSDB Script (After Launch)----------------
targets -set -nocase -filter {name =~ "ARM*#0" && jtag_cable_name =~ "Digilent JTAG-SMT3 210357A7D00EA"} -index 0
con
----------------End of Script----------------

22:32:09 INFO  : Launch script is exported to file 'F:\FPGA\work_space\AD_DA_tran\AD_DA_tran.sdk\.sdk\launch_scripts\xilinx_c-c++_application_(system_debugger)\system_debugger_using_debug_uart_0.elf_on_local.tcl'
22:33:04 INFO  : Disconnected from the channel tcfchan#28.
22:33:05 INFO  : 'targets -set -filter {jtag_cable_name =~ "Digilent JTAG-SMT3 210357A7D00EA" && level==0} -index 1' command is executed.
22:33:05 INFO  : 'fpga -state' command is executed.
22:33:05 INFO  : Connected to target on host '127.0.0.1' and port '3121'.
22:33:05 INFO  : Jtag cable 'Digilent JTAG-SMT3 210357A7D00EA' is selected.
22:33:05 INFO  : 'jtag frequency' command is executed.
22:33:05 INFO  : Sourcing of 'F:/FPGA/work_space/AD_DA_tran/AD_DA_tran.sdk/FFT_OUT_hw_platform_0/ps7_init.tcl' is done.
22:33:05 INFO  : Context for 'APU' is selected.
22:33:06 INFO  : Hardware design information is loaded from 'F:/FPGA/work_space/AD_DA_tran/AD_DA_tran.sdk/FFT_OUT_hw_platform_0/system.hdf'.
22:33:06 INFO  : 'configparams force-mem-access 1' command is executed.
22:33:06 INFO  : Context for 'APU' is selected.
22:33:06 INFO  : 'stop' command is executed.
22:33:06 INFO  : 'ps7_init' command is executed.
22:33:06 INFO  : 'ps7_post_config' command is executed.
22:33:06 INFO  : Context for processor 'ps7_cortexa9_0' is selected.
22:33:06 INFO  : Processor reset is completed for 'ps7_cortexa9_0'.
22:33:06 INFO  : Context for processor 'ps7_cortexa9_0' is selected.
22:33:06 INFO  : The application 'F:/FPGA/work_space/AD_DA_tran/AD_DA_tran.sdk/Uart_0/Debug/Uart_0.elf' is downloaded to processor 'ps7_cortexa9_0'.
22:33:06 INFO  : 'configparams force-mem-access 0' command is executed.
22:33:06 INFO  : ----------------XSDB Script----------------
connect -url tcp:127.0.0.1:3121
source F:/FPGA/work_space/AD_DA_tran/AD_DA_tran.sdk/FFT_OUT_hw_platform_0/ps7_init.tcl
targets -set -nocase -filter {name =~"APU*" && jtag_cable_name =~ "Digilent JTAG-SMT3 210357A7D00EA"} -index 0
loadhw -hw F:/FPGA/work_space/AD_DA_tran/AD_DA_tran.sdk/FFT_OUT_hw_platform_0/system.hdf -mem-ranges [list {0x40000000 0xbfffffff}]
configparams force-mem-access 1
targets -set -nocase -filter {name =~"APU*" && jtag_cable_name =~ "Digilent JTAG-SMT3 210357A7D00EA"} -index 0
stop
ps7_init
ps7_post_config
targets -set -nocase -filter {name =~ "ARM*#0" && jtag_cable_name =~ "Digilent JTAG-SMT3 210357A7D00EA"} -index 0
rst -processor
targets -set -nocase -filter {name =~ "ARM*#0" && jtag_cable_name =~ "Digilent JTAG-SMT3 210357A7D00EA"} -index 0
dow F:/FPGA/work_space/AD_DA_tran/AD_DA_tran.sdk/Uart_0/Debug/Uart_0.elf
configparams force-mem-access 0
----------------End of Script----------------

22:33:06 INFO  : Memory regions updated for context APU
22:33:06 INFO  : Context for processor 'ps7_cortexa9_0' is selected.
22:33:06 INFO  : 'con' command is executed.
22:33:06 INFO  : ----------------XSDB Script (After Launch)----------------
targets -set -nocase -filter {name =~ "ARM*#0" && jtag_cable_name =~ "Digilent JTAG-SMT3 210357A7D00EA"} -index 0
con
----------------End of Script----------------

22:33:06 INFO  : Launch script is exported to file 'F:\FPGA\work_space\AD_DA_tran\AD_DA_tran.sdk\.sdk\launch_scripts\xilinx_c-c++_application_(system_debugger)\system_debugger_using_debug_uart_0.elf_on_local.tcl'
22:33:52 INFO  : Disconnected from the channel tcfchan#29.
22:33:53 INFO  : 'targets -set -filter {jtag_cable_name =~ "Digilent JTAG-SMT3 210357A7D00EA" && level==0} -index 1' command is executed.
22:33:53 INFO  : 'fpga -state' command is executed.
22:33:53 INFO  : Connected to target on host '127.0.0.1' and port '3121'.
22:33:53 INFO  : Jtag cable 'Digilent JTAG-SMT3 210357A7D00EA' is selected.
22:33:53 INFO  : 'jtag frequency' command is executed.
22:33:53 INFO  : Sourcing of 'F:/FPGA/work_space/AD_DA_tran/AD_DA_tran.sdk/FFT_OUT_hw_platform_0/ps7_init.tcl' is done.
22:33:53 INFO  : Context for 'APU' is selected.
22:33:54 INFO  : Hardware design information is loaded from 'F:/FPGA/work_space/AD_DA_tran/AD_DA_tran.sdk/FFT_OUT_hw_platform_0/system.hdf'.
22:33:54 INFO  : 'configparams force-mem-access 1' command is executed.
22:33:54 INFO  : Context for 'APU' is selected.
22:33:54 INFO  : 'stop' command is executed.
22:33:54 INFO  : 'ps7_init' command is executed.
22:33:54 INFO  : 'ps7_post_config' command is executed.
22:33:54 INFO  : Context for processor 'ps7_cortexa9_0' is selected.
22:33:54 INFO  : Processor reset is completed for 'ps7_cortexa9_0'.
22:33:54 INFO  : Context for processor 'ps7_cortexa9_0' is selected.
22:33:54 INFO  : The application 'F:/FPGA/work_space/AD_DA_tran/AD_DA_tran.sdk/Uart_0/Debug/Uart_0.elf' is downloaded to processor 'ps7_cortexa9_0'.
22:33:54 INFO  : 'configparams force-mem-access 0' command is executed.
22:33:54 INFO  : ----------------XSDB Script----------------
connect -url tcp:127.0.0.1:3121
source F:/FPGA/work_space/AD_DA_tran/AD_DA_tran.sdk/FFT_OUT_hw_platform_0/ps7_init.tcl
targets -set -nocase -filter {name =~"APU*" && jtag_cable_name =~ "Digilent JTAG-SMT3 210357A7D00EA"} -index 0
loadhw -hw F:/FPGA/work_space/AD_DA_tran/AD_DA_tran.sdk/FFT_OUT_hw_platform_0/system.hdf -mem-ranges [list {0x40000000 0xbfffffff}]
configparams force-mem-access 1
targets -set -nocase -filter {name =~"APU*" && jtag_cable_name =~ "Digilent JTAG-SMT3 210357A7D00EA"} -index 0
stop
ps7_init
ps7_post_config
targets -set -nocase -filter {name =~ "ARM*#0" && jtag_cable_name =~ "Digilent JTAG-SMT3 210357A7D00EA"} -index 0
rst -processor
targets -set -nocase -filter {name =~ "ARM*#0" && jtag_cable_name =~ "Digilent JTAG-SMT3 210357A7D00EA"} -index 0
dow F:/FPGA/work_space/AD_DA_tran/AD_DA_tran.sdk/Uart_0/Debug/Uart_0.elf
configparams force-mem-access 0
----------------End of Script----------------

22:33:54 INFO  : Memory regions updated for context APU
22:33:54 INFO  : Context for processor 'ps7_cortexa9_0' is selected.
22:33:54 INFO  : 'con' command is executed.
22:33:54 INFO  : ----------------XSDB Script (After Launch)----------------
targets -set -nocase -filter {name =~ "ARM*#0" && jtag_cable_name =~ "Digilent JTAG-SMT3 210357A7D00EA"} -index 0
con
----------------End of Script----------------

22:33:54 INFO  : Launch script is exported to file 'F:\FPGA\work_space\AD_DA_tran\AD_DA_tran.sdk\.sdk\launch_scripts\xilinx_c-c++_application_(system_debugger)\system_debugger_using_debug_uart_0.elf_on_local.tcl'
22:34:13 INFO  : Disconnected from the channel tcfchan#30.
22:34:14 INFO  : 'targets -set -filter {jtag_cable_name =~ "Digilent JTAG-SMT3 210357A7D00EA" && level==0} -index 1' command is executed.
22:34:14 INFO  : 'fpga -state' command is executed.
22:34:14 INFO  : Connected to target on host '127.0.0.1' and port '3121'.
22:34:14 INFO  : Jtag cable 'Digilent JTAG-SMT3 210357A7D00EA' is selected.
22:34:14 INFO  : 'jtag frequency' command is executed.
22:34:14 INFO  : Sourcing of 'F:/FPGA/work_space/AD_DA_tran/AD_DA_tran.sdk/FFT_OUT_hw_platform_0/ps7_init.tcl' is done.
22:34:14 INFO  : Context for 'APU' is selected.
22:34:15 INFO  : Hardware design information is loaded from 'F:/FPGA/work_space/AD_DA_tran/AD_DA_tran.sdk/FFT_OUT_hw_platform_0/system.hdf'.
22:34:15 INFO  : 'configparams force-mem-access 1' command is executed.
22:34:15 INFO  : Context for 'APU' is selected.
22:34:15 INFO  : 'stop' command is executed.
22:34:15 INFO  : 'ps7_init' command is executed.
22:34:15 INFO  : 'ps7_post_config' command is executed.
22:34:15 INFO  : Context for processor 'ps7_cortexa9_0' is selected.
22:34:16 INFO  : Processor reset is completed for 'ps7_cortexa9_0'.
22:34:16 INFO  : Context for processor 'ps7_cortexa9_0' is selected.
22:34:16 INFO  : The application 'F:/FPGA/work_space/AD_DA_tran/AD_DA_tran.sdk/Uart_0/Debug/Uart_0.elf' is downloaded to processor 'ps7_cortexa9_0'.
22:34:16 INFO  : 'configparams force-mem-access 0' command is executed.
22:34:16 INFO  : ----------------XSDB Script----------------
connect -url tcp:127.0.0.1:3121
source F:/FPGA/work_space/AD_DA_tran/AD_DA_tran.sdk/FFT_OUT_hw_platform_0/ps7_init.tcl
targets -set -nocase -filter {name =~"APU*" && jtag_cable_name =~ "Digilent JTAG-SMT3 210357A7D00EA"} -index 0
loadhw -hw F:/FPGA/work_space/AD_DA_tran/AD_DA_tran.sdk/FFT_OUT_hw_platform_0/system.hdf -mem-ranges [list {0x40000000 0xbfffffff}]
configparams force-mem-access 1
targets -set -nocase -filter {name =~"APU*" && jtag_cable_name =~ "Digilent JTAG-SMT3 210357A7D00EA"} -index 0
stop
ps7_init
ps7_post_config
targets -set -nocase -filter {name =~ "ARM*#0" && jtag_cable_name =~ "Digilent JTAG-SMT3 210357A7D00EA"} -index 0
rst -processor
targets -set -nocase -filter {name =~ "ARM*#0" && jtag_cable_name =~ "Digilent JTAG-SMT3 210357A7D00EA"} -index 0
dow F:/FPGA/work_space/AD_DA_tran/AD_DA_tran.sdk/Uart_0/Debug/Uart_0.elf
configparams force-mem-access 0
----------------End of Script----------------

22:34:16 INFO  : Memory regions updated for context APU
22:34:16 INFO  : Context for processor 'ps7_cortexa9_0' is selected.
22:34:16 INFO  : 'con' command is executed.
22:34:16 INFO  : ----------------XSDB Script (After Launch)----------------
targets -set -nocase -filter {name =~ "ARM*#0" && jtag_cable_name =~ "Digilent JTAG-SMT3 210357A7D00EA"} -index 0
con
----------------End of Script----------------

22:34:16 INFO  : Launch script is exported to file 'F:\FPGA\work_space\AD_DA_tran\AD_DA_tran.sdk\.sdk\launch_scripts\xilinx_c-c++_application_(system_debugger)\system_debugger_using_debug_uart_0.elf_on_local.tcl'
22:40:19 INFO  : Disconnected from the channel tcfchan#31.
22:40:21 INFO  : 'targets -set -filter {jtag_cable_name =~ "Digilent JTAG-SMT3 210357A7D00EA" && level==0} -index 1' command is executed.
22:40:21 INFO  : 'fpga -state' command is executed.
22:40:21 INFO  : Connected to target on host '127.0.0.1' and port '3121'.
22:40:21 INFO  : Jtag cable 'Digilent JTAG-SMT3 210357A7D00EA' is selected.
22:40:21 INFO  : 'jtag frequency' command is executed.
22:40:21 INFO  : Sourcing of 'F:/FPGA/work_space/AD_DA_tran/AD_DA_tran.sdk/FFT_OUT_hw_platform_0/ps7_init.tcl' is done.
22:40:21 INFO  : Context for 'APU' is selected.
22:40:22 INFO  : Hardware design information is loaded from 'F:/FPGA/work_space/AD_DA_tran/AD_DA_tran.sdk/FFT_OUT_hw_platform_0/system.hdf'.
22:40:22 INFO  : 'configparams force-mem-access 1' command is executed.
22:40:22 INFO  : Context for 'APU' is selected.
22:40:22 INFO  : 'stop' command is executed.
22:40:22 INFO  : 'ps7_init' command is executed.
22:40:22 INFO  : 'ps7_post_config' command is executed.
22:40:22 INFO  : Context for processor 'ps7_cortexa9_0' is selected.
22:40:22 INFO  : Processor reset is completed for 'ps7_cortexa9_0'.
22:40:22 INFO  : Context for processor 'ps7_cortexa9_0' is selected.
22:40:22 INFO  : The application 'F:/FPGA/work_space/AD_DA_tran/AD_DA_tran.sdk/Uart_0/Debug/Uart_0.elf' is downloaded to processor 'ps7_cortexa9_0'.
22:40:22 INFO  : 'configparams force-mem-access 0' command is executed.
22:40:22 INFO  : ----------------XSDB Script----------------
connect -url tcp:127.0.0.1:3121
source F:/FPGA/work_space/AD_DA_tran/AD_DA_tran.sdk/FFT_OUT_hw_platform_0/ps7_init.tcl
targets -set -nocase -filter {name =~"APU*" && jtag_cable_name =~ "Digilent JTAG-SMT3 210357A7D00EA"} -index 0
loadhw -hw F:/FPGA/work_space/AD_DA_tran/AD_DA_tran.sdk/FFT_OUT_hw_platform_0/system.hdf -mem-ranges [list {0x40000000 0xbfffffff}]
configparams force-mem-access 1
targets -set -nocase -filter {name =~"APU*" && jtag_cable_name =~ "Digilent JTAG-SMT3 210357A7D00EA"} -index 0
stop
ps7_init
ps7_post_config
targets -set -nocase -filter {name =~ "ARM*#0" && jtag_cable_name =~ "Digilent JTAG-SMT3 210357A7D00EA"} -index 0
rst -processor
targets -set -nocase -filter {name =~ "ARM*#0" && jtag_cable_name =~ "Digilent JTAG-SMT3 210357A7D00EA"} -index 0
dow F:/FPGA/work_space/AD_DA_tran/AD_DA_tran.sdk/Uart_0/Debug/Uart_0.elf
configparams force-mem-access 0
----------------End of Script----------------

22:40:22 INFO  : Memory regions updated for context APU
22:40:22 INFO  : Context for processor 'ps7_cortexa9_0' is selected.
22:40:22 INFO  : 'con' command is executed.
22:40:22 INFO  : ----------------XSDB Script (After Launch)----------------
targets -set -nocase -filter {name =~ "ARM*#0" && jtag_cable_name =~ "Digilent JTAG-SMT3 210357A7D00EA"} -index 0
con
----------------End of Script----------------

22:40:22 INFO  : Launch script is exported to file 'F:\FPGA\work_space\AD_DA_tran\AD_DA_tran.sdk\.sdk\launch_scripts\xilinx_c-c++_application_(system_debugger)\system_debugger_using_debug_uart_0.elf_on_local.tcl'
22:41:53 INFO  : Disconnected from the channel tcfchan#32.
22:41:54 INFO  : 'targets -set -filter {jtag_cable_name =~ "Digilent JTAG-SMT3 210357A7D00EA" && level==0} -index 1' command is executed.
22:41:55 INFO  : 'fpga -state' command is executed.
22:41:55 INFO  : Connected to target on host '127.0.0.1' and port '3121'.
22:41:55 INFO  : Jtag cable 'Digilent JTAG-SMT3 210357A7D00EA' is selected.
22:41:55 INFO  : 'jtag frequency' command is executed.
22:41:55 INFO  : Sourcing of 'F:/FPGA/work_space/AD_DA_tran/AD_DA_tran.sdk/FFT_OUT_hw_platform_0/ps7_init.tcl' is done.
22:41:55 INFO  : Context for 'APU' is selected.
22:41:55 INFO  : Hardware design information is loaded from 'F:/FPGA/work_space/AD_DA_tran/AD_DA_tran.sdk/FFT_OUT_hw_platform_0/system.hdf'.
22:41:55 INFO  : 'configparams force-mem-access 1' command is executed.
22:41:55 INFO  : Context for 'APU' is selected.
22:41:55 INFO  : 'stop' command is executed.
22:41:56 INFO  : 'ps7_init' command is executed.
22:41:56 INFO  : 'ps7_post_config' command is executed.
22:41:56 INFO  : Context for processor 'ps7_cortexa9_0' is selected.
22:41:56 INFO  : Processor reset is completed for 'ps7_cortexa9_0'.
22:41:56 INFO  : Context for processor 'ps7_cortexa9_0' is selected.
22:41:56 INFO  : The application 'F:/FPGA/work_space/AD_DA_tran/AD_DA_tran.sdk/Uart_0/Debug/Uart_0.elf' is downloaded to processor 'ps7_cortexa9_0'.
22:41:56 INFO  : 'configparams force-mem-access 0' command is executed.
22:41:56 INFO  : ----------------XSDB Script----------------
connect -url tcp:127.0.0.1:3121
source F:/FPGA/work_space/AD_DA_tran/AD_DA_tran.sdk/FFT_OUT_hw_platform_0/ps7_init.tcl
targets -set -nocase -filter {name =~"APU*" && jtag_cable_name =~ "Digilent JTAG-SMT3 210357A7D00EA"} -index 0
loadhw -hw F:/FPGA/work_space/AD_DA_tran/AD_DA_tran.sdk/FFT_OUT_hw_platform_0/system.hdf -mem-ranges [list {0x40000000 0xbfffffff}]
configparams force-mem-access 1
targets -set -nocase -filter {name =~"APU*" && jtag_cable_name =~ "Digilent JTAG-SMT3 210357A7D00EA"} -index 0
stop
ps7_init
ps7_post_config
targets -set -nocase -filter {name =~ "ARM*#0" && jtag_cable_name =~ "Digilent JTAG-SMT3 210357A7D00EA"} -index 0
rst -processor
targets -set -nocase -filter {name =~ "ARM*#0" && jtag_cable_name =~ "Digilent JTAG-SMT3 210357A7D00EA"} -index 0
dow F:/FPGA/work_space/AD_DA_tran/AD_DA_tran.sdk/Uart_0/Debug/Uart_0.elf
configparams force-mem-access 0
----------------End of Script----------------

22:41:56 INFO  : Memory regions updated for context APU
22:41:56 INFO  : Context for processor 'ps7_cortexa9_0' is selected.
22:41:56 INFO  : 'con' command is executed.
22:41:56 INFO  : ----------------XSDB Script (After Launch)----------------
targets -set -nocase -filter {name =~ "ARM*#0" && jtag_cable_name =~ "Digilent JTAG-SMT3 210357A7D00EA"} -index 0
con
----------------End of Script----------------

22:41:56 INFO  : Launch script is exported to file 'F:\FPGA\work_space\AD_DA_tran\AD_DA_tran.sdk\.sdk\launch_scripts\xilinx_c-c++_application_(system_debugger)\system_debugger_using_debug_uart_0.elf_on_local.tcl'
22:58:36 INFO  : Disconnected from the channel tcfchan#33.
22:58:37 INFO  : 'targets -set -filter {jtag_cable_name =~ "Digilent JTAG-SMT3 210357A7D00EA" && level==0} -index 1' command is executed.
22:58:37 INFO  : 'fpga -state' command is executed.
22:58:37 INFO  : Connected to target on host '127.0.0.1' and port '3121'.
22:58:38 INFO  : Jtag cable 'Digilent JTAG-SMT3 210357A7D00EA' is selected.
22:58:38 INFO  : 'jtag frequency' command is executed.
22:58:38 INFO  : Sourcing of 'F:/FPGA/work_space/AD_DA_tran/AD_DA_tran.sdk/FFT_OUT_hw_platform_0/ps7_init.tcl' is done.
22:58:38 INFO  : Context for 'APU' is selected.
22:58:38 INFO  : Hardware design information is loaded from 'F:/FPGA/work_space/AD_DA_tran/AD_DA_tran.sdk/FFT_OUT_hw_platform_0/system.hdf'.
22:58:38 INFO  : 'configparams force-mem-access 1' command is executed.
22:58:38 INFO  : Context for 'APU' is selected.
22:58:38 INFO  : 'stop' command is executed.
22:58:39 INFO  : 'ps7_init' command is executed.
22:58:39 INFO  : 'ps7_post_config' command is executed.
22:58:39 INFO  : Context for processor 'ps7_cortexa9_0' is selected.
22:58:39 INFO  : Processor reset is completed for 'ps7_cortexa9_0'.
22:58:39 INFO  : Context for processor 'ps7_cortexa9_0' is selected.
22:58:39 INFO  : The application 'F:/FPGA/work_space/AD_DA_tran/AD_DA_tran.sdk/Uart_0/Debug/Uart_0.elf' is downloaded to processor 'ps7_cortexa9_0'.
22:58:39 INFO  : 'configparams force-mem-access 0' command is executed.
22:58:39 INFO  : ----------------XSDB Script----------------
connect -url tcp:127.0.0.1:3121
source F:/FPGA/work_space/AD_DA_tran/AD_DA_tran.sdk/FFT_OUT_hw_platform_0/ps7_init.tcl
targets -set -nocase -filter {name =~"APU*" && jtag_cable_name =~ "Digilent JTAG-SMT3 210357A7D00EA"} -index 0
loadhw -hw F:/FPGA/work_space/AD_DA_tran/AD_DA_tran.sdk/FFT_OUT_hw_platform_0/system.hdf -mem-ranges [list {0x40000000 0xbfffffff}]
configparams force-mem-access 1
targets -set -nocase -filter {name =~"APU*" && jtag_cable_name =~ "Digilent JTAG-SMT3 210357A7D00EA"} -index 0
stop
ps7_init
ps7_post_config
targets -set -nocase -filter {name =~ "ARM*#0" && jtag_cable_name =~ "Digilent JTAG-SMT3 210357A7D00EA"} -index 0
rst -processor
targets -set -nocase -filter {name =~ "ARM*#0" && jtag_cable_name =~ "Digilent JTAG-SMT3 210357A7D00EA"} -index 0
dow F:/FPGA/work_space/AD_DA_tran/AD_DA_tran.sdk/Uart_0/Debug/Uart_0.elf
configparams force-mem-access 0
----------------End of Script----------------

22:58:39 INFO  : Memory regions updated for context APU
22:58:39 INFO  : Context for processor 'ps7_cortexa9_0' is selected.
22:58:39 INFO  : 'con' command is executed.
22:58:39 INFO  : ----------------XSDB Script (After Launch)----------------
targets -set -nocase -filter {name =~ "ARM*#0" && jtag_cable_name =~ "Digilent JTAG-SMT3 210357A7D00EA"} -index 0
con
----------------End of Script----------------

22:58:39 INFO  : Launch script is exported to file 'F:\FPGA\work_space\AD_DA_tran\AD_DA_tran.sdk\.sdk\launch_scripts\xilinx_c-c++_application_(system_debugger)\system_debugger_using_debug_uart_0.elf_on_local.tcl'
23:19:22 INFO  : Disconnected from the channel tcfchan#34.
23:19:23 INFO  : 'targets -set -filter {jtag_cable_name =~ "Digilent JTAG-SMT3 210357A7D00EA" && level==0} -index 1' command is executed.
23:19:23 INFO  : 'fpga -state' command is executed.
23:19:23 INFO  : Connected to target on host '127.0.0.1' and port '3121'.
23:19:23 INFO  : Jtag cable 'Digilent JTAG-SMT3 210357A7D00EA' is selected.
23:19:23 INFO  : 'jtag frequency' command is executed.
23:19:23 INFO  : Sourcing of 'F:/FPGA/work_space/AD_DA_tran/AD_DA_tran.sdk/FFT_OUT_hw_platform_0/ps7_init.tcl' is done.
23:19:23 INFO  : Context for 'APU' is selected.
23:19:24 INFO  : Hardware design information is loaded from 'F:/FPGA/work_space/AD_DA_tran/AD_DA_tran.sdk/FFT_OUT_hw_platform_0/system.hdf'.
23:19:24 INFO  : 'configparams force-mem-access 1' command is executed.
23:19:24 INFO  : Context for 'APU' is selected.
23:19:24 INFO  : 'stop' command is executed.
23:19:25 INFO  : 'ps7_init' command is executed.
23:19:25 INFO  : 'ps7_post_config' command is executed.
23:19:25 INFO  : Context for processor 'ps7_cortexa9_0' is selected.
23:19:25 INFO  : Processor reset is completed for 'ps7_cortexa9_0'.
23:19:25 INFO  : Context for processor 'ps7_cortexa9_0' is selected.
23:19:25 INFO  : The application 'F:/FPGA/work_space/AD_DA_tran/AD_DA_tran.sdk/Uart_0/Debug/Uart_0.elf' is downloaded to processor 'ps7_cortexa9_0'.
23:19:25 INFO  : 'configparams force-mem-access 0' command is executed.
23:19:25 INFO  : ----------------XSDB Script----------------
connect -url tcp:127.0.0.1:3121
source F:/FPGA/work_space/AD_DA_tran/AD_DA_tran.sdk/FFT_OUT_hw_platform_0/ps7_init.tcl
targets -set -nocase -filter {name =~"APU*" && jtag_cable_name =~ "Digilent JTAG-SMT3 210357A7D00EA"} -index 0
loadhw -hw F:/FPGA/work_space/AD_DA_tran/AD_DA_tran.sdk/FFT_OUT_hw_platform_0/system.hdf -mem-ranges [list {0x40000000 0xbfffffff}]
configparams force-mem-access 1
targets -set -nocase -filter {name =~"APU*" && jtag_cable_name =~ "Digilent JTAG-SMT3 210357A7D00EA"} -index 0
stop
ps7_init
ps7_post_config
targets -set -nocase -filter {name =~ "ARM*#0" && jtag_cable_name =~ "Digilent JTAG-SMT3 210357A7D00EA"} -index 0
rst -processor
targets -set -nocase -filter {name =~ "ARM*#0" && jtag_cable_name =~ "Digilent JTAG-SMT3 210357A7D00EA"} -index 0
dow F:/FPGA/work_space/AD_DA_tran/AD_DA_tran.sdk/Uart_0/Debug/Uart_0.elf
configparams force-mem-access 0
----------------End of Script----------------

23:19:25 INFO  : Memory regions updated for context APU
23:19:25 INFO  : Context for processor 'ps7_cortexa9_0' is selected.
23:19:25 INFO  : 'con' command is executed.
23:19:25 INFO  : ----------------XSDB Script (After Launch)----------------
targets -set -nocase -filter {name =~ "ARM*#0" && jtag_cable_name =~ "Digilent JTAG-SMT3 210357A7D00EA"} -index 0
con
----------------End of Script----------------

23:19:25 INFO  : Launch script is exported to file 'F:\FPGA\work_space\AD_DA_tran\AD_DA_tran.sdk\.sdk\launch_scripts\xilinx_c-c++_application_(system_debugger)\system_debugger_using_debug_uart_0.elf_on_local.tcl'
01:13:12 INFO  : Disconnected from the channel tcfchan#35.
01:13:13 INFO  : 'targets -set -filter {jtag_cable_name =~ "Digilent JTAG-SMT3 210357A7D00EA" && level==0} -index 1' command is executed.
01:13:13 INFO  : 'fpga -state' command is executed.
01:13:13 INFO  : Connected to target on host '127.0.0.1' and port '3121'.
01:13:14 INFO  : Jtag cable 'Digilent JTAG-SMT3 210357A7D00EA' is selected.
01:13:14 INFO  : 'jtag frequency' command is executed.
01:13:14 INFO  : Sourcing of 'F:/FPGA/work_space/AD_DA_tran/AD_DA_tran.sdk/FFT_OUT_hw_platform_0/ps7_init.tcl' is done.
01:13:14 INFO  : Context for 'APU' is selected.
01:13:15 INFO  : Hardware design information is loaded from 'F:/FPGA/work_space/AD_DA_tran/AD_DA_tran.sdk/FFT_OUT_hw_platform_0/system.hdf'.
01:13:15 INFO  : 'configparams force-mem-access 1' command is executed.
01:13:15 INFO  : Context for 'APU' is selected.
01:13:15 INFO  : 'stop' command is executed.
01:13:15 INFO  : 'ps7_init' command is executed.
01:13:15 INFO  : 'ps7_post_config' command is executed.
01:13:15 INFO  : Context for processor 'ps7_cortexa9_0' is selected.
01:13:15 INFO  : Processor reset is completed for 'ps7_cortexa9_0'.
01:13:15 INFO  : Context for processor 'ps7_cortexa9_0' is selected.
01:13:15 INFO  : The application 'F:/FPGA/work_space/AD_DA_tran/AD_DA_tran.sdk/Uart_0/Debug/Uart_0.elf' is downloaded to processor 'ps7_cortexa9_0'.
01:13:15 INFO  : 'configparams force-mem-access 0' command is executed.
01:13:15 INFO  : ----------------XSDB Script----------------
connect -url tcp:127.0.0.1:3121
source F:/FPGA/work_space/AD_DA_tran/AD_DA_tran.sdk/FFT_OUT_hw_platform_0/ps7_init.tcl
targets -set -nocase -filter {name =~"APU*" && jtag_cable_name =~ "Digilent JTAG-SMT3 210357A7D00EA"} -index 0
loadhw -hw F:/FPGA/work_space/AD_DA_tran/AD_DA_tran.sdk/FFT_OUT_hw_platform_0/system.hdf -mem-ranges [list {0x40000000 0xbfffffff}]
configparams force-mem-access 1
targets -set -nocase -filter {name =~"APU*" && jtag_cable_name =~ "Digilent JTAG-SMT3 210357A7D00EA"} -index 0
stop
ps7_init
ps7_post_config
targets -set -nocase -filter {name =~ "ARM*#0" && jtag_cable_name =~ "Digilent JTAG-SMT3 210357A7D00EA"} -index 0
rst -processor
targets -set -nocase -filter {name =~ "ARM*#0" && jtag_cable_name =~ "Digilent JTAG-SMT3 210357A7D00EA"} -index 0
dow F:/FPGA/work_space/AD_DA_tran/AD_DA_tran.sdk/Uart_0/Debug/Uart_0.elf
configparams force-mem-access 0
----------------End of Script----------------

01:13:15 INFO  : Memory regions updated for context APU
01:13:15 INFO  : Context for processor 'ps7_cortexa9_0' is selected.
01:13:15 INFO  : 'con' command is executed.
01:13:15 INFO  : ----------------XSDB Script (After Launch)----------------
targets -set -nocase -filter {name =~ "ARM*#0" && jtag_cable_name =~ "Digilent JTAG-SMT3 210357A7D00EA"} -index 0
con
----------------End of Script----------------

01:13:15 INFO  : Launch script is exported to file 'F:\FPGA\work_space\AD_DA_tran\AD_DA_tran.sdk\.sdk\launch_scripts\xilinx_c-c++_application_(system_debugger)\system_debugger_using_debug_uart_0.elf_on_local.tcl'
01:20:28 INFO  : Disconnected from the channel tcfchan#36.
01:20:29 INFO  : 'targets -set -filter {jtag_cable_name =~ "Digilent JTAG-SMT3 210357A7D00EA" && level==0} -index 1' command is executed.
01:20:29 INFO  : 'fpga -state' command is executed.
01:20:29 INFO  : Connected to target on host '127.0.0.1' and port '3121'.
01:20:29 INFO  : Jtag cable 'Digilent JTAG-SMT3 210357A7D00EA' is selected.
01:20:29 INFO  : 'jtag frequency' command is executed.
01:20:29 INFO  : Sourcing of 'F:/FPGA/work_space/AD_DA_tran/AD_DA_tran.sdk/FFT_OUT_hw_platform_0/ps7_init.tcl' is done.
01:20:29 INFO  : Context for 'APU' is selected.
01:20:30 INFO  : Hardware design information is loaded from 'F:/FPGA/work_space/AD_DA_tran/AD_DA_tran.sdk/FFT_OUT_hw_platform_0/system.hdf'.
01:20:30 INFO  : 'configparams force-mem-access 1' command is executed.
01:20:30 INFO  : Context for 'APU' is selected.
01:20:30 INFO  : 'stop' command is executed.
01:20:30 INFO  : 'ps7_init' command is executed.
01:20:30 INFO  : 'ps7_post_config' command is executed.
01:20:30 INFO  : Context for processor 'ps7_cortexa9_0' is selected.
01:20:30 INFO  : Processor reset is completed for 'ps7_cortexa9_0'.
01:20:30 INFO  : Context for processor 'ps7_cortexa9_0' is selected.
01:20:30 INFO  : The application 'F:/FPGA/work_space/AD_DA_tran/AD_DA_tran.sdk/Uart_0/Debug/Uart_0.elf' is downloaded to processor 'ps7_cortexa9_0'.
01:20:30 INFO  : 'configparams force-mem-access 0' command is executed.
01:20:30 INFO  : ----------------XSDB Script----------------
connect -url tcp:127.0.0.1:3121
source F:/FPGA/work_space/AD_DA_tran/AD_DA_tran.sdk/FFT_OUT_hw_platform_0/ps7_init.tcl
targets -set -nocase -filter {name =~"APU*" && jtag_cable_name =~ "Digilent JTAG-SMT3 210357A7D00EA"} -index 0
loadhw -hw F:/FPGA/work_space/AD_DA_tran/AD_DA_tran.sdk/FFT_OUT_hw_platform_0/system.hdf -mem-ranges [list {0x40000000 0xbfffffff}]
configparams force-mem-access 1
targets -set -nocase -filter {name =~"APU*" && jtag_cable_name =~ "Digilent JTAG-SMT3 210357A7D00EA"} -index 0
stop
ps7_init
ps7_post_config
targets -set -nocase -filter {name =~ "ARM*#0" && jtag_cable_name =~ "Digilent JTAG-SMT3 210357A7D00EA"} -index 0
rst -processor
targets -set -nocase -filter {name =~ "ARM*#0" && jtag_cable_name =~ "Digilent JTAG-SMT3 210357A7D00EA"} -index 0
dow F:/FPGA/work_space/AD_DA_tran/AD_DA_tran.sdk/Uart_0/Debug/Uart_0.elf
configparams force-mem-access 0
----------------End of Script----------------

01:20:30 INFO  : Memory regions updated for context APU
01:20:30 INFO  : Context for processor 'ps7_cortexa9_0' is selected.
01:20:30 INFO  : 'con' command is executed.
01:20:30 INFO  : ----------------XSDB Script (After Launch)----------------
targets -set -nocase -filter {name =~ "ARM*#0" && jtag_cable_name =~ "Digilent JTAG-SMT3 210357A7D00EA"} -index 0
con
----------------End of Script----------------

01:20:30 INFO  : Launch script is exported to file 'F:\FPGA\work_space\AD_DA_tran\AD_DA_tran.sdk\.sdk\launch_scripts\xilinx_c-c++_application_(system_debugger)\system_debugger_using_debug_uart_0.elf_on_local.tcl'
01:49:20 INFO  : Disconnected from the channel tcfchan#37.
01:49:21 INFO  : 'targets -set -filter {jtag_cable_name =~ "Digilent JTAG-SMT3 210357A7D00EA" && level==0} -index 1' command is executed.
01:49:21 INFO  : 'fpga -state' command is executed.
01:49:21 INFO  : Connected to target on host '127.0.0.1' and port '3121'.
01:49:21 INFO  : Jtag cable 'Digilent JTAG-SMT3 210357A7D00EA' is selected.
01:49:21 INFO  : 'jtag frequency' command is executed.
01:49:21 INFO  : Sourcing of 'F:/FPGA/work_space/AD_DA_tran/AD_DA_tran.sdk/FFT_OUT_hw_platform_0/ps7_init.tcl' is done.
01:49:21 INFO  : Context for 'APU' is selected.
01:49:22 INFO  : Hardware design information is loaded from 'F:/FPGA/work_space/AD_DA_tran/AD_DA_tran.sdk/FFT_OUT_hw_platform_0/system.hdf'.
01:49:22 INFO  : 'configparams force-mem-access 1' command is executed.
01:49:22 INFO  : Context for 'APU' is selected.
01:49:22 INFO  : 'stop' command is executed.
01:49:23 INFO  : 'ps7_init' command is executed.
01:49:23 INFO  : 'ps7_post_config' command is executed.
01:49:23 INFO  : Context for processor 'ps7_cortexa9_0' is selected.
01:49:23 INFO  : Processor reset is completed for 'ps7_cortexa9_0'.
01:49:23 INFO  : Context for processor 'ps7_cortexa9_0' is selected.
01:49:23 INFO  : The application 'F:/FPGA/work_space/AD_DA_tran/AD_DA_tran.sdk/Uart_0/Debug/Uart_0.elf' is downloaded to processor 'ps7_cortexa9_0'.
01:49:23 INFO  : 'configparams force-mem-access 0' command is executed.
01:49:23 INFO  : ----------------XSDB Script----------------
connect -url tcp:127.0.0.1:3121
source F:/FPGA/work_space/AD_DA_tran/AD_DA_tran.sdk/FFT_OUT_hw_platform_0/ps7_init.tcl
targets -set -nocase -filter {name =~"APU*" && jtag_cable_name =~ "Digilent JTAG-SMT3 210357A7D00EA"} -index 0
loadhw -hw F:/FPGA/work_space/AD_DA_tran/AD_DA_tran.sdk/FFT_OUT_hw_platform_0/system.hdf -mem-ranges [list {0x40000000 0xbfffffff}]
configparams force-mem-access 1
targets -set -nocase -filter {name =~"APU*" && jtag_cable_name =~ "Digilent JTAG-SMT3 210357A7D00EA"} -index 0
stop
ps7_init
ps7_post_config
targets -set -nocase -filter {name =~ "ARM*#0" && jtag_cable_name =~ "Digilent JTAG-SMT3 210357A7D00EA"} -index 0
rst -processor
targets -set -nocase -filter {name =~ "ARM*#0" && jtag_cable_name =~ "Digilent JTAG-SMT3 210357A7D00EA"} -index 0
dow F:/FPGA/work_space/AD_DA_tran/AD_DA_tran.sdk/Uart_0/Debug/Uart_0.elf
configparams force-mem-access 0
----------------End of Script----------------

01:49:23 INFO  : Memory regions updated for context APU
01:49:23 INFO  : Context for processor 'ps7_cortexa9_0' is selected.
01:49:23 INFO  : 'con' command is executed.
01:49:23 INFO  : ----------------XSDB Script (After Launch)----------------
targets -set -nocase -filter {name =~ "ARM*#0" && jtag_cable_name =~ "Digilent JTAG-SMT3 210357A7D00EA"} -index 0
con
----------------End of Script----------------

01:49:23 INFO  : Launch script is exported to file 'F:\FPGA\work_space\AD_DA_tran\AD_DA_tran.sdk\.sdk\launch_scripts\xilinx_c-c++_application_(system_debugger)\system_debugger_using_debug_uart_0.elf_on_local.tcl'
01:59:05 INFO  : Launching XSCT server: xsct.bat -interactive F:\FPGA\work_space\AD_DA_tran\AD_DA_tran.sdk\temp_xsdb_launch_script.tcl
13:39:57 INFO  : Registering command handlers for SDK TCF services
13:39:57 INFO  : Launching XSCT server: xsct.bat -interactive F:\FPGA\work_space\AD_DA_tran\AD_DA_tran.sdk\temp_xsdb_launch_script.tcl
13:40:00 INFO  : XSCT server has started successfully.
13:40:04 INFO  : Successfully done setting XSCT server connection channel  
13:40:04 INFO  : Successfully done setting SDK workspace  
13:40:04 INFO  : Processing command line option -hwspec F:/FPGA/work_space/AD_DA_tran/AD_DA_tran.sdk/FFT_OUT.hdf.
13:40:04 INFO  : Checking for hwspec changes in the project FFT_OUT_hw_platform_0.
13:40:30 INFO  : 'targets -set -filter {jtag_cable_name =~ "Digilent JTAG-SMT3 210357A7D00EA" && level==0} -index 1' command is executed.
13:40:30 INFO  : 'fpga -state' command is executed.
13:40:30 INFO  : Connected to target on host '127.0.0.1' and port '3121'.
13:40:30 INFO  : Jtag cable 'Digilent JTAG-SMT3 210357A7D00EA' is selected.
13:40:30 INFO  : 'jtag frequency' command is executed.
13:40:30 INFO  : Sourcing of 'F:/FPGA/work_space/AD_DA_tran/AD_DA_tran.sdk/FFT_OUT_hw_platform_0/ps7_init.tcl' is done.
13:40:30 INFO  : Context for 'APU' is selected.
13:40:30 INFO  : Hardware design information is loaded from 'F:/FPGA/work_space/AD_DA_tran/AD_DA_tran.sdk/FFT_OUT_hw_platform_0/system.hdf'.
13:40:30 INFO  : 'configparams force-mem-access 1' command is executed.
13:40:30 INFO  : Context for 'APU' is selected.
13:40:30 INFO  : 'stop' command is executed.
13:40:31 INFO  : 'ps7_init' command is executed.
13:40:31 INFO  : 'ps7_post_config' command is executed.
13:40:31 INFO  : Context for processor 'ps7_cortexa9_0' is selected.
13:40:31 INFO  : Processor reset is completed for 'ps7_cortexa9_0'.
13:40:31 INFO  : Context for processor 'ps7_cortexa9_0' is selected.
13:40:31 INFO  : The application 'F:/FPGA/work_space/AD_DA_tran/AD_DA_tran.sdk/Uart_0/Debug/Uart_0.elf' is downloaded to processor 'ps7_cortexa9_0'.
13:40:31 INFO  : 'configparams force-mem-access 0' command is executed.
13:40:31 INFO  : ----------------XSDB Script----------------
connect -url tcp:127.0.0.1:3121
source F:/FPGA/work_space/AD_DA_tran/AD_DA_tran.sdk/FFT_OUT_hw_platform_0/ps7_init.tcl
targets -set -nocase -filter {name =~"APU*" && jtag_cable_name =~ "Digilent JTAG-SMT3 210357A7D00EA"} -index 0
loadhw -hw F:/FPGA/work_space/AD_DA_tran/AD_DA_tran.sdk/FFT_OUT_hw_platform_0/system.hdf -mem-ranges [list {0x40000000 0xbfffffff}]
configparams force-mem-access 1
targets -set -nocase -filter {name =~"APU*" && jtag_cable_name =~ "Digilent JTAG-SMT3 210357A7D00EA"} -index 0
stop
ps7_init
ps7_post_config
targets -set -nocase -filter {name =~ "ARM*#0" && jtag_cable_name =~ "Digilent JTAG-SMT3 210357A7D00EA"} -index 0
rst -processor
targets -set -nocase -filter {name =~ "ARM*#0" && jtag_cable_name =~ "Digilent JTAG-SMT3 210357A7D00EA"} -index 0
dow F:/FPGA/work_space/AD_DA_tran/AD_DA_tran.sdk/Uart_0/Debug/Uart_0.elf
configparams force-mem-access 0
----------------End of Script----------------

13:40:31 INFO  : Memory regions updated for context APU
13:40:31 INFO  : Context for processor 'ps7_cortexa9_0' is selected.
13:40:31 INFO  : 'con' command is executed.
13:40:31 INFO  : ----------------XSDB Script (After Launch)----------------
targets -set -nocase -filter {name =~ "ARM*#0" && jtag_cable_name =~ "Digilent JTAG-SMT3 210357A7D00EA"} -index 0
con
----------------End of Script----------------

13:40:31 INFO  : Launch script is exported to file 'F:\FPGA\work_space\AD_DA_tran\AD_DA_tran.sdk\.sdk\launch_scripts\xilinx_c-c++_application_(system_debugger)\system_debugger_using_debug_uart_0.elf_on_local.tcl'
13:57:47 INFO  : Disconnected from the channel tcfchan#1.
13:57:48 INFO  : 'targets -set -filter {jtag_cable_name =~ "Digilent JTAG-SMT3 210357A7D00EA" && level==0} -index 1' command is executed.
13:57:48 INFO  : 'fpga -state' command is executed.
13:57:48 INFO  : Connected to target on host '127.0.0.1' and port '3121'.
13:57:48 INFO  : Jtag cable 'Digilent JTAG-SMT3 210357A7D00EA' is selected.
13:57:48 INFO  : 'jtag frequency' command is executed.
13:57:48 INFO  : Sourcing of 'F:/FPGA/work_space/AD_DA_tran/AD_DA_tran.sdk/FFT_OUT_hw_platform_0/ps7_init.tcl' is done.
13:57:48 INFO  : Context for 'APU' is selected.
13:57:49 INFO  : Hardware design information is loaded from 'F:/FPGA/work_space/AD_DA_tran/AD_DA_tran.sdk/FFT_OUT_hw_platform_0/system.hdf'.
13:57:49 INFO  : 'configparams force-mem-access 1' command is executed.
13:57:49 INFO  : Context for 'APU' is selected.
13:57:49 INFO  : 'stop' command is executed.
13:57:50 INFO  : 'ps7_init' command is executed.
13:57:50 INFO  : 'ps7_post_config' command is executed.
13:57:50 INFO  : Context for processor 'ps7_cortexa9_0' is selected.
13:57:50 INFO  : Processor reset is completed for 'ps7_cortexa9_0'.
13:57:50 INFO  : Context for processor 'ps7_cortexa9_0' is selected.
13:57:50 INFO  : The application 'F:/FPGA/work_space/AD_DA_tran/AD_DA_tran.sdk/Uart_0/Debug/Uart_0.elf' is downloaded to processor 'ps7_cortexa9_0'.
13:57:50 INFO  : 'configparams force-mem-access 0' command is executed.
13:57:50 INFO  : ----------------XSDB Script----------------
connect -url tcp:127.0.0.1:3121
source F:/FPGA/work_space/AD_DA_tran/AD_DA_tran.sdk/FFT_OUT_hw_platform_0/ps7_init.tcl
targets -set -nocase -filter {name =~"APU*" && jtag_cable_name =~ "Digilent JTAG-SMT3 210357A7D00EA"} -index 0
loadhw -hw F:/FPGA/work_space/AD_DA_tran/AD_DA_tran.sdk/FFT_OUT_hw_platform_0/system.hdf -mem-ranges [list {0x40000000 0xbfffffff}]
configparams force-mem-access 1
targets -set -nocase -filter {name =~"APU*" && jtag_cable_name =~ "Digilent JTAG-SMT3 210357A7D00EA"} -index 0
stop
ps7_init
ps7_post_config
targets -set -nocase -filter {name =~ "ARM*#0" && jtag_cable_name =~ "Digilent JTAG-SMT3 210357A7D00EA"} -index 0
rst -processor
targets -set -nocase -filter {name =~ "ARM*#0" && jtag_cable_name =~ "Digilent JTAG-SMT3 210357A7D00EA"} -index 0
dow F:/FPGA/work_space/AD_DA_tran/AD_DA_tran.sdk/Uart_0/Debug/Uart_0.elf
configparams force-mem-access 0
----------------End of Script----------------

13:57:50 INFO  : Memory regions updated for context APU
13:57:50 INFO  : Context for processor 'ps7_cortexa9_0' is selected.
13:57:50 INFO  : 'con' command is executed.
13:57:50 INFO  : ----------------XSDB Script (After Launch)----------------
targets -set -nocase -filter {name =~ "ARM*#0" && jtag_cable_name =~ "Digilent JTAG-SMT3 210357A7D00EA"} -index 0
con
----------------End of Script----------------

13:57:50 INFO  : Launch script is exported to file 'F:\FPGA\work_space\AD_DA_tran\AD_DA_tran.sdk\.sdk\launch_scripts\xilinx_c-c++_application_(system_debugger)\system_debugger_using_debug_uart_0.elf_on_local.tcl'
14:23:13 INFO  : Disconnected from the channel tcfchan#2.
18:25:43 INFO  : Registering command handlers for SDK TCF services
18:25:43 INFO  : Launching XSCT server: xsct.bat -interactive F:\FPGA\work_space\AD_DA_tran\AD_DA_tran.sdk\temp_xsdb_launch_script.tcl
18:25:47 INFO  : XSCT server has started successfully.
18:25:54 INFO  : Successfully done setting XSCT server connection channel  
18:25:54 INFO  : Processing command line option -hwspec F:/FPGA/work_space/AD_DA_tran/AD_DA_tran.sdk/FFT_OUT.hdf.
18:25:54 INFO  : Successfully done setting SDK workspace  
18:25:54 INFO  : Checking for hwspec changes in the project FFT_OUT_hw_platform_0.
18:25:58 INFO  : 'targets -set -filter {jtag_cable_name =~ "Digilent JTAG-SMT3 210357A7D00EA" && level==0} -index 1' command is executed.
18:25:58 INFO  : 'fpga -state' command is executed.
18:25:58 INFO  : Connected to target on host '127.0.0.1' and port '3121'.
18:25:58 INFO  : Jtag cable 'Digilent JTAG-SMT3 210357A7D00EA' is selected.
18:25:58 INFO  : 'jtag frequency' command is executed.
18:25:58 INFO  : Sourcing of 'F:/FPGA/work_space/AD_DA_tran/AD_DA_tran.sdk/FFT_OUT_hw_platform_0/ps7_init.tcl' is done.
18:25:58 INFO  : Context for 'APU' is selected.
18:25:58 INFO  : Hardware design information is loaded from 'F:/FPGA/work_space/AD_DA_tran/AD_DA_tran.sdk/FFT_OUT_hw_platform_0/system.hdf'.
18:25:58 INFO  : 'configparams force-mem-access 1' command is executed.
18:25:58 INFO  : Context for 'APU' is selected.
18:25:59 INFO  : 'stop' command is executed.
18:25:59 INFO  : 'ps7_init' command is executed.
18:25:59 INFO  : 'ps7_post_config' command is executed.
18:25:59 INFO  : Context for processor 'ps7_cortexa9_0' is selected.
18:25:59 INFO  : Processor reset is completed for 'ps7_cortexa9_0'.
18:25:59 INFO  : Context for processor 'ps7_cortexa9_0' is selected.
18:25:59 INFO  : The application 'F:/FPGA/work_space/AD_DA_tran/AD_DA_tran.sdk/Uart_0/Debug/Uart_0.elf' is downloaded to processor 'ps7_cortexa9_0'.
18:25:59 INFO  : 'configparams force-mem-access 0' command is executed.
18:25:59 INFO  : ----------------XSDB Script----------------
connect -url tcp:127.0.0.1:3121
source F:/FPGA/work_space/AD_DA_tran/AD_DA_tran.sdk/FFT_OUT_hw_platform_0/ps7_init.tcl
targets -set -nocase -filter {name =~"APU*" && jtag_cable_name =~ "Digilent JTAG-SMT3 210357A7D00EA"} -index 0
loadhw -hw F:/FPGA/work_space/AD_DA_tran/AD_DA_tran.sdk/FFT_OUT_hw_platform_0/system.hdf -mem-ranges [list {0x40000000 0xbfffffff}]
configparams force-mem-access 1
targets -set -nocase -filter {name =~"APU*" && jtag_cable_name =~ "Digilent JTAG-SMT3 210357A7D00EA"} -index 0
stop
ps7_init
ps7_post_config
targets -set -nocase -filter {name =~ "ARM*#0" && jtag_cable_name =~ "Digilent JTAG-SMT3 210357A7D00EA"} -index 0
rst -processor
targets -set -nocase -filter {name =~ "ARM*#0" && jtag_cable_name =~ "Digilent JTAG-SMT3 210357A7D00EA"} -index 0
dow F:/FPGA/work_space/AD_DA_tran/AD_DA_tran.sdk/Uart_0/Debug/Uart_0.elf
configparams force-mem-access 0
----------------End of Script----------------

18:25:59 INFO  : Memory regions updated for context APU
18:25:59 INFO  : Context for processor 'ps7_cortexa9_0' is selected.
18:25:59 INFO  : 'con' command is executed.
18:25:59 INFO  : ----------------XSDB Script (After Launch)----------------
targets -set -nocase -filter {name =~ "ARM*#0" && jtag_cable_name =~ "Digilent JTAG-SMT3 210357A7D00EA"} -index 0
con
----------------End of Script----------------

18:25:59 INFO  : Launch script is exported to file 'F:\FPGA\work_space\AD_DA_tran\AD_DA_tran.sdk\.sdk\launch_scripts\xilinx_c-c++_application_(system_debugger)\system_debugger_using_debug_uart_0.elf_on_local.tcl'
18:44:12 INFO  : Disconnected from the channel tcfchan#1.
18:44:13 INFO  : 'targets -set -filter {jtag_cable_name =~ "Digilent JTAG-SMT3 210357A7D00EA" && level==0} -index 1' command is executed.
18:44:13 INFO  : 'fpga -state' command is executed.
18:44:13 INFO  : Connected to target on host '127.0.0.1' and port '3121'.
18:44:14 INFO  : Jtag cable 'Digilent JTAG-SMT3 210357A7D00EA' is selected.
18:44:14 INFO  : 'jtag frequency' command is executed.
18:44:14 INFO  : Sourcing of 'F:/FPGA/work_space/AD_DA_tran/AD_DA_tran.sdk/FFT_OUT_hw_platform_0/ps7_init.tcl' is done.
18:44:14 INFO  : Context for 'APU' is selected.
18:44:14 INFO  : Hardware design information is loaded from 'F:/FPGA/work_space/AD_DA_tran/AD_DA_tran.sdk/FFT_OUT_hw_platform_0/system.hdf'.
18:44:14 INFO  : 'configparams force-mem-access 1' command is executed.
18:44:15 INFO  : Context for 'APU' is selected.
18:44:15 INFO  : 'stop' command is executed.
18:44:15 INFO  : 'ps7_init' command is executed.
18:44:15 INFO  : 'ps7_post_config' command is executed.
18:44:15 INFO  : Context for processor 'ps7_cortexa9_0' is selected.
18:44:15 INFO  : Processor reset is completed for 'ps7_cortexa9_0'.
18:44:15 INFO  : Context for processor 'ps7_cortexa9_0' is selected.
18:44:15 INFO  : The application 'F:/FPGA/work_space/AD_DA_tran/AD_DA_tran.sdk/Uart_0/Debug/Uart_0.elf' is downloaded to processor 'ps7_cortexa9_0'.
18:44:15 INFO  : 'configparams force-mem-access 0' command is executed.
18:44:15 INFO  : ----------------XSDB Script----------------
connect -url tcp:127.0.0.1:3121
source F:/FPGA/work_space/AD_DA_tran/AD_DA_tran.sdk/FFT_OUT_hw_platform_0/ps7_init.tcl
targets -set -nocase -filter {name =~"APU*" && jtag_cable_name =~ "Digilent JTAG-SMT3 210357A7D00EA"} -index 0
loadhw -hw F:/FPGA/work_space/AD_DA_tran/AD_DA_tran.sdk/FFT_OUT_hw_platform_0/system.hdf -mem-ranges [list {0x40000000 0xbfffffff}]
configparams force-mem-access 1
targets -set -nocase -filter {name =~"APU*" && jtag_cable_name =~ "Digilent JTAG-SMT3 210357A7D00EA"} -index 0
stop
ps7_init
ps7_post_config
targets -set -nocase -filter {name =~ "ARM*#0" && jtag_cable_name =~ "Digilent JTAG-SMT3 210357A7D00EA"} -index 0
rst -processor
targets -set -nocase -filter {name =~ "ARM*#0" && jtag_cable_name =~ "Digilent JTAG-SMT3 210357A7D00EA"} -index 0
dow F:/FPGA/work_space/AD_DA_tran/AD_DA_tran.sdk/Uart_0/Debug/Uart_0.elf
configparams force-mem-access 0
----------------End of Script----------------

18:44:15 INFO  : Memory regions updated for context APU
18:44:15 INFO  : Context for processor 'ps7_cortexa9_0' is selected.
18:44:15 INFO  : 'con' command is executed.
18:44:15 INFO  : ----------------XSDB Script (After Launch)----------------
targets -set -nocase -filter {name =~ "ARM*#0" && jtag_cable_name =~ "Digilent JTAG-SMT3 210357A7D00EA"} -index 0
con
----------------End of Script----------------

18:44:15 INFO  : Launch script is exported to file 'F:\FPGA\work_space\AD_DA_tran\AD_DA_tran.sdk\.sdk\launch_scripts\xilinx_c-c++_application_(system_debugger)\system_debugger_using_debug_uart_0.elf_on_local.tcl'
19:08:06 INFO  : Disconnected from the channel tcfchan#2.
19:08:07 INFO  : 'targets -set -filter {jtag_cable_name =~ "Digilent JTAG-SMT3 210357A7D00EA" && level==0} -index 1' command is executed.
19:08:07 INFO  : 'fpga -state' command is executed.
19:08:07 INFO  : Connected to target on host '127.0.0.1' and port '3121'.
19:08:07 INFO  : Jtag cable 'Digilent JTAG-SMT3 210357A7D00EA' is selected.
19:08:07 INFO  : 'jtag frequency' command is executed.
19:08:07 INFO  : Sourcing of 'F:/FPGA/work_space/AD_DA_tran/AD_DA_tran.sdk/FFT_OUT_hw_platform_0/ps7_init.tcl' is done.
19:08:07 INFO  : Context for 'APU' is selected.
19:08:08 INFO  : Hardware design information is loaded from 'F:/FPGA/work_space/AD_DA_tran/AD_DA_tran.sdk/FFT_OUT_hw_platform_0/system.hdf'.
19:08:08 INFO  : 'configparams force-mem-access 1' command is executed.
19:08:08 INFO  : Context for 'APU' is selected.
19:08:08 INFO  : 'stop' command is executed.
19:08:08 INFO  : 'ps7_init' command is executed.
19:08:09 INFO  : 'ps7_post_config' command is executed.
19:08:09 INFO  : Context for processor 'ps7_cortexa9_0' is selected.
19:08:09 INFO  : Processor reset is completed for 'ps7_cortexa9_0'.
19:08:09 INFO  : Context for processor 'ps7_cortexa9_0' is selected.
19:08:09 INFO  : The application 'F:/FPGA/work_space/AD_DA_tran/AD_DA_tran.sdk/Uart_0/Debug/Uart_0.elf' is downloaded to processor 'ps7_cortexa9_0'.
19:08:09 INFO  : 'configparams force-mem-access 0' command is executed.
19:08:09 INFO  : ----------------XSDB Script----------------
connect -url tcp:127.0.0.1:3121
source F:/FPGA/work_space/AD_DA_tran/AD_DA_tran.sdk/FFT_OUT_hw_platform_0/ps7_init.tcl
targets -set -nocase -filter {name =~"APU*" && jtag_cable_name =~ "Digilent JTAG-SMT3 210357A7D00EA"} -index 0
loadhw -hw F:/FPGA/work_space/AD_DA_tran/AD_DA_tran.sdk/FFT_OUT_hw_platform_0/system.hdf -mem-ranges [list {0x40000000 0xbfffffff}]
configparams force-mem-access 1
targets -set -nocase -filter {name =~"APU*" && jtag_cable_name =~ "Digilent JTAG-SMT3 210357A7D00EA"} -index 0
stop
ps7_init
ps7_post_config
targets -set -nocase -filter {name =~ "ARM*#0" && jtag_cable_name =~ "Digilent JTAG-SMT3 210357A7D00EA"} -index 0
rst -processor
targets -set -nocase -filter {name =~ "ARM*#0" && jtag_cable_name =~ "Digilent JTAG-SMT3 210357A7D00EA"} -index 0
dow F:/FPGA/work_space/AD_DA_tran/AD_DA_tran.sdk/Uart_0/Debug/Uart_0.elf
configparams force-mem-access 0
----------------End of Script----------------

19:08:09 INFO  : Memory regions updated for context APU
19:08:09 INFO  : Context for processor 'ps7_cortexa9_0' is selected.
19:08:09 INFO  : 'con' command is executed.
19:08:09 INFO  : ----------------XSDB Script (After Launch)----------------
targets -set -nocase -filter {name =~ "ARM*#0" && jtag_cable_name =~ "Digilent JTAG-SMT3 210357A7D00EA"} -index 0
con
----------------End of Script----------------

19:08:09 INFO  : Launch script is exported to file 'F:\FPGA\work_space\AD_DA_tran\AD_DA_tran.sdk\.sdk\launch_scripts\xilinx_c-c++_application_(system_debugger)\system_debugger_using_debug_uart_0.elf_on_local.tcl'
19:19:13 INFO  : Disconnected from the channel tcfchan#3.
19:19:14 INFO  : 'targets -set -filter {jtag_cable_name =~ "Digilent JTAG-SMT3 210357A7D00EA" && level==0} -index 1' command is executed.
19:19:14 INFO  : 'fpga -state' command is executed.
19:19:14 INFO  : Connected to target on host '127.0.0.1' and port '3121'.
19:19:14 INFO  : Jtag cable 'Digilent JTAG-SMT3 210357A7D00EA' is selected.
19:19:14 INFO  : 'jtag frequency' command is executed.
19:19:14 INFO  : Sourcing of 'F:/FPGA/work_space/AD_DA_tran/AD_DA_tran.sdk/FFT_OUT_hw_platform_0/ps7_init.tcl' is done.
19:19:14 INFO  : Context for 'APU' is selected.
19:19:15 INFO  : Hardware design information is loaded from 'F:/FPGA/work_space/AD_DA_tran/AD_DA_tran.sdk/FFT_OUT_hw_platform_0/system.hdf'.
19:19:15 INFO  : 'configparams force-mem-access 1' command is executed.
19:19:15 INFO  : Context for 'APU' is selected.
19:19:15 INFO  : 'stop' command is executed.
19:19:15 INFO  : 'ps7_init' command is executed.
19:19:15 INFO  : 'ps7_post_config' command is executed.
19:19:15 INFO  : Context for processor 'ps7_cortexa9_0' is selected.
19:19:15 INFO  : Processor reset is completed for 'ps7_cortexa9_0'.
19:19:15 INFO  : Context for processor 'ps7_cortexa9_0' is selected.
19:19:16 INFO  : The application 'F:/FPGA/work_space/AD_DA_tran/AD_DA_tran.sdk/Uart_0/Debug/Uart_0.elf' is downloaded to processor 'ps7_cortexa9_0'.
19:19:16 INFO  : 'configparams force-mem-access 0' command is executed.
19:19:16 INFO  : ----------------XSDB Script----------------
connect -url tcp:127.0.0.1:3121
source F:/FPGA/work_space/AD_DA_tran/AD_DA_tran.sdk/FFT_OUT_hw_platform_0/ps7_init.tcl
targets -set -nocase -filter {name =~"APU*" && jtag_cable_name =~ "Digilent JTAG-SMT3 210357A7D00EA"} -index 0
loadhw -hw F:/FPGA/work_space/AD_DA_tran/AD_DA_tran.sdk/FFT_OUT_hw_platform_0/system.hdf -mem-ranges [list {0x40000000 0xbfffffff}]
configparams force-mem-access 1
targets -set -nocase -filter {name =~"APU*" && jtag_cable_name =~ "Digilent JTAG-SMT3 210357A7D00EA"} -index 0
stop
ps7_init
ps7_post_config
targets -set -nocase -filter {name =~ "ARM*#0" && jtag_cable_name =~ "Digilent JTAG-SMT3 210357A7D00EA"} -index 0
rst -processor
targets -set -nocase -filter {name =~ "ARM*#0" && jtag_cable_name =~ "Digilent JTAG-SMT3 210357A7D00EA"} -index 0
dow F:/FPGA/work_space/AD_DA_tran/AD_DA_tran.sdk/Uart_0/Debug/Uart_0.elf
configparams force-mem-access 0
----------------End of Script----------------

19:19:16 INFO  : Memory regions updated for context APU
19:19:16 INFO  : Context for processor 'ps7_cortexa9_0' is selected.
19:19:16 INFO  : 'con' command is executed.
19:19:16 INFO  : ----------------XSDB Script (After Launch)----------------
targets -set -nocase -filter {name =~ "ARM*#0" && jtag_cable_name =~ "Digilent JTAG-SMT3 210357A7D00EA"} -index 0
con
----------------End of Script----------------

19:19:16 INFO  : Launch script is exported to file 'F:\FPGA\work_space\AD_DA_tran\AD_DA_tran.sdk\.sdk\launch_scripts\xilinx_c-c++_application_(system_debugger)\system_debugger_using_debug_uart_0.elf_on_local.tcl'
19:24:01 INFO  : Disconnected from the channel tcfchan#4.
19:24:02 INFO  : 'targets -set -filter {jtag_cable_name =~ "Digilent JTAG-SMT3 210357A7D00EA" && level==0} -index 1' command is executed.
19:24:02 INFO  : 'fpga -state' command is executed.
19:24:02 INFO  : Connected to target on host '127.0.0.1' and port '3121'.
19:24:02 INFO  : Jtag cable 'Digilent JTAG-SMT3 210357A7D00EA' is selected.
19:24:02 INFO  : 'jtag frequency' command is executed.
19:24:02 INFO  : Sourcing of 'F:/FPGA/work_space/AD_DA_tran/AD_DA_tran.sdk/FFT_OUT_hw_platform_0/ps7_init.tcl' is done.
19:24:02 INFO  : Context for 'APU' is selected.
19:24:04 INFO  : Hardware design information is loaded from 'F:/FPGA/work_space/AD_DA_tran/AD_DA_tran.sdk/FFT_OUT_hw_platform_0/system.hdf'.
19:24:04 INFO  : 'configparams force-mem-access 1' command is executed.
19:24:04 INFO  : Context for 'APU' is selected.
19:24:04 INFO  : 'stop' command is executed.
19:24:04 INFO  : 'ps7_init' command is executed.
19:24:04 INFO  : 'ps7_post_config' command is executed.
19:24:04 INFO  : Context for processor 'ps7_cortexa9_0' is selected.
19:24:04 INFO  : Processor reset is completed for 'ps7_cortexa9_0'.
19:24:04 INFO  : Context for processor 'ps7_cortexa9_0' is selected.
19:24:04 INFO  : The application 'F:/FPGA/work_space/AD_DA_tran/AD_DA_tran.sdk/Uart_0/Debug/Uart_0.elf' is downloaded to processor 'ps7_cortexa9_0'.
19:24:04 INFO  : 'configparams force-mem-access 0' command is executed.
19:24:04 INFO  : ----------------XSDB Script----------------
connect -url tcp:127.0.0.1:3121
source F:/FPGA/work_space/AD_DA_tran/AD_DA_tran.sdk/FFT_OUT_hw_platform_0/ps7_init.tcl
targets -set -nocase -filter {name =~"APU*" && jtag_cable_name =~ "Digilent JTAG-SMT3 210357A7D00EA"} -index 0
loadhw -hw F:/FPGA/work_space/AD_DA_tran/AD_DA_tran.sdk/FFT_OUT_hw_platform_0/system.hdf -mem-ranges [list {0x40000000 0xbfffffff}]
configparams force-mem-access 1
targets -set -nocase -filter {name =~"APU*" && jtag_cable_name =~ "Digilent JTAG-SMT3 210357A7D00EA"} -index 0
stop
ps7_init
ps7_post_config
targets -set -nocase -filter {name =~ "ARM*#0" && jtag_cable_name =~ "Digilent JTAG-SMT3 210357A7D00EA"} -index 0
rst -processor
targets -set -nocase -filter {name =~ "ARM*#0" && jtag_cable_name =~ "Digilent JTAG-SMT3 210357A7D00EA"} -index 0
dow F:/FPGA/work_space/AD_DA_tran/AD_DA_tran.sdk/Uart_0/Debug/Uart_0.elf
configparams force-mem-access 0
----------------End of Script----------------

19:24:04 INFO  : Memory regions updated for context APU
19:24:04 INFO  : Context for processor 'ps7_cortexa9_0' is selected.
19:24:04 INFO  : 'con' command is executed.
19:24:04 INFO  : ----------------XSDB Script (After Launch)----------------
targets -set -nocase -filter {name =~ "ARM*#0" && jtag_cable_name =~ "Digilent JTAG-SMT3 210357A7D00EA"} -index 0
con
----------------End of Script----------------

19:24:04 INFO  : Launch script is exported to file 'F:\FPGA\work_space\AD_DA_tran\AD_DA_tran.sdk\.sdk\launch_scripts\xilinx_c-c++_application_(system_debugger)\system_debugger_using_debug_uart_0.elf_on_local.tcl'
19:30:30 INFO  : Disconnected from the channel tcfchan#5.
19:30:31 INFO  : 'targets -set -filter {jtag_cable_name =~ "Digilent JTAG-SMT3 210357A7D00EA" && level==0} -index 1' command is executed.
19:30:31 INFO  : 'fpga -state' command is executed.
19:30:31 INFO  : Connected to target on host '127.0.0.1' and port '3121'.
19:30:31 INFO  : Jtag cable 'Digilent JTAG-SMT3 210357A7D00EA' is selected.
19:30:31 INFO  : 'jtag frequency' command is executed.
19:30:31 INFO  : Sourcing of 'F:/FPGA/work_space/AD_DA_tran/AD_DA_tran.sdk/FFT_OUT_hw_platform_0/ps7_init.tcl' is done.
19:30:31 INFO  : Context for 'APU' is selected.
19:30:32 INFO  : Hardware design information is loaded from 'F:/FPGA/work_space/AD_DA_tran/AD_DA_tran.sdk/FFT_OUT_hw_platform_0/system.hdf'.
19:30:32 INFO  : 'configparams force-mem-access 1' command is executed.
19:30:32 INFO  : Context for 'APU' is selected.
19:30:32 INFO  : 'stop' command is executed.
19:30:32 INFO  : 'ps7_init' command is executed.
19:30:32 INFO  : 'ps7_post_config' command is executed.
19:30:32 INFO  : Context for processor 'ps7_cortexa9_0' is selected.
19:30:32 INFO  : Processor reset is completed for 'ps7_cortexa9_0'.
19:30:32 INFO  : Context for processor 'ps7_cortexa9_0' is selected.
19:30:32 INFO  : The application 'F:/FPGA/work_space/AD_DA_tran/AD_DA_tran.sdk/Uart_0/Debug/Uart_0.elf' is downloaded to processor 'ps7_cortexa9_0'.
19:30:32 INFO  : 'configparams force-mem-access 0' command is executed.
19:30:32 INFO  : ----------------XSDB Script----------------
connect -url tcp:127.0.0.1:3121
source F:/FPGA/work_space/AD_DA_tran/AD_DA_tran.sdk/FFT_OUT_hw_platform_0/ps7_init.tcl
targets -set -nocase -filter {name =~"APU*" && jtag_cable_name =~ "Digilent JTAG-SMT3 210357A7D00EA"} -index 0
loadhw -hw F:/FPGA/work_space/AD_DA_tran/AD_DA_tran.sdk/FFT_OUT_hw_platform_0/system.hdf -mem-ranges [list {0x40000000 0xbfffffff}]
configparams force-mem-access 1
targets -set -nocase -filter {name =~"APU*" && jtag_cable_name =~ "Digilent JTAG-SMT3 210357A7D00EA"} -index 0
stop
ps7_init
ps7_post_config
targets -set -nocase -filter {name =~ "ARM*#0" && jtag_cable_name =~ "Digilent JTAG-SMT3 210357A7D00EA"} -index 0
rst -processor
targets -set -nocase -filter {name =~ "ARM*#0" && jtag_cable_name =~ "Digilent JTAG-SMT3 210357A7D00EA"} -index 0
dow F:/FPGA/work_space/AD_DA_tran/AD_DA_tran.sdk/Uart_0/Debug/Uart_0.elf
configparams force-mem-access 0
----------------End of Script----------------

19:30:32 INFO  : Memory regions updated for context APU
19:30:32 INFO  : Context for processor 'ps7_cortexa9_0' is selected.
19:30:32 INFO  : 'con' command is executed.
19:30:32 INFO  : ----------------XSDB Script (After Launch)----------------
targets -set -nocase -filter {name =~ "ARM*#0" && jtag_cable_name =~ "Digilent JTAG-SMT3 210357A7D00EA"} -index 0
con
----------------End of Script----------------

19:30:32 INFO  : Launch script is exported to file 'F:\FPGA\work_space\AD_DA_tran\AD_DA_tran.sdk\.sdk\launch_scripts\xilinx_c-c++_application_(system_debugger)\system_debugger_using_debug_uart_0.elf_on_local.tcl'
01:13:06 INFO  : Launching XSCT server: xsct.bat -interactive F:\FPGA\work_space\AD_DA_tran\AD_DA_tran.sdk\temp_xsdb_launch_script.tcl
09:07:20 INFO  : Registering command handlers for SDK TCF services
09:07:20 INFO  : Launching XSCT server: xsct.bat -interactive F:\FPGA\work_space\AD_DA_tran\AD_DA_tran.sdk\temp_xsdb_launch_script.tcl
09:07:23 INFO  : XSCT server has started successfully.
09:07:31 INFO  : Successfully done setting XSCT server connection channel  
09:07:31 INFO  : Successfully done setting SDK workspace  
09:07:31 INFO  : Processing command line option -hwspec F:/FPGA/work_space/AD_DA_tran/AD_DA_tran.sdk/FFT_OUT.hdf.
09:07:31 INFO  : Checking for hwspec changes in the project FFT_OUT_hw_platform_0.
09:07:35 INFO  : 'targets -set -filter {jtag_cable_name =~ "Digilent JTAG-SMT3 210357A7D00EA" && level==0} -index 1' command is executed.
09:07:35 INFO  : 'fpga -state' command is executed.
09:07:35 INFO  : Connected to target on host '127.0.0.1' and port '3121'.
09:07:36 INFO  : Jtag cable 'Digilent JTAG-SMT3 210357A7D00EA' is selected.
09:07:36 INFO  : 'jtag frequency' command is executed.
09:07:36 INFO  : Sourcing of 'F:/FPGA/work_space/AD_DA_tran/AD_DA_tran.sdk/FFT_OUT_hw_platform_0/ps7_init.tcl' is done.
09:07:36 INFO  : Context for 'APU' is selected.
09:07:36 INFO  : Hardware design information is loaded from 'F:/FPGA/work_space/AD_DA_tran/AD_DA_tran.sdk/FFT_OUT_hw_platform_0/system.hdf'.
09:07:36 INFO  : 'configparams force-mem-access 1' command is executed.
09:07:36 INFO  : Context for 'APU' is selected.
09:07:36 INFO  : 'stop' command is executed.
09:07:36 INFO  : 'ps7_init' command is executed.
09:07:36 INFO  : 'ps7_post_config' command is executed.
09:07:36 INFO  : Context for processor 'ps7_cortexa9_0' is selected.
09:07:36 INFO  : Processor reset is completed for 'ps7_cortexa9_0'.
09:07:36 INFO  : Context for processor 'ps7_cortexa9_0' is selected.
09:07:36 INFO  : The application 'F:/FPGA/work_space/AD_DA_tran/AD_DA_tran.sdk/Uart_0/Debug/Uart_0.elf' is downloaded to processor 'ps7_cortexa9_0'.
09:07:36 INFO  : 'configparams force-mem-access 0' command is executed.
09:07:36 INFO  : ----------------XSDB Script----------------
connect -url tcp:127.0.0.1:3121
source F:/FPGA/work_space/AD_DA_tran/AD_DA_tran.sdk/FFT_OUT_hw_platform_0/ps7_init.tcl
targets -set -nocase -filter {name =~"APU*" && jtag_cable_name =~ "Digilent JTAG-SMT3 210357A7D00EA"} -index 0
loadhw -hw F:/FPGA/work_space/AD_DA_tran/AD_DA_tran.sdk/FFT_OUT_hw_platform_0/system.hdf -mem-ranges [list {0x40000000 0xbfffffff}]
configparams force-mem-access 1
targets -set -nocase -filter {name =~"APU*" && jtag_cable_name =~ "Digilent JTAG-SMT3 210357A7D00EA"} -index 0
stop
ps7_init
ps7_post_config
targets -set -nocase -filter {name =~ "ARM*#0" && jtag_cable_name =~ "Digilent JTAG-SMT3 210357A7D00EA"} -index 0
rst -processor
targets -set -nocase -filter {name =~ "ARM*#0" && jtag_cable_name =~ "Digilent JTAG-SMT3 210357A7D00EA"} -index 0
dow F:/FPGA/work_space/AD_DA_tran/AD_DA_tran.sdk/Uart_0/Debug/Uart_0.elf
configparams force-mem-access 0
----------------End of Script----------------

09:07:36 INFO  : Memory regions updated for context APU
09:07:36 INFO  : Context for processor 'ps7_cortexa9_0' is selected.
09:07:36 INFO  : 'con' command is executed.
09:07:36 INFO  : ----------------XSDB Script (After Launch)----------------
targets -set -nocase -filter {name =~ "ARM*#0" && jtag_cable_name =~ "Digilent JTAG-SMT3 210357A7D00EA"} -index 0
con
----------------End of Script----------------

09:07:36 INFO  : Launch script is exported to file 'F:\FPGA\work_space\AD_DA_tran\AD_DA_tran.sdk\.sdk\launch_scripts\xilinx_c-c++_application_(system_debugger)\system_debugger_using_debug_uart_0.elf_on_local.tcl'
09:22:07 INFO  : Disconnected from the channel tcfchan#1.
08:38:44 INFO  : Registering command handlers for SDK TCF services
08:38:45 INFO  : Launching XSCT server: xsct.bat -interactive F:\FPGA\work_space\AD_DA_tran\AD_DA_tran.sdk\temp_xsdb_launch_script.tcl
08:38:48 INFO  : XSCT server has started successfully.
08:38:52 INFO  : Successfully done setting XSCT server connection channel  
08:38:52 INFO  : Successfully done setting SDK workspace  
08:38:52 INFO  : Processing command line option -hwspec F:/FPGA/work_space/AD_DA_tran/AD_DA_tran.sdk/FFT_OUT.hdf.
08:38:52 INFO  : Checking for hwspec changes in the project FFT_OUT_hw_platform_0.
08:39:24 INFO  : 'targets -set -filter {jtag_cable_name =~ "Digilent JTAG-SMT3 210357A7D00EA" && level==0} -index 1' command is executed.
08:39:24 INFO  : 'fpga -state' command is executed.
08:39:24 INFO  : Connected to target on host '127.0.0.1' and port '3121'.
08:39:24 INFO  : Jtag cable 'Digilent JTAG-SMT3 210357A7D00EA' is selected.
08:39:24 INFO  : 'jtag frequency' command is executed.
08:39:24 INFO  : Sourcing of 'F:/FPGA/work_space/AD_DA_tran/AD_DA_tran.sdk/FFT_OUT_hw_platform_0/ps7_init.tcl' is done.
08:39:24 INFO  : Context for 'APU' is selected.
08:39:24 INFO  : Hardware design information is loaded from 'F:/FPGA/work_space/AD_DA_tran/AD_DA_tran.sdk/FFT_OUT_hw_platform_0/system.hdf'.
08:39:24 INFO  : 'configparams force-mem-access 1' command is executed.
08:39:24 INFO  : Context for 'APU' is selected.
08:39:24 INFO  : 'stop' command is executed.
08:39:25 INFO  : 'ps7_init' command is executed.
08:39:25 INFO  : 'ps7_post_config' command is executed.
08:39:25 INFO  : Context for processor 'ps7_cortexa9_0' is selected.
08:39:25 INFO  : Processor reset is completed for 'ps7_cortexa9_0'.
08:39:25 INFO  : Context for processor 'ps7_cortexa9_0' is selected.
08:39:25 INFO  : The application 'F:/FPGA/work_space/AD_DA_tran/AD_DA_tran.sdk/Uart_0/Debug/Uart_0.elf' is downloaded to processor 'ps7_cortexa9_0'.
08:39:25 INFO  : 'configparams force-mem-access 0' command is executed.
08:39:25 INFO  : ----------------XSDB Script----------------
connect -url tcp:127.0.0.1:3121
source F:/FPGA/work_space/AD_DA_tran/AD_DA_tran.sdk/FFT_OUT_hw_platform_0/ps7_init.tcl
targets -set -nocase -filter {name =~"APU*" && jtag_cable_name =~ "Digilent JTAG-SMT3 210357A7D00EA"} -index 0
loadhw -hw F:/FPGA/work_space/AD_DA_tran/AD_DA_tran.sdk/FFT_OUT_hw_platform_0/system.hdf -mem-ranges [list {0x40000000 0xbfffffff}]
configparams force-mem-access 1
targets -set -nocase -filter {name =~"APU*" && jtag_cable_name =~ "Digilent JTAG-SMT3 210357A7D00EA"} -index 0
stop
ps7_init
ps7_post_config
targets -set -nocase -filter {name =~ "ARM*#0" && jtag_cable_name =~ "Digilent JTAG-SMT3 210357A7D00EA"} -index 0
rst -processor
targets -set -nocase -filter {name =~ "ARM*#0" && jtag_cable_name =~ "Digilent JTAG-SMT3 210357A7D00EA"} -index 0
dow F:/FPGA/work_space/AD_DA_tran/AD_DA_tran.sdk/Uart_0/Debug/Uart_0.elf
configparams force-mem-access 0
----------------End of Script----------------

08:39:25 INFO  : Memory regions updated for context APU
08:39:25 INFO  : Context for processor 'ps7_cortexa9_0' is selected.
08:39:25 INFO  : 'con' command is executed.
08:39:25 INFO  : ----------------XSDB Script (After Launch)----------------
targets -set -nocase -filter {name =~ "ARM*#0" && jtag_cable_name =~ "Digilent JTAG-SMT3 210357A7D00EA"} -index 0
con
----------------End of Script----------------

08:39:25 INFO  : Launch script is exported to file 'F:\FPGA\work_space\AD_DA_tran\AD_DA_tran.sdk\.sdk\launch_scripts\xilinx_c-c++_application_(system_debugger)\system_debugger_using_debug_uart_0.elf_on_local.tcl'
08:54:15 INFO  : Disconnected from the channel tcfchan#1.
08:54:17 INFO  : 'targets -set -filter {jtag_cable_name =~ "Digilent JTAG-SMT3 210357A7D00EA" && level==0} -index 1' command is executed.
08:54:17 INFO  : 'fpga -state' command is executed.
08:54:17 INFO  : Connected to target on host '127.0.0.1' and port '3121'.
08:54:18 INFO  : Jtag cable 'Digilent JTAG-SMT3 210357A7D00EA' is selected.
08:54:18 INFO  : 'jtag frequency' command is executed.
08:54:18 INFO  : Sourcing of 'F:/FPGA/work_space/AD_DA_tran/AD_DA_tran.sdk/FFT_OUT_hw_platform_0/ps7_init.tcl' is done.
08:54:18 INFO  : Context for 'APU' is selected.
08:54:32 INFO  : Hardware design information is loaded from 'F:/FPGA/work_space/AD_DA_tran/AD_DA_tran.sdk/FFT_OUT_hw_platform_0/system.hdf'.
08:54:32 INFO  : 'configparams force-mem-access 1' command is executed.
08:54:32 INFO  : Context for 'APU' is selected.
08:54:32 INFO  : 'stop' command is executed.
08:54:33 INFO  : 'ps7_init' command is executed.
08:54:33 INFO  : 'ps7_post_config' command is executed.
08:54:34 INFO  : Context for processor 'ps7_cortexa9_0' is selected.
08:54:34 INFO  : Processor reset is completed for 'ps7_cortexa9_0'.
08:54:34 INFO  : Context for processor 'ps7_cortexa9_0' is selected.
08:54:34 INFO  : The application 'F:/FPGA/work_space/AD_DA_tran/AD_DA_tran.sdk/Uart_0/Debug/Uart_0.elf' is downloaded to processor 'ps7_cortexa9_0'.
08:54:34 INFO  : 'configparams force-mem-access 0' command is executed.
08:54:34 INFO  : ----------------XSDB Script----------------
connect -url tcp:127.0.0.1:3121
source F:/FPGA/work_space/AD_DA_tran/AD_DA_tran.sdk/FFT_OUT_hw_platform_0/ps7_init.tcl
targets -set -nocase -filter {name =~"APU*" && jtag_cable_name =~ "Digilent JTAG-SMT3 210357A7D00EA"} -index 0
loadhw -hw F:/FPGA/work_space/AD_DA_tran/AD_DA_tran.sdk/FFT_OUT_hw_platform_0/system.hdf -mem-ranges [list {0x40000000 0xbfffffff}]
configparams force-mem-access 1
targets -set -nocase -filter {name =~"APU*" && jtag_cable_name =~ "Digilent JTAG-SMT3 210357A7D00EA"} -index 0
stop
ps7_init
ps7_post_config
targets -set -nocase -filter {name =~ "ARM*#0" && jtag_cable_name =~ "Digilent JTAG-SMT3 210357A7D00EA"} -index 0
rst -processor
targets -set -nocase -filter {name =~ "ARM*#0" && jtag_cable_name =~ "Digilent JTAG-SMT3 210357A7D00EA"} -index 0
dow F:/FPGA/work_space/AD_DA_tran/AD_DA_tran.sdk/Uart_0/Debug/Uart_0.elf
configparams force-mem-access 0
----------------End of Script----------------

08:54:35 INFO  : Memory regions updated for context APU
08:54:35 INFO  : Context for processor 'ps7_cortexa9_0' is selected.
08:54:35 INFO  : 'con' command is executed.
08:54:35 INFO  : ----------------XSDB Script (After Launch)----------------
targets -set -nocase -filter {name =~ "ARM*#0" && jtag_cable_name =~ "Digilent JTAG-SMT3 210357A7D00EA"} -index 0
con
----------------End of Script----------------

08:54:35 INFO  : Launch script is exported to file 'F:\FPGA\work_space\AD_DA_tran\AD_DA_tran.sdk\.sdk\launch_scripts\xilinx_c-c++_application_(system_debugger)\system_debugger_using_debug_uart_0.elf_on_local.tcl'
08:55:15 INFO  : Disconnected from the channel tcfchan#2.
08:55:17 INFO  : 'targets -set -filter {jtag_cable_name =~ "Digilent JTAG-SMT3 210357A7D00EA" && level==0} -index 1' command is executed.
08:55:17 INFO  : 'fpga -state' command is executed.
08:55:17 INFO  : Connected to target on host '127.0.0.1' and port '3121'.
08:55:18 INFO  : Jtag cable 'Digilent JTAG-SMT3 210357A7D00EA' is selected.
08:55:18 INFO  : 'jtag frequency' command is executed.
08:55:18 INFO  : Sourcing of 'F:/FPGA/work_space/AD_DA_tran/AD_DA_tran.sdk/FFT_OUT_hw_platform_0/ps7_init.tcl' is done.
08:55:18 INFO  : Context for 'APU' is selected.
08:55:25 INFO  : Hardware design information is loaded from 'F:/FPGA/work_space/AD_DA_tran/AD_DA_tran.sdk/FFT_OUT_hw_platform_0/system.hdf'.
08:55:25 INFO  : 'configparams force-mem-access 1' command is executed.
08:55:25 INFO  : Context for 'APU' is selected.
08:55:25 INFO  : 'stop' command is executed.
08:55:27 INFO  : 'ps7_init' command is executed.
08:55:27 INFO  : 'ps7_post_config' command is executed.
08:55:27 INFO  : Context for processor 'ps7_cortexa9_0' is selected.
08:55:27 INFO  : Processor reset is completed for 'ps7_cortexa9_0'.
08:55:28 INFO  : Context for processor 'ps7_cortexa9_0' is selected.
08:55:28 INFO  : The application 'F:/FPGA/work_space/AD_DA_tran/AD_DA_tran.sdk/Uart_0/Debug/Uart_0.elf' is downloaded to processor 'ps7_cortexa9_0'.
08:55:28 INFO  : 'configparams force-mem-access 0' command is executed.
08:55:28 INFO  : ----------------XSDB Script----------------
connect -url tcp:127.0.0.1:3121
source F:/FPGA/work_space/AD_DA_tran/AD_DA_tran.sdk/FFT_OUT_hw_platform_0/ps7_init.tcl
targets -set -nocase -filter {name =~"APU*" && jtag_cable_name =~ "Digilent JTAG-SMT3 210357A7D00EA"} -index 0
loadhw -hw F:/FPGA/work_space/AD_DA_tran/AD_DA_tran.sdk/FFT_OUT_hw_platform_0/system.hdf -mem-ranges [list {0x40000000 0xbfffffff}]
configparams force-mem-access 1
targets -set -nocase -filter {name =~"APU*" && jtag_cable_name =~ "Digilent JTAG-SMT3 210357A7D00EA"} -index 0
stop
ps7_init
ps7_post_config
targets -set -nocase -filter {name =~ "ARM*#0" && jtag_cable_name =~ "Digilent JTAG-SMT3 210357A7D00EA"} -index 0
rst -processor
targets -set -nocase -filter {name =~ "ARM*#0" && jtag_cable_name =~ "Digilent JTAG-SMT3 210357A7D00EA"} -index 0
dow F:/FPGA/work_space/AD_DA_tran/AD_DA_tran.sdk/Uart_0/Debug/Uart_0.elf
configparams force-mem-access 0
----------------End of Script----------------

08:55:29 INFO  : Memory regions updated for context APU
08:55:29 INFO  : Context for processor 'ps7_cortexa9_0' is selected.
08:55:29 INFO  : 'con' command is executed.
08:55:29 INFO  : ----------------XSDB Script (After Launch)----------------
targets -set -nocase -filter {name =~ "ARM*#0" && jtag_cable_name =~ "Digilent JTAG-SMT3 210357A7D00EA"} -index 0
con
----------------End of Script----------------

08:55:29 INFO  : Launch script is exported to file 'F:\FPGA\work_space\AD_DA_tran\AD_DA_tran.sdk\.sdk\launch_scripts\xilinx_c-c++_application_(system_debugger)\system_debugger_using_debug_uart_0.elf_on_local.tcl'
08:57:05 INFO  : Disconnected from the channel tcfchan#3.
08:57:07 INFO  : 'targets -set -filter {jtag_cable_name =~ "Digilent JTAG-SMT3 210357A7D00EA" && level==0} -index 1' command is executed.
08:57:07 INFO  : 'fpga -state' command is executed.
08:57:07 INFO  : Connected to target on host '127.0.0.1' and port '3121'.
08:57:08 INFO  : Jtag cable 'Digilent JTAG-SMT3 210357A7D00EA' is selected.
08:57:08 INFO  : 'jtag frequency' command is executed.
08:57:08 INFO  : Sourcing of 'F:/FPGA/work_space/AD_DA_tran/AD_DA_tran.sdk/FFT_OUT_hw_platform_0/ps7_init.tcl' is done.
08:57:08 INFO  : Context for 'APU' is selected.
08:57:16 INFO  : Hardware design information is loaded from 'F:/FPGA/work_space/AD_DA_tran/AD_DA_tran.sdk/FFT_OUT_hw_platform_0/system.hdf'.
08:57:16 INFO  : 'configparams force-mem-access 1' command is executed.
08:57:16 INFO  : Context for 'APU' is selected.
08:57:16 INFO  : 'stop' command is executed.
08:57:18 INFO  : 'ps7_init' command is executed.
08:57:18 INFO  : 'ps7_post_config' command is executed.
08:57:18 INFO  : Context for processor 'ps7_cortexa9_0' is selected.
08:57:19 INFO  : Processor reset is completed for 'ps7_cortexa9_0'.
08:57:19 INFO  : Context for processor 'ps7_cortexa9_0' is selected.
08:57:19 INFO  : The application 'F:/FPGA/work_space/AD_DA_tran/AD_DA_tran.sdk/Uart_0/Debug/Uart_0.elf' is downloaded to processor 'ps7_cortexa9_0'.
08:57:19 INFO  : 'configparams force-mem-access 0' command is executed.
08:57:19 INFO  : ----------------XSDB Script----------------
connect -url tcp:127.0.0.1:3121
source F:/FPGA/work_space/AD_DA_tran/AD_DA_tran.sdk/FFT_OUT_hw_platform_0/ps7_init.tcl
targets -set -nocase -filter {name =~"APU*" && jtag_cable_name =~ "Digilent JTAG-SMT3 210357A7D00EA"} -index 0
loadhw -hw F:/FPGA/work_space/AD_DA_tran/AD_DA_tran.sdk/FFT_OUT_hw_platform_0/system.hdf -mem-ranges [list {0x40000000 0xbfffffff}]
configparams force-mem-access 1
targets -set -nocase -filter {name =~"APU*" && jtag_cable_name =~ "Digilent JTAG-SMT3 210357A7D00EA"} -index 0
stop
ps7_init
ps7_post_config
targets -set -nocase -filter {name =~ "ARM*#0" && jtag_cable_name =~ "Digilent JTAG-SMT3 210357A7D00EA"} -index 0
rst -processor
targets -set -nocase -filter {name =~ "ARM*#0" && jtag_cable_name =~ "Digilent JTAG-SMT3 210357A7D00EA"} -index 0
dow F:/FPGA/work_space/AD_DA_tran/AD_DA_tran.sdk/Uart_0/Debug/Uart_0.elf
configparams force-mem-access 0
----------------End of Script----------------

08:57:20 INFO  : Memory regions updated for context APU
08:57:20 INFO  : Context for processor 'ps7_cortexa9_0' is selected.
08:57:20 INFO  : 'con' command is executed.
08:57:20 INFO  : ----------------XSDB Script (After Launch)----------------
targets -set -nocase -filter {name =~ "ARM*#0" && jtag_cable_name =~ "Digilent JTAG-SMT3 210357A7D00EA"} -index 0
con
----------------End of Script----------------

08:57:20 INFO  : Launch script is exported to file 'F:\FPGA\work_space\AD_DA_tran\AD_DA_tran.sdk\.sdk\launch_scripts\xilinx_c-c++_application_(system_debugger)\system_debugger_using_debug_uart_0.elf_on_local.tcl'
09:51:50 INFO  : Disconnected from the channel tcfchan#4.
09:51:51 INFO  : 'targets -set -filter {jtag_cable_name =~ "Digilent JTAG-SMT3 210357A7D00EA" && level==0} -index 1' command is executed.
09:51:51 INFO  : 'fpga -state' command is executed.
09:51:51 INFO  : Connected to target on host '127.0.0.1' and port '3121'.
09:51:51 INFO  : Jtag cable 'Digilent JTAG-SMT3 210357A7D00EA' is selected.
09:51:51 INFO  : 'jtag frequency' command is executed.
09:51:51 INFO  : Sourcing of 'F:/FPGA/work_space/AD_DA_tran/AD_DA_tran.sdk/FFT_OUT_hw_platform_0/ps7_init.tcl' is done.
09:51:51 INFO  : Context for 'APU' is selected.
09:51:52 INFO  : Hardware design information is loaded from 'F:/FPGA/work_space/AD_DA_tran/AD_DA_tran.sdk/FFT_OUT_hw_platform_0/system.hdf'.
09:51:52 INFO  : 'configparams force-mem-access 1' command is executed.
09:51:52 INFO  : Context for 'APU' is selected.
09:51:52 INFO  : 'stop' command is executed.
09:51:52 INFO  : 'ps7_init' command is executed.
09:51:52 INFO  : 'ps7_post_config' command is executed.
09:51:52 INFO  : Context for processor 'ps7_cortexa9_0' is selected.
09:51:52 INFO  : Processor reset is completed for 'ps7_cortexa9_0'.
09:51:52 INFO  : Context for processor 'ps7_cortexa9_0' is selected.
09:51:52 INFO  : The application 'F:/FPGA/work_space/AD_DA_tran/AD_DA_tran.sdk/Uart_0/Debug/Uart_0.elf' is downloaded to processor 'ps7_cortexa9_0'.
09:51:52 INFO  : 'configparams force-mem-access 0' command is executed.
09:51:52 INFO  : ----------------XSDB Script----------------
connect -url tcp:127.0.0.1:3121
source F:/FPGA/work_space/AD_DA_tran/AD_DA_tran.sdk/FFT_OUT_hw_platform_0/ps7_init.tcl
targets -set -nocase -filter {name =~"APU*" && jtag_cable_name =~ "Digilent JTAG-SMT3 210357A7D00EA"} -index 0
loadhw -hw F:/FPGA/work_space/AD_DA_tran/AD_DA_tran.sdk/FFT_OUT_hw_platform_0/system.hdf -mem-ranges [list {0x40000000 0xbfffffff}]
configparams force-mem-access 1
targets -set -nocase -filter {name =~"APU*" && jtag_cable_name =~ "Digilent JTAG-SMT3 210357A7D00EA"} -index 0
stop
ps7_init
ps7_post_config
targets -set -nocase -filter {name =~ "ARM*#0" && jtag_cable_name =~ "Digilent JTAG-SMT3 210357A7D00EA"} -index 0
rst -processor
targets -set -nocase -filter {name =~ "ARM*#0" && jtag_cable_name =~ "Digilent JTAG-SMT3 210357A7D00EA"} -index 0
dow F:/FPGA/work_space/AD_DA_tran/AD_DA_tran.sdk/Uart_0/Debug/Uart_0.elf
configparams force-mem-access 0
----------------End of Script----------------

09:51:52 INFO  : Memory regions updated for context APU
09:51:52 INFO  : Context for processor 'ps7_cortexa9_0' is selected.
09:51:52 INFO  : 'con' command is executed.
09:51:52 INFO  : ----------------XSDB Script (After Launch)----------------
targets -set -nocase -filter {name =~ "ARM*#0" && jtag_cable_name =~ "Digilent JTAG-SMT3 210357A7D00EA"} -index 0
con
----------------End of Script----------------

09:51:52 INFO  : Launch script is exported to file 'F:\FPGA\work_space\AD_DA_tran\AD_DA_tran.sdk\.sdk\launch_scripts\xilinx_c-c++_application_(system_debugger)\system_debugger_using_debug_uart_0.elf_on_local.tcl'
09:55:22 INFO  : Disconnected from the channel tcfchan#5.
09:55:23 INFO  : 'targets -set -filter {jtag_cable_name =~ "Digilent JTAG-SMT3 210357A7D00EA" && level==0} -index 1' command is executed.
09:55:23 INFO  : 'fpga -state' command is executed.
09:55:23 INFO  : Connected to target on host '127.0.0.1' and port '3121'.
09:55:24 INFO  : Jtag cable 'Digilent JTAG-SMT3 210357A7D00EA' is selected.
09:55:24 INFO  : 'jtag frequency' command is executed.
09:55:24 INFO  : Sourcing of 'F:/FPGA/work_space/AD_DA_tran/AD_DA_tran.sdk/FFT_OUT_hw_platform_0/ps7_init.tcl' is done.
09:55:24 INFO  : Context for 'APU' is selected.
09:55:24 INFO  : Hardware design information is loaded from 'F:/FPGA/work_space/AD_DA_tran/AD_DA_tran.sdk/FFT_OUT_hw_platform_0/system.hdf'.
09:55:24 INFO  : 'configparams force-mem-access 1' command is executed.
09:55:24 INFO  : Context for 'APU' is selected.
09:55:24 INFO  : 'stop' command is executed.
09:55:25 INFO  : 'ps7_init' command is executed.
09:55:25 INFO  : 'ps7_post_config' command is executed.
09:55:25 INFO  : Context for processor 'ps7_cortexa9_0' is selected.
09:55:25 INFO  : Processor reset is completed for 'ps7_cortexa9_0'.
09:55:25 INFO  : Context for processor 'ps7_cortexa9_0' is selected.
09:55:25 INFO  : The application 'F:/FPGA/work_space/AD_DA_tran/AD_DA_tran.sdk/Uart_0/Debug/Uart_0.elf' is downloaded to processor 'ps7_cortexa9_0'.
09:55:25 INFO  : 'configparams force-mem-access 0' command is executed.
09:55:25 INFO  : ----------------XSDB Script----------------
connect -url tcp:127.0.0.1:3121
source F:/FPGA/work_space/AD_DA_tran/AD_DA_tran.sdk/FFT_OUT_hw_platform_0/ps7_init.tcl
targets -set -nocase -filter {name =~"APU*" && jtag_cable_name =~ "Digilent JTAG-SMT3 210357A7D00EA"} -index 0
loadhw -hw F:/FPGA/work_space/AD_DA_tran/AD_DA_tran.sdk/FFT_OUT_hw_platform_0/system.hdf -mem-ranges [list {0x40000000 0xbfffffff}]
configparams force-mem-access 1
targets -set -nocase -filter {name =~"APU*" && jtag_cable_name =~ "Digilent JTAG-SMT3 210357A7D00EA"} -index 0
stop
ps7_init
ps7_post_config
targets -set -nocase -filter {name =~ "ARM*#0" && jtag_cable_name =~ "Digilent JTAG-SMT3 210357A7D00EA"} -index 0
rst -processor
targets -set -nocase -filter {name =~ "ARM*#0" && jtag_cable_name =~ "Digilent JTAG-SMT3 210357A7D00EA"} -index 0
dow F:/FPGA/work_space/AD_DA_tran/AD_DA_tran.sdk/Uart_0/Debug/Uart_0.elf
configparams force-mem-access 0
----------------End of Script----------------

09:55:25 INFO  : Memory regions updated for context APU
09:55:25 INFO  : Context for processor 'ps7_cortexa9_0' is selected.
09:55:25 INFO  : 'con' command is executed.
09:55:25 INFO  : ----------------XSDB Script (After Launch)----------------
targets -set -nocase -filter {name =~ "ARM*#0" && jtag_cable_name =~ "Digilent JTAG-SMT3 210357A7D00EA"} -index 0
con
----------------End of Script----------------

09:55:25 INFO  : Launch script is exported to file 'F:\FPGA\work_space\AD_DA_tran\AD_DA_tran.sdk\.sdk\launch_scripts\xilinx_c-c++_application_(system_debugger)\system_debugger_using_debug_uart_0.elf_on_local.tcl'
09:56:42 INFO  : Disconnected from the channel tcfchan#6.
09:56:43 INFO  : 'targets -set -filter {jtag_cable_name =~ "Digilent JTAG-SMT3 210357A7D00EA" && level==0} -index 1' command is executed.
09:56:43 INFO  : 'fpga -state' command is executed.
09:56:43 INFO  : Connected to target on host '127.0.0.1' and port '3121'.
09:56:43 INFO  : Jtag cable 'Digilent JTAG-SMT3 210357A7D00EA' is selected.
09:56:43 INFO  : 'jtag frequency' command is executed.
09:56:43 INFO  : Sourcing of 'F:/FPGA/work_space/AD_DA_tran/AD_DA_tran.sdk/FFT_OUT_hw_platform_0/ps7_init.tcl' is done.
09:56:43 INFO  : Context for 'APU' is selected.
09:56:44 INFO  : Hardware design information is loaded from 'F:/FPGA/work_space/AD_DA_tran/AD_DA_tran.sdk/FFT_OUT_hw_platform_0/system.hdf'.
09:56:44 INFO  : 'configparams force-mem-access 1' command is executed.
09:56:44 INFO  : Context for 'APU' is selected.
09:56:44 INFO  : 'stop' command is executed.
09:56:44 INFO  : 'ps7_init' command is executed.
09:56:44 INFO  : 'ps7_post_config' command is executed.
09:56:44 INFO  : Context for processor 'ps7_cortexa9_0' is selected.
09:56:45 INFO  : Processor reset is completed for 'ps7_cortexa9_0'.
09:56:45 INFO  : Context for processor 'ps7_cortexa9_0' is selected.
09:56:45 INFO  : The application 'F:/FPGA/work_space/AD_DA_tran/AD_DA_tran.sdk/Uart_0/Debug/Uart_0.elf' is downloaded to processor 'ps7_cortexa9_0'.
09:56:45 INFO  : 'configparams force-mem-access 0' command is executed.
09:56:45 INFO  : ----------------XSDB Script----------------
connect -url tcp:127.0.0.1:3121
source F:/FPGA/work_space/AD_DA_tran/AD_DA_tran.sdk/FFT_OUT_hw_platform_0/ps7_init.tcl
targets -set -nocase -filter {name =~"APU*" && jtag_cable_name =~ "Digilent JTAG-SMT3 210357A7D00EA"} -index 0
loadhw -hw F:/FPGA/work_space/AD_DA_tran/AD_DA_tran.sdk/FFT_OUT_hw_platform_0/system.hdf -mem-ranges [list {0x40000000 0xbfffffff}]
configparams force-mem-access 1
targets -set -nocase -filter {name =~"APU*" && jtag_cable_name =~ "Digilent JTAG-SMT3 210357A7D00EA"} -index 0
stop
ps7_init
ps7_post_config
targets -set -nocase -filter {name =~ "ARM*#0" && jtag_cable_name =~ "Digilent JTAG-SMT3 210357A7D00EA"} -index 0
rst -processor
targets -set -nocase -filter {name =~ "ARM*#0" && jtag_cable_name =~ "Digilent JTAG-SMT3 210357A7D00EA"} -index 0
dow F:/FPGA/work_space/AD_DA_tran/AD_DA_tran.sdk/Uart_0/Debug/Uart_0.elf
configparams force-mem-access 0
----------------End of Script----------------

09:56:45 INFO  : Memory regions updated for context APU
09:56:45 INFO  : Context for processor 'ps7_cortexa9_0' is selected.
09:56:45 INFO  : 'con' command is executed.
09:56:45 INFO  : ----------------XSDB Script (After Launch)----------------
targets -set -nocase -filter {name =~ "ARM*#0" && jtag_cable_name =~ "Digilent JTAG-SMT3 210357A7D00EA"} -index 0
con
----------------End of Script----------------

09:56:45 INFO  : Launch script is exported to file 'F:\FPGA\work_space\AD_DA_tran\AD_DA_tran.sdk\.sdk\launch_scripts\xilinx_c-c++_application_(system_debugger)\system_debugger_using_debug_uart_0.elf_on_local.tcl'
10:09:13 INFO  : Disconnected from the channel tcfchan#7.
10:09:14 INFO  : 'targets -set -filter {jtag_cable_name =~ "Digilent JTAG-SMT3 210357A7D00EA" && level==0} -index 1' command is executed.
10:09:14 INFO  : 'fpga -state' command is executed.
10:09:14 INFO  : Connected to target on host '127.0.0.1' and port '3121'.
10:09:14 INFO  : Jtag cable 'Digilent JTAG-SMT3 210357A7D00EA' is selected.
10:09:14 INFO  : 'jtag frequency' command is executed.
10:09:14 INFO  : Sourcing of 'F:/FPGA/work_space/AD_DA_tran/AD_DA_tran.sdk/FFT_OUT_hw_platform_0/ps7_init.tcl' is done.
10:09:14 INFO  : Context for 'APU' is selected.
10:09:15 INFO  : Hardware design information is loaded from 'F:/FPGA/work_space/AD_DA_tran/AD_DA_tran.sdk/FFT_OUT_hw_platform_0/system.hdf'.
10:09:15 INFO  : 'configparams force-mem-access 1' command is executed.
10:09:15 INFO  : Context for 'APU' is selected.
10:09:15 INFO  : 'stop' command is executed.
10:09:16 INFO  : 'ps7_init' command is executed.
10:09:16 INFO  : 'ps7_post_config' command is executed.
10:09:16 INFO  : Context for processor 'ps7_cortexa9_0' is selected.
10:09:16 INFO  : Processor reset is completed for 'ps7_cortexa9_0'.
10:09:16 INFO  : Context for processor 'ps7_cortexa9_0' is selected.
10:09:16 INFO  : The application 'F:/FPGA/work_space/AD_DA_tran/AD_DA_tran.sdk/Uart_0/Debug/Uart_0.elf' is downloaded to processor 'ps7_cortexa9_0'.
10:09:16 INFO  : 'configparams force-mem-access 0' command is executed.
10:09:16 INFO  : ----------------XSDB Script----------------
connect -url tcp:127.0.0.1:3121
source F:/FPGA/work_space/AD_DA_tran/AD_DA_tran.sdk/FFT_OUT_hw_platform_0/ps7_init.tcl
targets -set -nocase -filter {name =~"APU*" && jtag_cable_name =~ "Digilent JTAG-SMT3 210357A7D00EA"} -index 0
loadhw -hw F:/FPGA/work_space/AD_DA_tran/AD_DA_tran.sdk/FFT_OUT_hw_platform_0/system.hdf -mem-ranges [list {0x40000000 0xbfffffff}]
configparams force-mem-access 1
targets -set -nocase -filter {name =~"APU*" && jtag_cable_name =~ "Digilent JTAG-SMT3 210357A7D00EA"} -index 0
stop
ps7_init
ps7_post_config
targets -set -nocase -filter {name =~ "ARM*#0" && jtag_cable_name =~ "Digilent JTAG-SMT3 210357A7D00EA"} -index 0
rst -processor
targets -set -nocase -filter {name =~ "ARM*#0" && jtag_cable_name =~ "Digilent JTAG-SMT3 210357A7D00EA"} -index 0
dow F:/FPGA/work_space/AD_DA_tran/AD_DA_tran.sdk/Uart_0/Debug/Uart_0.elf
configparams force-mem-access 0
----------------End of Script----------------

10:09:16 INFO  : Memory regions updated for context APU
10:09:16 INFO  : Context for processor 'ps7_cortexa9_0' is selected.
10:09:16 INFO  : 'con' command is executed.
10:09:16 INFO  : ----------------XSDB Script (After Launch)----------------
targets -set -nocase -filter {name =~ "ARM*#0" && jtag_cable_name =~ "Digilent JTAG-SMT3 210357A7D00EA"} -index 0
con
----------------End of Script----------------

10:09:16 INFO  : Launch script is exported to file 'F:\FPGA\work_space\AD_DA_tran\AD_DA_tran.sdk\.sdk\launch_scripts\xilinx_c-c++_application_(system_debugger)\system_debugger_using_debug_uart_0.elf_on_local.tcl'
10:23:38 INFO  : Disconnected from the channel tcfchan#8.
10:23:40 INFO  : 'targets -set -filter {jtag_cable_name =~ "Digilent JTAG-SMT3 210357A7D00EA" && level==0} -index 1' command is executed.
10:23:40 INFO  : 'fpga -state' command is executed.
10:23:40 INFO  : Connected to target on host '127.0.0.1' and port '3121'.
10:23:40 INFO  : Jtag cable 'Digilent JTAG-SMT3 210357A7D00EA' is selected.
10:23:40 INFO  : 'jtag frequency' command is executed.
10:23:40 INFO  : Sourcing of 'F:/FPGA/work_space/AD_DA_tran/AD_DA_tran.sdk/FFT_OUT_hw_platform_0/ps7_init.tcl' is done.
10:23:40 INFO  : Context for 'APU' is selected.
10:23:41 INFO  : Hardware design information is loaded from 'F:/FPGA/work_space/AD_DA_tran/AD_DA_tran.sdk/FFT_OUT_hw_platform_0/system.hdf'.
10:23:41 INFO  : 'configparams force-mem-access 1' command is executed.
10:23:41 INFO  : Context for 'APU' is selected.
10:23:41 INFO  : 'stop' command is executed.
10:23:41 INFO  : 'ps7_init' command is executed.
10:23:41 INFO  : 'ps7_post_config' command is executed.
10:23:41 INFO  : Context for processor 'ps7_cortexa9_0' is selected.
10:23:41 INFO  : Processor reset is completed for 'ps7_cortexa9_0'.
10:23:41 INFO  : Context for processor 'ps7_cortexa9_0' is selected.
10:23:41 INFO  : The application 'F:/FPGA/work_space/AD_DA_tran/AD_DA_tran.sdk/Uart_0/Debug/Uart_0.elf' is downloaded to processor 'ps7_cortexa9_0'.
10:23:41 INFO  : 'configparams force-mem-access 0' command is executed.
10:23:41 INFO  : ----------------XSDB Script----------------
connect -url tcp:127.0.0.1:3121
source F:/FPGA/work_space/AD_DA_tran/AD_DA_tran.sdk/FFT_OUT_hw_platform_0/ps7_init.tcl
targets -set -nocase -filter {name =~"APU*" && jtag_cable_name =~ "Digilent JTAG-SMT3 210357A7D00EA"} -index 0
loadhw -hw F:/FPGA/work_space/AD_DA_tran/AD_DA_tran.sdk/FFT_OUT_hw_platform_0/system.hdf -mem-ranges [list {0x40000000 0xbfffffff}]
configparams force-mem-access 1
targets -set -nocase -filter {name =~"APU*" && jtag_cable_name =~ "Digilent JTAG-SMT3 210357A7D00EA"} -index 0
stop
ps7_init
ps7_post_config
targets -set -nocase -filter {name =~ "ARM*#0" && jtag_cable_name =~ "Digilent JTAG-SMT3 210357A7D00EA"} -index 0
rst -processor
targets -set -nocase -filter {name =~ "ARM*#0" && jtag_cable_name =~ "Digilent JTAG-SMT3 210357A7D00EA"} -index 0
dow F:/FPGA/work_space/AD_DA_tran/AD_DA_tran.sdk/Uart_0/Debug/Uart_0.elf
configparams force-mem-access 0
----------------End of Script----------------

10:23:41 INFO  : Memory regions updated for context APU
10:23:41 INFO  : Context for processor 'ps7_cortexa9_0' is selected.
10:23:41 INFO  : 'con' command is executed.
10:23:41 INFO  : ----------------XSDB Script (After Launch)----------------
targets -set -nocase -filter {name =~ "ARM*#0" && jtag_cable_name =~ "Digilent JTAG-SMT3 210357A7D00EA"} -index 0
con
----------------End of Script----------------

10:23:41 INFO  : Launch script is exported to file 'F:\FPGA\work_space\AD_DA_tran\AD_DA_tran.sdk\.sdk\launch_scripts\xilinx_c-c++_application_(system_debugger)\system_debugger_using_debug_uart_0.elf_on_local.tcl'
10:29:48 INFO  : Disconnected from the channel tcfchan#9.
10:29:49 INFO  : 'targets -set -filter {jtag_cable_name =~ "Digilent JTAG-SMT3 210357A7D00EA" && level==0} -index 1' command is executed.
10:29:49 INFO  : 'fpga -state' command is executed.
10:29:49 INFO  : Connected to target on host '127.0.0.1' and port '3121'.
10:29:49 INFO  : Jtag cable 'Digilent JTAG-SMT3 210357A7D00EA' is selected.
10:29:49 INFO  : 'jtag frequency' command is executed.
10:29:49 INFO  : Sourcing of 'F:/FPGA/work_space/AD_DA_tran/AD_DA_tran.sdk/FFT_OUT_hw_platform_0/ps7_init.tcl' is done.
10:29:49 INFO  : Context for 'APU' is selected.
10:29:50 INFO  : Hardware design information is loaded from 'F:/FPGA/work_space/AD_DA_tran/AD_DA_tran.sdk/FFT_OUT_hw_platform_0/system.hdf'.
10:29:50 INFO  : 'configparams force-mem-access 1' command is executed.
10:29:50 INFO  : Context for 'APU' is selected.
10:29:50 INFO  : 'stop' command is executed.
10:29:51 INFO  : 'ps7_init' command is executed.
10:29:51 INFO  : 'ps7_post_config' command is executed.
10:29:51 INFO  : Context for processor 'ps7_cortexa9_0' is selected.
10:29:51 INFO  : Processor reset is completed for 'ps7_cortexa9_0'.
10:29:51 INFO  : Context for processor 'ps7_cortexa9_0' is selected.
10:29:51 INFO  : The application 'F:/FPGA/work_space/AD_DA_tran/AD_DA_tran.sdk/Uart_0/Debug/Uart_0.elf' is downloaded to processor 'ps7_cortexa9_0'.
10:29:51 INFO  : 'configparams force-mem-access 0' command is executed.
10:29:51 INFO  : ----------------XSDB Script----------------
connect -url tcp:127.0.0.1:3121
source F:/FPGA/work_space/AD_DA_tran/AD_DA_tran.sdk/FFT_OUT_hw_platform_0/ps7_init.tcl
targets -set -nocase -filter {name =~"APU*" && jtag_cable_name =~ "Digilent JTAG-SMT3 210357A7D00EA"} -index 0
loadhw -hw F:/FPGA/work_space/AD_DA_tran/AD_DA_tran.sdk/FFT_OUT_hw_platform_0/system.hdf -mem-ranges [list {0x40000000 0xbfffffff}]
configparams force-mem-access 1
targets -set -nocase -filter {name =~"APU*" && jtag_cable_name =~ "Digilent JTAG-SMT3 210357A7D00EA"} -index 0
stop
ps7_init
ps7_post_config
targets -set -nocase -filter {name =~ "ARM*#0" && jtag_cable_name =~ "Digilent JTAG-SMT3 210357A7D00EA"} -index 0
rst -processor
targets -set -nocase -filter {name =~ "ARM*#0" && jtag_cable_name =~ "Digilent JTAG-SMT3 210357A7D00EA"} -index 0
dow F:/FPGA/work_space/AD_DA_tran/AD_DA_tran.sdk/Uart_0/Debug/Uart_0.elf
configparams force-mem-access 0
----------------End of Script----------------

10:29:51 INFO  : Memory regions updated for context APU
10:29:51 INFO  : Context for processor 'ps7_cortexa9_0' is selected.
10:29:51 INFO  : 'con' command is executed.
10:29:51 INFO  : ----------------XSDB Script (After Launch)----------------
targets -set -nocase -filter {name =~ "ARM*#0" && jtag_cable_name =~ "Digilent JTAG-SMT3 210357A7D00EA"} -index 0
con
----------------End of Script----------------

10:29:51 INFO  : Launch script is exported to file 'F:\FPGA\work_space\AD_DA_tran\AD_DA_tran.sdk\.sdk\launch_scripts\xilinx_c-c++_application_(system_debugger)\system_debugger_using_debug_uart_0.elf_on_local.tcl'
11:07:31 INFO  : Disconnected from the channel tcfchan#10.
11:07:32 INFO  : 'targets -set -filter {jtag_cable_name =~ "Digilent JTAG-SMT3 210357A7D00EA" && level==0} -index 1' command is executed.
11:07:32 INFO  : 'fpga -state' command is executed.
11:07:32 INFO  : Connected to target on host '127.0.0.1' and port '3121'.
11:07:32 INFO  : Jtag cable 'Digilent JTAG-SMT3 210357A7D00EA' is selected.
11:07:32 INFO  : 'jtag frequency' command is executed.
11:07:32 INFO  : Sourcing of 'F:/FPGA/work_space/AD_DA_tran/AD_DA_tran.sdk/FFT_OUT_hw_platform_0/ps7_init.tcl' is done.
11:07:32 INFO  : Context for 'APU' is selected.
11:07:33 INFO  : Hardware design information is loaded from 'F:/FPGA/work_space/AD_DA_tran/AD_DA_tran.sdk/FFT_OUT_hw_platform_0/system.hdf'.
11:07:33 INFO  : 'configparams force-mem-access 1' command is executed.
11:07:33 INFO  : Context for 'APU' is selected.
11:07:34 INFO  : 'stop' command is executed.
11:07:34 INFO  : 'ps7_init' command is executed.
11:07:34 INFO  : 'ps7_post_config' command is executed.
11:07:34 INFO  : Context for processor 'ps7_cortexa9_0' is selected.
11:07:34 INFO  : Processor reset is completed for 'ps7_cortexa9_0'.
11:07:34 INFO  : Context for processor 'ps7_cortexa9_0' is selected.
11:07:34 INFO  : The application 'F:/FPGA/work_space/AD_DA_tran/AD_DA_tran.sdk/Uart_0/Debug/Uart_0.elf' is downloaded to processor 'ps7_cortexa9_0'.
11:07:34 INFO  : 'configparams force-mem-access 0' command is executed.
11:07:34 INFO  : ----------------XSDB Script----------------
connect -url tcp:127.0.0.1:3121
source F:/FPGA/work_space/AD_DA_tran/AD_DA_tran.sdk/FFT_OUT_hw_platform_0/ps7_init.tcl
targets -set -nocase -filter {name =~"APU*" && jtag_cable_name =~ "Digilent JTAG-SMT3 210357A7D00EA"} -index 0
loadhw -hw F:/FPGA/work_space/AD_DA_tran/AD_DA_tran.sdk/FFT_OUT_hw_platform_0/system.hdf -mem-ranges [list {0x40000000 0xbfffffff}]
configparams force-mem-access 1
targets -set -nocase -filter {name =~"APU*" && jtag_cable_name =~ "Digilent JTAG-SMT3 210357A7D00EA"} -index 0
stop
ps7_init
ps7_post_config
targets -set -nocase -filter {name =~ "ARM*#0" && jtag_cable_name =~ "Digilent JTAG-SMT3 210357A7D00EA"} -index 0
rst -processor
targets -set -nocase -filter {name =~ "ARM*#0" && jtag_cable_name =~ "Digilent JTAG-SMT3 210357A7D00EA"} -index 0
dow F:/FPGA/work_space/AD_DA_tran/AD_DA_tran.sdk/Uart_0/Debug/Uart_0.elf
configparams force-mem-access 0
----------------End of Script----------------

11:07:34 INFO  : Memory regions updated for context APU
11:07:34 INFO  : Context for processor 'ps7_cortexa9_0' is selected.
11:07:34 INFO  : 'con' command is executed.
11:07:34 INFO  : ----------------XSDB Script (After Launch)----------------
targets -set -nocase -filter {name =~ "ARM*#0" && jtag_cable_name =~ "Digilent JTAG-SMT3 210357A7D00EA"} -index 0
con
----------------End of Script----------------

11:07:34 INFO  : Launch script is exported to file 'F:\FPGA\work_space\AD_DA_tran\AD_DA_tran.sdk\.sdk\launch_scripts\xilinx_c-c++_application_(system_debugger)\system_debugger_using_debug_uart_0.elf_on_local.tcl'
11:15:40 INFO  : Disconnected from the channel tcfchan#11.
11:15:41 INFO  : 'targets -set -filter {jtag_cable_name =~ "Digilent JTAG-SMT3 210357A7D00EA" && level==0} -index 1' command is executed.
11:15:41 INFO  : 'fpga -state' command is executed.
11:15:41 INFO  : Connected to target on host '127.0.0.1' and port '3121'.
11:15:41 INFO  : Jtag cable 'Digilent JTAG-SMT3 210357A7D00EA' is selected.
11:15:41 INFO  : 'jtag frequency' command is executed.
11:15:41 INFO  : Sourcing of 'F:/FPGA/work_space/AD_DA_tran/AD_DA_tran.sdk/FFT_OUT_hw_platform_0/ps7_init.tcl' is done.
11:15:41 INFO  : Context for 'APU' is selected.
11:15:42 INFO  : Hardware design information is loaded from 'F:/FPGA/work_space/AD_DA_tran/AD_DA_tran.sdk/FFT_OUT_hw_platform_0/system.hdf'.
11:15:42 INFO  : 'configparams force-mem-access 1' command is executed.
11:15:42 INFO  : Context for 'APU' is selected.
11:15:42 INFO  : 'stop' command is executed.
11:15:42 INFO  : 'ps7_init' command is executed.
11:15:42 INFO  : 'ps7_post_config' command is executed.
11:15:42 INFO  : Context for processor 'ps7_cortexa9_0' is selected.
11:15:42 INFO  : Processor reset is completed for 'ps7_cortexa9_0'.
11:15:42 INFO  : Context for processor 'ps7_cortexa9_0' is selected.
11:15:42 INFO  : The application 'F:/FPGA/work_space/AD_DA_tran/AD_DA_tran.sdk/Uart_0/Debug/Uart_0.elf' is downloaded to processor 'ps7_cortexa9_0'.
11:15:42 INFO  : 'configparams force-mem-access 0' command is executed.
11:15:42 INFO  : ----------------XSDB Script----------------
connect -url tcp:127.0.0.1:3121
source F:/FPGA/work_space/AD_DA_tran/AD_DA_tran.sdk/FFT_OUT_hw_platform_0/ps7_init.tcl
targets -set -nocase -filter {name =~"APU*" && jtag_cable_name =~ "Digilent JTAG-SMT3 210357A7D00EA"} -index 0
loadhw -hw F:/FPGA/work_space/AD_DA_tran/AD_DA_tran.sdk/FFT_OUT_hw_platform_0/system.hdf -mem-ranges [list {0x40000000 0xbfffffff}]
configparams force-mem-access 1
targets -set -nocase -filter {name =~"APU*" && jtag_cable_name =~ "Digilent JTAG-SMT3 210357A7D00EA"} -index 0
stop
ps7_init
ps7_post_config
targets -set -nocase -filter {name =~ "ARM*#0" && jtag_cable_name =~ "Digilent JTAG-SMT3 210357A7D00EA"} -index 0
rst -processor
targets -set -nocase -filter {name =~ "ARM*#0" && jtag_cable_name =~ "Digilent JTAG-SMT3 210357A7D00EA"} -index 0
dow F:/FPGA/work_space/AD_DA_tran/AD_DA_tran.sdk/Uart_0/Debug/Uart_0.elf
configparams force-mem-access 0
----------------End of Script----------------

11:15:43 INFO  : Memory regions updated for context APU
11:15:43 INFO  : Context for processor 'ps7_cortexa9_0' is selected.
11:15:43 INFO  : 'con' command is executed.
11:15:43 INFO  : ----------------XSDB Script (After Launch)----------------
targets -set -nocase -filter {name =~ "ARM*#0" && jtag_cable_name =~ "Digilent JTAG-SMT3 210357A7D00EA"} -index 0
con
----------------End of Script----------------

11:15:43 INFO  : Launch script is exported to file 'F:\FPGA\work_space\AD_DA_tran\AD_DA_tran.sdk\.sdk\launch_scripts\xilinx_c-c++_application_(system_debugger)\system_debugger_using_debug_uart_0.elf_on_local.tcl'
11:27:05 INFO  : Disconnected from the channel tcfchan#12.
15:05:44 INFO  : Registering command handlers for SDK TCF services
15:05:44 INFO  : Launching XSCT server: xsct.bat -interactive F:\FPGA\work_space\AD_DA_tran\AD_DA_tran.sdk\temp_xsdb_launch_script.tcl
15:05:46 INFO  : XSCT server has started successfully.
15:05:46 INFO  : Successfully done setting XSCT server connection channel  
15:05:51 INFO  : Successfully done setting SDK workspace  
15:05:51 INFO  : Processing command line option -hwspec F:/FPGA/work_space/AD_DA_tran/AD_DA_tran.sdk/FFT_OUT.hdf.
15:05:51 INFO  : Checking for hwspec changes in the project FFT_OUT_hw_platform_0.
15:05:56 INFO  : 'targets -set -filter {jtag_cable_name =~ "Digilent JTAG-SMT3 210357A7D00EA" && level==0} -index 1' command is executed.
15:05:56 INFO  : 'fpga -state' command is executed.
15:05:56 INFO  : Connected to target on host '127.0.0.1' and port '3121'.
15:05:57 INFO  : Jtag cable 'Digilent JTAG-SMT3 210357A7D00EA' is selected.
15:05:57 INFO  : 'jtag frequency' command is executed.
15:05:57 INFO  : Sourcing of 'F:/FPGA/work_space/AD_DA_tran/AD_DA_tran.sdk/FFT_OUT_hw_platform_0/ps7_init.tcl' is done.
15:05:57 INFO  : Context for 'APU' is selected.
15:05:57 INFO  : Hardware design information is loaded from 'F:/FPGA/work_space/AD_DA_tran/AD_DA_tran.sdk/FFT_OUT_hw_platform_0/system.hdf'.
15:05:57 INFO  : 'configparams force-mem-access 1' command is executed.
15:05:57 INFO  : Context for 'APU' is selected.
15:05:57 INFO  : 'stop' command is executed.
15:05:57 INFO  : 'ps7_init' command is executed.
15:05:57 INFO  : 'ps7_post_config' command is executed.
15:05:57 INFO  : Context for processor 'ps7_cortexa9_0' is selected.
15:05:57 INFO  : Processor reset is completed for 'ps7_cortexa9_0'.
15:05:57 INFO  : Context for processor 'ps7_cortexa9_0' is selected.
15:05:57 INFO  : The application 'F:/FPGA/work_space/AD_DA_tran/AD_DA_tran.sdk/Uart_0/Debug/Uart_0.elf' is downloaded to processor 'ps7_cortexa9_0'.
15:05:57 INFO  : 'configparams force-mem-access 0' command is executed.
15:05:57 INFO  : ----------------XSDB Script----------------
connect -url tcp:127.0.0.1:3121
source F:/FPGA/work_space/AD_DA_tran/AD_DA_tran.sdk/FFT_OUT_hw_platform_0/ps7_init.tcl
targets -set -nocase -filter {name =~"APU*" && jtag_cable_name =~ "Digilent JTAG-SMT3 210357A7D00EA"} -index 0
loadhw -hw F:/FPGA/work_space/AD_DA_tran/AD_DA_tran.sdk/FFT_OUT_hw_platform_0/system.hdf -mem-ranges [list {0x40000000 0xbfffffff}]
configparams force-mem-access 1
targets -set -nocase -filter {name =~"APU*" && jtag_cable_name =~ "Digilent JTAG-SMT3 210357A7D00EA"} -index 0
stop
ps7_init
ps7_post_config
targets -set -nocase -filter {name =~ "ARM*#0" && jtag_cable_name =~ "Digilent JTAG-SMT3 210357A7D00EA"} -index 0
rst -processor
targets -set -nocase -filter {name =~ "ARM*#0" && jtag_cable_name =~ "Digilent JTAG-SMT3 210357A7D00EA"} -index 0
dow F:/FPGA/work_space/AD_DA_tran/AD_DA_tran.sdk/Uart_0/Debug/Uart_0.elf
configparams force-mem-access 0
----------------End of Script----------------

15:05:58 INFO  : Memory regions updated for context APU
15:05:58 INFO  : Context for processor 'ps7_cortexa9_0' is selected.
15:05:58 INFO  : 'con' command is executed.
15:05:58 INFO  : ----------------XSDB Script (After Launch)----------------
targets -set -nocase -filter {name =~ "ARM*#0" && jtag_cable_name =~ "Digilent JTAG-SMT3 210357A7D00EA"} -index 0
con
----------------End of Script----------------

15:05:58 INFO  : Launch script is exported to file 'F:\FPGA\work_space\AD_DA_tran\AD_DA_tran.sdk\.sdk\launch_scripts\xilinx_c-c++_application_(system_debugger)\system_debugger_using_debug_uart_0.elf_on_local.tcl'
15:06:24 INFO  : Disconnected from the channel tcfchan#1.
15:06:25 INFO  : 'targets -set -filter {jtag_cable_name =~ "Digilent JTAG-SMT3 210357A7D00EA" && level==0} -index 1' command is executed.
15:06:25 INFO  : 'fpga -state' command is executed.
15:06:25 INFO  : Connected to target on host '127.0.0.1' and port '3121'.
15:06:25 INFO  : Jtag cable 'Digilent JTAG-SMT3 210357A7D00EA' is selected.
15:06:25 INFO  : 'jtag frequency' command is executed.
15:06:25 INFO  : Sourcing of 'F:/FPGA/work_space/AD_DA_tran/AD_DA_tran.sdk/FFT_OUT_hw_platform_0/ps7_init.tcl' is done.
15:06:25 INFO  : Context for 'APU' is selected.
15:06:26 INFO  : Hardware design information is loaded from 'F:/FPGA/work_space/AD_DA_tran/AD_DA_tran.sdk/FFT_OUT_hw_platform_0/system.hdf'.
15:06:26 INFO  : 'configparams force-mem-access 1' command is executed.
15:06:26 INFO  : Context for 'APU' is selected.
15:06:26 INFO  : 'stop' command is executed.
15:06:26 INFO  : 'ps7_init' command is executed.
15:06:26 INFO  : 'ps7_post_config' command is executed.
15:06:26 INFO  : Context for processor 'ps7_cortexa9_0' is selected.
15:06:26 INFO  : Processor reset is completed for 'ps7_cortexa9_0'.
15:06:26 INFO  : Context for processor 'ps7_cortexa9_0' is selected.
15:06:27 INFO  : The application 'F:/FPGA/work_space/AD_DA_tran/AD_DA_tran.sdk/Uart_0/Debug/Uart_0.elf' is downloaded to processor 'ps7_cortexa9_0'.
15:06:27 INFO  : 'configparams force-mem-access 0' command is executed.
15:06:27 INFO  : ----------------XSDB Script----------------
connect -url tcp:127.0.0.1:3121
source F:/FPGA/work_space/AD_DA_tran/AD_DA_tran.sdk/FFT_OUT_hw_platform_0/ps7_init.tcl
targets -set -nocase -filter {name =~"APU*" && jtag_cable_name =~ "Digilent JTAG-SMT3 210357A7D00EA"} -index 0
loadhw -hw F:/FPGA/work_space/AD_DA_tran/AD_DA_tran.sdk/FFT_OUT_hw_platform_0/system.hdf -mem-ranges [list {0x40000000 0xbfffffff}]
configparams force-mem-access 1
targets -set -nocase -filter {name =~"APU*" && jtag_cable_name =~ "Digilent JTAG-SMT3 210357A7D00EA"} -index 0
stop
ps7_init
ps7_post_config
targets -set -nocase -filter {name =~ "ARM*#0" && jtag_cable_name =~ "Digilent JTAG-SMT3 210357A7D00EA"} -index 0
rst -processor
targets -set -nocase -filter {name =~ "ARM*#0" && jtag_cable_name =~ "Digilent JTAG-SMT3 210357A7D00EA"} -index 0
dow F:/FPGA/work_space/AD_DA_tran/AD_DA_tran.sdk/Uart_0/Debug/Uart_0.elf
configparams force-mem-access 0
----------------End of Script----------------

15:06:27 INFO  : Memory regions updated for context APU
15:06:27 INFO  : Context for processor 'ps7_cortexa9_0' is selected.
15:06:27 INFO  : 'con' command is executed.
15:06:27 INFO  : ----------------XSDB Script (After Launch)----------------
targets -set -nocase -filter {name =~ "ARM*#0" && jtag_cable_name =~ "Digilent JTAG-SMT3 210357A7D00EA"} -index 0
con
----------------End of Script----------------

15:06:27 INFO  : Launch script is exported to file 'F:\FPGA\work_space\AD_DA_tran\AD_DA_tran.sdk\.sdk\launch_scripts\xilinx_c-c++_application_(system_debugger)\system_debugger_using_debug_uart_0.elf_on_local.tcl'
17:01:19 INFO  : Launching XSCT server: xsct.bat -interactive F:\FPGA\work_space\AD_DA_tran\AD_DA_tran.sdk\temp_xsdb_launch_script.tcl
09:19:37 INFO  : Registering command handlers for SDK TCF services
09:19:37 INFO  : Launching XSCT server: xsct.bat -interactive F:\FPGA\work_space\AD_DA_tran\AD_DA_tran.sdk\temp_xsdb_launch_script.tcl
09:19:40 INFO  : XSCT server has started successfully.
09:19:46 INFO  : Successfully done setting XSCT server connection channel  
09:19:46 INFO  : Processing command line option -hwspec F:/FPGA/work_space/AD_DA_tran/AD_DA_tran.sdk/FFT_OUT.hdf.
09:19:46 INFO  : Checking for hwspec changes in the project FFT_OUT_hw_platform_0.
09:19:50 INFO  : Successfully done setting SDK workspace  
09:19:52 INFO  : 'targets -set -filter {jtag_cable_name =~ "Digilent JTAG-SMT3 210357A7D00EA" && level==0} -index 1' command is executed.
09:19:52 INFO  : 'fpga -state' command is executed.
09:19:52 INFO  : Connected to target on host '127.0.0.1' and port '3121'.
09:19:52 INFO  : Jtag cable 'Digilent JTAG-SMT3 210357A7D00EA' is selected.
09:19:52 INFO  : 'jtag frequency' command is executed.
09:19:52 INFO  : Sourcing of 'F:/FPGA/work_space/AD_DA_tran/AD_DA_tran.sdk/FFT_OUT_hw_platform_0/ps7_init.tcl' is done.
09:19:52 INFO  : Context for 'APU' is selected.
09:19:52 INFO  : Hardware design information is loaded from 'F:/FPGA/work_space/AD_DA_tran/AD_DA_tran.sdk/FFT_OUT_hw_platform_0/system.hdf'.
09:19:52 INFO  : 'configparams force-mem-access 1' command is executed.
09:19:52 INFO  : Context for 'APU' is selected.
09:19:52 INFO  : 'stop' command is executed.
09:19:52 INFO  : 'ps7_init' command is executed.
09:19:52 INFO  : 'ps7_post_config' command is executed.
09:19:52 INFO  : Context for processor 'ps7_cortexa9_0' is selected.
09:19:52 INFO  : Processor reset is completed for 'ps7_cortexa9_0'.
09:19:52 INFO  : Context for processor 'ps7_cortexa9_0' is selected.
09:19:53 INFO  : The application 'F:/FPGA/work_space/AD_DA_tran/AD_DA_tran.sdk/Uart_0/Debug/Uart_0.elf' is downloaded to processor 'ps7_cortexa9_0'.
09:19:53 INFO  : 'configparams force-mem-access 0' command is executed.
09:19:53 INFO  : ----------------XSDB Script----------------
connect -url tcp:127.0.0.1:3121
source F:/FPGA/work_space/AD_DA_tran/AD_DA_tran.sdk/FFT_OUT_hw_platform_0/ps7_init.tcl
targets -set -nocase -filter {name =~"APU*" && jtag_cable_name =~ "Digilent JTAG-SMT3 210357A7D00EA"} -index 0
loadhw -hw F:/FPGA/work_space/AD_DA_tran/AD_DA_tran.sdk/FFT_OUT_hw_platform_0/system.hdf -mem-ranges [list {0x40000000 0xbfffffff}]
configparams force-mem-access 1
targets -set -nocase -filter {name =~"APU*" && jtag_cable_name =~ "Digilent JTAG-SMT3 210357A7D00EA"} -index 0
stop
ps7_init
ps7_post_config
targets -set -nocase -filter {name =~ "ARM*#0" && jtag_cable_name =~ "Digilent JTAG-SMT3 210357A7D00EA"} -index 0
rst -processor
targets -set -nocase -filter {name =~ "ARM*#0" && jtag_cable_name =~ "Digilent JTAG-SMT3 210357A7D00EA"} -index 0
dow F:/FPGA/work_space/AD_DA_tran/AD_DA_tran.sdk/Uart_0/Debug/Uart_0.elf
configparams force-mem-access 0
----------------End of Script----------------

09:19:53 INFO  : Memory regions updated for context APU
09:19:53 INFO  : Context for processor 'ps7_cortexa9_0' is selected.
09:19:53 INFO  : 'con' command is executed.
09:19:53 INFO  : ----------------XSDB Script (After Launch)----------------
targets -set -nocase -filter {name =~ "ARM*#0" && jtag_cable_name =~ "Digilent JTAG-SMT3 210357A7D00EA"} -index 0
con
----------------End of Script----------------

09:19:53 INFO  : Launch script is exported to file 'F:\FPGA\work_space\AD_DA_tran\AD_DA_tran.sdk\.sdk\launch_scripts\xilinx_c-c++_application_(system_debugger)\system_debugger_using_debug_uart_0.elf_on_local.tcl'
11:30:12 INFO  : Launching XSCT server: xsct.bat -interactive F:\FPGA\work_space\AD_DA_tran\AD_DA_tran.sdk\temp_xsdb_launch_script.tcl
17:23:39 INFO  : Registering command handlers for SDK TCF services
17:23:39 INFO  : Launching XSCT server: xsct.bat -interactive F:\FPGA\work_space\AD_DA_tran\AD_DA_tran.sdk\temp_xsdb_launch_script.tcl
17:23:42 INFO  : XSCT server has started successfully.
17:23:45 INFO  : Successfully done setting XSCT server connection channel  
17:23:45 INFO  : Successfully done setting SDK workspace  
17:23:45 INFO  : Processing command line option -hwspec F:/FPGA/work_space/AD_DA_tran/AD_DA_tran.sdk/FFT_OUT.hdf.
17:23:45 INFO  : Checking for hwspec changes in the project FFT_OUT_hw_platform_0.
17:23:55 INFO  : 'targets -set -filter {jtag_cable_name =~ "Digilent JTAG-SMT3 210357A7D00EA" && level==0} -index 1' command is executed.
17:23:55 INFO  : 'fpga -state' command is executed.
17:23:55 INFO  : Connected to target on host '127.0.0.1' and port '3121'.
17:23:55 INFO  : Jtag cable 'Digilent JTAG-SMT3 210357A7D00EA' is selected.
17:23:55 INFO  : 'jtag frequency' command is executed.
17:23:55 INFO  : Sourcing of 'F:/FPGA/work_space/AD_DA_tran/AD_DA_tran.sdk/FFT_OUT_hw_platform_0/ps7_init.tcl' is done.
17:23:55 INFO  : Context for 'APU' is selected.
17:23:55 INFO  : Hardware design information is loaded from 'F:/FPGA/work_space/AD_DA_tran/AD_DA_tran.sdk/FFT_OUT_hw_platform_0/system.hdf'.
17:23:55 INFO  : 'configparams force-mem-access 1' command is executed.
17:23:55 INFO  : Context for 'APU' is selected.
17:23:55 INFO  : 'stop' command is executed.
17:23:55 INFO  : 'ps7_init' command is executed.
17:23:55 INFO  : 'ps7_post_config' command is executed.
17:23:55 INFO  : Context for processor 'ps7_cortexa9_0' is selected.
17:23:55 INFO  : Processor reset is completed for 'ps7_cortexa9_0'.
17:23:55 INFO  : Context for processor 'ps7_cortexa9_0' is selected.
17:23:55 INFO  : The application 'F:/FPGA/work_space/AD_DA_tran/AD_DA_tran.sdk/Uart_0/Debug/Uart_0.elf' is downloaded to processor 'ps7_cortexa9_0'.
17:23:55 INFO  : 'configparams force-mem-access 0' command is executed.
17:23:55 INFO  : ----------------XSDB Script----------------
connect -url tcp:127.0.0.1:3121
source F:/FPGA/work_space/AD_DA_tran/AD_DA_tran.sdk/FFT_OUT_hw_platform_0/ps7_init.tcl
targets -set -nocase -filter {name =~"APU*" && jtag_cable_name =~ "Digilent JTAG-SMT3 210357A7D00EA"} -index 0
loadhw -hw F:/FPGA/work_space/AD_DA_tran/AD_DA_tran.sdk/FFT_OUT_hw_platform_0/system.hdf -mem-ranges [list {0x40000000 0xbfffffff}]
configparams force-mem-access 1
targets -set -nocase -filter {name =~"APU*" && jtag_cable_name =~ "Digilent JTAG-SMT3 210357A7D00EA"} -index 0
stop
ps7_init
ps7_post_config
targets -set -nocase -filter {name =~ "ARM*#0" && jtag_cable_name =~ "Digilent JTAG-SMT3 210357A7D00EA"} -index 0
rst -processor
targets -set -nocase -filter {name =~ "ARM*#0" && jtag_cable_name =~ "Digilent JTAG-SMT3 210357A7D00EA"} -index 0
dow F:/FPGA/work_space/AD_DA_tran/AD_DA_tran.sdk/Uart_0/Debug/Uart_0.elf
configparams force-mem-access 0
----------------End of Script----------------

17:23:55 INFO  : Memory regions updated for context APU
17:23:56 INFO  : Context for processor 'ps7_cortexa9_0' is selected.
17:23:56 INFO  : 'con' command is executed.
17:23:56 INFO  : ----------------XSDB Script (After Launch)----------------
targets -set -nocase -filter {name =~ "ARM*#0" && jtag_cable_name =~ "Digilent JTAG-SMT3 210357A7D00EA"} -index 0
con
----------------End of Script----------------

17:23:56 INFO  : Launch script is exported to file 'F:\FPGA\work_space\AD_DA_tran\AD_DA_tran.sdk\.sdk\launch_scripts\xilinx_c-c++_application_(system_debugger)\system_debugger_using_debug_uart_0.elf_on_local.tcl'
17:38:35 INFO  : Disconnected from the channel tcfchan#1.
17:38:36 INFO  : 'targets -set -filter {jtag_cable_name =~ "Digilent JTAG-SMT3 210357A7D00EA" && level==0} -index 1' command is executed.
17:38:36 INFO  : 'fpga -state' command is executed.
17:38:36 INFO  : Connected to target on host '127.0.0.1' and port '3121'.
17:38:37 INFO  : Jtag cable 'Digilent JTAG-SMT3 210357A7D00EA' is selected.
17:38:37 INFO  : 'jtag frequency' command is executed.
17:38:37 INFO  : Sourcing of 'F:/FPGA/work_space/AD_DA_tran/AD_DA_tran.sdk/FFT_OUT_hw_platform_0/ps7_init.tcl' is done.
17:38:37 INFO  : Context for 'APU' is selected.
17:38:38 INFO  : Hardware design information is loaded from 'F:/FPGA/work_space/AD_DA_tran/AD_DA_tran.sdk/FFT_OUT_hw_platform_0/system.hdf'.
17:38:38 INFO  : 'configparams force-mem-access 1' command is executed.
17:38:38 INFO  : Context for 'APU' is selected.
17:38:38 INFO  : 'stop' command is executed.
17:38:39 INFO  : 'ps7_init' command is executed.
17:38:39 INFO  : 'ps7_post_config' command is executed.
17:38:39 INFO  : Context for processor 'ps7_cortexa9_0' is selected.
17:38:39 INFO  : Processor reset is completed for 'ps7_cortexa9_0'.
17:38:39 INFO  : Context for processor 'ps7_cortexa9_0' is selected.
17:38:39 INFO  : The application 'F:/FPGA/work_space/AD_DA_tran/AD_DA_tran.sdk/Uart_0/Debug/Uart_0.elf' is downloaded to processor 'ps7_cortexa9_0'.
17:38:39 INFO  : 'configparams force-mem-access 0' command is executed.
17:38:39 INFO  : ----------------XSDB Script----------------
connect -url tcp:127.0.0.1:3121
source F:/FPGA/work_space/AD_DA_tran/AD_DA_tran.sdk/FFT_OUT_hw_platform_0/ps7_init.tcl
targets -set -nocase -filter {name =~"APU*" && jtag_cable_name =~ "Digilent JTAG-SMT3 210357A7D00EA"} -index 0
loadhw -hw F:/FPGA/work_space/AD_DA_tran/AD_DA_tran.sdk/FFT_OUT_hw_platform_0/system.hdf -mem-ranges [list {0x40000000 0xbfffffff}]
configparams force-mem-access 1
targets -set -nocase -filter {name =~"APU*" && jtag_cable_name =~ "Digilent JTAG-SMT3 210357A7D00EA"} -index 0
stop
ps7_init
ps7_post_config
targets -set -nocase -filter {name =~ "ARM*#0" && jtag_cable_name =~ "Digilent JTAG-SMT3 210357A7D00EA"} -index 0
rst -processor
targets -set -nocase -filter {name =~ "ARM*#0" && jtag_cable_name =~ "Digilent JTAG-SMT3 210357A7D00EA"} -index 0
dow F:/FPGA/work_space/AD_DA_tran/AD_DA_tran.sdk/Uart_0/Debug/Uart_0.elf
configparams force-mem-access 0
----------------End of Script----------------

17:38:39 INFO  : Memory regions updated for context APU
17:38:39 INFO  : Context for processor 'ps7_cortexa9_0' is selected.
17:38:39 INFO  : 'con' command is executed.
17:38:39 INFO  : ----------------XSDB Script (After Launch)----------------
targets -set -nocase -filter {name =~ "ARM*#0" && jtag_cable_name =~ "Digilent JTAG-SMT3 210357A7D00EA"} -index 0
con
----------------End of Script----------------

17:38:39 INFO  : Launch script is exported to file 'F:\FPGA\work_space\AD_DA_tran\AD_DA_tran.sdk\.sdk\launch_scripts\xilinx_c-c++_application_(system_debugger)\system_debugger_using_debug_uart_0.elf_on_local.tcl'
01:32:41 INFO  : Disconnected from the channel tcfchan#2.
01:32:42 INFO  : 'targets -set -filter {jtag_cable_name =~ "Digilent JTAG-SMT3 210357A7D00EA" && level==0} -index 1' command is executed.
01:32:42 INFO  : 'fpga -state' command is executed.
01:32:42 INFO  : Connected to target on host '127.0.0.1' and port '3121'.
01:32:42 INFO  : Jtag cable 'Digilent JTAG-SMT3 210357A7D00EA' is selected.
01:32:42 INFO  : 'jtag frequency' command is executed.
01:32:42 INFO  : Sourcing of 'F:/FPGA/work_space/AD_DA_tran/AD_DA_tran.sdk/FFT_OUT_hw_platform_0/ps7_init.tcl' is done.
01:32:42 INFO  : Context for 'APU' is selected.
01:32:43 INFO  : Hardware design information is loaded from 'F:/FPGA/work_space/AD_DA_tran/AD_DA_tran.sdk/FFT_OUT_hw_platform_0/system.hdf'.
01:32:43 INFO  : 'configparams force-mem-access 1' command is executed.
01:32:43 INFO  : Context for 'APU' is selected.
01:32:43 INFO  : 'stop' command is executed.
01:32:44 INFO  : 'ps7_init' command is executed.
01:32:44 INFO  : 'ps7_post_config' command is executed.
01:32:44 INFO  : Context for processor 'ps7_cortexa9_0' is selected.
01:32:44 INFO  : Processor reset is completed for 'ps7_cortexa9_0'.
01:32:44 INFO  : Context for processor 'ps7_cortexa9_0' is selected.
01:32:44 INFO  : The application 'F:/FPGA/work_space/AD_DA_tran/AD_DA_tran.sdk/Uart_0/Debug/Uart_0.elf' is downloaded to processor 'ps7_cortexa9_0'.
01:32:44 INFO  : 'configparams force-mem-access 0' command is executed.
01:32:44 INFO  : ----------------XSDB Script----------------
connect -url tcp:127.0.0.1:3121
source F:/FPGA/work_space/AD_DA_tran/AD_DA_tran.sdk/FFT_OUT_hw_platform_0/ps7_init.tcl
targets -set -nocase -filter {name =~"APU*" && jtag_cable_name =~ "Digilent JTAG-SMT3 210357A7D00EA"} -index 0
loadhw -hw F:/FPGA/work_space/AD_DA_tran/AD_DA_tran.sdk/FFT_OUT_hw_platform_0/system.hdf -mem-ranges [list {0x40000000 0xbfffffff}]
configparams force-mem-access 1
targets -set -nocase -filter {name =~"APU*" && jtag_cable_name =~ "Digilent JTAG-SMT3 210357A7D00EA"} -index 0
stop
ps7_init
ps7_post_config
targets -set -nocase -filter {name =~ "ARM*#0" && jtag_cable_name =~ "Digilent JTAG-SMT3 210357A7D00EA"} -index 0
rst -processor
targets -set -nocase -filter {name =~ "ARM*#0" && jtag_cable_name =~ "Digilent JTAG-SMT3 210357A7D00EA"} -index 0
dow F:/FPGA/work_space/AD_DA_tran/AD_DA_tran.sdk/Uart_0/Debug/Uart_0.elf
configparams force-mem-access 0
----------------End of Script----------------

01:32:44 INFO  : Memory regions updated for context APU
01:32:44 INFO  : Context for processor 'ps7_cortexa9_0' is selected.
01:32:44 INFO  : 'con' command is executed.
01:32:44 INFO  : ----------------XSDB Script (After Launch)----------------
targets -set -nocase -filter {name =~ "ARM*#0" && jtag_cable_name =~ "Digilent JTAG-SMT3 210357A7D00EA"} -index 0
con
----------------End of Script----------------

01:32:44 INFO  : Launch script is exported to file 'F:\FPGA\work_space\AD_DA_tran\AD_DA_tran.sdk\.sdk\launch_scripts\xilinx_c-c++_application_(system_debugger)\system_debugger_using_debug_uart_0.elf_on_local.tcl'
01:37:55 INFO  : Disconnected from the channel tcfchan#3.
01:37:56 INFO  : 'targets -set -filter {jtag_cable_name =~ "Digilent JTAG-SMT3 210357A7D00EA" && level==0} -index 1' command is executed.
01:37:56 INFO  : 'fpga -state' command is executed.
01:37:56 INFO  : Connected to target on host '127.0.0.1' and port '3121'.
01:37:56 INFO  : Jtag cable 'Digilent JTAG-SMT3 210357A7D00EA' is selected.
01:37:56 INFO  : 'jtag frequency' command is executed.
01:37:56 INFO  : Sourcing of 'F:/FPGA/work_space/AD_DA_tran/AD_DA_tran.sdk/FFT_OUT_hw_platform_0/ps7_init.tcl' is done.
01:37:56 INFO  : Context for 'APU' is selected.
01:37:57 INFO  : Hardware design information is loaded from 'F:/FPGA/work_space/AD_DA_tran/AD_DA_tran.sdk/FFT_OUT_hw_platform_0/system.hdf'.
01:37:57 INFO  : 'configparams force-mem-access 1' command is executed.
01:37:57 INFO  : Context for 'APU' is selected.
01:37:57 INFO  : 'stop' command is executed.
01:37:57 INFO  : 'ps7_init' command is executed.
01:37:57 INFO  : 'ps7_post_config' command is executed.
01:37:57 INFO  : Context for processor 'ps7_cortexa9_0' is selected.
01:37:58 INFO  : Processor reset is completed for 'ps7_cortexa9_0'.
01:37:58 INFO  : Context for processor 'ps7_cortexa9_0' is selected.
01:37:58 INFO  : The application 'F:/FPGA/work_space/AD_DA_tran/AD_DA_tran.sdk/Uart_0/Debug/Uart_0.elf' is downloaded to processor 'ps7_cortexa9_0'.
01:37:58 INFO  : 'configparams force-mem-access 0' command is executed.
01:37:58 INFO  : ----------------XSDB Script----------------
connect -url tcp:127.0.0.1:3121
source F:/FPGA/work_space/AD_DA_tran/AD_DA_tran.sdk/FFT_OUT_hw_platform_0/ps7_init.tcl
targets -set -nocase -filter {name =~"APU*" && jtag_cable_name =~ "Digilent JTAG-SMT3 210357A7D00EA"} -index 0
loadhw -hw F:/FPGA/work_space/AD_DA_tran/AD_DA_tran.sdk/FFT_OUT_hw_platform_0/system.hdf -mem-ranges [list {0x40000000 0xbfffffff}]
configparams force-mem-access 1
targets -set -nocase -filter {name =~"APU*" && jtag_cable_name =~ "Digilent JTAG-SMT3 210357A7D00EA"} -index 0
stop
ps7_init
ps7_post_config
targets -set -nocase -filter {name =~ "ARM*#0" && jtag_cable_name =~ "Digilent JTAG-SMT3 210357A7D00EA"} -index 0
rst -processor
targets -set -nocase -filter {name =~ "ARM*#0" && jtag_cable_name =~ "Digilent JTAG-SMT3 210357A7D00EA"} -index 0
dow F:/FPGA/work_space/AD_DA_tran/AD_DA_tran.sdk/Uart_0/Debug/Uart_0.elf
configparams force-mem-access 0
----------------End of Script----------------

01:37:58 INFO  : Memory regions updated for context APU
01:37:58 INFO  : Context for processor 'ps7_cortexa9_0' is selected.
01:37:58 INFO  : 'con' command is executed.
01:37:58 INFO  : ----------------XSDB Script (After Launch)----------------
targets -set -nocase -filter {name =~ "ARM*#0" && jtag_cable_name =~ "Digilent JTAG-SMT3 210357A7D00EA"} -index 0
con
----------------End of Script----------------

01:37:58 INFO  : Launch script is exported to file 'F:\FPGA\work_space\AD_DA_tran\AD_DA_tran.sdk\.sdk\launch_scripts\xilinx_c-c++_application_(system_debugger)\system_debugger_using_debug_uart_0.elf_on_local.tcl'
01:39:00 INFO  : Disconnected from the channel tcfchan#4.
01:39:01 INFO  : 'targets -set -filter {jtag_cable_name =~ "Digilent JTAG-SMT3 210357A7D00EA" && level==0} -index 1' command is executed.
01:39:01 INFO  : 'fpga -state' command is executed.
01:39:01 INFO  : Connected to target on host '127.0.0.1' and port '3121'.
01:39:01 INFO  : Jtag cable 'Digilent JTAG-SMT3 210357A7D00EA' is selected.
01:39:01 INFO  : 'jtag frequency' command is executed.
01:39:01 INFO  : Sourcing of 'F:/FPGA/work_space/AD_DA_tran/AD_DA_tran.sdk/FFT_OUT_hw_platform_0/ps7_init.tcl' is done.
01:39:01 INFO  : Context for 'APU' is selected.
01:39:02 INFO  : Hardware design information is loaded from 'F:/FPGA/work_space/AD_DA_tran/AD_DA_tran.sdk/FFT_OUT_hw_platform_0/system.hdf'.
01:39:02 INFO  : 'configparams force-mem-access 1' command is executed.
01:39:02 INFO  : Context for 'APU' is selected.
01:39:02 INFO  : 'stop' command is executed.
01:39:02 INFO  : 'ps7_init' command is executed.
01:39:02 INFO  : 'ps7_post_config' command is executed.
01:39:02 INFO  : Context for processor 'ps7_cortexa9_0' is selected.
01:39:02 INFO  : Processor reset is completed for 'ps7_cortexa9_0'.
01:39:02 INFO  : Context for processor 'ps7_cortexa9_0' is selected.
01:39:02 INFO  : The application 'F:/FPGA/work_space/AD_DA_tran/AD_DA_tran.sdk/Uart_0/Debug/Uart_0.elf' is downloaded to processor 'ps7_cortexa9_0'.
01:39:02 INFO  : 'configparams force-mem-access 0' command is executed.
01:39:02 INFO  : ----------------XSDB Script----------------
connect -url tcp:127.0.0.1:3121
source F:/FPGA/work_space/AD_DA_tran/AD_DA_tran.sdk/FFT_OUT_hw_platform_0/ps7_init.tcl
targets -set -nocase -filter {name =~"APU*" && jtag_cable_name =~ "Digilent JTAG-SMT3 210357A7D00EA"} -index 0
loadhw -hw F:/FPGA/work_space/AD_DA_tran/AD_DA_tran.sdk/FFT_OUT_hw_platform_0/system.hdf -mem-ranges [list {0x40000000 0xbfffffff}]
configparams force-mem-access 1
targets -set -nocase -filter {name =~"APU*" && jtag_cable_name =~ "Digilent JTAG-SMT3 210357A7D00EA"} -index 0
stop
ps7_init
ps7_post_config
targets -set -nocase -filter {name =~ "ARM*#0" && jtag_cable_name =~ "Digilent JTAG-SMT3 210357A7D00EA"} -index 0
rst -processor
targets -set -nocase -filter {name =~ "ARM*#0" && jtag_cable_name =~ "Digilent JTAG-SMT3 210357A7D00EA"} -index 0
dow F:/FPGA/work_space/AD_DA_tran/AD_DA_tran.sdk/Uart_0/Debug/Uart_0.elf
configparams force-mem-access 0
----------------End of Script----------------

01:39:03 INFO  : Memory regions updated for context APU
01:39:03 INFO  : Context for processor 'ps7_cortexa9_0' is selected.
01:39:03 INFO  : 'con' command is executed.
01:39:03 INFO  : ----------------XSDB Script (After Launch)----------------
targets -set -nocase -filter {name =~ "ARM*#0" && jtag_cable_name =~ "Digilent JTAG-SMT3 210357A7D00EA"} -index 0
con
----------------End of Script----------------

01:39:03 INFO  : Launch script is exported to file 'F:\FPGA\work_space\AD_DA_tran\AD_DA_tran.sdk\.sdk\launch_scripts\xilinx_c-c++_application_(system_debugger)\system_debugger_using_debug_uart_0.elf_on_local.tcl'
02:02:30 INFO  : Disconnected from the channel tcfchan#5.
02:02:31 INFO  : 'targets -set -filter {jtag_cable_name =~ "Digilent JTAG-SMT3 210357A7D00EA" && level==0} -index 1' command is executed.
02:02:31 INFO  : 'fpga -state' command is executed.
02:02:31 INFO  : Connected to target on host '127.0.0.1' and port '3121'.
02:02:32 INFO  : Jtag cable 'Digilent JTAG-SMT3 210357A7D00EA' is selected.
02:02:32 INFO  : 'jtag frequency' command is executed.
02:02:32 INFO  : Sourcing of 'F:/FPGA/work_space/AD_DA_tran/AD_DA_tran.sdk/FFT_OUT_hw_platform_0/ps7_init.tcl' is done.
02:02:32 INFO  : Context for 'APU' is selected.
02:02:32 INFO  : Hardware design information is loaded from 'F:/FPGA/work_space/AD_DA_tran/AD_DA_tran.sdk/FFT_OUT_hw_platform_0/system.hdf'.
02:02:32 INFO  : 'configparams force-mem-access 1' command is executed.
02:02:32 INFO  : Context for 'APU' is selected.
02:02:32 INFO  : 'stop' command is executed.
02:02:33 INFO  : 'ps7_init' command is executed.
02:02:33 INFO  : 'ps7_post_config' command is executed.
02:02:33 INFO  : Context for processor 'ps7_cortexa9_0' is selected.
02:02:33 INFO  : Processor reset is completed for 'ps7_cortexa9_0'.
02:02:33 INFO  : Context for processor 'ps7_cortexa9_0' is selected.
02:02:33 INFO  : The application 'F:/FPGA/work_space/AD_DA_tran/AD_DA_tran.sdk/Uart_0/Debug/Uart_0.elf' is downloaded to processor 'ps7_cortexa9_0'.
02:02:33 INFO  : 'configparams force-mem-access 0' command is executed.
02:02:33 INFO  : ----------------XSDB Script----------------
connect -url tcp:127.0.0.1:3121
source F:/FPGA/work_space/AD_DA_tran/AD_DA_tran.sdk/FFT_OUT_hw_platform_0/ps7_init.tcl
targets -set -nocase -filter {name =~"APU*" && jtag_cable_name =~ "Digilent JTAG-SMT3 210357A7D00EA"} -index 0
loadhw -hw F:/FPGA/work_space/AD_DA_tran/AD_DA_tran.sdk/FFT_OUT_hw_platform_0/system.hdf -mem-ranges [list {0x40000000 0xbfffffff}]
configparams force-mem-access 1
targets -set -nocase -filter {name =~"APU*" && jtag_cable_name =~ "Digilent JTAG-SMT3 210357A7D00EA"} -index 0
stop
ps7_init
ps7_post_config
targets -set -nocase -filter {name =~ "ARM*#0" && jtag_cable_name =~ "Digilent JTAG-SMT3 210357A7D00EA"} -index 0
rst -processor
targets -set -nocase -filter {name =~ "ARM*#0" && jtag_cable_name =~ "Digilent JTAG-SMT3 210357A7D00EA"} -index 0
dow F:/FPGA/work_space/AD_DA_tran/AD_DA_tran.sdk/Uart_0/Debug/Uart_0.elf
configparams force-mem-access 0
----------------End of Script----------------

02:02:33 INFO  : Memory regions updated for context APU
02:02:33 INFO  : Context for processor 'ps7_cortexa9_0' is selected.
02:02:33 INFO  : 'con' command is executed.
02:02:33 INFO  : ----------------XSDB Script (After Launch)----------------
targets -set -nocase -filter {name =~ "ARM*#0" && jtag_cable_name =~ "Digilent JTAG-SMT3 210357A7D00EA"} -index 0
con
----------------End of Script----------------

02:02:33 INFO  : Launch script is exported to file 'F:\FPGA\work_space\AD_DA_tran\AD_DA_tran.sdk\.sdk\launch_scripts\xilinx_c-c++_application_(system_debugger)\system_debugger_using_debug_uart_0.elf_on_local.tcl'
02:04:26 INFO  : Disconnected from the channel tcfchan#6.
02:04:27 INFO  : 'targets -set -filter {jtag_cable_name =~ "Digilent JTAG-SMT3 210357A7D00EA" && level==0} -index 1' command is executed.
02:04:27 INFO  : 'fpga -state' command is executed.
02:04:27 INFO  : Connected to target on host '127.0.0.1' and port '3121'.
02:04:27 INFO  : Jtag cable 'Digilent JTAG-SMT3 210357A7D00EA' is selected.
02:04:27 INFO  : 'jtag frequency' command is executed.
02:04:27 INFO  : Sourcing of 'F:/FPGA/work_space/AD_DA_tran/AD_DA_tran.sdk/FFT_OUT_hw_platform_0/ps7_init.tcl' is done.
02:04:27 INFO  : Context for 'APU' is selected.
02:04:27 INFO  : Hardware design information is loaded from 'F:/FPGA/work_space/AD_DA_tran/AD_DA_tran.sdk/FFT_OUT_hw_platform_0/system.hdf'.
02:04:27 INFO  : 'configparams force-mem-access 1' command is executed.
02:04:27 INFO  : Context for 'APU' is selected.
02:04:27 INFO  : 'stop' command is executed.
02:04:28 INFO  : 'ps7_init' command is executed.
02:04:28 INFO  : 'ps7_post_config' command is executed.
02:04:28 INFO  : Context for processor 'ps7_cortexa9_0' is selected.
02:04:28 INFO  : Processor reset is completed for 'ps7_cortexa9_0'.
02:04:28 INFO  : Context for processor 'ps7_cortexa9_0' is selected.
02:04:28 INFO  : The application 'F:/FPGA/work_space/AD_DA_tran/AD_DA_tran.sdk/Uart_0/Debug/Uart_0.elf' is downloaded to processor 'ps7_cortexa9_0'.
02:04:28 INFO  : 'configparams force-mem-access 0' command is executed.
02:04:28 INFO  : ----------------XSDB Script----------------
connect -url tcp:127.0.0.1:3121
source F:/FPGA/work_space/AD_DA_tran/AD_DA_tran.sdk/FFT_OUT_hw_platform_0/ps7_init.tcl
targets -set -nocase -filter {name =~"APU*" && jtag_cable_name =~ "Digilent JTAG-SMT3 210357A7D00EA"} -index 0
loadhw -hw F:/FPGA/work_space/AD_DA_tran/AD_DA_tran.sdk/FFT_OUT_hw_platform_0/system.hdf -mem-ranges [list {0x40000000 0xbfffffff}]
configparams force-mem-access 1
targets -set -nocase -filter {name =~"APU*" && jtag_cable_name =~ "Digilent JTAG-SMT3 210357A7D00EA"} -index 0
stop
ps7_init
ps7_post_config
targets -set -nocase -filter {name =~ "ARM*#0" && jtag_cable_name =~ "Digilent JTAG-SMT3 210357A7D00EA"} -index 0
rst -processor
targets -set -nocase -filter {name =~ "ARM*#0" && jtag_cable_name =~ "Digilent JTAG-SMT3 210357A7D00EA"} -index 0
dow F:/FPGA/work_space/AD_DA_tran/AD_DA_tran.sdk/Uart_0/Debug/Uart_0.elf
configparams force-mem-access 0
----------------End of Script----------------

02:04:28 INFO  : Memory regions updated for context APU
02:04:28 INFO  : Context for processor 'ps7_cortexa9_0' is selected.
02:04:28 INFO  : 'con' command is executed.
02:04:28 INFO  : ----------------XSDB Script (After Launch)----------------
targets -set -nocase -filter {name =~ "ARM*#0" && jtag_cable_name =~ "Digilent JTAG-SMT3 210357A7D00EA"} -index 0
con
----------------End of Script----------------

02:04:28 INFO  : Launch script is exported to file 'F:\FPGA\work_space\AD_DA_tran\AD_DA_tran.sdk\.sdk\launch_scripts\xilinx_c-c++_application_(system_debugger)\system_debugger_using_debug_uart_0.elf_on_local.tcl'
02:12:45 INFO  : Disconnected from the channel tcfchan#7.
02:12:46 INFO  : 'targets -set -filter {jtag_cable_name =~ "Digilent JTAG-SMT3 210357A7D00EA" && level==0} -index 1' command is executed.
02:12:46 INFO  : 'fpga -state' command is executed.
02:12:46 INFO  : Connected to target on host '127.0.0.1' and port '3121'.
02:12:46 INFO  : Jtag cable 'Digilent JTAG-SMT3 210357A7D00EA' is selected.
02:12:46 INFO  : 'jtag frequency' command is executed.
02:12:46 INFO  : Sourcing of 'F:/FPGA/work_space/AD_DA_tran/AD_DA_tran.sdk/FFT_OUT_hw_platform_0/ps7_init.tcl' is done.
02:12:46 INFO  : Context for 'APU' is selected.
02:12:47 INFO  : Hardware design information is loaded from 'F:/FPGA/work_space/AD_DA_tran/AD_DA_tran.sdk/FFT_OUT_hw_platform_0/system.hdf'.
02:12:47 INFO  : 'configparams force-mem-access 1' command is executed.
02:12:47 INFO  : Context for 'APU' is selected.
02:12:47 INFO  : 'stop' command is executed.
02:12:48 INFO  : 'ps7_init' command is executed.
02:12:48 INFO  : 'ps7_post_config' command is executed.
02:12:48 INFO  : Context for processor 'ps7_cortexa9_0' is selected.
02:12:48 INFO  : Processor reset is completed for 'ps7_cortexa9_0'.
02:12:48 INFO  : Context for processor 'ps7_cortexa9_0' is selected.
02:12:48 INFO  : The application 'F:/FPGA/work_space/AD_DA_tran/AD_DA_tran.sdk/Uart_0/Debug/Uart_0.elf' is downloaded to processor 'ps7_cortexa9_0'.
02:12:48 INFO  : 'configparams force-mem-access 0' command is executed.
02:12:48 INFO  : ----------------XSDB Script----------------
connect -url tcp:127.0.0.1:3121
source F:/FPGA/work_space/AD_DA_tran/AD_DA_tran.sdk/FFT_OUT_hw_platform_0/ps7_init.tcl
targets -set -nocase -filter {name =~"APU*" && jtag_cable_name =~ "Digilent JTAG-SMT3 210357A7D00EA"} -index 0
loadhw -hw F:/FPGA/work_space/AD_DA_tran/AD_DA_tran.sdk/FFT_OUT_hw_platform_0/system.hdf -mem-ranges [list {0x40000000 0xbfffffff}]
configparams force-mem-access 1
targets -set -nocase -filter {name =~"APU*" && jtag_cable_name =~ "Digilent JTAG-SMT3 210357A7D00EA"} -index 0
stop
ps7_init
ps7_post_config
targets -set -nocase -filter {name =~ "ARM*#0" && jtag_cable_name =~ "Digilent JTAG-SMT3 210357A7D00EA"} -index 0
rst -processor
targets -set -nocase -filter {name =~ "ARM*#0" && jtag_cable_name =~ "Digilent JTAG-SMT3 210357A7D00EA"} -index 0
dow F:/FPGA/work_space/AD_DA_tran/AD_DA_tran.sdk/Uart_0/Debug/Uart_0.elf
configparams force-mem-access 0
----------------End of Script----------------

02:12:48 INFO  : Memory regions updated for context APU
02:12:48 INFO  : Context for processor 'ps7_cortexa9_0' is selected.
02:12:48 INFO  : 'con' command is executed.
02:12:48 INFO  : ----------------XSDB Script (After Launch)----------------
targets -set -nocase -filter {name =~ "ARM*#0" && jtag_cable_name =~ "Digilent JTAG-SMT3 210357A7D00EA"} -index 0
con
----------------End of Script----------------

02:12:48 INFO  : Launch script is exported to file 'F:\FPGA\work_space\AD_DA_tran\AD_DA_tran.sdk\.sdk\launch_scripts\xilinx_c-c++_application_(system_debugger)\system_debugger_using_debug_uart_0.elf_on_local.tcl'
02:14:28 INFO  : Disconnected from the channel tcfchan#8.
02:14:30 INFO  : 'targets -set -filter {jtag_cable_name =~ "Digilent JTAG-SMT3 210357A7D00EA" && level==0} -index 1' command is executed.
02:14:30 INFO  : 'fpga -state' command is executed.
02:14:30 INFO  : Connected to target on host '127.0.0.1' and port '3121'.
02:14:30 INFO  : Jtag cable 'Digilent JTAG-SMT3 210357A7D00EA' is selected.
02:14:30 INFO  : 'jtag frequency' command is executed.
02:14:30 INFO  : Sourcing of 'F:/FPGA/work_space/AD_DA_tran/AD_DA_tran.sdk/FFT_OUT_hw_platform_0/ps7_init.tcl' is done.
02:14:30 INFO  : Context for 'APU' is selected.
02:14:31 INFO  : Hardware design information is loaded from 'F:/FPGA/work_space/AD_DA_tran/AD_DA_tran.sdk/FFT_OUT_hw_platform_0/system.hdf'.
02:14:31 INFO  : 'configparams force-mem-access 1' command is executed.
02:14:31 INFO  : Context for 'APU' is selected.
02:14:31 INFO  : 'stop' command is executed.
02:14:31 INFO  : 'ps7_init' command is executed.
02:14:31 INFO  : 'ps7_post_config' command is executed.
02:14:31 INFO  : Context for processor 'ps7_cortexa9_0' is selected.
02:14:31 INFO  : Processor reset is completed for 'ps7_cortexa9_0'.
02:14:31 INFO  : Context for processor 'ps7_cortexa9_0' is selected.
02:14:32 INFO  : The application 'F:/FPGA/work_space/AD_DA_tran/AD_DA_tran.sdk/Uart_0/Debug/Uart_0.elf' is downloaded to processor 'ps7_cortexa9_0'.
02:14:32 INFO  : 'configparams force-mem-access 0' command is executed.
02:14:32 INFO  : ----------------XSDB Script----------------
connect -url tcp:127.0.0.1:3121
source F:/FPGA/work_space/AD_DA_tran/AD_DA_tran.sdk/FFT_OUT_hw_platform_0/ps7_init.tcl
targets -set -nocase -filter {name =~"APU*" && jtag_cable_name =~ "Digilent JTAG-SMT3 210357A7D00EA"} -index 0
loadhw -hw F:/FPGA/work_space/AD_DA_tran/AD_DA_tran.sdk/FFT_OUT_hw_platform_0/system.hdf -mem-ranges [list {0x40000000 0xbfffffff}]
configparams force-mem-access 1
targets -set -nocase -filter {name =~"APU*" && jtag_cable_name =~ "Digilent JTAG-SMT3 210357A7D00EA"} -index 0
stop
ps7_init
ps7_post_config
targets -set -nocase -filter {name =~ "ARM*#0" && jtag_cable_name =~ "Digilent JTAG-SMT3 210357A7D00EA"} -index 0
rst -processor
targets -set -nocase -filter {name =~ "ARM*#0" && jtag_cable_name =~ "Digilent JTAG-SMT3 210357A7D00EA"} -index 0
dow F:/FPGA/work_space/AD_DA_tran/AD_DA_tran.sdk/Uart_0/Debug/Uart_0.elf
configparams force-mem-access 0
----------------End of Script----------------

02:14:32 INFO  : Memory regions updated for context APU
02:14:32 INFO  : Context for processor 'ps7_cortexa9_0' is selected.
02:14:32 INFO  : 'con' command is executed.
02:14:32 INFO  : ----------------XSDB Script (After Launch)----------------
targets -set -nocase -filter {name =~ "ARM*#0" && jtag_cable_name =~ "Digilent JTAG-SMT3 210357A7D00EA"} -index 0
con
----------------End of Script----------------

02:14:32 INFO  : Launch script is exported to file 'F:\FPGA\work_space\AD_DA_tran\AD_DA_tran.sdk\.sdk\launch_scripts\xilinx_c-c++_application_(system_debugger)\system_debugger_using_debug_uart_0.elf_on_local.tcl'
02:16:18 INFO  : Disconnected from the channel tcfchan#9.
02:16:19 INFO  : 'targets -set -filter {jtag_cable_name =~ "Digilent JTAG-SMT3 210357A7D00EA" && level==0} -index 1' command is executed.
02:16:19 INFO  : 'fpga -state' command is executed.
02:16:19 INFO  : Connected to target on host '127.0.0.1' and port '3121'.
02:16:19 INFO  : Jtag cable 'Digilent JTAG-SMT3 210357A7D00EA' is selected.
02:16:19 INFO  : 'jtag frequency' command is executed.
02:16:19 INFO  : Sourcing of 'F:/FPGA/work_space/AD_DA_tran/AD_DA_tran.sdk/FFT_OUT_hw_platform_0/ps7_init.tcl' is done.
02:16:19 INFO  : Context for 'APU' is selected.
02:16:20 INFO  : Hardware design information is loaded from 'F:/FPGA/work_space/AD_DA_tran/AD_DA_tran.sdk/FFT_OUT_hw_platform_0/system.hdf'.
02:16:20 INFO  : 'configparams force-mem-access 1' command is executed.
02:16:20 INFO  : Context for 'APU' is selected.
02:16:20 INFO  : 'stop' command is executed.
02:16:20 INFO  : 'ps7_init' command is executed.
02:16:20 INFO  : 'ps7_post_config' command is executed.
02:16:21 INFO  : Context for processor 'ps7_cortexa9_0' is selected.
02:16:21 INFO  : Processor reset is completed for 'ps7_cortexa9_0'.
02:16:21 INFO  : Context for processor 'ps7_cortexa9_0' is selected.
02:16:21 INFO  : The application 'F:/FPGA/work_space/AD_DA_tran/AD_DA_tran.sdk/Uart_0/Debug/Uart_0.elf' is downloaded to processor 'ps7_cortexa9_0'.
02:16:21 INFO  : 'configparams force-mem-access 0' command is executed.
02:16:21 INFO  : ----------------XSDB Script----------------
connect -url tcp:127.0.0.1:3121
source F:/FPGA/work_space/AD_DA_tran/AD_DA_tran.sdk/FFT_OUT_hw_platform_0/ps7_init.tcl
targets -set -nocase -filter {name =~"APU*" && jtag_cable_name =~ "Digilent JTAG-SMT3 210357A7D00EA"} -index 0
loadhw -hw F:/FPGA/work_space/AD_DA_tran/AD_DA_tran.sdk/FFT_OUT_hw_platform_0/system.hdf -mem-ranges [list {0x40000000 0xbfffffff}]
configparams force-mem-access 1
targets -set -nocase -filter {name =~"APU*" && jtag_cable_name =~ "Digilent JTAG-SMT3 210357A7D00EA"} -index 0
stop
ps7_init
ps7_post_config
targets -set -nocase -filter {name =~ "ARM*#0" && jtag_cable_name =~ "Digilent JTAG-SMT3 210357A7D00EA"} -index 0
rst -processor
targets -set -nocase -filter {name =~ "ARM*#0" && jtag_cable_name =~ "Digilent JTAG-SMT3 210357A7D00EA"} -index 0
dow F:/FPGA/work_space/AD_DA_tran/AD_DA_tran.sdk/Uart_0/Debug/Uart_0.elf
configparams force-mem-access 0
----------------End of Script----------------

02:16:21 INFO  : Memory regions updated for context APU
02:16:21 INFO  : Context for processor 'ps7_cortexa9_0' is selected.
02:16:21 INFO  : 'con' command is executed.
02:16:21 INFO  : ----------------XSDB Script (After Launch)----------------
targets -set -nocase -filter {name =~ "ARM*#0" && jtag_cable_name =~ "Digilent JTAG-SMT3 210357A7D00EA"} -index 0
con
----------------End of Script----------------

02:16:21 INFO  : Launch script is exported to file 'F:\FPGA\work_space\AD_DA_tran\AD_DA_tran.sdk\.sdk\launch_scripts\xilinx_c-c++_application_(system_debugger)\system_debugger_using_debug_uart_0.elf_on_local.tcl'
02:17:23 INFO  : Disconnected from the channel tcfchan#10.
02:17:24 INFO  : 'targets -set -filter {jtag_cable_name =~ "Digilent JTAG-SMT3 210357A7D00EA" && level==0} -index 1' command is executed.
02:17:24 INFO  : 'fpga -state' command is executed.
02:17:24 INFO  : Connected to target on host '127.0.0.1' and port '3121'.
02:17:24 INFO  : Jtag cable 'Digilent JTAG-SMT3 210357A7D00EA' is selected.
02:17:24 INFO  : 'jtag frequency' command is executed.
02:17:24 INFO  : Sourcing of 'F:/FPGA/work_space/AD_DA_tran/AD_DA_tran.sdk/FFT_OUT_hw_platform_0/ps7_init.tcl' is done.
02:17:24 INFO  : Context for 'APU' is selected.
02:17:25 INFO  : Hardware design information is loaded from 'F:/FPGA/work_space/AD_DA_tran/AD_DA_tran.sdk/FFT_OUT_hw_platform_0/system.hdf'.
02:17:25 INFO  : 'configparams force-mem-access 1' command is executed.
02:17:25 INFO  : Context for 'APU' is selected.
02:17:25 INFO  : 'stop' command is executed.
02:17:25 INFO  : 'ps7_init' command is executed.
02:17:25 INFO  : 'ps7_post_config' command is executed.
02:17:25 INFO  : Context for processor 'ps7_cortexa9_0' is selected.
02:17:25 INFO  : Processor reset is completed for 'ps7_cortexa9_0'.
02:17:25 INFO  : Context for processor 'ps7_cortexa9_0' is selected.
02:17:26 INFO  : The application 'F:/FPGA/work_space/AD_DA_tran/AD_DA_tran.sdk/Uart_0/Debug/Uart_0.elf' is downloaded to processor 'ps7_cortexa9_0'.
02:17:26 INFO  : 'configparams force-mem-access 0' command is executed.
02:17:26 INFO  : ----------------XSDB Script----------------
connect -url tcp:127.0.0.1:3121
source F:/FPGA/work_space/AD_DA_tran/AD_DA_tran.sdk/FFT_OUT_hw_platform_0/ps7_init.tcl
targets -set -nocase -filter {name =~"APU*" && jtag_cable_name =~ "Digilent JTAG-SMT3 210357A7D00EA"} -index 0
loadhw -hw F:/FPGA/work_space/AD_DA_tran/AD_DA_tran.sdk/FFT_OUT_hw_platform_0/system.hdf -mem-ranges [list {0x40000000 0xbfffffff}]
configparams force-mem-access 1
targets -set -nocase -filter {name =~"APU*" && jtag_cable_name =~ "Digilent JTAG-SMT3 210357A7D00EA"} -index 0
stop
ps7_init
ps7_post_config
targets -set -nocase -filter {name =~ "ARM*#0" && jtag_cable_name =~ "Digilent JTAG-SMT3 210357A7D00EA"} -index 0
rst -processor
targets -set -nocase -filter {name =~ "ARM*#0" && jtag_cable_name =~ "Digilent JTAG-SMT3 210357A7D00EA"} -index 0
dow F:/FPGA/work_space/AD_DA_tran/AD_DA_tran.sdk/Uart_0/Debug/Uart_0.elf
configparams force-mem-access 0
----------------End of Script----------------

02:17:26 INFO  : Memory regions updated for context APU
02:17:26 INFO  : Context for processor 'ps7_cortexa9_0' is selected.
02:17:26 INFO  : 'con' command is executed.
02:17:26 INFO  : ----------------XSDB Script (After Launch)----------------
targets -set -nocase -filter {name =~ "ARM*#0" && jtag_cable_name =~ "Digilent JTAG-SMT3 210357A7D00EA"} -index 0
con
----------------End of Script----------------

02:17:26 INFO  : Launch script is exported to file 'F:\FPGA\work_space\AD_DA_tran\AD_DA_tran.sdk\.sdk\launch_scripts\xilinx_c-c++_application_(system_debugger)\system_debugger_using_debug_uart_0.elf_on_local.tcl'
02:20:11 INFO  : Disconnected from the channel tcfchan#11.
02:20:12 INFO  : 'targets -set -filter {jtag_cable_name =~ "Digilent JTAG-SMT3 210357A7D00EA" && level==0} -index 1' command is executed.
02:20:12 INFO  : 'fpga -state' command is executed.
02:20:12 INFO  : Connected to target on host '127.0.0.1' and port '3121'.
02:20:12 INFO  : Jtag cable 'Digilent JTAG-SMT3 210357A7D00EA' is selected.
02:20:12 INFO  : 'jtag frequency' command is executed.
02:20:12 INFO  : Sourcing of 'F:/FPGA/work_space/AD_DA_tran/AD_DA_tran.sdk/FFT_OUT_hw_platform_0/ps7_init.tcl' is done.
02:20:12 INFO  : Context for 'APU' is selected.
02:20:13 INFO  : Hardware design information is loaded from 'F:/FPGA/work_space/AD_DA_tran/AD_DA_tran.sdk/FFT_OUT_hw_platform_0/system.hdf'.
02:20:13 INFO  : 'configparams force-mem-access 1' command is executed.
02:20:13 INFO  : Context for 'APU' is selected.
02:20:13 INFO  : 'stop' command is executed.
02:20:13 INFO  : 'ps7_init' command is executed.
02:20:13 INFO  : 'ps7_post_config' command is executed.
02:20:13 INFO  : Context for processor 'ps7_cortexa9_0' is selected.
02:20:14 INFO  : Processor reset is completed for 'ps7_cortexa9_0'.
02:20:14 INFO  : Context for processor 'ps7_cortexa9_0' is selected.
02:20:14 INFO  : The application 'F:/FPGA/work_space/AD_DA_tran/AD_DA_tran.sdk/Uart_0/Debug/Uart_0.elf' is downloaded to processor 'ps7_cortexa9_0'.
02:20:14 INFO  : 'configparams force-mem-access 0' command is executed.
02:20:14 INFO  : ----------------XSDB Script----------------
connect -url tcp:127.0.0.1:3121
source F:/FPGA/work_space/AD_DA_tran/AD_DA_tran.sdk/FFT_OUT_hw_platform_0/ps7_init.tcl
targets -set -nocase -filter {name =~"APU*" && jtag_cable_name =~ "Digilent JTAG-SMT3 210357A7D00EA"} -index 0
loadhw -hw F:/FPGA/work_space/AD_DA_tran/AD_DA_tran.sdk/FFT_OUT_hw_platform_0/system.hdf -mem-ranges [list {0x40000000 0xbfffffff}]
configparams force-mem-access 1
targets -set -nocase -filter {name =~"APU*" && jtag_cable_name =~ "Digilent JTAG-SMT3 210357A7D00EA"} -index 0
stop
ps7_init
ps7_post_config
targets -set -nocase -filter {name =~ "ARM*#0" && jtag_cable_name =~ "Digilent JTAG-SMT3 210357A7D00EA"} -index 0
rst -processor
targets -set -nocase -filter {name =~ "ARM*#0" && jtag_cable_name =~ "Digilent JTAG-SMT3 210357A7D00EA"} -index 0
dow F:/FPGA/work_space/AD_DA_tran/AD_DA_tran.sdk/Uart_0/Debug/Uart_0.elf
configparams force-mem-access 0
----------------End of Script----------------

02:20:14 INFO  : Memory regions updated for context APU
02:20:14 INFO  : Context for processor 'ps7_cortexa9_0' is selected.
02:20:14 INFO  : 'con' command is executed.
02:20:14 INFO  : ----------------XSDB Script (After Launch)----------------
targets -set -nocase -filter {name =~ "ARM*#0" && jtag_cable_name =~ "Digilent JTAG-SMT3 210357A7D00EA"} -index 0
con
----------------End of Script----------------

02:20:14 INFO  : Launch script is exported to file 'F:\FPGA\work_space\AD_DA_tran\AD_DA_tran.sdk\.sdk\launch_scripts\xilinx_c-c++_application_(system_debugger)\system_debugger_using_debug_uart_0.elf_on_local.tcl'
02:22:01 INFO  : Disconnected from the channel tcfchan#12.
02:22:03 INFO  : 'targets -set -filter {jtag_cable_name =~ "Digilent JTAG-SMT3 210357A7D00EA" && level==0} -index 1' command is executed.
02:22:03 INFO  : 'fpga -state' command is executed.
02:22:03 INFO  : Connected to target on host '127.0.0.1' and port '3121'.
02:22:03 INFO  : Jtag cable 'Digilent JTAG-SMT3 210357A7D00EA' is selected.
02:22:03 INFO  : 'jtag frequency' command is executed.
02:22:03 INFO  : Sourcing of 'F:/FPGA/work_space/AD_DA_tran/AD_DA_tran.sdk/FFT_OUT_hw_platform_0/ps7_init.tcl' is done.
02:22:03 INFO  : Context for 'APU' is selected.
02:22:04 INFO  : Hardware design information is loaded from 'F:/FPGA/work_space/AD_DA_tran/AD_DA_tran.sdk/FFT_OUT_hw_platform_0/system.hdf'.
02:22:04 INFO  : 'configparams force-mem-access 1' command is executed.
02:22:04 INFO  : Context for 'APU' is selected.
02:22:04 INFO  : 'stop' command is executed.
02:22:04 INFO  : 'ps7_init' command is executed.
02:22:04 INFO  : 'ps7_post_config' command is executed.
02:22:04 INFO  : Context for processor 'ps7_cortexa9_0' is selected.
02:22:04 INFO  : Processor reset is completed for 'ps7_cortexa9_0'.
02:22:04 INFO  : Context for processor 'ps7_cortexa9_0' is selected.
02:22:04 INFO  : The application 'F:/FPGA/work_space/AD_DA_tran/AD_DA_tran.sdk/Uart_0/Debug/Uart_0.elf' is downloaded to processor 'ps7_cortexa9_0'.
02:22:04 INFO  : 'configparams force-mem-access 0' command is executed.
02:22:04 INFO  : ----------------XSDB Script----------------
connect -url tcp:127.0.0.1:3121
source F:/FPGA/work_space/AD_DA_tran/AD_DA_tran.sdk/FFT_OUT_hw_platform_0/ps7_init.tcl
targets -set -nocase -filter {name =~"APU*" && jtag_cable_name =~ "Digilent JTAG-SMT3 210357A7D00EA"} -index 0
loadhw -hw F:/FPGA/work_space/AD_DA_tran/AD_DA_tran.sdk/FFT_OUT_hw_platform_0/system.hdf -mem-ranges [list {0x40000000 0xbfffffff}]
configparams force-mem-access 1
targets -set -nocase -filter {name =~"APU*" && jtag_cable_name =~ "Digilent JTAG-SMT3 210357A7D00EA"} -index 0
stop
ps7_init
ps7_post_config
targets -set -nocase -filter {name =~ "ARM*#0" && jtag_cable_name =~ "Digilent JTAG-SMT3 210357A7D00EA"} -index 0
rst -processor
targets -set -nocase -filter {name =~ "ARM*#0" && jtag_cable_name =~ "Digilent JTAG-SMT3 210357A7D00EA"} -index 0
dow F:/FPGA/work_space/AD_DA_tran/AD_DA_tran.sdk/Uart_0/Debug/Uart_0.elf
configparams force-mem-access 0
----------------End of Script----------------

02:22:04 INFO  : Memory regions updated for context APU
02:22:04 INFO  : Context for processor 'ps7_cortexa9_0' is selected.
02:22:04 INFO  : 'con' command is executed.
02:22:04 INFO  : ----------------XSDB Script (After Launch)----------------
targets -set -nocase -filter {name =~ "ARM*#0" && jtag_cable_name =~ "Digilent JTAG-SMT3 210357A7D00EA"} -index 0
con
----------------End of Script----------------

02:22:04 INFO  : Launch script is exported to file 'F:\FPGA\work_space\AD_DA_tran\AD_DA_tran.sdk\.sdk\launch_scripts\xilinx_c-c++_application_(system_debugger)\system_debugger_using_debug_uart_0.elf_on_local.tcl'
02:31:06 INFO  : Disconnected from the channel tcfchan#13.
02:31:07 INFO  : 'targets -set -filter {jtag_cable_name =~ "Digilent JTAG-SMT3 210357A7D00EA" && level==0} -index 1' command is executed.
02:31:07 INFO  : 'fpga -state' command is executed.
02:31:07 INFO  : Connected to target on host '127.0.0.1' and port '3121'.
02:31:07 INFO  : Jtag cable 'Digilent JTAG-SMT3 210357A7D00EA' is selected.
02:31:07 INFO  : 'jtag frequency' command is executed.
02:31:07 INFO  : Sourcing of 'F:/FPGA/work_space/AD_DA_tran/AD_DA_tran.sdk/FFT_OUT_hw_platform_0/ps7_init.tcl' is done.
02:31:07 INFO  : Context for 'APU' is selected.
02:31:09 INFO  : Hardware design information is loaded from 'F:/FPGA/work_space/AD_DA_tran/AD_DA_tran.sdk/FFT_OUT_hw_platform_0/system.hdf'.
02:31:09 INFO  : 'configparams force-mem-access 1' command is executed.
02:31:09 INFO  : Context for 'APU' is selected.
02:31:09 INFO  : 'stop' command is executed.
02:31:09 INFO  : 'ps7_init' command is executed.
02:31:09 INFO  : 'ps7_post_config' command is executed.
02:31:09 INFO  : Context for processor 'ps7_cortexa9_0' is selected.
02:31:09 INFO  : Processor reset is completed for 'ps7_cortexa9_0'.
02:31:09 INFO  : Context for processor 'ps7_cortexa9_0' is selected.
02:31:09 INFO  : The application 'F:/FPGA/work_space/AD_DA_tran/AD_DA_tran.sdk/Uart_0/Debug/Uart_0.elf' is downloaded to processor 'ps7_cortexa9_0'.
02:31:09 INFO  : 'configparams force-mem-access 0' command is executed.
02:31:09 INFO  : ----------------XSDB Script----------------
connect -url tcp:127.0.0.1:3121
source F:/FPGA/work_space/AD_DA_tran/AD_DA_tran.sdk/FFT_OUT_hw_platform_0/ps7_init.tcl
targets -set -nocase -filter {name =~"APU*" && jtag_cable_name =~ "Digilent JTAG-SMT3 210357A7D00EA"} -index 0
loadhw -hw F:/FPGA/work_space/AD_DA_tran/AD_DA_tran.sdk/FFT_OUT_hw_platform_0/system.hdf -mem-ranges [list {0x40000000 0xbfffffff}]
configparams force-mem-access 1
targets -set -nocase -filter {name =~"APU*" && jtag_cable_name =~ "Digilent JTAG-SMT3 210357A7D00EA"} -index 0
stop
ps7_init
ps7_post_config
targets -set -nocase -filter {name =~ "ARM*#0" && jtag_cable_name =~ "Digilent JTAG-SMT3 210357A7D00EA"} -index 0
rst -processor
targets -set -nocase -filter {name =~ "ARM*#0" && jtag_cable_name =~ "Digilent JTAG-SMT3 210357A7D00EA"} -index 0
dow F:/FPGA/work_space/AD_DA_tran/AD_DA_tran.sdk/Uart_0/Debug/Uart_0.elf
configparams force-mem-access 0
----------------End of Script----------------

02:31:09 INFO  : Memory regions updated for context APU
02:31:10 INFO  : Context for processor 'ps7_cortexa9_0' is selected.
02:31:10 INFO  : 'con' command is executed.
02:31:10 INFO  : ----------------XSDB Script (After Launch)----------------
targets -set -nocase -filter {name =~ "ARM*#0" && jtag_cable_name =~ "Digilent JTAG-SMT3 210357A7D00EA"} -index 0
con
----------------End of Script----------------

02:31:10 INFO  : Launch script is exported to file 'F:\FPGA\work_space\AD_DA_tran\AD_DA_tran.sdk\.sdk\launch_scripts\xilinx_c-c++_application_(system_debugger)\system_debugger_using_debug_uart_0.elf_on_local.tcl'
02:34:26 INFO  : Disconnected from the channel tcfchan#14.
02:34:27 INFO  : 'targets -set -filter {jtag_cable_name =~ "Digilent JTAG-SMT3 210357A7D00EA" && level==0} -index 1' command is executed.
02:34:27 INFO  : 'fpga -state' command is executed.
02:34:27 INFO  : Connected to target on host '127.0.0.1' and port '3121'.
02:34:28 INFO  : Jtag cable 'Digilent JTAG-SMT3 210357A7D00EA' is selected.
02:34:28 INFO  : 'jtag frequency' command is executed.
02:34:28 INFO  : Sourcing of 'F:/FPGA/work_space/AD_DA_tran/AD_DA_tran.sdk/FFT_OUT_hw_platform_0/ps7_init.tcl' is done.
02:34:28 INFO  : Context for 'APU' is selected.
02:34:29 INFO  : Hardware design information is loaded from 'F:/FPGA/work_space/AD_DA_tran/AD_DA_tran.sdk/FFT_OUT_hw_platform_0/system.hdf'.
02:34:29 INFO  : 'configparams force-mem-access 1' command is executed.
02:34:29 INFO  : Context for 'APU' is selected.
02:34:29 INFO  : 'stop' command is executed.
02:34:29 INFO  : 'ps7_init' command is executed.
02:34:29 INFO  : 'ps7_post_config' command is executed.
02:34:29 INFO  : Context for processor 'ps7_cortexa9_0' is selected.
02:34:29 INFO  : Processor reset is completed for 'ps7_cortexa9_0'.
02:34:29 INFO  : Context for processor 'ps7_cortexa9_0' is selected.
02:34:30 INFO  : The application 'F:/FPGA/work_space/AD_DA_tran/AD_DA_tran.sdk/Uart_0/Debug/Uart_0.elf' is downloaded to processor 'ps7_cortexa9_0'.
02:34:30 INFO  : 'configparams force-mem-access 0' command is executed.
02:34:30 INFO  : ----------------XSDB Script----------------
connect -url tcp:127.0.0.1:3121
source F:/FPGA/work_space/AD_DA_tran/AD_DA_tran.sdk/FFT_OUT_hw_platform_0/ps7_init.tcl
targets -set -nocase -filter {name =~"APU*" && jtag_cable_name =~ "Digilent JTAG-SMT3 210357A7D00EA"} -index 0
loadhw -hw F:/FPGA/work_space/AD_DA_tran/AD_DA_tran.sdk/FFT_OUT_hw_platform_0/system.hdf -mem-ranges [list {0x40000000 0xbfffffff}]
configparams force-mem-access 1
targets -set -nocase -filter {name =~"APU*" && jtag_cable_name =~ "Digilent JTAG-SMT3 210357A7D00EA"} -index 0
stop
ps7_init
ps7_post_config
targets -set -nocase -filter {name =~ "ARM*#0" && jtag_cable_name =~ "Digilent JTAG-SMT3 210357A7D00EA"} -index 0
rst -processor
targets -set -nocase -filter {name =~ "ARM*#0" && jtag_cable_name =~ "Digilent JTAG-SMT3 210357A7D00EA"} -index 0
dow F:/FPGA/work_space/AD_DA_tran/AD_DA_tran.sdk/Uart_0/Debug/Uart_0.elf
configparams force-mem-access 0
----------------End of Script----------------

02:34:30 INFO  : Memory regions updated for context APU
02:34:30 INFO  : Context for processor 'ps7_cortexa9_0' is selected.
02:34:30 INFO  : 'con' command is executed.
02:34:30 INFO  : ----------------XSDB Script (After Launch)----------------
targets -set -nocase -filter {name =~ "ARM*#0" && jtag_cable_name =~ "Digilent JTAG-SMT3 210357A7D00EA"} -index 0
con
----------------End of Script----------------

02:34:30 INFO  : Launch script is exported to file 'F:\FPGA\work_space\AD_DA_tran\AD_DA_tran.sdk\.sdk\launch_scripts\xilinx_c-c++_application_(system_debugger)\system_debugger_using_debug_uart_0.elf_on_local.tcl'
02:41:41 INFO  : Disconnected from the channel tcfchan#15.
02:41:42 INFO  : 'targets -set -filter {jtag_cable_name =~ "Digilent JTAG-SMT3 210357A7D00EA" && level==0} -index 1' command is executed.
02:41:42 INFO  : 'fpga -state' command is executed.
02:41:42 INFO  : Connected to target on host '127.0.0.1' and port '3121'.
02:41:42 INFO  : Jtag cable 'Digilent JTAG-SMT3 210357A7D00EA' is selected.
02:41:42 INFO  : 'jtag frequency' command is executed.
02:41:42 INFO  : Sourcing of 'F:/FPGA/work_space/AD_DA_tran/AD_DA_tran.sdk/FFT_OUT_hw_platform_0/ps7_init.tcl' is done.
02:41:42 INFO  : Context for 'APU' is selected.
02:41:43 INFO  : Hardware design information is loaded from 'F:/FPGA/work_space/AD_DA_tran/AD_DA_tran.sdk/FFT_OUT_hw_platform_0/system.hdf'.
02:41:43 INFO  : 'configparams force-mem-access 1' command is executed.
02:41:43 INFO  : Context for 'APU' is selected.
02:41:43 INFO  : 'stop' command is executed.
02:41:43 INFO  : 'ps7_init' command is executed.
02:41:43 INFO  : 'ps7_post_config' command is executed.
02:41:43 INFO  : Context for processor 'ps7_cortexa9_0' is selected.
02:41:43 INFO  : Processor reset is completed for 'ps7_cortexa9_0'.
02:41:43 INFO  : Context for processor 'ps7_cortexa9_0' is selected.
02:41:44 INFO  : The application 'F:/FPGA/work_space/AD_DA_tran/AD_DA_tran.sdk/Uart_0/Debug/Uart_0.elf' is downloaded to processor 'ps7_cortexa9_0'.
02:41:44 INFO  : 'configparams force-mem-access 0' command is executed.
02:41:44 INFO  : ----------------XSDB Script----------------
connect -url tcp:127.0.0.1:3121
source F:/FPGA/work_space/AD_DA_tran/AD_DA_tran.sdk/FFT_OUT_hw_platform_0/ps7_init.tcl
targets -set -nocase -filter {name =~"APU*" && jtag_cable_name =~ "Digilent JTAG-SMT3 210357A7D00EA"} -index 0
loadhw -hw F:/FPGA/work_space/AD_DA_tran/AD_DA_tran.sdk/FFT_OUT_hw_platform_0/system.hdf -mem-ranges [list {0x40000000 0xbfffffff}]
configparams force-mem-access 1
targets -set -nocase -filter {name =~"APU*" && jtag_cable_name =~ "Digilent JTAG-SMT3 210357A7D00EA"} -index 0
stop
ps7_init
ps7_post_config
targets -set -nocase -filter {name =~ "ARM*#0" && jtag_cable_name =~ "Digilent JTAG-SMT3 210357A7D00EA"} -index 0
rst -processor
targets -set -nocase -filter {name =~ "ARM*#0" && jtag_cable_name =~ "Digilent JTAG-SMT3 210357A7D00EA"} -index 0
dow F:/FPGA/work_space/AD_DA_tran/AD_DA_tran.sdk/Uart_0/Debug/Uart_0.elf
configparams force-mem-access 0
----------------End of Script----------------

02:41:44 INFO  : Memory regions updated for context APU
02:41:44 INFO  : Context for processor 'ps7_cortexa9_0' is selected.
02:41:44 INFO  : 'con' command is executed.
02:41:44 INFO  : ----------------XSDB Script (After Launch)----------------
targets -set -nocase -filter {name =~ "ARM*#0" && jtag_cable_name =~ "Digilent JTAG-SMT3 210357A7D00EA"} -index 0
con
----------------End of Script----------------

02:41:44 INFO  : Launch script is exported to file 'F:\FPGA\work_space\AD_DA_tran\AD_DA_tran.sdk\.sdk\launch_scripts\xilinx_c-c++_application_(system_debugger)\system_debugger_using_debug_uart_0.elf_on_local.tcl'
02:45:15 INFO  : Disconnected from the channel tcfchan#16.
02:45:16 INFO  : 'targets -set -filter {jtag_cable_name =~ "Digilent JTAG-SMT3 210357A7D00EA" && level==0} -index 1' command is executed.
02:45:16 INFO  : 'fpga -state' command is executed.
02:45:16 INFO  : Connected to target on host '127.0.0.1' and port '3121'.
02:45:16 INFO  : Jtag cable 'Digilent JTAG-SMT3 210357A7D00EA' is selected.
02:45:16 INFO  : 'jtag frequency' command is executed.
02:45:16 INFO  : Sourcing of 'F:/FPGA/work_space/AD_DA_tran/AD_DA_tran.sdk/FFT_OUT_hw_platform_0/ps7_init.tcl' is done.
02:45:16 INFO  : Context for 'APU' is selected.
02:45:18 INFO  : Hardware design information is loaded from 'F:/FPGA/work_space/AD_DA_tran/AD_DA_tran.sdk/FFT_OUT_hw_platform_0/system.hdf'.
02:45:18 INFO  : 'configparams force-mem-access 1' command is executed.
02:45:18 INFO  : Context for 'APU' is selected.
02:45:18 INFO  : 'stop' command is executed.
02:45:18 INFO  : 'ps7_init' command is executed.
02:45:18 INFO  : 'ps7_post_config' command is executed.
02:45:18 INFO  : Context for processor 'ps7_cortexa9_0' is selected.
02:45:18 INFO  : Processor reset is completed for 'ps7_cortexa9_0'.
02:45:18 INFO  : Context for processor 'ps7_cortexa9_0' is selected.
02:45:18 INFO  : The application 'F:/FPGA/work_space/AD_DA_tran/AD_DA_tran.sdk/Uart_0/Debug/Uart_0.elf' is downloaded to processor 'ps7_cortexa9_0'.
02:45:18 INFO  : 'configparams force-mem-access 0' command is executed.
02:45:18 INFO  : ----------------XSDB Script----------------
connect -url tcp:127.0.0.1:3121
source F:/FPGA/work_space/AD_DA_tran/AD_DA_tran.sdk/FFT_OUT_hw_platform_0/ps7_init.tcl
targets -set -nocase -filter {name =~"APU*" && jtag_cable_name =~ "Digilent JTAG-SMT3 210357A7D00EA"} -index 0
loadhw -hw F:/FPGA/work_space/AD_DA_tran/AD_DA_tran.sdk/FFT_OUT_hw_platform_0/system.hdf -mem-ranges [list {0x40000000 0xbfffffff}]
configparams force-mem-access 1
targets -set -nocase -filter {name =~"APU*" && jtag_cable_name =~ "Digilent JTAG-SMT3 210357A7D00EA"} -index 0
stop
ps7_init
ps7_post_config
targets -set -nocase -filter {name =~ "ARM*#0" && jtag_cable_name =~ "Digilent JTAG-SMT3 210357A7D00EA"} -index 0
rst -processor
targets -set -nocase -filter {name =~ "ARM*#0" && jtag_cable_name =~ "Digilent JTAG-SMT3 210357A7D00EA"} -index 0
dow F:/FPGA/work_space/AD_DA_tran/AD_DA_tran.sdk/Uart_0/Debug/Uart_0.elf
configparams force-mem-access 0
----------------End of Script----------------

02:45:18 INFO  : Memory regions updated for context APU
02:45:18 INFO  : Context for processor 'ps7_cortexa9_0' is selected.
02:45:18 INFO  : 'con' command is executed.
02:45:18 INFO  : ----------------XSDB Script (After Launch)----------------
targets -set -nocase -filter {name =~ "ARM*#0" && jtag_cable_name =~ "Digilent JTAG-SMT3 210357A7D00EA"} -index 0
con
----------------End of Script----------------

02:45:18 INFO  : Launch script is exported to file 'F:\FPGA\work_space\AD_DA_tran\AD_DA_tran.sdk\.sdk\launch_scripts\xilinx_c-c++_application_(system_debugger)\system_debugger_using_debug_uart_0.elf_on_local.tcl'
02:48:28 INFO  : Disconnected from the channel tcfchan#17.
02:48:29 INFO  : 'targets -set -filter {jtag_cable_name =~ "Digilent JTAG-SMT3 210357A7D00EA" && level==0} -index 1' command is executed.
02:48:29 INFO  : 'fpga -state' command is executed.
02:48:29 INFO  : Connected to target on host '127.0.0.1' and port '3121'.
02:48:29 INFO  : Jtag cable 'Digilent JTAG-SMT3 210357A7D00EA' is selected.
02:48:29 INFO  : 'jtag frequency' command is executed.
02:48:29 INFO  : Sourcing of 'F:/FPGA/work_space/AD_DA_tran/AD_DA_tran.sdk/FFT_OUT_hw_platform_0/ps7_init.tcl' is done.
02:48:30 INFO  : Context for 'APU' is selected.
02:48:31 INFO  : Hardware design information is loaded from 'F:/FPGA/work_space/AD_DA_tran/AD_DA_tran.sdk/FFT_OUT_hw_platform_0/system.hdf'.
02:48:31 INFO  : 'configparams force-mem-access 1' command is executed.
02:48:31 INFO  : Context for 'APU' is selected.
02:48:31 INFO  : 'stop' command is executed.
02:48:31 INFO  : 'ps7_init' command is executed.
02:48:31 INFO  : 'ps7_post_config' command is executed.
02:48:31 INFO  : Context for processor 'ps7_cortexa9_0' is selected.
02:48:31 INFO  : Processor reset is completed for 'ps7_cortexa9_0'.
02:48:31 INFO  : Context for processor 'ps7_cortexa9_0' is selected.
02:48:31 INFO  : The application 'F:/FPGA/work_space/AD_DA_tran/AD_DA_tran.sdk/Uart_0/Debug/Uart_0.elf' is downloaded to processor 'ps7_cortexa9_0'.
02:48:31 INFO  : 'configparams force-mem-access 0' command is executed.
02:48:31 INFO  : ----------------XSDB Script----------------
connect -url tcp:127.0.0.1:3121
source F:/FPGA/work_space/AD_DA_tran/AD_DA_tran.sdk/FFT_OUT_hw_platform_0/ps7_init.tcl
targets -set -nocase -filter {name =~"APU*" && jtag_cable_name =~ "Digilent JTAG-SMT3 210357A7D00EA"} -index 0
loadhw -hw F:/FPGA/work_space/AD_DA_tran/AD_DA_tran.sdk/FFT_OUT_hw_platform_0/system.hdf -mem-ranges [list {0x40000000 0xbfffffff}]
configparams force-mem-access 1
targets -set -nocase -filter {name =~"APU*" && jtag_cable_name =~ "Digilent JTAG-SMT3 210357A7D00EA"} -index 0
stop
ps7_init
ps7_post_config
targets -set -nocase -filter {name =~ "ARM*#0" && jtag_cable_name =~ "Digilent JTAG-SMT3 210357A7D00EA"} -index 0
rst -processor
targets -set -nocase -filter {name =~ "ARM*#0" && jtag_cable_name =~ "Digilent JTAG-SMT3 210357A7D00EA"} -index 0
dow F:/FPGA/work_space/AD_DA_tran/AD_DA_tran.sdk/Uart_0/Debug/Uart_0.elf
configparams force-mem-access 0
----------------End of Script----------------

02:48:31 INFO  : Memory regions updated for context APU
02:48:31 INFO  : Context for processor 'ps7_cortexa9_0' is selected.
02:48:31 INFO  : 'con' command is executed.
02:48:31 INFO  : ----------------XSDB Script (After Launch)----------------
targets -set -nocase -filter {name =~ "ARM*#0" && jtag_cable_name =~ "Digilent JTAG-SMT3 210357A7D00EA"} -index 0
con
----------------End of Script----------------

02:48:31 INFO  : Launch script is exported to file 'F:\FPGA\work_space\AD_DA_tran\AD_DA_tran.sdk\.sdk\launch_scripts\xilinx_c-c++_application_(system_debugger)\system_debugger_using_debug_uart_0.elf_on_local.tcl'
20:20:24 INFO  : Disconnected from the channel tcfchan#18.
20:20:25 INFO  : 'targets -set -filter {jtag_cable_name =~ "Digilent JTAG-SMT3 210357A7D00EA" && level==0} -index 1' command is executed.
20:20:25 INFO  : 'fpga -state' command is executed.
20:20:25 INFO  : Connected to target on host '127.0.0.1' and port '3121'.
20:20:25 INFO  : Jtag cable 'Digilent JTAG-SMT3 210357A7D00EA' is selected.
20:20:25 INFO  : 'jtag frequency' command is executed.
20:20:25 INFO  : Sourcing of 'F:/FPGA/work_space/AD_DA_tran/AD_DA_tran.sdk/FFT_OUT_hw_platform_0/ps7_init.tcl' is done.
20:20:25 INFO  : Context for 'APU' is selected.
20:20:27 INFO  : Hardware design information is loaded from 'F:/FPGA/work_space/AD_DA_tran/AD_DA_tran.sdk/FFT_OUT_hw_platform_0/system.hdf'.
20:20:27 INFO  : 'configparams force-mem-access 1' command is executed.
20:20:27 INFO  : Context for 'APU' is selected.
20:20:27 INFO  : 'stop' command is executed.
20:20:27 INFO  : 'ps7_init' command is executed.
20:20:27 INFO  : 'ps7_post_config' command is executed.
20:20:27 INFO  : Context for processor 'ps7_cortexa9_0' is selected.
20:20:27 INFO  : Processor reset is completed for 'ps7_cortexa9_0'.
20:20:27 INFO  : Context for processor 'ps7_cortexa9_0' is selected.
20:20:27 INFO  : The application 'F:/FPGA/work_space/AD_DA_tran/AD_DA_tran.sdk/Uart_0/Debug/Uart_0.elf' is downloaded to processor 'ps7_cortexa9_0'.
20:20:27 INFO  : 'configparams force-mem-access 0' command is executed.
20:20:27 INFO  : ----------------XSDB Script----------------
connect -url tcp:127.0.0.1:3121
source F:/FPGA/work_space/AD_DA_tran/AD_DA_tran.sdk/FFT_OUT_hw_platform_0/ps7_init.tcl
targets -set -nocase -filter {name =~"APU*" && jtag_cable_name =~ "Digilent JTAG-SMT3 210357A7D00EA"} -index 0
loadhw -hw F:/FPGA/work_space/AD_DA_tran/AD_DA_tran.sdk/FFT_OUT_hw_platform_0/system.hdf -mem-ranges [list {0x40000000 0xbfffffff}]
configparams force-mem-access 1
targets -set -nocase -filter {name =~"APU*" && jtag_cable_name =~ "Digilent JTAG-SMT3 210357A7D00EA"} -index 0
stop
ps7_init
ps7_post_config
targets -set -nocase -filter {name =~ "ARM*#0" && jtag_cable_name =~ "Digilent JTAG-SMT3 210357A7D00EA"} -index 0
rst -processor
targets -set -nocase -filter {name =~ "ARM*#0" && jtag_cable_name =~ "Digilent JTAG-SMT3 210357A7D00EA"} -index 0
dow F:/FPGA/work_space/AD_DA_tran/AD_DA_tran.sdk/Uart_0/Debug/Uart_0.elf
configparams force-mem-access 0
----------------End of Script----------------

20:20:28 INFO  : Memory regions updated for context APU
20:20:28 INFO  : Context for processor 'ps7_cortexa9_0' is selected.
20:20:28 INFO  : 'con' command is executed.
20:20:28 INFO  : ----------------XSDB Script (After Launch)----------------
targets -set -nocase -filter {name =~ "ARM*#0" && jtag_cable_name =~ "Digilent JTAG-SMT3 210357A7D00EA"} -index 0
con
----------------End of Script----------------

20:20:28 INFO  : Launch script is exported to file 'F:\FPGA\work_space\AD_DA_tran\AD_DA_tran.sdk\.sdk\launch_scripts\xilinx_c-c++_application_(system_debugger)\system_debugger_using_debug_uart_0.elf_on_local.tcl'
20:30:15 INFO  : Disconnected from the channel tcfchan#19.
20:30:16 INFO  : 'targets -set -filter {jtag_cable_name =~ "Digilent JTAG-SMT3 210357A7D00EA" && level==0} -index 1' command is executed.
20:30:16 INFO  : 'fpga -state' command is executed.
20:30:16 INFO  : Connected to target on host '127.0.0.1' and port '3121'.
20:30:16 INFO  : Jtag cable 'Digilent JTAG-SMT3 210357A7D00EA' is selected.
20:30:16 INFO  : 'jtag frequency' command is executed.
20:30:16 INFO  : Sourcing of 'F:/FPGA/work_space/AD_DA_tran/AD_DA_tran.sdk/FFT_OUT_hw_platform_0/ps7_init.tcl' is done.
20:30:16 INFO  : Context for 'APU' is selected.
20:30:17 INFO  : Hardware design information is loaded from 'F:/FPGA/work_space/AD_DA_tran/AD_DA_tran.sdk/FFT_OUT_hw_platform_0/system.hdf'.
20:30:17 INFO  : 'configparams force-mem-access 1' command is executed.
20:30:17 INFO  : Context for 'APU' is selected.
20:30:17 INFO  : 'stop' command is executed.
20:30:18 INFO  : 'ps7_init' command is executed.
20:30:18 INFO  : 'ps7_post_config' command is executed.
20:30:18 INFO  : Context for processor 'ps7_cortexa9_0' is selected.
20:30:18 INFO  : Processor reset is completed for 'ps7_cortexa9_0'.
20:30:18 INFO  : Context for processor 'ps7_cortexa9_0' is selected.
20:30:18 INFO  : The application 'F:/FPGA/work_space/AD_DA_tran/AD_DA_tran.sdk/Uart_0/Debug/Uart_0.elf' is downloaded to processor 'ps7_cortexa9_0'.
20:30:18 INFO  : 'configparams force-mem-access 0' command is executed.
20:30:18 INFO  : ----------------XSDB Script----------------
connect -url tcp:127.0.0.1:3121
source F:/FPGA/work_space/AD_DA_tran/AD_DA_tran.sdk/FFT_OUT_hw_platform_0/ps7_init.tcl
targets -set -nocase -filter {name =~"APU*" && jtag_cable_name =~ "Digilent JTAG-SMT3 210357A7D00EA"} -index 0
loadhw -hw F:/FPGA/work_space/AD_DA_tran/AD_DA_tran.sdk/FFT_OUT_hw_platform_0/system.hdf -mem-ranges [list {0x40000000 0xbfffffff}]
configparams force-mem-access 1
targets -set -nocase -filter {name =~"APU*" && jtag_cable_name =~ "Digilent JTAG-SMT3 210357A7D00EA"} -index 0
stop
ps7_init
ps7_post_config
targets -set -nocase -filter {name =~ "ARM*#0" && jtag_cable_name =~ "Digilent JTAG-SMT3 210357A7D00EA"} -index 0
rst -processor
targets -set -nocase -filter {name =~ "ARM*#0" && jtag_cable_name =~ "Digilent JTAG-SMT3 210357A7D00EA"} -index 0
dow F:/FPGA/work_space/AD_DA_tran/AD_DA_tran.sdk/Uart_0/Debug/Uart_0.elf
configparams force-mem-access 0
----------------End of Script----------------

20:30:18 INFO  : Memory regions updated for context APU
20:30:18 INFO  : Context for processor 'ps7_cortexa9_0' is selected.
20:30:18 INFO  : 'con' command is executed.
20:30:18 INFO  : ----------------XSDB Script (After Launch)----------------
targets -set -nocase -filter {name =~ "ARM*#0" && jtag_cable_name =~ "Digilent JTAG-SMT3 210357A7D00EA"} -index 0
con
----------------End of Script----------------

20:30:18 INFO  : Launch script is exported to file 'F:\FPGA\work_space\AD_DA_tran\AD_DA_tran.sdk\.sdk\launch_scripts\xilinx_c-c++_application_(system_debugger)\system_debugger_using_debug_uart_0.elf_on_local.tcl'
20:31:22 INFO  : Disconnected from the channel tcfchan#20.
20:31:23 INFO  : 'targets -set -filter {jtag_cable_name =~ "Digilent JTAG-SMT3 210357A7D00EA" && level==0} -index 1' command is executed.
20:31:23 INFO  : 'fpga -state' command is executed.
20:31:23 INFO  : Connected to target on host '127.0.0.1' and port '3121'.
20:31:23 INFO  : Jtag cable 'Digilent JTAG-SMT3 210357A7D00EA' is selected.
20:31:23 INFO  : 'jtag frequency' command is executed.
20:31:23 INFO  : Sourcing of 'F:/FPGA/work_space/AD_DA_tran/AD_DA_tran.sdk/FFT_OUT_hw_platform_0/ps7_init.tcl' is done.
20:31:23 INFO  : Context for 'APU' is selected.
20:31:24 INFO  : Hardware design information is loaded from 'F:/FPGA/work_space/AD_DA_tran/AD_DA_tran.sdk/FFT_OUT_hw_platform_0/system.hdf'.
20:31:24 INFO  : 'configparams force-mem-access 1' command is executed.
20:31:24 INFO  : Context for 'APU' is selected.
20:31:24 INFO  : 'stop' command is executed.
20:31:24 INFO  : 'ps7_init' command is executed.
20:31:24 INFO  : 'ps7_post_config' command is executed.
20:31:24 INFO  : Context for processor 'ps7_cortexa9_0' is selected.
20:31:25 INFO  : Processor reset is completed for 'ps7_cortexa9_0'.
20:31:25 INFO  : Context for processor 'ps7_cortexa9_0' is selected.
20:31:25 INFO  : The application 'F:/FPGA/work_space/AD_DA_tran/AD_DA_tran.sdk/Uart_0/Debug/Uart_0.elf' is downloaded to processor 'ps7_cortexa9_0'.
20:31:25 INFO  : 'configparams force-mem-access 0' command is executed.
20:31:25 INFO  : ----------------XSDB Script----------------
connect -url tcp:127.0.0.1:3121
source F:/FPGA/work_space/AD_DA_tran/AD_DA_tran.sdk/FFT_OUT_hw_platform_0/ps7_init.tcl
targets -set -nocase -filter {name =~"APU*" && jtag_cable_name =~ "Digilent JTAG-SMT3 210357A7D00EA"} -index 0
loadhw -hw F:/FPGA/work_space/AD_DA_tran/AD_DA_tran.sdk/FFT_OUT_hw_platform_0/system.hdf -mem-ranges [list {0x40000000 0xbfffffff}]
configparams force-mem-access 1
targets -set -nocase -filter {name =~"APU*" && jtag_cable_name =~ "Digilent JTAG-SMT3 210357A7D00EA"} -index 0
stop
ps7_init
ps7_post_config
targets -set -nocase -filter {name =~ "ARM*#0" && jtag_cable_name =~ "Digilent JTAG-SMT3 210357A7D00EA"} -index 0
rst -processor
targets -set -nocase -filter {name =~ "ARM*#0" && jtag_cable_name =~ "Digilent JTAG-SMT3 210357A7D00EA"} -index 0
dow F:/FPGA/work_space/AD_DA_tran/AD_DA_tran.sdk/Uart_0/Debug/Uart_0.elf
configparams force-mem-access 0
----------------End of Script----------------

20:31:25 INFO  : Memory regions updated for context APU
20:31:25 INFO  : Context for processor 'ps7_cortexa9_0' is selected.
20:31:25 INFO  : 'con' command is executed.
20:31:25 INFO  : ----------------XSDB Script (After Launch)----------------
targets -set -nocase -filter {name =~ "ARM*#0" && jtag_cable_name =~ "Digilent JTAG-SMT3 210357A7D00EA"} -index 0
con
----------------End of Script----------------

20:31:25 INFO  : Launch script is exported to file 'F:\FPGA\work_space\AD_DA_tran\AD_DA_tran.sdk\.sdk\launch_scripts\xilinx_c-c++_application_(system_debugger)\system_debugger_using_debug_uart_0.elf_on_local.tcl'
20:51:43 INFO  : Disconnected from the channel tcfchan#21.
20:51:44 INFO  : 'targets -set -filter {jtag_cable_name =~ "Digilent JTAG-SMT3 210357A7D00EA" && level==0} -index 1' command is executed.
20:51:44 INFO  : 'fpga -state' command is executed.
20:51:44 INFO  : Connected to target on host '127.0.0.1' and port '3121'.
20:51:44 INFO  : Jtag cable 'Digilent JTAG-SMT3 210357A7D00EA' is selected.
20:51:44 INFO  : 'jtag frequency' command is executed.
20:51:44 INFO  : Sourcing of 'F:/FPGA/work_space/AD_DA_tran/AD_DA_tran.sdk/FFT_OUT_hw_platform_0/ps7_init.tcl' is done.
20:51:44 INFO  : Context for 'APU' is selected.
20:51:45 INFO  : Hardware design information is loaded from 'F:/FPGA/work_space/AD_DA_tran/AD_DA_tran.sdk/FFT_OUT_hw_platform_0/system.hdf'.
20:51:45 INFO  : 'configparams force-mem-access 1' command is executed.
20:51:45 INFO  : Context for 'APU' is selected.
20:51:45 INFO  : 'stop' command is executed.
20:51:45 INFO  : 'ps7_init' command is executed.
20:51:45 INFO  : 'ps7_post_config' command is executed.
20:51:45 INFO  : Context for processor 'ps7_cortexa9_0' is selected.
20:51:45 INFO  : Processor reset is completed for 'ps7_cortexa9_0'.
20:51:45 INFO  : Context for processor 'ps7_cortexa9_0' is selected.
20:51:46 INFO  : The application 'F:/FPGA/work_space/AD_DA_tran/AD_DA_tran.sdk/Uart_0/Debug/Uart_0.elf' is downloaded to processor 'ps7_cortexa9_0'.
20:51:46 INFO  : 'configparams force-mem-access 0' command is executed.
20:51:46 INFO  : ----------------XSDB Script----------------
connect -url tcp:127.0.0.1:3121
source F:/FPGA/work_space/AD_DA_tran/AD_DA_tran.sdk/FFT_OUT_hw_platform_0/ps7_init.tcl
targets -set -nocase -filter {name =~"APU*" && jtag_cable_name =~ "Digilent JTAG-SMT3 210357A7D00EA"} -index 0
loadhw -hw F:/FPGA/work_space/AD_DA_tran/AD_DA_tran.sdk/FFT_OUT_hw_platform_0/system.hdf -mem-ranges [list {0x40000000 0xbfffffff}]
configparams force-mem-access 1
targets -set -nocase -filter {name =~"APU*" && jtag_cable_name =~ "Digilent JTAG-SMT3 210357A7D00EA"} -index 0
stop
ps7_init
ps7_post_config
targets -set -nocase -filter {name =~ "ARM*#0" && jtag_cable_name =~ "Digilent JTAG-SMT3 210357A7D00EA"} -index 0
rst -processor
targets -set -nocase -filter {name =~ "ARM*#0" && jtag_cable_name =~ "Digilent JTAG-SMT3 210357A7D00EA"} -index 0
dow F:/FPGA/work_space/AD_DA_tran/AD_DA_tran.sdk/Uart_0/Debug/Uart_0.elf
configparams force-mem-access 0
----------------End of Script----------------

20:51:46 INFO  : Memory regions updated for context APU
20:51:46 INFO  : Context for processor 'ps7_cortexa9_0' is selected.
20:51:46 INFO  : 'con' command is executed.
20:51:46 INFO  : ----------------XSDB Script (After Launch)----------------
targets -set -nocase -filter {name =~ "ARM*#0" && jtag_cable_name =~ "Digilent JTAG-SMT3 210357A7D00EA"} -index 0
con
----------------End of Script----------------

20:51:46 INFO  : Launch script is exported to file 'F:\FPGA\work_space\AD_DA_tran\AD_DA_tran.sdk\.sdk\launch_scripts\xilinx_c-c++_application_(system_debugger)\system_debugger_using_debug_uart_0.elf_on_local.tcl'
20:52:19 INFO  : Disconnected from the channel tcfchan#22.
20:52:20 INFO  : 'targets -set -filter {jtag_cable_name =~ "Digilent JTAG-SMT3 210357A7D00EA" && level==0} -index 1' command is executed.
20:52:20 INFO  : 'fpga -state' command is executed.
20:52:20 INFO  : Connected to target on host '127.0.0.1' and port '3121'.
20:52:20 INFO  : Jtag cable 'Digilent JTAG-SMT3 210357A7D00EA' is selected.
20:52:20 INFO  : 'jtag frequency' command is executed.
20:52:20 INFO  : Sourcing of 'F:/FPGA/work_space/AD_DA_tran/AD_DA_tran.sdk/FFT_OUT_hw_platform_0/ps7_init.tcl' is done.
20:52:20 INFO  : Context for 'APU' is selected.
20:52:22 INFO  : Hardware design information is loaded from 'F:/FPGA/work_space/AD_DA_tran/AD_DA_tran.sdk/FFT_OUT_hw_platform_0/system.hdf'.
20:52:22 INFO  : 'configparams force-mem-access 1' command is executed.
20:52:22 INFO  : Context for 'APU' is selected.
20:52:22 INFO  : 'stop' command is executed.
20:52:22 INFO  : 'ps7_init' command is executed.
20:52:22 INFO  : 'ps7_post_config' command is executed.
20:52:23 INFO  : Context for processor 'ps7_cortexa9_0' is selected.
20:52:23 INFO  : Processor reset is completed for 'ps7_cortexa9_0'.
20:52:23 INFO  : Context for processor 'ps7_cortexa9_0' is selected.
20:52:23 INFO  : The application 'F:/FPGA/work_space/AD_DA_tran/AD_DA_tran.sdk/Uart_0/Debug/Uart_0.elf' is downloaded to processor 'ps7_cortexa9_0'.
20:52:23 INFO  : 'configparams force-mem-access 0' command is executed.
20:52:23 INFO  : ----------------XSDB Script----------------
connect -url tcp:127.0.0.1:3121
source F:/FPGA/work_space/AD_DA_tran/AD_DA_tran.sdk/FFT_OUT_hw_platform_0/ps7_init.tcl
targets -set -nocase -filter {name =~"APU*" && jtag_cable_name =~ "Digilent JTAG-SMT3 210357A7D00EA"} -index 0
loadhw -hw F:/FPGA/work_space/AD_DA_tran/AD_DA_tran.sdk/FFT_OUT_hw_platform_0/system.hdf -mem-ranges [list {0x40000000 0xbfffffff}]
configparams force-mem-access 1
targets -set -nocase -filter {name =~"APU*" && jtag_cable_name =~ "Digilent JTAG-SMT3 210357A7D00EA"} -index 0
stop
ps7_init
ps7_post_config
targets -set -nocase -filter {name =~ "ARM*#0" && jtag_cable_name =~ "Digilent JTAG-SMT3 210357A7D00EA"} -index 0
rst -processor
targets -set -nocase -filter {name =~ "ARM*#0" && jtag_cable_name =~ "Digilent JTAG-SMT3 210357A7D00EA"} -index 0
dow F:/FPGA/work_space/AD_DA_tran/AD_DA_tran.sdk/Uart_0/Debug/Uart_0.elf
configparams force-mem-access 0
----------------End of Script----------------

20:52:23 INFO  : Memory regions updated for context APU
20:52:23 INFO  : Context for processor 'ps7_cortexa9_0' is selected.
20:52:23 INFO  : 'con' command is executed.
20:52:23 INFO  : ----------------XSDB Script (After Launch)----------------
targets -set -nocase -filter {name =~ "ARM*#0" && jtag_cable_name =~ "Digilent JTAG-SMT3 210357A7D00EA"} -index 0
con
----------------End of Script----------------

20:52:23 INFO  : Launch script is exported to file 'F:\FPGA\work_space\AD_DA_tran\AD_DA_tran.sdk\.sdk\launch_scripts\xilinx_c-c++_application_(system_debugger)\system_debugger_using_debug_uart_0.elf_on_local.tcl'
20:55:03 INFO  : Disconnected from the channel tcfchan#23.
20:55:04 INFO  : 'targets -set -filter {jtag_cable_name =~ "Digilent JTAG-SMT3 210357A7D00EA" && level==0} -index 1' command is executed.
20:55:04 INFO  : 'fpga -state' command is executed.
20:55:04 INFO  : Connected to target on host '127.0.0.1' and port '3121'.
20:55:04 INFO  : Jtag cable 'Digilent JTAG-SMT3 210357A7D00EA' is selected.
20:55:04 INFO  : 'jtag frequency' command is executed.
20:55:04 INFO  : Sourcing of 'F:/FPGA/work_space/AD_DA_tran/AD_DA_tran.sdk/FFT_OUT_hw_platform_0/ps7_init.tcl' is done.
20:55:04 INFO  : Context for 'APU' is selected.
20:55:05 INFO  : Hardware design information is loaded from 'F:/FPGA/work_space/AD_DA_tran/AD_DA_tran.sdk/FFT_OUT_hw_platform_0/system.hdf'.
20:55:05 INFO  : 'configparams force-mem-access 1' command is executed.
20:55:05 INFO  : Context for 'APU' is selected.
20:55:05 INFO  : 'stop' command is executed.
20:55:05 INFO  : 'ps7_init' command is executed.
20:55:05 INFO  : 'ps7_post_config' command is executed.
20:55:05 INFO  : Context for processor 'ps7_cortexa9_0' is selected.
20:55:06 INFO  : Processor reset is completed for 'ps7_cortexa9_0'.
20:55:06 INFO  : Context for processor 'ps7_cortexa9_0' is selected.
20:55:06 INFO  : The application 'F:/FPGA/work_space/AD_DA_tran/AD_DA_tran.sdk/Uart_0/Debug/Uart_0.elf' is downloaded to processor 'ps7_cortexa9_0'.
20:55:06 INFO  : 'configparams force-mem-access 0' command is executed.
20:55:06 INFO  : ----------------XSDB Script----------------
connect -url tcp:127.0.0.1:3121
source F:/FPGA/work_space/AD_DA_tran/AD_DA_tran.sdk/FFT_OUT_hw_platform_0/ps7_init.tcl
targets -set -nocase -filter {name =~"APU*" && jtag_cable_name =~ "Digilent JTAG-SMT3 210357A7D00EA"} -index 0
loadhw -hw F:/FPGA/work_space/AD_DA_tran/AD_DA_tran.sdk/FFT_OUT_hw_platform_0/system.hdf -mem-ranges [list {0x40000000 0xbfffffff}]
configparams force-mem-access 1
targets -set -nocase -filter {name =~"APU*" && jtag_cable_name =~ "Digilent JTAG-SMT3 210357A7D00EA"} -index 0
stop
ps7_init
ps7_post_config
targets -set -nocase -filter {name =~ "ARM*#0" && jtag_cable_name =~ "Digilent JTAG-SMT3 210357A7D00EA"} -index 0
rst -processor
targets -set -nocase -filter {name =~ "ARM*#0" && jtag_cable_name =~ "Digilent JTAG-SMT3 210357A7D00EA"} -index 0
dow F:/FPGA/work_space/AD_DA_tran/AD_DA_tran.sdk/Uart_0/Debug/Uart_0.elf
configparams force-mem-access 0
----------------End of Script----------------

20:55:06 INFO  : Memory regions updated for context APU
20:55:06 INFO  : Context for processor 'ps7_cortexa9_0' is selected.
20:55:06 INFO  : 'con' command is executed.
20:55:06 INFO  : ----------------XSDB Script (After Launch)----------------
targets -set -nocase -filter {name =~ "ARM*#0" && jtag_cable_name =~ "Digilent JTAG-SMT3 210357A7D00EA"} -index 0
con
----------------End of Script----------------

20:55:06 INFO  : Launch script is exported to file 'F:\FPGA\work_space\AD_DA_tran\AD_DA_tran.sdk\.sdk\launch_scripts\xilinx_c-c++_application_(system_debugger)\system_debugger_using_debug_uart_0.elf_on_local.tcl'
20:55:31 INFO  : Disconnected from the channel tcfchan#24.
20:55:32 INFO  : 'targets -set -filter {jtag_cable_name =~ "Digilent JTAG-SMT3 210357A7D00EA" && level==0} -index 1' command is executed.
20:55:32 INFO  : 'fpga -state' command is executed.
20:55:32 INFO  : Connected to target on host '127.0.0.1' and port '3121'.
20:55:32 INFO  : Jtag cable 'Digilent JTAG-SMT3 210357A7D00EA' is selected.
20:55:32 INFO  : 'jtag frequency' command is executed.
20:55:32 INFO  : Sourcing of 'F:/FPGA/work_space/AD_DA_tran/AD_DA_tran.sdk/FFT_OUT_hw_platform_0/ps7_init.tcl' is done.
20:55:32 INFO  : Context for 'APU' is selected.
20:55:33 INFO  : Hardware design information is loaded from 'F:/FPGA/work_space/AD_DA_tran/AD_DA_tran.sdk/FFT_OUT_hw_platform_0/system.hdf'.
20:55:33 INFO  : 'configparams force-mem-access 1' command is executed.
20:55:33 INFO  : Context for 'APU' is selected.
20:55:33 INFO  : 'stop' command is executed.
20:55:34 INFO  : 'ps7_init' command is executed.
20:55:34 INFO  : 'ps7_post_config' command is executed.
20:55:34 INFO  : Context for processor 'ps7_cortexa9_0' is selected.
20:55:34 INFO  : Processor reset is completed for 'ps7_cortexa9_0'.
20:55:34 INFO  : Context for processor 'ps7_cortexa9_0' is selected.
20:55:34 INFO  : The application 'F:/FPGA/work_space/AD_DA_tran/AD_DA_tran.sdk/Uart_0/Debug/Uart_0.elf' is downloaded to processor 'ps7_cortexa9_0'.
20:55:34 INFO  : 'configparams force-mem-access 0' command is executed.
20:55:34 INFO  : ----------------XSDB Script----------------
connect -url tcp:127.0.0.1:3121
source F:/FPGA/work_space/AD_DA_tran/AD_DA_tran.sdk/FFT_OUT_hw_platform_0/ps7_init.tcl
targets -set -nocase -filter {name =~"APU*" && jtag_cable_name =~ "Digilent JTAG-SMT3 210357A7D00EA"} -index 0
loadhw -hw F:/FPGA/work_space/AD_DA_tran/AD_DA_tran.sdk/FFT_OUT_hw_platform_0/system.hdf -mem-ranges [list {0x40000000 0xbfffffff}]
configparams force-mem-access 1
targets -set -nocase -filter {name =~"APU*" && jtag_cable_name =~ "Digilent JTAG-SMT3 210357A7D00EA"} -index 0
stop
ps7_init
ps7_post_config
targets -set -nocase -filter {name =~ "ARM*#0" && jtag_cable_name =~ "Digilent JTAG-SMT3 210357A7D00EA"} -index 0
rst -processor
targets -set -nocase -filter {name =~ "ARM*#0" && jtag_cable_name =~ "Digilent JTAG-SMT3 210357A7D00EA"} -index 0
dow F:/FPGA/work_space/AD_DA_tran/AD_DA_tran.sdk/Uart_0/Debug/Uart_0.elf
configparams force-mem-access 0
----------------End of Script----------------

20:55:34 INFO  : Memory regions updated for context APU
20:55:34 INFO  : Context for processor 'ps7_cortexa9_0' is selected.
20:55:34 INFO  : 'con' command is executed.
20:55:34 INFO  : ----------------XSDB Script (After Launch)----------------
targets -set -nocase -filter {name =~ "ARM*#0" && jtag_cable_name =~ "Digilent JTAG-SMT3 210357A7D00EA"} -index 0
con
----------------End of Script----------------

20:55:34 INFO  : Launch script is exported to file 'F:\FPGA\work_space\AD_DA_tran\AD_DA_tran.sdk\.sdk\launch_scripts\xilinx_c-c++_application_(system_debugger)\system_debugger_using_debug_uart_0.elf_on_local.tcl'
20:57:32 INFO  : Disconnected from the channel tcfchan#25.
20:57:33 INFO  : 'targets -set -filter {jtag_cable_name =~ "Digilent JTAG-SMT3 210357A7D00EA" && level==0} -index 1' command is executed.
20:57:33 INFO  : 'fpga -state' command is executed.
20:57:33 INFO  : Connected to target on host '127.0.0.1' and port '3121'.
20:57:33 INFO  : Jtag cable 'Digilent JTAG-SMT3 210357A7D00EA' is selected.
20:57:33 INFO  : 'jtag frequency' command is executed.
20:57:33 INFO  : Sourcing of 'F:/FPGA/work_space/AD_DA_tran/AD_DA_tran.sdk/FFT_OUT_hw_platform_0/ps7_init.tcl' is done.
20:57:33 INFO  : Context for 'APU' is selected.
20:57:34 INFO  : Hardware design information is loaded from 'F:/FPGA/work_space/AD_DA_tran/AD_DA_tran.sdk/FFT_OUT_hw_platform_0/system.hdf'.
20:57:34 INFO  : 'configparams force-mem-access 1' command is executed.
20:57:34 INFO  : Context for 'APU' is selected.
20:57:34 INFO  : 'stop' command is executed.
20:57:34 INFO  : 'ps7_init' command is executed.
20:57:34 INFO  : 'ps7_post_config' command is executed.
20:57:34 INFO  : Context for processor 'ps7_cortexa9_0' is selected.
20:57:35 INFO  : Processor reset is completed for 'ps7_cortexa9_0'.
20:57:35 INFO  : Context for processor 'ps7_cortexa9_0' is selected.
20:57:35 INFO  : The application 'F:/FPGA/work_space/AD_DA_tran/AD_DA_tran.sdk/Uart_0/Debug/Uart_0.elf' is downloaded to processor 'ps7_cortexa9_0'.
20:57:35 INFO  : 'configparams force-mem-access 0' command is executed.
20:57:35 INFO  : ----------------XSDB Script----------------
connect -url tcp:127.0.0.1:3121
source F:/FPGA/work_space/AD_DA_tran/AD_DA_tran.sdk/FFT_OUT_hw_platform_0/ps7_init.tcl
targets -set -nocase -filter {name =~"APU*" && jtag_cable_name =~ "Digilent JTAG-SMT3 210357A7D00EA"} -index 0
loadhw -hw F:/FPGA/work_space/AD_DA_tran/AD_DA_tran.sdk/FFT_OUT_hw_platform_0/system.hdf -mem-ranges [list {0x40000000 0xbfffffff}]
configparams force-mem-access 1
targets -set -nocase -filter {name =~"APU*" && jtag_cable_name =~ "Digilent JTAG-SMT3 210357A7D00EA"} -index 0
stop
ps7_init
ps7_post_config
targets -set -nocase -filter {name =~ "ARM*#0" && jtag_cable_name =~ "Digilent JTAG-SMT3 210357A7D00EA"} -index 0
rst -processor
targets -set -nocase -filter {name =~ "ARM*#0" && jtag_cable_name =~ "Digilent JTAG-SMT3 210357A7D00EA"} -index 0
dow F:/FPGA/work_space/AD_DA_tran/AD_DA_tran.sdk/Uart_0/Debug/Uart_0.elf
configparams force-mem-access 0
----------------End of Script----------------

20:57:35 INFO  : Memory regions updated for context APU
20:57:35 INFO  : Context for processor 'ps7_cortexa9_0' is selected.
20:57:35 INFO  : 'con' command is executed.
20:57:35 INFO  : ----------------XSDB Script (After Launch)----------------
targets -set -nocase -filter {name =~ "ARM*#0" && jtag_cable_name =~ "Digilent JTAG-SMT3 210357A7D00EA"} -index 0
con
----------------End of Script----------------

20:57:35 INFO  : Launch script is exported to file 'F:\FPGA\work_space\AD_DA_tran\AD_DA_tran.sdk\.sdk\launch_scripts\xilinx_c-c++_application_(system_debugger)\system_debugger_using_debug_uart_0.elf_on_local.tcl'
21:06:59 INFO  : Disconnected from the channel tcfchan#26.
21:07:00 INFO  : 'targets -set -filter {jtag_cable_name =~ "Digilent JTAG-SMT3 210357A7D00EA" && level==0} -index 1' command is executed.
21:07:00 INFO  : 'fpga -state' command is executed.
21:07:00 INFO  : Connected to target on host '127.0.0.1' and port '3121'.
21:07:00 INFO  : Jtag cable 'Digilent JTAG-SMT3 210357A7D00EA' is selected.
21:07:00 INFO  : 'jtag frequency' command is executed.
21:07:00 INFO  : Sourcing of 'F:/FPGA/work_space/AD_DA_tran/AD_DA_tran.sdk/FFT_OUT_hw_platform_0/ps7_init.tcl' is done.
21:07:00 INFO  : Context for 'APU' is selected.
21:07:02 INFO  : Hardware design information is loaded from 'F:/FPGA/work_space/AD_DA_tran/AD_DA_tran.sdk/FFT_OUT_hw_platform_0/system.hdf'.
21:07:02 INFO  : 'configparams force-mem-access 1' command is executed.
21:07:02 INFO  : Context for 'APU' is selected.
21:07:02 INFO  : 'stop' command is executed.
21:07:03 INFO  : 'ps7_init' command is executed.
21:07:03 INFO  : 'ps7_post_config' command is executed.
21:07:03 INFO  : Context for processor 'ps7_cortexa9_0' is selected.
21:07:03 INFO  : Processor reset is completed for 'ps7_cortexa9_0'.
21:07:03 INFO  : Context for processor 'ps7_cortexa9_0' is selected.
21:07:03 INFO  : The application 'F:/FPGA/work_space/AD_DA_tran/AD_DA_tran.sdk/Uart_0/Debug/Uart_0.elf' is downloaded to processor 'ps7_cortexa9_0'.
21:07:03 INFO  : 'configparams force-mem-access 0' command is executed.
21:07:03 INFO  : ----------------XSDB Script----------------
connect -url tcp:127.0.0.1:3121
source F:/FPGA/work_space/AD_DA_tran/AD_DA_tran.sdk/FFT_OUT_hw_platform_0/ps7_init.tcl
targets -set -nocase -filter {name =~"APU*" && jtag_cable_name =~ "Digilent JTAG-SMT3 210357A7D00EA"} -index 0
loadhw -hw F:/FPGA/work_space/AD_DA_tran/AD_DA_tran.sdk/FFT_OUT_hw_platform_0/system.hdf -mem-ranges [list {0x40000000 0xbfffffff}]
configparams force-mem-access 1
targets -set -nocase -filter {name =~"APU*" && jtag_cable_name =~ "Digilent JTAG-SMT3 210357A7D00EA"} -index 0
stop
ps7_init
ps7_post_config
targets -set -nocase -filter {name =~ "ARM*#0" && jtag_cable_name =~ "Digilent JTAG-SMT3 210357A7D00EA"} -index 0
rst -processor
targets -set -nocase -filter {name =~ "ARM*#0" && jtag_cable_name =~ "Digilent JTAG-SMT3 210357A7D00EA"} -index 0
dow F:/FPGA/work_space/AD_DA_tran/AD_DA_tran.sdk/Uart_0/Debug/Uart_0.elf
configparams force-mem-access 0
----------------End of Script----------------

21:07:03 INFO  : Memory regions updated for context APU
21:07:03 INFO  : Context for processor 'ps7_cortexa9_0' is selected.
21:07:03 INFO  : 'con' command is executed.
21:07:03 INFO  : ----------------XSDB Script (After Launch)----------------
targets -set -nocase -filter {name =~ "ARM*#0" && jtag_cable_name =~ "Digilent JTAG-SMT3 210357A7D00EA"} -index 0
con
----------------End of Script----------------

21:07:03 INFO  : Launch script is exported to file 'F:\FPGA\work_space\AD_DA_tran\AD_DA_tran.sdk\.sdk\launch_scripts\xilinx_c-c++_application_(system_debugger)\system_debugger_using_debug_uart_0.elf_on_local.tcl'
21:08:17 INFO  : Disconnected from the channel tcfchan#27.
21:08:18 INFO  : 'targets -set -filter {jtag_cable_name =~ "Digilent JTAG-SMT3 210357A7D00EA" && level==0} -index 1' command is executed.
21:08:18 INFO  : 'fpga -state' command is executed.
21:08:18 INFO  : Connected to target on host '127.0.0.1' and port '3121'.
21:08:18 INFO  : Jtag cable 'Digilent JTAG-SMT3 210357A7D00EA' is selected.
21:08:18 INFO  : 'jtag frequency' command is executed.
21:08:18 INFO  : Sourcing of 'F:/FPGA/work_space/AD_DA_tran/AD_DA_tran.sdk/FFT_OUT_hw_platform_0/ps7_init.tcl' is done.
21:08:18 INFO  : Context for 'APU' is selected.
21:08:20 INFO  : Hardware design information is loaded from 'F:/FPGA/work_space/AD_DA_tran/AD_DA_tran.sdk/FFT_OUT_hw_platform_0/system.hdf'.
21:08:20 INFO  : 'configparams force-mem-access 1' command is executed.
21:08:20 INFO  : Context for 'APU' is selected.
21:08:20 INFO  : 'stop' command is executed.
21:08:21 INFO  : 'ps7_init' command is executed.
21:08:21 INFO  : 'ps7_post_config' command is executed.
21:08:21 INFO  : Context for processor 'ps7_cortexa9_0' is selected.
21:08:21 INFO  : Processor reset is completed for 'ps7_cortexa9_0'.
21:08:21 INFO  : Context for processor 'ps7_cortexa9_0' is selected.
21:08:21 INFO  : The application 'F:/FPGA/work_space/AD_DA_tran/AD_DA_tran.sdk/Uart_0/Debug/Uart_0.elf' is downloaded to processor 'ps7_cortexa9_0'.
21:08:21 INFO  : 'configparams force-mem-access 0' command is executed.
21:08:21 INFO  : ----------------XSDB Script----------------
connect -url tcp:127.0.0.1:3121
source F:/FPGA/work_space/AD_DA_tran/AD_DA_tran.sdk/FFT_OUT_hw_platform_0/ps7_init.tcl
targets -set -nocase -filter {name =~"APU*" && jtag_cable_name =~ "Digilent JTAG-SMT3 210357A7D00EA"} -index 0
loadhw -hw F:/FPGA/work_space/AD_DA_tran/AD_DA_tran.sdk/FFT_OUT_hw_platform_0/system.hdf -mem-ranges [list {0x40000000 0xbfffffff}]
configparams force-mem-access 1
targets -set -nocase -filter {name =~"APU*" && jtag_cable_name =~ "Digilent JTAG-SMT3 210357A7D00EA"} -index 0
stop
ps7_init
ps7_post_config
targets -set -nocase -filter {name =~ "ARM*#0" && jtag_cable_name =~ "Digilent JTAG-SMT3 210357A7D00EA"} -index 0
rst -processor
targets -set -nocase -filter {name =~ "ARM*#0" && jtag_cable_name =~ "Digilent JTAG-SMT3 210357A7D00EA"} -index 0
dow F:/FPGA/work_space/AD_DA_tran/AD_DA_tran.sdk/Uart_0/Debug/Uart_0.elf
configparams force-mem-access 0
----------------End of Script----------------

21:08:21 INFO  : Memory regions updated for context APU
21:08:21 INFO  : Context for processor 'ps7_cortexa9_0' is selected.
21:08:21 INFO  : 'con' command is executed.
21:08:21 INFO  : ----------------XSDB Script (After Launch)----------------
targets -set -nocase -filter {name =~ "ARM*#0" && jtag_cable_name =~ "Digilent JTAG-SMT3 210357A7D00EA"} -index 0
con
----------------End of Script----------------

21:08:21 INFO  : Launch script is exported to file 'F:\FPGA\work_space\AD_DA_tran\AD_DA_tran.sdk\.sdk\launch_scripts\xilinx_c-c++_application_(system_debugger)\system_debugger_using_debug_uart_0.elf_on_local.tcl'
21:09:07 INFO  : Disconnected from the channel tcfchan#28.
21:09:08 INFO  : 'targets -set -filter {jtag_cable_name =~ "Digilent JTAG-SMT3 210357A7D00EA" && level==0} -index 1' command is executed.
21:09:08 INFO  : 'fpga -state' command is executed.
21:09:08 INFO  : Connected to target on host '127.0.0.1' and port '3121'.
21:09:08 INFO  : Jtag cable 'Digilent JTAG-SMT3 210357A7D00EA' is selected.
21:09:08 INFO  : 'jtag frequency' command is executed.
21:09:08 INFO  : Sourcing of 'F:/FPGA/work_space/AD_DA_tran/AD_DA_tran.sdk/FFT_OUT_hw_platform_0/ps7_init.tcl' is done.
21:09:08 INFO  : Context for 'APU' is selected.
21:09:09 INFO  : Hardware design information is loaded from 'F:/FPGA/work_space/AD_DA_tran/AD_DA_tran.sdk/FFT_OUT_hw_platform_0/system.hdf'.
21:09:09 INFO  : 'configparams force-mem-access 1' command is executed.
21:09:09 INFO  : Context for 'APU' is selected.
21:09:09 INFO  : 'stop' command is executed.
21:09:09 INFO  : 'ps7_init' command is executed.
21:09:09 INFO  : 'ps7_post_config' command is executed.
21:09:09 INFO  : Context for processor 'ps7_cortexa9_0' is selected.
21:09:10 INFO  : Processor reset is completed for 'ps7_cortexa9_0'.
21:09:10 INFO  : Context for processor 'ps7_cortexa9_0' is selected.
21:09:10 INFO  : The application 'F:/FPGA/work_space/AD_DA_tran/AD_DA_tran.sdk/Uart_0/Debug/Uart_0.elf' is downloaded to processor 'ps7_cortexa9_0'.
21:09:10 INFO  : 'configparams force-mem-access 0' command is executed.
21:09:10 INFO  : ----------------XSDB Script----------------
connect -url tcp:127.0.0.1:3121
source F:/FPGA/work_space/AD_DA_tran/AD_DA_tran.sdk/FFT_OUT_hw_platform_0/ps7_init.tcl
targets -set -nocase -filter {name =~"APU*" && jtag_cable_name =~ "Digilent JTAG-SMT3 210357A7D00EA"} -index 0
loadhw -hw F:/FPGA/work_space/AD_DA_tran/AD_DA_tran.sdk/FFT_OUT_hw_platform_0/system.hdf -mem-ranges [list {0x40000000 0xbfffffff}]
configparams force-mem-access 1
targets -set -nocase -filter {name =~"APU*" && jtag_cable_name =~ "Digilent JTAG-SMT3 210357A7D00EA"} -index 0
stop
ps7_init
ps7_post_config
targets -set -nocase -filter {name =~ "ARM*#0" && jtag_cable_name =~ "Digilent JTAG-SMT3 210357A7D00EA"} -index 0
rst -processor
targets -set -nocase -filter {name =~ "ARM*#0" && jtag_cable_name =~ "Digilent JTAG-SMT3 210357A7D00EA"} -index 0
dow F:/FPGA/work_space/AD_DA_tran/AD_DA_tran.sdk/Uart_0/Debug/Uart_0.elf
configparams force-mem-access 0
----------------End of Script----------------

21:09:10 INFO  : Memory regions updated for context APU
21:09:10 INFO  : Context for processor 'ps7_cortexa9_0' is selected.
21:09:10 INFO  : 'con' command is executed.
21:09:10 INFO  : ----------------XSDB Script (After Launch)----------------
targets -set -nocase -filter {name =~ "ARM*#0" && jtag_cable_name =~ "Digilent JTAG-SMT3 210357A7D00EA"} -index 0
con
----------------End of Script----------------

21:09:10 INFO  : Launch script is exported to file 'F:\FPGA\work_space\AD_DA_tran\AD_DA_tran.sdk\.sdk\launch_scripts\xilinx_c-c++_application_(system_debugger)\system_debugger_using_debug_uart_0.elf_on_local.tcl'
21:19:09 INFO  : Disconnected from the channel tcfchan#29.
21:19:10 INFO  : 'targets -set -filter {jtag_cable_name =~ "Digilent JTAG-SMT3 210357A7D00EA" && level==0} -index 1' command is executed.
21:19:10 INFO  : 'fpga -state' command is executed.
21:19:10 INFO  : Connected to target on host '127.0.0.1' and port '3121'.
21:19:11 INFO  : Jtag cable 'Digilent JTAG-SMT3 210357A7D00EA' is selected.
21:19:11 INFO  : 'jtag frequency' command is executed.
21:19:11 INFO  : Sourcing of 'F:/FPGA/work_space/AD_DA_tran/AD_DA_tran.sdk/FFT_OUT_hw_platform_0/ps7_init.tcl' is done.
21:19:11 INFO  : Context for 'APU' is selected.
21:19:12 INFO  : Hardware design information is loaded from 'F:/FPGA/work_space/AD_DA_tran/AD_DA_tran.sdk/FFT_OUT_hw_platform_0/system.hdf'.
21:19:12 INFO  : 'configparams force-mem-access 1' command is executed.
21:19:12 INFO  : Context for 'APU' is selected.
21:19:12 INFO  : 'stop' command is executed.
21:19:12 INFO  : 'ps7_init' command is executed.
21:19:12 INFO  : 'ps7_post_config' command is executed.
21:19:12 INFO  : Context for processor 'ps7_cortexa9_0' is selected.
21:19:12 INFO  : Processor reset is completed for 'ps7_cortexa9_0'.
21:19:13 INFO  : Context for processor 'ps7_cortexa9_0' is selected.
21:19:13 INFO  : The application 'F:/FPGA/work_space/AD_DA_tran/AD_DA_tran.sdk/Uart_0/Debug/Uart_0.elf' is downloaded to processor 'ps7_cortexa9_0'.
21:19:13 INFO  : 'configparams force-mem-access 0' command is executed.
21:19:13 INFO  : ----------------XSDB Script----------------
connect -url tcp:127.0.0.1:3121
source F:/FPGA/work_space/AD_DA_tran/AD_DA_tran.sdk/FFT_OUT_hw_platform_0/ps7_init.tcl
targets -set -nocase -filter {name =~"APU*" && jtag_cable_name =~ "Digilent JTAG-SMT3 210357A7D00EA"} -index 0
loadhw -hw F:/FPGA/work_space/AD_DA_tran/AD_DA_tran.sdk/FFT_OUT_hw_platform_0/system.hdf -mem-ranges [list {0x40000000 0xbfffffff}]
configparams force-mem-access 1
targets -set -nocase -filter {name =~"APU*" && jtag_cable_name =~ "Digilent JTAG-SMT3 210357A7D00EA"} -index 0
stop
ps7_init
ps7_post_config
targets -set -nocase -filter {name =~ "ARM*#0" && jtag_cable_name =~ "Digilent JTAG-SMT3 210357A7D00EA"} -index 0
rst -processor
targets -set -nocase -filter {name =~ "ARM*#0" && jtag_cable_name =~ "Digilent JTAG-SMT3 210357A7D00EA"} -index 0
dow F:/FPGA/work_space/AD_DA_tran/AD_DA_tran.sdk/Uart_0/Debug/Uart_0.elf
configparams force-mem-access 0
----------------End of Script----------------

21:19:13 INFO  : Memory regions updated for context APU
21:19:13 INFO  : Context for processor 'ps7_cortexa9_0' is selected.
21:19:13 INFO  : 'con' command is executed.
21:19:13 INFO  : ----------------XSDB Script (After Launch)----------------
targets -set -nocase -filter {name =~ "ARM*#0" && jtag_cable_name =~ "Digilent JTAG-SMT3 210357A7D00EA"} -index 0
con
----------------End of Script----------------

21:19:13 INFO  : Launch script is exported to file 'F:\FPGA\work_space\AD_DA_tran\AD_DA_tran.sdk\.sdk\launch_scripts\xilinx_c-c++_application_(system_debugger)\system_debugger_using_debug_uart_0.elf_on_local.tcl'
21:37:42 INFO  : Disconnected from the channel tcfchan#30.
21:37:43 INFO  : 'targets -set -filter {jtag_cable_name =~ "Digilent JTAG-SMT3 210357A7D00EA" && level==0} -index 1' command is executed.
21:37:43 INFO  : 'fpga -state' command is executed.
21:37:43 INFO  : Connected to target on host '127.0.0.1' and port '3121'.
21:37:43 INFO  : Jtag cable 'Digilent JTAG-SMT3 210357A7D00EA' is selected.
21:37:44 INFO  : 'jtag frequency' command is executed.
21:37:44 INFO  : Sourcing of 'F:/FPGA/work_space/AD_DA_tran/AD_DA_tran.sdk/FFT_OUT_hw_platform_0/ps7_init.tcl' is done.
21:37:44 INFO  : Context for 'APU' is selected.
21:37:45 INFO  : Hardware design information is loaded from 'F:/FPGA/work_space/AD_DA_tran/AD_DA_tran.sdk/FFT_OUT_hw_platform_0/system.hdf'.
21:37:45 INFO  : 'configparams force-mem-access 1' command is executed.
21:37:45 INFO  : Context for 'APU' is selected.
21:37:45 INFO  : 'stop' command is executed.
21:37:45 INFO  : 'ps7_init' command is executed.
21:37:45 INFO  : 'ps7_post_config' command is executed.
21:37:45 INFO  : Context for processor 'ps7_cortexa9_0' is selected.
21:37:45 INFO  : Processor reset is completed for 'ps7_cortexa9_0'.
21:37:45 INFO  : Context for processor 'ps7_cortexa9_0' is selected.
21:37:46 INFO  : The application 'F:/FPGA/work_space/AD_DA_tran/AD_DA_tran.sdk/Uart_0/Debug/Uart_0.elf' is downloaded to processor 'ps7_cortexa9_0'.
21:37:46 INFO  : 'configparams force-mem-access 0' command is executed.
21:37:46 INFO  : ----------------XSDB Script----------------
connect -url tcp:127.0.0.1:3121
source F:/FPGA/work_space/AD_DA_tran/AD_DA_tran.sdk/FFT_OUT_hw_platform_0/ps7_init.tcl
targets -set -nocase -filter {name =~"APU*" && jtag_cable_name =~ "Digilent JTAG-SMT3 210357A7D00EA"} -index 0
loadhw -hw F:/FPGA/work_space/AD_DA_tran/AD_DA_tran.sdk/FFT_OUT_hw_platform_0/system.hdf -mem-ranges [list {0x40000000 0xbfffffff}]
configparams force-mem-access 1
targets -set -nocase -filter {name =~"APU*" && jtag_cable_name =~ "Digilent JTAG-SMT3 210357A7D00EA"} -index 0
stop
ps7_init
ps7_post_config
targets -set -nocase -filter {name =~ "ARM*#0" && jtag_cable_name =~ "Digilent JTAG-SMT3 210357A7D00EA"} -index 0
rst -processor
targets -set -nocase -filter {name =~ "ARM*#0" && jtag_cable_name =~ "Digilent JTAG-SMT3 210357A7D00EA"} -index 0
dow F:/FPGA/work_space/AD_DA_tran/AD_DA_tran.sdk/Uart_0/Debug/Uart_0.elf
configparams force-mem-access 0
----------------End of Script----------------

21:37:46 INFO  : Memory regions updated for context APU
21:37:46 INFO  : Context for processor 'ps7_cortexa9_0' is selected.
21:37:46 INFO  : 'con' command is executed.
21:37:46 INFO  : ----------------XSDB Script (After Launch)----------------
targets -set -nocase -filter {name =~ "ARM*#0" && jtag_cable_name =~ "Digilent JTAG-SMT3 210357A7D00EA"} -index 0
con
----------------End of Script----------------

21:37:46 INFO  : Launch script is exported to file 'F:\FPGA\work_space\AD_DA_tran\AD_DA_tran.sdk\.sdk\launch_scripts\xilinx_c-c++_application_(system_debugger)\system_debugger_using_debug_uart_0.elf_on_local.tcl'
21:43:11 INFO  : Disconnected from the channel tcfchan#31.
21:43:12 INFO  : 'targets -set -filter {jtag_cable_name =~ "Digilent JTAG-SMT3 210357A7D00EA" && level==0} -index 1' command is executed.
21:43:12 INFO  : 'fpga -state' command is executed.
21:43:12 INFO  : Connected to target on host '127.0.0.1' and port '3121'.
21:43:12 INFO  : Jtag cable 'Digilent JTAG-SMT3 210357A7D00EA' is selected.
21:43:12 INFO  : 'jtag frequency' command is executed.
21:43:12 INFO  : Sourcing of 'F:/FPGA/work_space/AD_DA_tran/AD_DA_tran.sdk/FFT_OUT_hw_platform_0/ps7_init.tcl' is done.
21:43:12 INFO  : Context for 'APU' is selected.
21:43:13 INFO  : Hardware design information is loaded from 'F:/FPGA/work_space/AD_DA_tran/AD_DA_tran.sdk/FFT_OUT_hw_platform_0/system.hdf'.
21:43:13 INFO  : 'configparams force-mem-access 1' command is executed.
21:43:13 INFO  : Context for 'APU' is selected.
21:43:13 INFO  : 'stop' command is executed.
21:43:13 INFO  : 'ps7_init' command is executed.
21:43:13 INFO  : 'ps7_post_config' command is executed.
21:43:13 INFO  : Context for processor 'ps7_cortexa9_0' is selected.
21:43:13 INFO  : Processor reset is completed for 'ps7_cortexa9_0'.
21:43:13 INFO  : Context for processor 'ps7_cortexa9_0' is selected.
21:43:13 INFO  : The application 'F:/FPGA/work_space/AD_DA_tran/AD_DA_tran.sdk/Uart_0/Debug/Uart_0.elf' is downloaded to processor 'ps7_cortexa9_0'.
21:43:13 INFO  : 'configparams force-mem-access 0' command is executed.
21:43:13 INFO  : ----------------XSDB Script----------------
connect -url tcp:127.0.0.1:3121
source F:/FPGA/work_space/AD_DA_tran/AD_DA_tran.sdk/FFT_OUT_hw_platform_0/ps7_init.tcl
targets -set -nocase -filter {name =~"APU*" && jtag_cable_name =~ "Digilent JTAG-SMT3 210357A7D00EA"} -index 0
loadhw -hw F:/FPGA/work_space/AD_DA_tran/AD_DA_tran.sdk/FFT_OUT_hw_platform_0/system.hdf -mem-ranges [list {0x40000000 0xbfffffff}]
configparams force-mem-access 1
targets -set -nocase -filter {name =~"APU*" && jtag_cable_name =~ "Digilent JTAG-SMT3 210357A7D00EA"} -index 0
stop
ps7_init
ps7_post_config
targets -set -nocase -filter {name =~ "ARM*#0" && jtag_cable_name =~ "Digilent JTAG-SMT3 210357A7D00EA"} -index 0
rst -processor
targets -set -nocase -filter {name =~ "ARM*#0" && jtag_cable_name =~ "Digilent JTAG-SMT3 210357A7D00EA"} -index 0
dow F:/FPGA/work_space/AD_DA_tran/AD_DA_tran.sdk/Uart_0/Debug/Uart_0.elf
configparams force-mem-access 0
----------------End of Script----------------

21:43:14 INFO  : Memory regions updated for context APU
21:43:14 INFO  : Context for processor 'ps7_cortexa9_0' is selected.
21:43:14 INFO  : 'con' command is executed.
21:43:14 INFO  : ----------------XSDB Script (After Launch)----------------
targets -set -nocase -filter {name =~ "ARM*#0" && jtag_cable_name =~ "Digilent JTAG-SMT3 210357A7D00EA"} -index 0
con
----------------End of Script----------------

21:43:14 INFO  : Launch script is exported to file 'F:\FPGA\work_space\AD_DA_tran\AD_DA_tran.sdk\.sdk\launch_scripts\xilinx_c-c++_application_(system_debugger)\system_debugger_using_debug_uart_0.elf_on_local.tcl'
21:44:43 INFO  : Disconnected from the channel tcfchan#32.
21:44:44 INFO  : 'targets -set -filter {jtag_cable_name =~ "Digilent JTAG-SMT3 210357A7D00EA" && level==0} -index 1' command is executed.
21:44:44 INFO  : 'fpga -state' command is executed.
21:44:44 INFO  : Connected to target on host '127.0.0.1' and port '3121'.
21:44:44 INFO  : Jtag cable 'Digilent JTAG-SMT3 210357A7D00EA' is selected.
21:44:44 INFO  : 'jtag frequency' command is executed.
21:44:44 INFO  : Sourcing of 'F:/FPGA/work_space/AD_DA_tran/AD_DA_tran.sdk/FFT_OUT_hw_platform_0/ps7_init.tcl' is done.
21:44:44 INFO  : Context for 'APU' is selected.
21:44:46 INFO  : Hardware design information is loaded from 'F:/FPGA/work_space/AD_DA_tran/AD_DA_tran.sdk/FFT_OUT_hw_platform_0/system.hdf'.
21:44:46 INFO  : 'configparams force-mem-access 1' command is executed.
21:44:46 INFO  : Context for 'APU' is selected.
21:44:46 INFO  : 'stop' command is executed.
21:44:46 INFO  : 'ps7_init' command is executed.
21:44:46 INFO  : 'ps7_post_config' command is executed.
21:44:46 INFO  : Context for processor 'ps7_cortexa9_0' is selected.
21:44:46 INFO  : Processor reset is completed for 'ps7_cortexa9_0'.
21:44:46 INFO  : Context for processor 'ps7_cortexa9_0' is selected.
21:44:46 INFO  : The application 'F:/FPGA/work_space/AD_DA_tran/AD_DA_tran.sdk/Uart_0/Debug/Uart_0.elf' is downloaded to processor 'ps7_cortexa9_0'.
21:44:46 INFO  : 'configparams force-mem-access 0' command is executed.
21:44:46 INFO  : ----------------XSDB Script----------------
connect -url tcp:127.0.0.1:3121
source F:/FPGA/work_space/AD_DA_tran/AD_DA_tran.sdk/FFT_OUT_hw_platform_0/ps7_init.tcl
targets -set -nocase -filter {name =~"APU*" && jtag_cable_name =~ "Digilent JTAG-SMT3 210357A7D00EA"} -index 0
loadhw -hw F:/FPGA/work_space/AD_DA_tran/AD_DA_tran.sdk/FFT_OUT_hw_platform_0/system.hdf -mem-ranges [list {0x40000000 0xbfffffff}]
configparams force-mem-access 1
targets -set -nocase -filter {name =~"APU*" && jtag_cable_name =~ "Digilent JTAG-SMT3 210357A7D00EA"} -index 0
stop
ps7_init
ps7_post_config
targets -set -nocase -filter {name =~ "ARM*#0" && jtag_cable_name =~ "Digilent JTAG-SMT3 210357A7D00EA"} -index 0
rst -processor
targets -set -nocase -filter {name =~ "ARM*#0" && jtag_cable_name =~ "Digilent JTAG-SMT3 210357A7D00EA"} -index 0
dow F:/FPGA/work_space/AD_DA_tran/AD_DA_tran.sdk/Uart_0/Debug/Uart_0.elf
configparams force-mem-access 0
----------------End of Script----------------

21:44:46 INFO  : Memory regions updated for context APU
21:44:46 INFO  : Context for processor 'ps7_cortexa9_0' is selected.
21:44:46 INFO  : 'con' command is executed.
21:44:46 INFO  : ----------------XSDB Script (After Launch)----------------
targets -set -nocase -filter {name =~ "ARM*#0" && jtag_cable_name =~ "Digilent JTAG-SMT3 210357A7D00EA"} -index 0
con
----------------End of Script----------------

21:44:46 INFO  : Launch script is exported to file 'F:\FPGA\work_space\AD_DA_tran\AD_DA_tran.sdk\.sdk\launch_scripts\xilinx_c-c++_application_(system_debugger)\system_debugger_using_debug_uart_0.elf_on_local.tcl'
21:51:23 INFO  : Disconnected from the channel tcfchan#33.
21:51:24 INFO  : 'targets -set -filter {jtag_cable_name =~ "Digilent JTAG-SMT3 210357A7D00EA" && level==0} -index 1' command is executed.
21:51:24 INFO  : 'fpga -state' command is executed.
21:51:24 INFO  : Connected to target on host '127.0.0.1' and port '3121'.
21:51:25 INFO  : Jtag cable 'Digilent JTAG-SMT3 210357A7D00EA' is selected.
21:51:25 INFO  : 'jtag frequency' command is executed.
21:51:25 INFO  : Sourcing of 'F:/FPGA/work_space/AD_DA_tran/AD_DA_tran.sdk/FFT_OUT_hw_platform_0/ps7_init.tcl' is done.
21:51:25 INFO  : Context for 'APU' is selected.
21:51:26 INFO  : Hardware design information is loaded from 'F:/FPGA/work_space/AD_DA_tran/AD_DA_tran.sdk/FFT_OUT_hw_platform_0/system.hdf'.
21:51:26 INFO  : 'configparams force-mem-access 1' command is executed.
21:51:26 INFO  : Context for 'APU' is selected.
21:51:26 INFO  : 'stop' command is executed.
21:51:27 INFO  : 'ps7_init' command is executed.
21:51:27 INFO  : 'ps7_post_config' command is executed.
21:51:27 INFO  : Context for processor 'ps7_cortexa9_0' is selected.
21:51:27 INFO  : Processor reset is completed for 'ps7_cortexa9_0'.
21:51:27 INFO  : Context for processor 'ps7_cortexa9_0' is selected.
21:51:27 INFO  : The application 'F:/FPGA/work_space/AD_DA_tran/AD_DA_tran.sdk/Uart_0/Debug/Uart_0.elf' is downloaded to processor 'ps7_cortexa9_0'.
21:51:27 INFO  : 'configparams force-mem-access 0' command is executed.
21:51:27 INFO  : ----------------XSDB Script----------------
connect -url tcp:127.0.0.1:3121
source F:/FPGA/work_space/AD_DA_tran/AD_DA_tran.sdk/FFT_OUT_hw_platform_0/ps7_init.tcl
targets -set -nocase -filter {name =~"APU*" && jtag_cable_name =~ "Digilent JTAG-SMT3 210357A7D00EA"} -index 0
loadhw -hw F:/FPGA/work_space/AD_DA_tran/AD_DA_tran.sdk/FFT_OUT_hw_platform_0/system.hdf -mem-ranges [list {0x40000000 0xbfffffff}]
configparams force-mem-access 1
targets -set -nocase -filter {name =~"APU*" && jtag_cable_name =~ "Digilent JTAG-SMT3 210357A7D00EA"} -index 0
stop
ps7_init
ps7_post_config
targets -set -nocase -filter {name =~ "ARM*#0" && jtag_cable_name =~ "Digilent JTAG-SMT3 210357A7D00EA"} -index 0
rst -processor
targets -set -nocase -filter {name =~ "ARM*#0" && jtag_cable_name =~ "Digilent JTAG-SMT3 210357A7D00EA"} -index 0
dow F:/FPGA/work_space/AD_DA_tran/AD_DA_tran.sdk/Uart_0/Debug/Uart_0.elf
configparams force-mem-access 0
----------------End of Script----------------

21:51:27 INFO  : Memory regions updated for context APU
21:51:27 INFO  : Context for processor 'ps7_cortexa9_0' is selected.
21:51:27 INFO  : 'con' command is executed.
21:51:27 INFO  : ----------------XSDB Script (After Launch)----------------
targets -set -nocase -filter {name =~ "ARM*#0" && jtag_cable_name =~ "Digilent JTAG-SMT3 210357A7D00EA"} -index 0
con
----------------End of Script----------------

21:51:27 INFO  : Launch script is exported to file 'F:\FPGA\work_space\AD_DA_tran\AD_DA_tran.sdk\.sdk\launch_scripts\xilinx_c-c++_application_(system_debugger)\system_debugger_using_debug_uart_0.elf_on_local.tcl'
21:53:32 INFO  : Disconnected from the channel tcfchan#34.
21:53:33 INFO  : 'targets -set -filter {jtag_cable_name =~ "Digilent JTAG-SMT3 210357A7D00EA" && level==0} -index 1' command is executed.
21:53:33 INFO  : 'fpga -state' command is executed.
21:53:33 INFO  : Connected to target on host '127.0.0.1' and port '3121'.
21:53:33 INFO  : Jtag cable 'Digilent JTAG-SMT3 210357A7D00EA' is selected.
21:53:33 INFO  : 'jtag frequency' command is executed.
21:53:33 INFO  : Sourcing of 'F:/FPGA/work_space/AD_DA_tran/AD_DA_tran.sdk/FFT_OUT_hw_platform_0/ps7_init.tcl' is done.
21:53:33 INFO  : Context for 'APU' is selected.
21:53:34 INFO  : Hardware design information is loaded from 'F:/FPGA/work_space/AD_DA_tran/AD_DA_tran.sdk/FFT_OUT_hw_platform_0/system.hdf'.
21:53:34 INFO  : 'configparams force-mem-access 1' command is executed.
21:53:34 INFO  : Context for 'APU' is selected.
21:53:34 INFO  : 'stop' command is executed.
21:53:34 INFO  : 'ps7_init' command is executed.
21:53:34 INFO  : 'ps7_post_config' command is executed.
21:53:34 INFO  : Context for processor 'ps7_cortexa9_0' is selected.
21:53:35 INFO  : Processor reset is completed for 'ps7_cortexa9_0'.
21:53:35 INFO  : Context for processor 'ps7_cortexa9_0' is selected.
21:53:35 INFO  : The application 'F:/FPGA/work_space/AD_DA_tran/AD_DA_tran.sdk/Uart_0/Debug/Uart_0.elf' is downloaded to processor 'ps7_cortexa9_0'.
21:53:35 INFO  : 'configparams force-mem-access 0' command is executed.
21:53:35 INFO  : ----------------XSDB Script----------------
connect -url tcp:127.0.0.1:3121
source F:/FPGA/work_space/AD_DA_tran/AD_DA_tran.sdk/FFT_OUT_hw_platform_0/ps7_init.tcl
targets -set -nocase -filter {name =~"APU*" && jtag_cable_name =~ "Digilent JTAG-SMT3 210357A7D00EA"} -index 0
loadhw -hw F:/FPGA/work_space/AD_DA_tran/AD_DA_tran.sdk/FFT_OUT_hw_platform_0/system.hdf -mem-ranges [list {0x40000000 0xbfffffff}]
configparams force-mem-access 1
targets -set -nocase -filter {name =~"APU*" && jtag_cable_name =~ "Digilent JTAG-SMT3 210357A7D00EA"} -index 0
stop
ps7_init
ps7_post_config
targets -set -nocase -filter {name =~ "ARM*#0" && jtag_cable_name =~ "Digilent JTAG-SMT3 210357A7D00EA"} -index 0
rst -processor
targets -set -nocase -filter {name =~ "ARM*#0" && jtag_cable_name =~ "Digilent JTAG-SMT3 210357A7D00EA"} -index 0
dow F:/FPGA/work_space/AD_DA_tran/AD_DA_tran.sdk/Uart_0/Debug/Uart_0.elf
configparams force-mem-access 0
----------------End of Script----------------

21:53:35 INFO  : Memory regions updated for context APU
21:53:35 INFO  : Context for processor 'ps7_cortexa9_0' is selected.
21:53:35 INFO  : 'con' command is executed.
21:53:35 INFO  : ----------------XSDB Script (After Launch)----------------
targets -set -nocase -filter {name =~ "ARM*#0" && jtag_cable_name =~ "Digilent JTAG-SMT3 210357A7D00EA"} -index 0
con
----------------End of Script----------------

21:53:35 INFO  : Launch script is exported to file 'F:\FPGA\work_space\AD_DA_tran\AD_DA_tran.sdk\.sdk\launch_scripts\xilinx_c-c++_application_(system_debugger)\system_debugger_using_debug_uart_0.elf_on_local.tcl'
21:54:42 INFO  : Disconnected from the channel tcfchan#35.
21:54:43 INFO  : 'targets -set -filter {jtag_cable_name =~ "Digilent JTAG-SMT3 210357A7D00EA" && level==0} -index 1' command is executed.
21:54:43 INFO  : 'fpga -state' command is executed.
21:54:43 INFO  : Connected to target on host '127.0.0.1' and port '3121'.
21:54:44 INFO  : Jtag cable 'Digilent JTAG-SMT3 210357A7D00EA' is selected.
21:54:44 INFO  : 'jtag frequency' command is executed.
21:54:44 INFO  : Sourcing of 'F:/FPGA/work_space/AD_DA_tran/AD_DA_tran.sdk/FFT_OUT_hw_platform_0/ps7_init.tcl' is done.
21:54:44 INFO  : Context for 'APU' is selected.
21:54:45 INFO  : Hardware design information is loaded from 'F:/FPGA/work_space/AD_DA_tran/AD_DA_tran.sdk/FFT_OUT_hw_platform_0/system.hdf'.
21:54:45 INFO  : 'configparams force-mem-access 1' command is executed.
21:54:45 INFO  : Context for 'APU' is selected.
21:54:45 INFO  : 'stop' command is executed.
21:54:45 INFO  : 'ps7_init' command is executed.
21:54:45 INFO  : 'ps7_post_config' command is executed.
21:54:45 INFO  : Context for processor 'ps7_cortexa9_0' is selected.
21:54:45 INFO  : Processor reset is completed for 'ps7_cortexa9_0'.
21:54:45 INFO  : Context for processor 'ps7_cortexa9_0' is selected.
21:54:46 INFO  : The application 'F:/FPGA/work_space/AD_DA_tran/AD_DA_tran.sdk/Uart_0/Debug/Uart_0.elf' is downloaded to processor 'ps7_cortexa9_0'.
21:54:46 INFO  : 'configparams force-mem-access 0' command is executed.
21:54:46 INFO  : ----------------XSDB Script----------------
connect -url tcp:127.0.0.1:3121
source F:/FPGA/work_space/AD_DA_tran/AD_DA_tran.sdk/FFT_OUT_hw_platform_0/ps7_init.tcl
targets -set -nocase -filter {name =~"APU*" && jtag_cable_name =~ "Digilent JTAG-SMT3 210357A7D00EA"} -index 0
loadhw -hw F:/FPGA/work_space/AD_DA_tran/AD_DA_tran.sdk/FFT_OUT_hw_platform_0/system.hdf -mem-ranges [list {0x40000000 0xbfffffff}]
configparams force-mem-access 1
targets -set -nocase -filter {name =~"APU*" && jtag_cable_name =~ "Digilent JTAG-SMT3 210357A7D00EA"} -index 0
stop
ps7_init
ps7_post_config
targets -set -nocase -filter {name =~ "ARM*#0" && jtag_cable_name =~ "Digilent JTAG-SMT3 210357A7D00EA"} -index 0
rst -processor
targets -set -nocase -filter {name =~ "ARM*#0" && jtag_cable_name =~ "Digilent JTAG-SMT3 210357A7D00EA"} -index 0
dow F:/FPGA/work_space/AD_DA_tran/AD_DA_tran.sdk/Uart_0/Debug/Uart_0.elf
configparams force-mem-access 0
----------------End of Script----------------

21:54:46 INFO  : Memory regions updated for context APU
21:54:46 INFO  : Context for processor 'ps7_cortexa9_0' is selected.
21:54:46 INFO  : 'con' command is executed.
21:54:46 INFO  : ----------------XSDB Script (After Launch)----------------
targets -set -nocase -filter {name =~ "ARM*#0" && jtag_cable_name =~ "Digilent JTAG-SMT3 210357A7D00EA"} -index 0
con
----------------End of Script----------------

21:54:46 INFO  : Launch script is exported to file 'F:\FPGA\work_space\AD_DA_tran\AD_DA_tran.sdk\.sdk\launch_scripts\xilinx_c-c++_application_(system_debugger)\system_debugger_using_debug_uart_0.elf_on_local.tcl'
22:00:52 INFO  : Disconnected from the channel tcfchan#36.
22:00:53 INFO  : 'targets -set -filter {jtag_cable_name =~ "Digilent JTAG-SMT3 210357A7D00EA" && level==0} -index 1' command is executed.
22:00:53 INFO  : 'fpga -state' command is executed.
22:00:53 INFO  : Connected to target on host '127.0.0.1' and port '3121'.
22:00:54 INFO  : Jtag cable 'Digilent JTAG-SMT3 210357A7D00EA' is selected.
22:00:54 INFO  : 'jtag frequency' command is executed.
22:00:54 INFO  : Sourcing of 'F:/FPGA/work_space/AD_DA_tran/AD_DA_tran.sdk/FFT_OUT_hw_platform_0/ps7_init.tcl' is done.
22:00:54 INFO  : Context for 'APU' is selected.
22:00:55 INFO  : Hardware design information is loaded from 'F:/FPGA/work_space/AD_DA_tran/AD_DA_tran.sdk/FFT_OUT_hw_platform_0/system.hdf'.
22:00:55 INFO  : 'configparams force-mem-access 1' command is executed.
22:00:55 INFO  : Context for 'APU' is selected.
22:00:55 INFO  : 'stop' command is executed.
22:00:55 INFO  : 'ps7_init' command is executed.
22:00:55 INFO  : 'ps7_post_config' command is executed.
22:00:55 INFO  : Context for processor 'ps7_cortexa9_0' is selected.
22:00:55 INFO  : Processor reset is completed for 'ps7_cortexa9_0'.
22:00:55 INFO  : Context for processor 'ps7_cortexa9_0' is selected.
22:00:55 INFO  : The application 'F:/FPGA/work_space/AD_DA_tran/AD_DA_tran.sdk/Uart_0/Debug/Uart_0.elf' is downloaded to processor 'ps7_cortexa9_0'.
22:00:55 INFO  : 'configparams force-mem-access 0' command is executed.
22:00:55 INFO  : ----------------XSDB Script----------------
connect -url tcp:127.0.0.1:3121
source F:/FPGA/work_space/AD_DA_tran/AD_DA_tran.sdk/FFT_OUT_hw_platform_0/ps7_init.tcl
targets -set -nocase -filter {name =~"APU*" && jtag_cable_name =~ "Digilent JTAG-SMT3 210357A7D00EA"} -index 0
loadhw -hw F:/FPGA/work_space/AD_DA_tran/AD_DA_tran.sdk/FFT_OUT_hw_platform_0/system.hdf -mem-ranges [list {0x40000000 0xbfffffff}]
configparams force-mem-access 1
targets -set -nocase -filter {name =~"APU*" && jtag_cable_name =~ "Digilent JTAG-SMT3 210357A7D00EA"} -index 0
stop
ps7_init
ps7_post_config
targets -set -nocase -filter {name =~ "ARM*#0" && jtag_cable_name =~ "Digilent JTAG-SMT3 210357A7D00EA"} -index 0
rst -processor
targets -set -nocase -filter {name =~ "ARM*#0" && jtag_cable_name =~ "Digilent JTAG-SMT3 210357A7D00EA"} -index 0
dow F:/FPGA/work_space/AD_DA_tran/AD_DA_tran.sdk/Uart_0/Debug/Uart_0.elf
configparams force-mem-access 0
----------------End of Script----------------

22:00:55 INFO  : Memory regions updated for context APU
22:00:55 INFO  : Context for processor 'ps7_cortexa9_0' is selected.
22:00:55 INFO  : 'con' command is executed.
22:00:55 INFO  : ----------------XSDB Script (After Launch)----------------
targets -set -nocase -filter {name =~ "ARM*#0" && jtag_cable_name =~ "Digilent JTAG-SMT3 210357A7D00EA"} -index 0
con
----------------End of Script----------------

22:00:55 INFO  : Launch script is exported to file 'F:\FPGA\work_space\AD_DA_tran\AD_DA_tran.sdk\.sdk\launch_scripts\xilinx_c-c++_application_(system_debugger)\system_debugger_using_debug_uart_0.elf_on_local.tcl'
22:02:24 INFO  : Disconnected from the channel tcfchan#37.
22:02:25 INFO  : 'targets -set -filter {jtag_cable_name =~ "Digilent JTAG-SMT3 210357A7D00EA" && level==0} -index 1' command is executed.
22:02:25 INFO  : 'fpga -state' command is executed.
22:02:25 INFO  : Connected to target on host '127.0.0.1' and port '3121'.
22:02:25 INFO  : Jtag cable 'Digilent JTAG-SMT3 210357A7D00EA' is selected.
22:02:25 INFO  : 'jtag frequency' command is executed.
22:02:25 INFO  : Sourcing of 'F:/FPGA/work_space/AD_DA_tran/AD_DA_tran.sdk/FFT_OUT_hw_platform_0/ps7_init.tcl' is done.
22:02:25 INFO  : Context for 'APU' is selected.
22:02:27 INFO  : Hardware design information is loaded from 'F:/FPGA/work_space/AD_DA_tran/AD_DA_tran.sdk/FFT_OUT_hw_platform_0/system.hdf'.
22:02:27 INFO  : 'configparams force-mem-access 1' command is executed.
22:02:27 INFO  : Context for 'APU' is selected.
22:02:27 INFO  : 'stop' command is executed.
22:02:27 INFO  : 'ps7_init' command is executed.
22:02:27 INFO  : 'ps7_post_config' command is executed.
22:02:27 INFO  : Context for processor 'ps7_cortexa9_0' is selected.
22:02:27 INFO  : Processor reset is completed for 'ps7_cortexa9_0'.
22:02:27 INFO  : Context for processor 'ps7_cortexa9_0' is selected.
22:02:27 INFO  : The application 'F:/FPGA/work_space/AD_DA_tran/AD_DA_tran.sdk/Uart_0/Debug/Uart_0.elf' is downloaded to processor 'ps7_cortexa9_0'.
22:02:27 INFO  : 'configparams force-mem-access 0' command is executed.
22:02:27 INFO  : ----------------XSDB Script----------------
connect -url tcp:127.0.0.1:3121
source F:/FPGA/work_space/AD_DA_tran/AD_DA_tran.sdk/FFT_OUT_hw_platform_0/ps7_init.tcl
targets -set -nocase -filter {name =~"APU*" && jtag_cable_name =~ "Digilent JTAG-SMT3 210357A7D00EA"} -index 0
loadhw -hw F:/FPGA/work_space/AD_DA_tran/AD_DA_tran.sdk/FFT_OUT_hw_platform_0/system.hdf -mem-ranges [list {0x40000000 0xbfffffff}]
configparams force-mem-access 1
targets -set -nocase -filter {name =~"APU*" && jtag_cable_name =~ "Digilent JTAG-SMT3 210357A7D00EA"} -index 0
stop
ps7_init
ps7_post_config
targets -set -nocase -filter {name =~ "ARM*#0" && jtag_cable_name =~ "Digilent JTAG-SMT3 210357A7D00EA"} -index 0
rst -processor
targets -set -nocase -filter {name =~ "ARM*#0" && jtag_cable_name =~ "Digilent JTAG-SMT3 210357A7D00EA"} -index 0
dow F:/FPGA/work_space/AD_DA_tran/AD_DA_tran.sdk/Uart_0/Debug/Uart_0.elf
configparams force-mem-access 0
----------------End of Script----------------

22:02:27 INFO  : Memory regions updated for context APU
22:02:27 INFO  : Context for processor 'ps7_cortexa9_0' is selected.
22:02:27 INFO  : 'con' command is executed.
22:02:27 INFO  : ----------------XSDB Script (After Launch)----------------
targets -set -nocase -filter {name =~ "ARM*#0" && jtag_cable_name =~ "Digilent JTAG-SMT3 210357A7D00EA"} -index 0
con
----------------End of Script----------------

22:02:27 INFO  : Launch script is exported to file 'F:\FPGA\work_space\AD_DA_tran\AD_DA_tran.sdk\.sdk\launch_scripts\xilinx_c-c++_application_(system_debugger)\system_debugger_using_debug_uart_0.elf_on_local.tcl'
22:03:08 INFO  : Disconnected from the channel tcfchan#38.
22:03:09 INFO  : 'targets -set -filter {jtag_cable_name =~ "Digilent JTAG-SMT3 210357A7D00EA" && level==0} -index 1' command is executed.
22:03:09 INFO  : 'fpga -state' command is executed.
22:03:09 INFO  : Connected to target on host '127.0.0.1' and port '3121'.
22:03:09 INFO  : Jtag cable 'Digilent JTAG-SMT3 210357A7D00EA' is selected.
22:03:09 INFO  : 'jtag frequency' command is executed.
22:03:09 INFO  : Sourcing of 'F:/FPGA/work_space/AD_DA_tran/AD_DA_tran.sdk/FFT_OUT_hw_platform_0/ps7_init.tcl' is done.
22:03:09 INFO  : Context for 'APU' is selected.
22:03:10 INFO  : Hardware design information is loaded from 'F:/FPGA/work_space/AD_DA_tran/AD_DA_tran.sdk/FFT_OUT_hw_platform_0/system.hdf'.
22:03:10 INFO  : 'configparams force-mem-access 1' command is executed.
22:03:10 INFO  : Context for 'APU' is selected.
22:03:10 INFO  : 'stop' command is executed.
22:03:10 INFO  : 'ps7_init' command is executed.
22:03:10 INFO  : 'ps7_post_config' command is executed.
22:03:10 INFO  : Context for processor 'ps7_cortexa9_0' is selected.
22:03:10 INFO  : Processor reset is completed for 'ps7_cortexa9_0'.
22:03:11 INFO  : Context for processor 'ps7_cortexa9_0' is selected.
22:03:11 INFO  : The application 'F:/FPGA/work_space/AD_DA_tran/AD_DA_tran.sdk/Uart_0/Debug/Uart_0.elf' is downloaded to processor 'ps7_cortexa9_0'.
22:03:11 INFO  : 'configparams force-mem-access 0' command is executed.
22:03:11 INFO  : ----------------XSDB Script----------------
connect -url tcp:127.0.0.1:3121
source F:/FPGA/work_space/AD_DA_tran/AD_DA_tran.sdk/FFT_OUT_hw_platform_0/ps7_init.tcl
targets -set -nocase -filter {name =~"APU*" && jtag_cable_name =~ "Digilent JTAG-SMT3 210357A7D00EA"} -index 0
loadhw -hw F:/FPGA/work_space/AD_DA_tran/AD_DA_tran.sdk/FFT_OUT_hw_platform_0/system.hdf -mem-ranges [list {0x40000000 0xbfffffff}]
configparams force-mem-access 1
targets -set -nocase -filter {name =~"APU*" && jtag_cable_name =~ "Digilent JTAG-SMT3 210357A7D00EA"} -index 0
stop
ps7_init
ps7_post_config
targets -set -nocase -filter {name =~ "ARM*#0" && jtag_cable_name =~ "Digilent JTAG-SMT3 210357A7D00EA"} -index 0
rst -processor
targets -set -nocase -filter {name =~ "ARM*#0" && jtag_cable_name =~ "Digilent JTAG-SMT3 210357A7D00EA"} -index 0
dow F:/FPGA/work_space/AD_DA_tran/AD_DA_tran.sdk/Uart_0/Debug/Uart_0.elf
configparams force-mem-access 0
----------------End of Script----------------

22:03:11 INFO  : Memory regions updated for context APU
22:03:11 INFO  : Context for processor 'ps7_cortexa9_0' is selected.
22:03:11 INFO  : 'con' command is executed.
22:03:11 INFO  : ----------------XSDB Script (After Launch)----------------
targets -set -nocase -filter {name =~ "ARM*#0" && jtag_cable_name =~ "Digilent JTAG-SMT3 210357A7D00EA"} -index 0
con
----------------End of Script----------------

22:03:11 INFO  : Launch script is exported to file 'F:\FPGA\work_space\AD_DA_tran\AD_DA_tran.sdk\.sdk\launch_scripts\xilinx_c-c++_application_(system_debugger)\system_debugger_using_debug_uart_0.elf_on_local.tcl'
22:03:42 INFO  : Disconnected from the channel tcfchan#39.
22:03:43 INFO  : 'targets -set -filter {jtag_cable_name =~ "Digilent JTAG-SMT3 210357A7D00EA" && level==0} -index 1' command is executed.
22:03:43 INFO  : 'fpga -state' command is executed.
22:03:43 INFO  : Connected to target on host '127.0.0.1' and port '3121'.
22:03:43 INFO  : Jtag cable 'Digilent JTAG-SMT3 210357A7D00EA' is selected.
22:03:43 INFO  : 'jtag frequency' command is executed.
22:03:43 INFO  : Sourcing of 'F:/FPGA/work_space/AD_DA_tran/AD_DA_tran.sdk/FFT_OUT_hw_platform_0/ps7_init.tcl' is done.
22:03:43 INFO  : Context for 'APU' is selected.
22:03:44 INFO  : Hardware design information is loaded from 'F:/FPGA/work_space/AD_DA_tran/AD_DA_tran.sdk/FFT_OUT_hw_platform_0/system.hdf'.
22:03:44 INFO  : 'configparams force-mem-access 1' command is executed.
22:03:44 INFO  : Context for 'APU' is selected.
22:03:44 INFO  : 'stop' command is executed.
22:03:45 INFO  : 'ps7_init' command is executed.
22:03:45 INFO  : 'ps7_post_config' command is executed.
22:03:45 INFO  : Context for processor 'ps7_cortexa9_0' is selected.
22:03:45 INFO  : Processor reset is completed for 'ps7_cortexa9_0'.
22:03:45 INFO  : Context for processor 'ps7_cortexa9_0' is selected.
22:03:45 INFO  : The application 'F:/FPGA/work_space/AD_DA_tran/AD_DA_tran.sdk/Uart_0/Debug/Uart_0.elf' is downloaded to processor 'ps7_cortexa9_0'.
22:03:45 INFO  : 'configparams force-mem-access 0' command is executed.
22:03:45 INFO  : ----------------XSDB Script----------------
connect -url tcp:127.0.0.1:3121
source F:/FPGA/work_space/AD_DA_tran/AD_DA_tran.sdk/FFT_OUT_hw_platform_0/ps7_init.tcl
targets -set -nocase -filter {name =~"APU*" && jtag_cable_name =~ "Digilent JTAG-SMT3 210357A7D00EA"} -index 0
loadhw -hw F:/FPGA/work_space/AD_DA_tran/AD_DA_tran.sdk/FFT_OUT_hw_platform_0/system.hdf -mem-ranges [list {0x40000000 0xbfffffff}]
configparams force-mem-access 1
targets -set -nocase -filter {name =~"APU*" && jtag_cable_name =~ "Digilent JTAG-SMT3 210357A7D00EA"} -index 0
stop
ps7_init
ps7_post_config
targets -set -nocase -filter {name =~ "ARM*#0" && jtag_cable_name =~ "Digilent JTAG-SMT3 210357A7D00EA"} -index 0
rst -processor
targets -set -nocase -filter {name =~ "ARM*#0" && jtag_cable_name =~ "Digilent JTAG-SMT3 210357A7D00EA"} -index 0
dow F:/FPGA/work_space/AD_DA_tran/AD_DA_tran.sdk/Uart_0/Debug/Uart_0.elf
configparams force-mem-access 0
----------------End of Script----------------

22:03:45 INFO  : Memory regions updated for context APU
22:03:45 INFO  : Context for processor 'ps7_cortexa9_0' is selected.
22:03:45 INFO  : 'con' command is executed.
22:03:45 INFO  : ----------------XSDB Script (After Launch)----------------
targets -set -nocase -filter {name =~ "ARM*#0" && jtag_cable_name =~ "Digilent JTAG-SMT3 210357A7D00EA"} -index 0
con
----------------End of Script----------------

22:03:45 INFO  : Launch script is exported to file 'F:\FPGA\work_space\AD_DA_tran\AD_DA_tran.sdk\.sdk\launch_scripts\xilinx_c-c++_application_(system_debugger)\system_debugger_using_debug_uart_0.elf_on_local.tcl'
22:04:23 INFO  : Disconnected from the channel tcfchan#40.
22:04:24 INFO  : 'targets -set -filter {jtag_cable_name =~ "Digilent JTAG-SMT3 210357A7D00EA" && level==0} -index 1' command is executed.
22:04:24 INFO  : 'fpga -state' command is executed.
22:04:24 INFO  : Connected to target on host '127.0.0.1' and port '3121'.
22:04:25 INFO  : Jtag cable 'Digilent JTAG-SMT3 210357A7D00EA' is selected.
22:04:25 INFO  : 'jtag frequency' command is executed.
22:04:25 INFO  : Sourcing of 'F:/FPGA/work_space/AD_DA_tran/AD_DA_tran.sdk/FFT_OUT_hw_platform_0/ps7_init.tcl' is done.
22:04:25 INFO  : Context for 'APU' is selected.
22:04:25 INFO  : Hardware design information is loaded from 'F:/FPGA/work_space/AD_DA_tran/AD_DA_tran.sdk/FFT_OUT_hw_platform_0/system.hdf'.
22:04:25 INFO  : 'configparams force-mem-access 1' command is executed.
22:04:26 INFO  : Context for 'APU' is selected.
22:04:26 INFO  : 'stop' command is executed.
22:04:26 INFO  : 'ps7_init' command is executed.
22:04:26 INFO  : 'ps7_post_config' command is executed.
22:04:26 INFO  : Context for processor 'ps7_cortexa9_0' is selected.
22:04:26 INFO  : Processor reset is completed for 'ps7_cortexa9_0'.
22:04:26 INFO  : Context for processor 'ps7_cortexa9_0' is selected.
22:04:26 INFO  : The application 'F:/FPGA/work_space/AD_DA_tran/AD_DA_tran.sdk/Uart_0/Debug/Uart_0.elf' is downloaded to processor 'ps7_cortexa9_0'.
22:04:26 INFO  : 'configparams force-mem-access 0' command is executed.
22:04:26 INFO  : ----------------XSDB Script----------------
connect -url tcp:127.0.0.1:3121
source F:/FPGA/work_space/AD_DA_tran/AD_DA_tran.sdk/FFT_OUT_hw_platform_0/ps7_init.tcl
targets -set -nocase -filter {name =~"APU*" && jtag_cable_name =~ "Digilent JTAG-SMT3 210357A7D00EA"} -index 0
loadhw -hw F:/FPGA/work_space/AD_DA_tran/AD_DA_tran.sdk/FFT_OUT_hw_platform_0/system.hdf -mem-ranges [list {0x40000000 0xbfffffff}]
configparams force-mem-access 1
targets -set -nocase -filter {name =~"APU*" && jtag_cable_name =~ "Digilent JTAG-SMT3 210357A7D00EA"} -index 0
stop
ps7_init
ps7_post_config
targets -set -nocase -filter {name =~ "ARM*#0" && jtag_cable_name =~ "Digilent JTAG-SMT3 210357A7D00EA"} -index 0
rst -processor
targets -set -nocase -filter {name =~ "ARM*#0" && jtag_cable_name =~ "Digilent JTAG-SMT3 210357A7D00EA"} -index 0
dow F:/FPGA/work_space/AD_DA_tran/AD_DA_tran.sdk/Uart_0/Debug/Uart_0.elf
configparams force-mem-access 0
----------------End of Script----------------

22:04:26 INFO  : Memory regions updated for context APU
22:04:26 INFO  : Context for processor 'ps7_cortexa9_0' is selected.
22:04:26 INFO  : 'con' command is executed.
22:04:26 INFO  : ----------------XSDB Script (After Launch)----------------
targets -set -nocase -filter {name =~ "ARM*#0" && jtag_cable_name =~ "Digilent JTAG-SMT3 210357A7D00EA"} -index 0
con
----------------End of Script----------------

22:04:26 INFO  : Launch script is exported to file 'F:\FPGA\work_space\AD_DA_tran\AD_DA_tran.sdk\.sdk\launch_scripts\xilinx_c-c++_application_(system_debugger)\system_debugger_using_debug_uart_0.elf_on_local.tcl'
22:07:31 INFO  : Disconnected from the channel tcfchan#41.
22:07:32 INFO  : 'targets -set -filter {jtag_cable_name =~ "Digilent JTAG-SMT3 210357A7D00EA" && level==0} -index 1' command is executed.
22:07:32 INFO  : 'fpga -state' command is executed.
22:07:32 INFO  : Connected to target on host '127.0.0.1' and port '3121'.
22:07:32 INFO  : Jtag cable 'Digilent JTAG-SMT3 210357A7D00EA' is selected.
22:07:32 INFO  : 'jtag frequency' command is executed.
22:07:32 INFO  : Sourcing of 'F:/FPGA/work_space/AD_DA_tran/AD_DA_tran.sdk/FFT_OUT_hw_platform_0/ps7_init.tcl' is done.
22:07:32 INFO  : Context for 'APU' is selected.
22:07:33 INFO  : Hardware design information is loaded from 'F:/FPGA/work_space/AD_DA_tran/AD_DA_tran.sdk/FFT_OUT_hw_platform_0/system.hdf'.
22:07:33 INFO  : 'configparams force-mem-access 1' command is executed.
22:07:33 INFO  : Context for 'APU' is selected.
22:07:33 INFO  : 'stop' command is executed.
22:07:33 INFO  : 'ps7_init' command is executed.
22:07:33 INFO  : 'ps7_post_config' command is executed.
22:07:33 INFO  : Context for processor 'ps7_cortexa9_0' is selected.
22:07:33 INFO  : Processor reset is completed for 'ps7_cortexa9_0'.
22:07:33 INFO  : Context for processor 'ps7_cortexa9_0' is selected.
22:07:33 INFO  : The application 'F:/FPGA/work_space/AD_DA_tran/AD_DA_tran.sdk/Uart_0/Debug/Uart_0.elf' is downloaded to processor 'ps7_cortexa9_0'.
22:07:33 INFO  : 'configparams force-mem-access 0' command is executed.
22:07:33 INFO  : ----------------XSDB Script----------------
connect -url tcp:127.0.0.1:3121
source F:/FPGA/work_space/AD_DA_tran/AD_DA_tran.sdk/FFT_OUT_hw_platform_0/ps7_init.tcl
targets -set -nocase -filter {name =~"APU*" && jtag_cable_name =~ "Digilent JTAG-SMT3 210357A7D00EA"} -index 0
loadhw -hw F:/FPGA/work_space/AD_DA_tran/AD_DA_tran.sdk/FFT_OUT_hw_platform_0/system.hdf -mem-ranges [list {0x40000000 0xbfffffff}]
configparams force-mem-access 1
targets -set -nocase -filter {name =~"APU*" && jtag_cable_name =~ "Digilent JTAG-SMT3 210357A7D00EA"} -index 0
stop
ps7_init
ps7_post_config
targets -set -nocase -filter {name =~ "ARM*#0" && jtag_cable_name =~ "Digilent JTAG-SMT3 210357A7D00EA"} -index 0
rst -processor
targets -set -nocase -filter {name =~ "ARM*#0" && jtag_cable_name =~ "Digilent JTAG-SMT3 210357A7D00EA"} -index 0
dow F:/FPGA/work_space/AD_DA_tran/AD_DA_tran.sdk/Uart_0/Debug/Uart_0.elf
configparams force-mem-access 0
----------------End of Script----------------

22:07:33 INFO  : Memory regions updated for context APU
22:07:33 INFO  : Context for processor 'ps7_cortexa9_0' is selected.
22:07:34 INFO  : 'con' command is executed.
22:07:34 INFO  : ----------------XSDB Script (After Launch)----------------
targets -set -nocase -filter {name =~ "ARM*#0" && jtag_cable_name =~ "Digilent JTAG-SMT3 210357A7D00EA"} -index 0
con
----------------End of Script----------------

22:07:34 INFO  : Launch script is exported to file 'F:\FPGA\work_space\AD_DA_tran\AD_DA_tran.sdk\.sdk\launch_scripts\xilinx_c-c++_application_(system_debugger)\system_debugger_using_debug_uart_0.elf_on_local.tcl'
22:10:10 INFO  : Disconnected from the channel tcfchan#42.
22:10:11 INFO  : 'targets -set -filter {jtag_cable_name =~ "Digilent JTAG-SMT3 210357A7D00EA" && level==0} -index 1' command is executed.
22:10:11 INFO  : 'fpga -state' command is executed.
22:10:11 INFO  : Connected to target on host '127.0.0.1' and port '3121'.
22:10:11 INFO  : Jtag cable 'Digilent JTAG-SMT3 210357A7D00EA' is selected.
22:10:11 INFO  : 'jtag frequency' command is executed.
22:10:11 INFO  : Sourcing of 'F:/FPGA/work_space/AD_DA_tran/AD_DA_tran.sdk/FFT_OUT_hw_platform_0/ps7_init.tcl' is done.
22:10:11 INFO  : Context for 'APU' is selected.
22:10:12 INFO  : Hardware design information is loaded from 'F:/FPGA/work_space/AD_DA_tran/AD_DA_tran.sdk/FFT_OUT_hw_platform_0/system.hdf'.
22:10:12 INFO  : 'configparams force-mem-access 1' command is executed.
22:10:12 INFO  : Context for 'APU' is selected.
22:10:12 INFO  : 'stop' command is executed.
22:10:12 INFO  : 'ps7_init' command is executed.
22:10:12 INFO  : 'ps7_post_config' command is executed.
22:10:12 INFO  : Context for processor 'ps7_cortexa9_0' is selected.
22:10:12 INFO  : Processor reset is completed for 'ps7_cortexa9_0'.
22:10:12 INFO  : Context for processor 'ps7_cortexa9_0' is selected.
22:10:12 INFO  : The application 'F:/FPGA/work_space/AD_DA_tran/AD_DA_tran.sdk/Uart_0/Debug/Uart_0.elf' is downloaded to processor 'ps7_cortexa9_0'.
22:10:12 INFO  : 'configparams force-mem-access 0' command is executed.
22:10:12 INFO  : ----------------XSDB Script----------------
connect -url tcp:127.0.0.1:3121
source F:/FPGA/work_space/AD_DA_tran/AD_DA_tran.sdk/FFT_OUT_hw_platform_0/ps7_init.tcl
targets -set -nocase -filter {name =~"APU*" && jtag_cable_name =~ "Digilent JTAG-SMT3 210357A7D00EA"} -index 0
loadhw -hw F:/FPGA/work_space/AD_DA_tran/AD_DA_tran.sdk/FFT_OUT_hw_platform_0/system.hdf -mem-ranges [list {0x40000000 0xbfffffff}]
configparams force-mem-access 1
targets -set -nocase -filter {name =~"APU*" && jtag_cable_name =~ "Digilent JTAG-SMT3 210357A7D00EA"} -index 0
stop
ps7_init
ps7_post_config
targets -set -nocase -filter {name =~ "ARM*#0" && jtag_cable_name =~ "Digilent JTAG-SMT3 210357A7D00EA"} -index 0
rst -processor
targets -set -nocase -filter {name =~ "ARM*#0" && jtag_cable_name =~ "Digilent JTAG-SMT3 210357A7D00EA"} -index 0
dow F:/FPGA/work_space/AD_DA_tran/AD_DA_tran.sdk/Uart_0/Debug/Uart_0.elf
configparams force-mem-access 0
----------------End of Script----------------

22:10:12 INFO  : Memory regions updated for context APU
22:10:12 INFO  : Context for processor 'ps7_cortexa9_0' is selected.
22:10:13 INFO  : 'con' command is executed.
22:10:13 INFO  : ----------------XSDB Script (After Launch)----------------
targets -set -nocase -filter {name =~ "ARM*#0" && jtag_cable_name =~ "Digilent JTAG-SMT3 210357A7D00EA"} -index 0
con
----------------End of Script----------------

22:10:13 INFO  : Launch script is exported to file 'F:\FPGA\work_space\AD_DA_tran\AD_DA_tran.sdk\.sdk\launch_scripts\xilinx_c-c++_application_(system_debugger)\system_debugger_using_debug_uart_0.elf_on_local.tcl'
22:12:41 INFO  : Disconnected from the channel tcfchan#43.
22:12:43 INFO  : 'targets -set -filter {jtag_cable_name =~ "Digilent JTAG-SMT3 210357A7D00EA" && level==0} -index 1' command is executed.
22:12:43 INFO  : 'fpga -state' command is executed.
22:12:43 INFO  : Connected to target on host '127.0.0.1' and port '3121'.
22:12:43 INFO  : Jtag cable 'Digilent JTAG-SMT3 210357A7D00EA' is selected.
22:12:43 INFO  : 'jtag frequency' command is executed.
22:12:43 INFO  : Sourcing of 'F:/FPGA/work_space/AD_DA_tran/AD_DA_tran.sdk/FFT_OUT_hw_platform_0/ps7_init.tcl' is done.
22:12:43 INFO  : Context for 'APU' is selected.
22:12:44 INFO  : Hardware design information is loaded from 'F:/FPGA/work_space/AD_DA_tran/AD_DA_tran.sdk/FFT_OUT_hw_platform_0/system.hdf'.
22:12:44 INFO  : 'configparams force-mem-access 1' command is executed.
22:12:44 INFO  : Context for 'APU' is selected.
22:12:45 INFO  : 'stop' command is executed.
22:12:45 INFO  : 'ps7_init' command is executed.
22:12:45 INFO  : 'ps7_post_config' command is executed.
22:12:45 INFO  : Context for processor 'ps7_cortexa9_0' is selected.
22:12:45 INFO  : Processor reset is completed for 'ps7_cortexa9_0'.
22:12:45 INFO  : Context for processor 'ps7_cortexa9_0' is selected.
22:12:45 INFO  : The application 'F:/FPGA/work_space/AD_DA_tran/AD_DA_tran.sdk/Uart_0/Debug/Uart_0.elf' is downloaded to processor 'ps7_cortexa9_0'.
22:12:45 INFO  : 'configparams force-mem-access 0' command is executed.
22:12:45 INFO  : ----------------XSDB Script----------------
connect -url tcp:127.0.0.1:3121
source F:/FPGA/work_space/AD_DA_tran/AD_DA_tran.sdk/FFT_OUT_hw_platform_0/ps7_init.tcl
targets -set -nocase -filter {name =~"APU*" && jtag_cable_name =~ "Digilent JTAG-SMT3 210357A7D00EA"} -index 0
loadhw -hw F:/FPGA/work_space/AD_DA_tran/AD_DA_tran.sdk/FFT_OUT_hw_platform_0/system.hdf -mem-ranges [list {0x40000000 0xbfffffff}]
configparams force-mem-access 1
targets -set -nocase -filter {name =~"APU*" && jtag_cable_name =~ "Digilent JTAG-SMT3 210357A7D00EA"} -index 0
stop
ps7_init
ps7_post_config
targets -set -nocase -filter {name =~ "ARM*#0" && jtag_cable_name =~ "Digilent JTAG-SMT3 210357A7D00EA"} -index 0
rst -processor
targets -set -nocase -filter {name =~ "ARM*#0" && jtag_cable_name =~ "Digilent JTAG-SMT3 210357A7D00EA"} -index 0
dow F:/FPGA/work_space/AD_DA_tran/AD_DA_tran.sdk/Uart_0/Debug/Uart_0.elf
configparams force-mem-access 0
----------------End of Script----------------

22:12:45 INFO  : Memory regions updated for context APU
22:12:45 INFO  : Context for processor 'ps7_cortexa9_0' is selected.
22:12:45 INFO  : 'con' command is executed.
22:12:45 INFO  : ----------------XSDB Script (After Launch)----------------
targets -set -nocase -filter {name =~ "ARM*#0" && jtag_cable_name =~ "Digilent JTAG-SMT3 210357A7D00EA"} -index 0
con
----------------End of Script----------------

22:12:45 INFO  : Launch script is exported to file 'F:\FPGA\work_space\AD_DA_tran\AD_DA_tran.sdk\.sdk\launch_scripts\xilinx_c-c++_application_(system_debugger)\system_debugger_using_debug_uart_0.elf_on_local.tcl'
22:16:44 INFO  : Disconnected from the channel tcfchan#44.
22:16:45 INFO  : 'targets -set -filter {jtag_cable_name =~ "Digilent JTAG-SMT3 210357A7D00EA" && level==0} -index 1' command is executed.
22:16:45 INFO  : 'fpga -state' command is executed.
22:16:45 INFO  : Connected to target on host '127.0.0.1' and port '3121'.
22:16:45 INFO  : Jtag cable 'Digilent JTAG-SMT3 210357A7D00EA' is selected.
22:16:45 INFO  : 'jtag frequency' command is executed.
22:16:45 INFO  : Sourcing of 'F:/FPGA/work_space/AD_DA_tran/AD_DA_tran.sdk/FFT_OUT_hw_platform_0/ps7_init.tcl' is done.
22:16:45 INFO  : Context for 'APU' is selected.
22:16:46 INFO  : Hardware design information is loaded from 'F:/FPGA/work_space/AD_DA_tran/AD_DA_tran.sdk/FFT_OUT_hw_platform_0/system.hdf'.
22:16:46 INFO  : 'configparams force-mem-access 1' command is executed.
22:16:46 INFO  : Context for 'APU' is selected.
22:16:46 INFO  : 'stop' command is executed.
22:16:47 INFO  : 'ps7_init' command is executed.
22:16:47 INFO  : 'ps7_post_config' command is executed.
22:16:47 INFO  : Context for processor 'ps7_cortexa9_0' is selected.
22:16:47 INFO  : Processor reset is completed for 'ps7_cortexa9_0'.
22:16:47 INFO  : Context for processor 'ps7_cortexa9_0' is selected.
22:16:47 INFO  : The application 'F:/FPGA/work_space/AD_DA_tran/AD_DA_tran.sdk/Uart_0/Debug/Uart_0.elf' is downloaded to processor 'ps7_cortexa9_0'.
22:16:47 INFO  : 'configparams force-mem-access 0' command is executed.
22:16:47 INFO  : ----------------XSDB Script----------------
connect -url tcp:127.0.0.1:3121
source F:/FPGA/work_space/AD_DA_tran/AD_DA_tran.sdk/FFT_OUT_hw_platform_0/ps7_init.tcl
targets -set -nocase -filter {name =~"APU*" && jtag_cable_name =~ "Digilent JTAG-SMT3 210357A7D00EA"} -index 0
loadhw -hw F:/FPGA/work_space/AD_DA_tran/AD_DA_tran.sdk/FFT_OUT_hw_platform_0/system.hdf -mem-ranges [list {0x40000000 0xbfffffff}]
configparams force-mem-access 1
targets -set -nocase -filter {name =~"APU*" && jtag_cable_name =~ "Digilent JTAG-SMT3 210357A7D00EA"} -index 0
stop
ps7_init
ps7_post_config
targets -set -nocase -filter {name =~ "ARM*#0" && jtag_cable_name =~ "Digilent JTAG-SMT3 210357A7D00EA"} -index 0
rst -processor
targets -set -nocase -filter {name =~ "ARM*#0" && jtag_cable_name =~ "Digilent JTAG-SMT3 210357A7D00EA"} -index 0
dow F:/FPGA/work_space/AD_DA_tran/AD_DA_tran.sdk/Uart_0/Debug/Uart_0.elf
configparams force-mem-access 0
----------------End of Script----------------

22:16:47 INFO  : Memory regions updated for context APU
22:16:47 INFO  : Context for processor 'ps7_cortexa9_0' is selected.
22:16:47 INFO  : 'con' command is executed.
22:16:47 INFO  : ----------------XSDB Script (After Launch)----------------
targets -set -nocase -filter {name =~ "ARM*#0" && jtag_cable_name =~ "Digilent JTAG-SMT3 210357A7D00EA"} -index 0
con
----------------End of Script----------------

22:16:47 INFO  : Launch script is exported to file 'F:\FPGA\work_space\AD_DA_tran\AD_DA_tran.sdk\.sdk\launch_scripts\xilinx_c-c++_application_(system_debugger)\system_debugger_using_debug_uart_0.elf_on_local.tcl'
22:17:15 INFO  : Disconnected from the channel tcfchan#45.
22:17:16 INFO  : 'targets -set -filter {jtag_cable_name =~ "Digilent JTAG-SMT3 210357A7D00EA" && level==0} -index 1' command is executed.
22:17:16 INFO  : 'fpga -state' command is executed.
22:17:16 INFO  : Connected to target on host '127.0.0.1' and port '3121'.
22:17:16 INFO  : Jtag cable 'Digilent JTAG-SMT3 210357A7D00EA' is selected.
22:17:16 INFO  : 'jtag frequency' command is executed.
22:17:16 INFO  : Sourcing of 'F:/FPGA/work_space/AD_DA_tran/AD_DA_tran.sdk/FFT_OUT_hw_platform_0/ps7_init.tcl' is done.
22:17:16 INFO  : Context for 'APU' is selected.
22:17:17 INFO  : Hardware design information is loaded from 'F:/FPGA/work_space/AD_DA_tran/AD_DA_tran.sdk/FFT_OUT_hw_platform_0/system.hdf'.
22:17:17 INFO  : 'configparams force-mem-access 1' command is executed.
22:17:17 INFO  : Context for 'APU' is selected.
22:17:17 INFO  : 'stop' command is executed.
22:17:17 INFO  : 'ps7_init' command is executed.
22:17:17 INFO  : 'ps7_post_config' command is executed.
22:17:17 INFO  : Context for processor 'ps7_cortexa9_0' is selected.
22:17:17 INFO  : Processor reset is completed for 'ps7_cortexa9_0'.
22:17:17 INFO  : Context for processor 'ps7_cortexa9_0' is selected.
22:17:18 INFO  : The application 'F:/FPGA/work_space/AD_DA_tran/AD_DA_tran.sdk/Uart_0/Debug/Uart_0.elf' is downloaded to processor 'ps7_cortexa9_0'.
22:17:18 INFO  : 'configparams force-mem-access 0' command is executed.
22:17:18 INFO  : ----------------XSDB Script----------------
connect -url tcp:127.0.0.1:3121
source F:/FPGA/work_space/AD_DA_tran/AD_DA_tran.sdk/FFT_OUT_hw_platform_0/ps7_init.tcl
targets -set -nocase -filter {name =~"APU*" && jtag_cable_name =~ "Digilent JTAG-SMT3 210357A7D00EA"} -index 0
loadhw -hw F:/FPGA/work_space/AD_DA_tran/AD_DA_tran.sdk/FFT_OUT_hw_platform_0/system.hdf -mem-ranges [list {0x40000000 0xbfffffff}]
configparams force-mem-access 1
targets -set -nocase -filter {name =~"APU*" && jtag_cable_name =~ "Digilent JTAG-SMT3 210357A7D00EA"} -index 0
stop
ps7_init
ps7_post_config
targets -set -nocase -filter {name =~ "ARM*#0" && jtag_cable_name =~ "Digilent JTAG-SMT3 210357A7D00EA"} -index 0
rst -processor
targets -set -nocase -filter {name =~ "ARM*#0" && jtag_cable_name =~ "Digilent JTAG-SMT3 210357A7D00EA"} -index 0
dow F:/FPGA/work_space/AD_DA_tran/AD_DA_tran.sdk/Uart_0/Debug/Uart_0.elf
configparams force-mem-access 0
----------------End of Script----------------

22:17:18 INFO  : Memory regions updated for context APU
22:17:18 INFO  : Context for processor 'ps7_cortexa9_0' is selected.
22:17:18 INFO  : 'con' command is executed.
22:17:18 INFO  : ----------------XSDB Script (After Launch)----------------
targets -set -nocase -filter {name =~ "ARM*#0" && jtag_cable_name =~ "Digilent JTAG-SMT3 210357A7D00EA"} -index 0
con
----------------End of Script----------------

22:17:18 INFO  : Launch script is exported to file 'F:\FPGA\work_space\AD_DA_tran\AD_DA_tran.sdk\.sdk\launch_scripts\xilinx_c-c++_application_(system_debugger)\system_debugger_using_debug_uart_0.elf_on_local.tcl'
22:19:01 INFO  : Disconnected from the channel tcfchan#46.
22:19:02 INFO  : 'targets -set -filter {jtag_cable_name =~ "Digilent JTAG-SMT3 210357A7D00EA" && level==0} -index 1' command is executed.
22:19:02 INFO  : 'fpga -state' command is executed.
22:19:02 INFO  : Connected to target on host '127.0.0.1' and port '3121'.
22:19:02 INFO  : Jtag cable 'Digilent JTAG-SMT3 210357A7D00EA' is selected.
22:19:02 INFO  : 'jtag frequency' command is executed.
22:19:02 INFO  : Sourcing of 'F:/FPGA/work_space/AD_DA_tran/AD_DA_tran.sdk/FFT_OUT_hw_platform_0/ps7_init.tcl' is done.
22:19:02 INFO  : Context for 'APU' is selected.
22:19:03 INFO  : Hardware design information is loaded from 'F:/FPGA/work_space/AD_DA_tran/AD_DA_tran.sdk/FFT_OUT_hw_platform_0/system.hdf'.
22:19:03 INFO  : 'configparams force-mem-access 1' command is executed.
22:19:03 INFO  : Context for 'APU' is selected.
22:19:03 INFO  : 'stop' command is executed.
22:19:03 INFO  : 'ps7_init' command is executed.
22:19:03 INFO  : 'ps7_post_config' command is executed.
22:19:03 INFO  : Context for processor 'ps7_cortexa9_0' is selected.
22:19:03 INFO  : Processor reset is completed for 'ps7_cortexa9_0'.
22:19:03 INFO  : Context for processor 'ps7_cortexa9_0' is selected.
22:19:03 INFO  : The application 'F:/FPGA/work_space/AD_DA_tran/AD_DA_tran.sdk/Uart_0/Debug/Uart_0.elf' is downloaded to processor 'ps7_cortexa9_0'.
22:19:03 INFO  : 'configparams force-mem-access 0' command is executed.
22:19:03 INFO  : ----------------XSDB Script----------------
connect -url tcp:127.0.0.1:3121
source F:/FPGA/work_space/AD_DA_tran/AD_DA_tran.sdk/FFT_OUT_hw_platform_0/ps7_init.tcl
targets -set -nocase -filter {name =~"APU*" && jtag_cable_name =~ "Digilent JTAG-SMT3 210357A7D00EA"} -index 0
loadhw -hw F:/FPGA/work_space/AD_DA_tran/AD_DA_tran.sdk/FFT_OUT_hw_platform_0/system.hdf -mem-ranges [list {0x40000000 0xbfffffff}]
configparams force-mem-access 1
targets -set -nocase -filter {name =~"APU*" && jtag_cable_name =~ "Digilent JTAG-SMT3 210357A7D00EA"} -index 0
stop
ps7_init
ps7_post_config
targets -set -nocase -filter {name =~ "ARM*#0" && jtag_cable_name =~ "Digilent JTAG-SMT3 210357A7D00EA"} -index 0
rst -processor
targets -set -nocase -filter {name =~ "ARM*#0" && jtag_cable_name =~ "Digilent JTAG-SMT3 210357A7D00EA"} -index 0
dow F:/FPGA/work_space/AD_DA_tran/AD_DA_tran.sdk/Uart_0/Debug/Uart_0.elf
configparams force-mem-access 0
----------------End of Script----------------

22:19:03 INFO  : Memory regions updated for context APU
22:19:03 INFO  : Context for processor 'ps7_cortexa9_0' is selected.
22:19:03 INFO  : 'con' command is executed.
22:19:03 INFO  : ----------------XSDB Script (After Launch)----------------
targets -set -nocase -filter {name =~ "ARM*#0" && jtag_cable_name =~ "Digilent JTAG-SMT3 210357A7D00EA"} -index 0
con
----------------End of Script----------------

22:19:03 INFO  : Launch script is exported to file 'F:\FPGA\work_space\AD_DA_tran\AD_DA_tran.sdk\.sdk\launch_scripts\xilinx_c-c++_application_(system_debugger)\system_debugger_using_debug_uart_0.elf_on_local.tcl'
22:20:31 INFO  : Disconnected from the channel tcfchan#47.
22:20:32 INFO  : 'targets -set -filter {jtag_cable_name =~ "Digilent JTAG-SMT3 210357A7D00EA" && level==0} -index 1' command is executed.
22:20:32 INFO  : 'fpga -state' command is executed.
22:20:32 INFO  : Connected to target on host '127.0.0.1' and port '3121'.
22:20:32 INFO  : Jtag cable 'Digilent JTAG-SMT3 210357A7D00EA' is selected.
22:20:32 INFO  : 'jtag frequency' command is executed.
22:20:32 INFO  : Sourcing of 'F:/FPGA/work_space/AD_DA_tran/AD_DA_tran.sdk/FFT_OUT_hw_platform_0/ps7_init.tcl' is done.
22:20:32 INFO  : Context for 'APU' is selected.
22:20:33 INFO  : Hardware design information is loaded from 'F:/FPGA/work_space/AD_DA_tran/AD_DA_tran.sdk/FFT_OUT_hw_platform_0/system.hdf'.
22:20:33 INFO  : 'configparams force-mem-access 1' command is executed.
22:20:33 INFO  : Context for 'APU' is selected.
22:20:33 INFO  : 'stop' command is executed.
22:20:33 INFO  : 'ps7_init' command is executed.
22:20:33 INFO  : 'ps7_post_config' command is executed.
22:20:33 INFO  : Context for processor 'ps7_cortexa9_0' is selected.
22:20:33 INFO  : Processor reset is completed for 'ps7_cortexa9_0'.
22:20:33 INFO  : Context for processor 'ps7_cortexa9_0' is selected.
22:20:34 INFO  : The application 'F:/FPGA/work_space/AD_DA_tran/AD_DA_tran.sdk/Uart_0/Debug/Uart_0.elf' is downloaded to processor 'ps7_cortexa9_0'.
22:20:34 INFO  : 'configparams force-mem-access 0' command is executed.
22:20:34 INFO  : ----------------XSDB Script----------------
connect -url tcp:127.0.0.1:3121
source F:/FPGA/work_space/AD_DA_tran/AD_DA_tran.sdk/FFT_OUT_hw_platform_0/ps7_init.tcl
targets -set -nocase -filter {name =~"APU*" && jtag_cable_name =~ "Digilent JTAG-SMT3 210357A7D00EA"} -index 0
loadhw -hw F:/FPGA/work_space/AD_DA_tran/AD_DA_tran.sdk/FFT_OUT_hw_platform_0/system.hdf -mem-ranges [list {0x40000000 0xbfffffff}]
configparams force-mem-access 1
targets -set -nocase -filter {name =~"APU*" && jtag_cable_name =~ "Digilent JTAG-SMT3 210357A7D00EA"} -index 0
stop
ps7_init
ps7_post_config
targets -set -nocase -filter {name =~ "ARM*#0" && jtag_cable_name =~ "Digilent JTAG-SMT3 210357A7D00EA"} -index 0
rst -processor
targets -set -nocase -filter {name =~ "ARM*#0" && jtag_cable_name =~ "Digilent JTAG-SMT3 210357A7D00EA"} -index 0
dow F:/FPGA/work_space/AD_DA_tran/AD_DA_tran.sdk/Uart_0/Debug/Uart_0.elf
configparams force-mem-access 0
----------------End of Script----------------

22:20:34 INFO  : Memory regions updated for context APU
22:20:34 INFO  : Context for processor 'ps7_cortexa9_0' is selected.
22:20:34 INFO  : 'con' command is executed.
22:20:34 INFO  : ----------------XSDB Script (After Launch)----------------
targets -set -nocase -filter {name =~ "ARM*#0" && jtag_cable_name =~ "Digilent JTAG-SMT3 210357A7D00EA"} -index 0
con
----------------End of Script----------------

22:20:34 INFO  : Launch script is exported to file 'F:\FPGA\work_space\AD_DA_tran\AD_DA_tran.sdk\.sdk\launch_scripts\xilinx_c-c++_application_(system_debugger)\system_debugger_using_debug_uart_0.elf_on_local.tcl'
22:25:26 INFO  : Disconnected from the channel tcfchan#48.
22:25:27 INFO  : 'targets -set -filter {jtag_cable_name =~ "Digilent JTAG-SMT3 210357A7D00EA" && level==0} -index 1' command is executed.
22:25:27 INFO  : 'fpga -state' command is executed.
22:25:27 INFO  : Connected to target on host '127.0.0.1' and port '3121'.
22:25:27 INFO  : Jtag cable 'Digilent JTAG-SMT3 210357A7D00EA' is selected.
22:25:27 INFO  : 'jtag frequency' command is executed.
22:25:27 INFO  : Sourcing of 'F:/FPGA/work_space/AD_DA_tran/AD_DA_tran.sdk/FFT_OUT_hw_platform_0/ps7_init.tcl' is done.
22:25:27 INFO  : Context for 'APU' is selected.
22:25:29 INFO  : Hardware design information is loaded from 'F:/FPGA/work_space/AD_DA_tran/AD_DA_tran.sdk/FFT_OUT_hw_platform_0/system.hdf'.
22:25:29 INFO  : 'configparams force-mem-access 1' command is executed.
22:25:29 INFO  : Context for 'APU' is selected.
22:25:29 INFO  : 'stop' command is executed.
22:25:29 INFO  : 'ps7_init' command is executed.
22:25:29 INFO  : 'ps7_post_config' command is executed.
22:25:29 INFO  : Context for processor 'ps7_cortexa9_0' is selected.
22:25:29 INFO  : Processor reset is completed for 'ps7_cortexa9_0'.
22:25:29 INFO  : Context for processor 'ps7_cortexa9_0' is selected.
22:25:30 INFO  : The application 'F:/FPGA/work_space/AD_DA_tran/AD_DA_tran.sdk/Uart_0/Debug/Uart_0.elf' is downloaded to processor 'ps7_cortexa9_0'.
22:25:30 INFO  : 'configparams force-mem-access 0' command is executed.
22:25:30 INFO  : ----------------XSDB Script----------------
connect -url tcp:127.0.0.1:3121
source F:/FPGA/work_space/AD_DA_tran/AD_DA_tran.sdk/FFT_OUT_hw_platform_0/ps7_init.tcl
targets -set -nocase -filter {name =~"APU*" && jtag_cable_name =~ "Digilent JTAG-SMT3 210357A7D00EA"} -index 0
loadhw -hw F:/FPGA/work_space/AD_DA_tran/AD_DA_tran.sdk/FFT_OUT_hw_platform_0/system.hdf -mem-ranges [list {0x40000000 0xbfffffff}]
configparams force-mem-access 1
targets -set -nocase -filter {name =~"APU*" && jtag_cable_name =~ "Digilent JTAG-SMT3 210357A7D00EA"} -index 0
stop
ps7_init
ps7_post_config
targets -set -nocase -filter {name =~ "ARM*#0" && jtag_cable_name =~ "Digilent JTAG-SMT3 210357A7D00EA"} -index 0
rst -processor
targets -set -nocase -filter {name =~ "ARM*#0" && jtag_cable_name =~ "Digilent JTAG-SMT3 210357A7D00EA"} -index 0
dow F:/FPGA/work_space/AD_DA_tran/AD_DA_tran.sdk/Uart_0/Debug/Uart_0.elf
configparams force-mem-access 0
----------------End of Script----------------

22:25:30 INFO  : Memory regions updated for context APU
22:25:30 INFO  : Context for processor 'ps7_cortexa9_0' is selected.
22:25:30 INFO  : 'con' command is executed.
22:25:30 INFO  : ----------------XSDB Script (After Launch)----------------
targets -set -nocase -filter {name =~ "ARM*#0" && jtag_cable_name =~ "Digilent JTAG-SMT3 210357A7D00EA"} -index 0
con
----------------End of Script----------------

22:25:30 INFO  : Launch script is exported to file 'F:\FPGA\work_space\AD_DA_tran\AD_DA_tran.sdk\.sdk\launch_scripts\xilinx_c-c++_application_(system_debugger)\system_debugger_using_debug_uart_0.elf_on_local.tcl'
22:30:38 INFO  : Disconnected from the channel tcfchan#49.
22:30:39 INFO  : 'targets -set -filter {jtag_cable_name =~ "Digilent JTAG-SMT3 210357A7D00EA" && level==0} -index 1' command is executed.
22:30:39 INFO  : 'fpga -state' command is executed.
22:30:39 INFO  : Connected to target on host '127.0.0.1' and port '3121'.
22:30:39 INFO  : Jtag cable 'Digilent JTAG-SMT3 210357A7D00EA' is selected.
22:30:39 INFO  : 'jtag frequency' command is executed.
22:30:39 INFO  : Sourcing of 'F:/FPGA/work_space/AD_DA_tran/AD_DA_tran.sdk/FFT_OUT_hw_platform_0/ps7_init.tcl' is done.
22:30:39 INFO  : Context for 'APU' is selected.
22:30:40 INFO  : Hardware design information is loaded from 'F:/FPGA/work_space/AD_DA_tran/AD_DA_tran.sdk/FFT_OUT_hw_platform_0/system.hdf'.
22:30:40 INFO  : 'configparams force-mem-access 1' command is executed.
22:30:40 INFO  : Context for 'APU' is selected.
22:30:40 INFO  : 'stop' command is executed.
22:30:40 INFO  : 'ps7_init' command is executed.
22:30:40 INFO  : 'ps7_post_config' command is executed.
22:30:40 INFO  : Context for processor 'ps7_cortexa9_0' is selected.
22:30:41 INFO  : Processor reset is completed for 'ps7_cortexa9_0'.
22:30:41 INFO  : Context for processor 'ps7_cortexa9_0' is selected.
22:30:41 INFO  : The application 'F:/FPGA/work_space/AD_DA_tran/AD_DA_tran.sdk/Uart_0/Debug/Uart_0.elf' is downloaded to processor 'ps7_cortexa9_0'.
22:30:41 INFO  : 'configparams force-mem-access 0' command is executed.
22:30:41 INFO  : ----------------XSDB Script----------------
connect -url tcp:127.0.0.1:3121
source F:/FPGA/work_space/AD_DA_tran/AD_DA_tran.sdk/FFT_OUT_hw_platform_0/ps7_init.tcl
targets -set -nocase -filter {name =~"APU*" && jtag_cable_name =~ "Digilent JTAG-SMT3 210357A7D00EA"} -index 0
loadhw -hw F:/FPGA/work_space/AD_DA_tran/AD_DA_tran.sdk/FFT_OUT_hw_platform_0/system.hdf -mem-ranges [list {0x40000000 0xbfffffff}]
configparams force-mem-access 1
targets -set -nocase -filter {name =~"APU*" && jtag_cable_name =~ "Digilent JTAG-SMT3 210357A7D00EA"} -index 0
stop
ps7_init
ps7_post_config
targets -set -nocase -filter {name =~ "ARM*#0" && jtag_cable_name =~ "Digilent JTAG-SMT3 210357A7D00EA"} -index 0
rst -processor
targets -set -nocase -filter {name =~ "ARM*#0" && jtag_cable_name =~ "Digilent JTAG-SMT3 210357A7D00EA"} -index 0
dow F:/FPGA/work_space/AD_DA_tran/AD_DA_tran.sdk/Uart_0/Debug/Uart_0.elf
configparams force-mem-access 0
----------------End of Script----------------

22:30:41 INFO  : Memory regions updated for context APU
22:30:41 INFO  : Context for processor 'ps7_cortexa9_0' is selected.
22:30:41 INFO  : 'con' command is executed.
22:30:41 INFO  : ----------------XSDB Script (After Launch)----------------
targets -set -nocase -filter {name =~ "ARM*#0" && jtag_cable_name =~ "Digilent JTAG-SMT3 210357A7D00EA"} -index 0
con
----------------End of Script----------------

22:30:41 INFO  : Launch script is exported to file 'F:\FPGA\work_space\AD_DA_tran\AD_DA_tran.sdk\.sdk\launch_scripts\xilinx_c-c++_application_(system_debugger)\system_debugger_using_debug_uart_0.elf_on_local.tcl'
22:33:46 INFO  : Disconnected from the channel tcfchan#50.
22:33:47 INFO  : 'targets -set -filter {jtag_cable_name =~ "Digilent JTAG-SMT3 210357A7D00EA" && level==0} -index 1' command is executed.
22:33:47 INFO  : 'fpga -state' command is executed.
22:33:47 INFO  : Connected to target on host '127.0.0.1' and port '3121'.
22:33:47 INFO  : Jtag cable 'Digilent JTAG-SMT3 210357A7D00EA' is selected.
22:33:47 INFO  : 'jtag frequency' command is executed.
22:33:47 INFO  : Sourcing of 'F:/FPGA/work_space/AD_DA_tran/AD_DA_tran.sdk/FFT_OUT_hw_platform_0/ps7_init.tcl' is done.
22:33:47 INFO  : Context for 'APU' is selected.
22:33:48 INFO  : Hardware design information is loaded from 'F:/FPGA/work_space/AD_DA_tran/AD_DA_tran.sdk/FFT_OUT_hw_platform_0/system.hdf'.
22:33:48 INFO  : 'configparams force-mem-access 1' command is executed.
22:33:48 INFO  : Context for 'APU' is selected.
22:33:48 INFO  : 'stop' command is executed.
22:33:48 INFO  : 'ps7_init' command is executed.
22:33:49 INFO  : 'ps7_post_config' command is executed.
22:33:49 INFO  : Context for processor 'ps7_cortexa9_0' is selected.
22:33:49 INFO  : Processor reset is completed for 'ps7_cortexa9_0'.
22:33:49 INFO  : Context for processor 'ps7_cortexa9_0' is selected.
22:33:49 INFO  : The application 'F:/FPGA/work_space/AD_DA_tran/AD_DA_tran.sdk/Uart_0/Debug/Uart_0.elf' is downloaded to processor 'ps7_cortexa9_0'.
22:33:49 INFO  : 'configparams force-mem-access 0' command is executed.
22:33:49 INFO  : ----------------XSDB Script----------------
connect -url tcp:127.0.0.1:3121
source F:/FPGA/work_space/AD_DA_tran/AD_DA_tran.sdk/FFT_OUT_hw_platform_0/ps7_init.tcl
targets -set -nocase -filter {name =~"APU*" && jtag_cable_name =~ "Digilent JTAG-SMT3 210357A7D00EA"} -index 0
loadhw -hw F:/FPGA/work_space/AD_DA_tran/AD_DA_tran.sdk/FFT_OUT_hw_platform_0/system.hdf -mem-ranges [list {0x40000000 0xbfffffff}]
configparams force-mem-access 1
targets -set -nocase -filter {name =~"APU*" && jtag_cable_name =~ "Digilent JTAG-SMT3 210357A7D00EA"} -index 0
stop
ps7_init
ps7_post_config
targets -set -nocase -filter {name =~ "ARM*#0" && jtag_cable_name =~ "Digilent JTAG-SMT3 210357A7D00EA"} -index 0
rst -processor
targets -set -nocase -filter {name =~ "ARM*#0" && jtag_cable_name =~ "Digilent JTAG-SMT3 210357A7D00EA"} -index 0
dow F:/FPGA/work_space/AD_DA_tran/AD_DA_tran.sdk/Uart_0/Debug/Uart_0.elf
configparams force-mem-access 0
----------------End of Script----------------

22:33:49 INFO  : Memory regions updated for context APU
22:33:49 INFO  : Context for processor 'ps7_cortexa9_0' is selected.
22:33:49 INFO  : 'con' command is executed.
22:33:49 INFO  : ----------------XSDB Script (After Launch)----------------
targets -set -nocase -filter {name =~ "ARM*#0" && jtag_cable_name =~ "Digilent JTAG-SMT3 210357A7D00EA"} -index 0
con
----------------End of Script----------------

22:33:49 INFO  : Launch script is exported to file 'F:\FPGA\work_space\AD_DA_tran\AD_DA_tran.sdk\.sdk\launch_scripts\xilinx_c-c++_application_(system_debugger)\system_debugger_using_debug_uart_0.elf_on_local.tcl'
22:51:48 INFO  : Disconnected from the channel tcfchan#51.
16:38:21 INFO  : Registering command handlers for SDK TCF services
16:38:22 INFO  : Launching XSCT server: xsct.bat -interactive F:\FPGA\work_space\AD_DA_tran\AD_DA_tran.sdk\temp_xsdb_launch_script.tcl
16:38:27 INFO  : XSCT server has started successfully.
16:38:33 INFO  : Processing command line option -hwspec F:/FPGA/work_space/AD_DA_tran/AD_DA_tran.sdk/FFT_OUT.hdf.
16:38:33 INFO  : Checking for hwspec changes in the project FFT_OUT_hw_platform_0.
16:38:39 INFO  : Successfully done setting XSCT server connection channel  
16:38:39 INFO  : Successfully done setting SDK workspace  
16:38:41 INFO  : 'targets -set -filter {jtag_cable_name =~ "Digilent JTAG-SMT3 210357A7D00EA" && level==0} -index 1' command is executed.
16:38:41 INFO  : 'fpga -state' command is executed.
16:38:41 INFO  : Connected to target on host '127.0.0.1' and port '3121'.
16:38:41 INFO  : Jtag cable 'Digilent JTAG-SMT3 210357A7D00EA' is selected.
16:38:41 INFO  : 'jtag frequency' command is executed.
16:38:41 INFO  : Sourcing of 'F:/FPGA/work_space/AD_DA_tran/AD_DA_tran.sdk/FFT_OUT_hw_platform_0/ps7_init.tcl' is done.
16:38:41 INFO  : Context for 'APU' is selected.
16:38:41 INFO  : Hardware design information is loaded from 'F:/FPGA/work_space/AD_DA_tran/AD_DA_tran.sdk/FFT_OUT_hw_platform_0/system.hdf'.
16:38:41 INFO  : 'configparams force-mem-access 1' command is executed.
16:38:41 INFO  : Context for 'APU' is selected.
16:38:41 INFO  : 'stop' command is executed.
16:38:42 INFO  : 'ps7_init' command is executed.
16:38:42 INFO  : 'ps7_post_config' command is executed.
16:38:42 INFO  : Context for processor 'ps7_cortexa9_0' is selected.
16:38:42 INFO  : Processor reset is completed for 'ps7_cortexa9_0'.
16:38:42 INFO  : Context for processor 'ps7_cortexa9_0' is selected.
16:38:42 INFO  : The application 'F:/FPGA/work_space/AD_DA_tran/AD_DA_tran.sdk/Uart_0/Debug/Uart_0.elf' is downloaded to processor 'ps7_cortexa9_0'.
16:38:42 INFO  : 'configparams force-mem-access 0' command is executed.
16:38:42 INFO  : ----------------XSDB Script----------------
connect -url tcp:127.0.0.1:3121
source F:/FPGA/work_space/AD_DA_tran/AD_DA_tran.sdk/FFT_OUT_hw_platform_0/ps7_init.tcl
targets -set -nocase -filter {name =~"APU*" && jtag_cable_name =~ "Digilent JTAG-SMT3 210357A7D00EA"} -index 0
loadhw -hw F:/FPGA/work_space/AD_DA_tran/AD_DA_tran.sdk/FFT_OUT_hw_platform_0/system.hdf -mem-ranges [list {0x40000000 0xbfffffff}]
configparams force-mem-access 1
targets -set -nocase -filter {name =~"APU*" && jtag_cable_name =~ "Digilent JTAG-SMT3 210357A7D00EA"} -index 0
stop
ps7_init
ps7_post_config
targets -set -nocase -filter {name =~ "ARM*#0" && jtag_cable_name =~ "Digilent JTAG-SMT3 210357A7D00EA"} -index 0
rst -processor
targets -set -nocase -filter {name =~ "ARM*#0" && jtag_cable_name =~ "Digilent JTAG-SMT3 210357A7D00EA"} -index 0
dow F:/FPGA/work_space/AD_DA_tran/AD_DA_tran.sdk/Uart_0/Debug/Uart_0.elf
configparams force-mem-access 0
----------------End of Script----------------

16:38:42 INFO  : Memory regions updated for context APU
16:38:42 INFO  : Context for processor 'ps7_cortexa9_0' is selected.
16:38:42 INFO  : 'con' command is executed.
16:38:42 INFO  : ----------------XSDB Script (After Launch)----------------
targets -set -nocase -filter {name =~ "ARM*#0" && jtag_cable_name =~ "Digilent JTAG-SMT3 210357A7D00EA"} -index 0
con
----------------End of Script----------------

16:38:42 INFO  : Launch script is exported to file 'F:\FPGA\work_space\AD_DA_tran\AD_DA_tran.sdk\.sdk\launch_scripts\xilinx_c-c++_application_(system_debugger)\system_debugger_using_debug_uart_0.elf_on_local.tcl'
16:38:52 INFO  : Disconnected from the channel tcfchan#1.
16:38:53 INFO  : 'targets -set -filter {jtag_cable_name =~ "Digilent JTAG-SMT3 210357A7D00EA" && level==0} -index 1' command is executed.
16:38:53 INFO  : 'fpga -state' command is executed.
16:38:53 INFO  : Connected to target on host '127.0.0.1' and port '3121'.
16:38:53 INFO  : Jtag cable 'Digilent JTAG-SMT3 210357A7D00EA' is selected.
16:38:53 INFO  : 'jtag frequency' command is executed.
16:38:53 INFO  : Sourcing of 'F:/FPGA/work_space/AD_DA_tran/AD_DA_tran.sdk/FFT_OUT_hw_platform_0/ps7_init.tcl' is done.
16:38:53 INFO  : Context for 'APU' is selected.
16:38:55 INFO  : Hardware design information is loaded from 'F:/FPGA/work_space/AD_DA_tran/AD_DA_tran.sdk/FFT_OUT_hw_platform_0/system.hdf'.
16:38:55 INFO  : 'configparams force-mem-access 1' command is executed.
16:38:55 INFO  : Context for 'APU' is selected.
16:38:55 INFO  : 'stop' command is executed.
16:38:55 INFO  : 'ps7_init' command is executed.
16:38:55 INFO  : 'ps7_post_config' command is executed.
16:38:55 INFO  : Context for processor 'ps7_cortexa9_0' is selected.
16:38:55 INFO  : Processor reset is completed for 'ps7_cortexa9_0'.
16:38:55 INFO  : Context for processor 'ps7_cortexa9_0' is selected.
16:38:55 INFO  : The application 'F:/FPGA/work_space/AD_DA_tran/AD_DA_tran.sdk/Uart_0/Debug/Uart_0.elf' is downloaded to processor 'ps7_cortexa9_0'.
16:38:55 INFO  : 'configparams force-mem-access 0' command is executed.
16:38:55 INFO  : ----------------XSDB Script----------------
connect -url tcp:127.0.0.1:3121
source F:/FPGA/work_space/AD_DA_tran/AD_DA_tran.sdk/FFT_OUT_hw_platform_0/ps7_init.tcl
targets -set -nocase -filter {name =~"APU*" && jtag_cable_name =~ "Digilent JTAG-SMT3 210357A7D00EA"} -index 0
loadhw -hw F:/FPGA/work_space/AD_DA_tran/AD_DA_tran.sdk/FFT_OUT_hw_platform_0/system.hdf -mem-ranges [list {0x40000000 0xbfffffff}]
configparams force-mem-access 1
targets -set -nocase -filter {name =~"APU*" && jtag_cable_name =~ "Digilent JTAG-SMT3 210357A7D00EA"} -index 0
stop
ps7_init
ps7_post_config
targets -set -nocase -filter {name =~ "ARM*#0" && jtag_cable_name =~ "Digilent JTAG-SMT3 210357A7D00EA"} -index 0
rst -processor
targets -set -nocase -filter {name =~ "ARM*#0" && jtag_cable_name =~ "Digilent JTAG-SMT3 210357A7D00EA"} -index 0
dow F:/FPGA/work_space/AD_DA_tran/AD_DA_tran.sdk/Uart_0/Debug/Uart_0.elf
configparams force-mem-access 0
----------------End of Script----------------

16:38:56 INFO  : Memory regions updated for context APU
16:38:56 INFO  : Context for processor 'ps7_cortexa9_0' is selected.
16:38:56 INFO  : 'con' command is executed.
16:38:56 INFO  : ----------------XSDB Script (After Launch)----------------
targets -set -nocase -filter {name =~ "ARM*#0" && jtag_cable_name =~ "Digilent JTAG-SMT3 210357A7D00EA"} -index 0
con
----------------End of Script----------------

16:38:56 INFO  : Launch script is exported to file 'F:\FPGA\work_space\AD_DA_tran\AD_DA_tran.sdk\.sdk\launch_scripts\xilinx_c-c++_application_(system_debugger)\system_debugger_using_debug_uart_0.elf_on_local.tcl'
16:43:27 INFO  : Disconnected from the channel tcfchan#2.
16:43:29 INFO  : 'targets -set -filter {jtag_cable_name =~ "Digilent JTAG-SMT3 210357A7D00EA" && level==0} -index 1' command is executed.
16:43:29 INFO  : 'fpga -state' command is executed.
16:43:29 INFO  : Connected to target on host '127.0.0.1' and port '3121'.
16:43:29 INFO  : Jtag cable 'Digilent JTAG-SMT3 210357A7D00EA' is selected.
16:43:29 INFO  : 'jtag frequency' command is executed.
16:43:29 INFO  : Sourcing of 'F:/FPGA/work_space/AD_DA_tran/AD_DA_tran.sdk/FFT_OUT_hw_platform_0/ps7_init.tcl' is done.
16:43:29 INFO  : Context for 'APU' is selected.
16:43:30 INFO  : Hardware design information is loaded from 'F:/FPGA/work_space/AD_DA_tran/AD_DA_tran.sdk/FFT_OUT_hw_platform_0/system.hdf'.
16:43:30 INFO  : 'configparams force-mem-access 1' command is executed.
16:43:30 INFO  : Context for 'APU' is selected.
16:43:30 INFO  : 'stop' command is executed.
16:43:30 INFO  : 'ps7_init' command is executed.
16:43:30 INFO  : 'ps7_post_config' command is executed.
16:43:30 INFO  : Context for processor 'ps7_cortexa9_0' is selected.
16:43:30 INFO  : Processor reset is completed for 'ps7_cortexa9_0'.
16:43:30 INFO  : Context for processor 'ps7_cortexa9_0' is selected.
16:43:30 INFO  : The application 'F:/FPGA/work_space/AD_DA_tran/AD_DA_tran.sdk/Uart_0/Debug/Uart_0.elf' is downloaded to processor 'ps7_cortexa9_0'.
16:43:30 INFO  : 'configparams force-mem-access 0' command is executed.
16:43:30 INFO  : ----------------XSDB Script----------------
connect -url tcp:127.0.0.1:3121
source F:/FPGA/work_space/AD_DA_tran/AD_DA_tran.sdk/FFT_OUT_hw_platform_0/ps7_init.tcl
targets -set -nocase -filter {name =~"APU*" && jtag_cable_name =~ "Digilent JTAG-SMT3 210357A7D00EA"} -index 0
loadhw -hw F:/FPGA/work_space/AD_DA_tran/AD_DA_tran.sdk/FFT_OUT_hw_platform_0/system.hdf -mem-ranges [list {0x40000000 0xbfffffff}]
configparams force-mem-access 1
targets -set -nocase -filter {name =~"APU*" && jtag_cable_name =~ "Digilent JTAG-SMT3 210357A7D00EA"} -index 0
stop
ps7_init
ps7_post_config
targets -set -nocase -filter {name =~ "ARM*#0" && jtag_cable_name =~ "Digilent JTAG-SMT3 210357A7D00EA"} -index 0
rst -processor
targets -set -nocase -filter {name =~ "ARM*#0" && jtag_cable_name =~ "Digilent JTAG-SMT3 210357A7D00EA"} -index 0
dow F:/FPGA/work_space/AD_DA_tran/AD_DA_tran.sdk/Uart_0/Debug/Uart_0.elf
configparams force-mem-access 0
----------------End of Script----------------

16:43:30 INFO  : Memory regions updated for context APU
16:43:30 INFO  : Context for processor 'ps7_cortexa9_0' is selected.
16:43:30 INFO  : 'con' command is executed.
16:43:30 INFO  : ----------------XSDB Script (After Launch)----------------
targets -set -nocase -filter {name =~ "ARM*#0" && jtag_cable_name =~ "Digilent JTAG-SMT3 210357A7D00EA"} -index 0
con
----------------End of Script----------------

16:43:30 INFO  : Launch script is exported to file 'F:\FPGA\work_space\AD_DA_tran\AD_DA_tran.sdk\.sdk\launch_scripts\xilinx_c-c++_application_(system_debugger)\system_debugger_using_debug_uart_0.elf_on_local.tcl'
16:45:57 INFO  : Disconnected from the channel tcfchan#3.
16:45:58 INFO  : 'targets -set -filter {jtag_cable_name =~ "Digilent JTAG-SMT3 210357A7D00EA" && level==0} -index 1' command is executed.
16:45:58 INFO  : 'fpga -state' command is executed.
16:45:58 INFO  : Connected to target on host '127.0.0.1' and port '3121'.
16:45:58 INFO  : Jtag cable 'Digilent JTAG-SMT3 210357A7D00EA' is selected.
16:45:58 INFO  : 'jtag frequency' command is executed.
16:45:58 INFO  : Sourcing of 'F:/FPGA/work_space/AD_DA_tran/AD_DA_tran.sdk/FFT_OUT_hw_platform_0/ps7_init.tcl' is done.
16:45:58 INFO  : Context for 'APU' is selected.
16:46:00 INFO  : Hardware design information is loaded from 'F:/FPGA/work_space/AD_DA_tran/AD_DA_tran.sdk/FFT_OUT_hw_platform_0/system.hdf'.
16:46:00 INFO  : 'configparams force-mem-access 1' command is executed.
16:46:00 INFO  : Context for 'APU' is selected.
16:46:00 INFO  : 'stop' command is executed.
16:46:00 INFO  : 'ps7_init' command is executed.
16:46:00 INFO  : 'ps7_post_config' command is executed.
16:46:00 INFO  : Context for processor 'ps7_cortexa9_0' is selected.
16:46:00 INFO  : Processor reset is completed for 'ps7_cortexa9_0'.
16:46:00 INFO  : Context for processor 'ps7_cortexa9_0' is selected.
16:46:01 INFO  : The application 'F:/FPGA/work_space/AD_DA_tran/AD_DA_tran.sdk/Uart_0/Debug/Uart_0.elf' is downloaded to processor 'ps7_cortexa9_0'.
16:46:01 INFO  : 'configparams force-mem-access 0' command is executed.
16:46:01 INFO  : ----------------XSDB Script----------------
connect -url tcp:127.0.0.1:3121
source F:/FPGA/work_space/AD_DA_tran/AD_DA_tran.sdk/FFT_OUT_hw_platform_0/ps7_init.tcl
targets -set -nocase -filter {name =~"APU*" && jtag_cable_name =~ "Digilent JTAG-SMT3 210357A7D00EA"} -index 0
loadhw -hw F:/FPGA/work_space/AD_DA_tran/AD_DA_tran.sdk/FFT_OUT_hw_platform_0/system.hdf -mem-ranges [list {0x40000000 0xbfffffff}]
configparams force-mem-access 1
targets -set -nocase -filter {name =~"APU*" && jtag_cable_name =~ "Digilent JTAG-SMT3 210357A7D00EA"} -index 0
stop
ps7_init
ps7_post_config
targets -set -nocase -filter {name =~ "ARM*#0" && jtag_cable_name =~ "Digilent JTAG-SMT3 210357A7D00EA"} -index 0
rst -processor
targets -set -nocase -filter {name =~ "ARM*#0" && jtag_cable_name =~ "Digilent JTAG-SMT3 210357A7D00EA"} -index 0
dow F:/FPGA/work_space/AD_DA_tran/AD_DA_tran.sdk/Uart_0/Debug/Uart_0.elf
configparams force-mem-access 0
----------------End of Script----------------

16:46:01 INFO  : Memory regions updated for context APU
16:46:01 INFO  : Context for processor 'ps7_cortexa9_0' is selected.
16:46:01 INFO  : 'con' command is executed.
16:46:01 INFO  : ----------------XSDB Script (After Launch)----------------
targets -set -nocase -filter {name =~ "ARM*#0" && jtag_cable_name =~ "Digilent JTAG-SMT3 210357A7D00EA"} -index 0
con
----------------End of Script----------------

16:46:01 INFO  : Launch script is exported to file 'F:\FPGA\work_space\AD_DA_tran\AD_DA_tran.sdk\.sdk\launch_scripts\xilinx_c-c++_application_(system_debugger)\system_debugger_using_debug_uart_0.elf_on_local.tcl'
16:55:12 INFO  : Disconnected from the channel tcfchan#4.
16:55:13 INFO  : 'targets -set -filter {jtag_cable_name =~ "Digilent JTAG-SMT3 210357A7D00EA" && level==0} -index 1' command is executed.
16:55:13 INFO  : 'fpga -state' command is executed.
16:55:13 INFO  : Connected to target on host '127.0.0.1' and port '3121'.
16:55:13 INFO  : Jtag cable 'Digilent JTAG-SMT3 210357A7D00EA' is selected.
16:55:13 INFO  : 'jtag frequency' command is executed.
16:55:13 INFO  : Sourcing of 'F:/FPGA/work_space/AD_DA_tran/AD_DA_tran.sdk/FFT_OUT_hw_platform_0/ps7_init.tcl' is done.
16:55:13 INFO  : Context for 'APU' is selected.
16:55:14 INFO  : Hardware design information is loaded from 'F:/FPGA/work_space/AD_DA_tran/AD_DA_tran.sdk/FFT_OUT_hw_platform_0/system.hdf'.
16:55:14 INFO  : 'configparams force-mem-access 1' command is executed.
16:55:14 INFO  : Context for 'APU' is selected.
16:55:14 INFO  : 'stop' command is executed.
16:55:15 INFO  : 'ps7_init' command is executed.
16:55:15 INFO  : 'ps7_post_config' command is executed.
16:55:15 INFO  : Context for processor 'ps7_cortexa9_0' is selected.
16:55:15 INFO  : Processor reset is completed for 'ps7_cortexa9_0'.
16:55:15 INFO  : Context for processor 'ps7_cortexa9_0' is selected.
16:55:15 INFO  : The application 'F:/FPGA/work_space/AD_DA_tran/AD_DA_tran.sdk/Uart_0/Debug/Uart_0.elf' is downloaded to processor 'ps7_cortexa9_0'.
16:55:15 INFO  : 'configparams force-mem-access 0' command is executed.
16:55:15 INFO  : ----------------XSDB Script----------------
connect -url tcp:127.0.0.1:3121
source F:/FPGA/work_space/AD_DA_tran/AD_DA_tran.sdk/FFT_OUT_hw_platform_0/ps7_init.tcl
targets -set -nocase -filter {name =~"APU*" && jtag_cable_name =~ "Digilent JTAG-SMT3 210357A7D00EA"} -index 0
loadhw -hw F:/FPGA/work_space/AD_DA_tran/AD_DA_tran.sdk/FFT_OUT_hw_platform_0/system.hdf -mem-ranges [list {0x40000000 0xbfffffff}]
configparams force-mem-access 1
targets -set -nocase -filter {name =~"APU*" && jtag_cable_name =~ "Digilent JTAG-SMT3 210357A7D00EA"} -index 0
stop
ps7_init
ps7_post_config
targets -set -nocase -filter {name =~ "ARM*#0" && jtag_cable_name =~ "Digilent JTAG-SMT3 210357A7D00EA"} -index 0
rst -processor
targets -set -nocase -filter {name =~ "ARM*#0" && jtag_cable_name =~ "Digilent JTAG-SMT3 210357A7D00EA"} -index 0
dow F:/FPGA/work_space/AD_DA_tran/AD_DA_tran.sdk/Uart_0/Debug/Uart_0.elf
configparams force-mem-access 0
----------------End of Script----------------

16:55:15 INFO  : Memory regions updated for context APU
16:55:15 INFO  : Context for processor 'ps7_cortexa9_0' is selected.
16:55:15 INFO  : 'con' command is executed.
16:55:15 INFO  : ----------------XSDB Script (After Launch)----------------
targets -set -nocase -filter {name =~ "ARM*#0" && jtag_cable_name =~ "Digilent JTAG-SMT3 210357A7D00EA"} -index 0
con
----------------End of Script----------------

16:55:15 INFO  : Launch script is exported to file 'F:\FPGA\work_space\AD_DA_tran\AD_DA_tran.sdk\.sdk\launch_scripts\xilinx_c-c++_application_(system_debugger)\system_debugger_using_debug_uart_0.elf_on_local.tcl'
16:56:32 INFO  : Disconnected from the channel tcfchan#5.
16:56:33 INFO  : 'targets -set -filter {jtag_cable_name =~ "Digilent JTAG-SMT3 210357A7D00EA" && level==0} -index 1' command is executed.
16:56:33 INFO  : 'fpga -state' command is executed.
16:56:33 INFO  : Connected to target on host '127.0.0.1' and port '3121'.
16:56:33 INFO  : Jtag cable 'Digilent JTAG-SMT3 210357A7D00EA' is selected.
16:56:33 INFO  : 'jtag frequency' command is executed.
16:56:33 INFO  : Sourcing of 'F:/FPGA/work_space/AD_DA_tran/AD_DA_tran.sdk/FFT_OUT_hw_platform_0/ps7_init.tcl' is done.
16:56:33 INFO  : Context for 'APU' is selected.
16:56:34 INFO  : Hardware design information is loaded from 'F:/FPGA/work_space/AD_DA_tran/AD_DA_tran.sdk/FFT_OUT_hw_platform_0/system.hdf'.
16:56:34 INFO  : 'configparams force-mem-access 1' command is executed.
16:56:34 INFO  : Context for 'APU' is selected.
16:56:34 INFO  : 'stop' command is executed.
16:56:35 INFO  : 'ps7_init' command is executed.
16:56:35 INFO  : 'ps7_post_config' command is executed.
16:56:35 INFO  : Context for processor 'ps7_cortexa9_0' is selected.
16:56:35 INFO  : Processor reset is completed for 'ps7_cortexa9_0'.
16:56:35 INFO  : Context for processor 'ps7_cortexa9_0' is selected.
16:56:35 INFO  : The application 'F:/FPGA/work_space/AD_DA_tran/AD_DA_tran.sdk/Uart_0/Debug/Uart_0.elf' is downloaded to processor 'ps7_cortexa9_0'.
16:56:35 INFO  : 'configparams force-mem-access 0' command is executed.
16:56:35 INFO  : ----------------XSDB Script----------------
connect -url tcp:127.0.0.1:3121
source F:/FPGA/work_space/AD_DA_tran/AD_DA_tran.sdk/FFT_OUT_hw_platform_0/ps7_init.tcl
targets -set -nocase -filter {name =~"APU*" && jtag_cable_name =~ "Digilent JTAG-SMT3 210357A7D00EA"} -index 0
loadhw -hw F:/FPGA/work_space/AD_DA_tran/AD_DA_tran.sdk/FFT_OUT_hw_platform_0/system.hdf -mem-ranges [list {0x40000000 0xbfffffff}]
configparams force-mem-access 1
targets -set -nocase -filter {name =~"APU*" && jtag_cable_name =~ "Digilent JTAG-SMT3 210357A7D00EA"} -index 0
stop
ps7_init
ps7_post_config
targets -set -nocase -filter {name =~ "ARM*#0" && jtag_cable_name =~ "Digilent JTAG-SMT3 210357A7D00EA"} -index 0
rst -processor
targets -set -nocase -filter {name =~ "ARM*#0" && jtag_cable_name =~ "Digilent JTAG-SMT3 210357A7D00EA"} -index 0
dow F:/FPGA/work_space/AD_DA_tran/AD_DA_tran.sdk/Uart_0/Debug/Uart_0.elf
configparams force-mem-access 0
----------------End of Script----------------

16:56:35 INFO  : Memory regions updated for context APU
16:56:35 INFO  : Context for processor 'ps7_cortexa9_0' is selected.
16:56:35 INFO  : 'con' command is executed.
16:56:35 INFO  : ----------------XSDB Script (After Launch)----------------
targets -set -nocase -filter {name =~ "ARM*#0" && jtag_cable_name =~ "Digilent JTAG-SMT3 210357A7D00EA"} -index 0
con
----------------End of Script----------------

16:56:35 INFO  : Launch script is exported to file 'F:\FPGA\work_space\AD_DA_tran\AD_DA_tran.sdk\.sdk\launch_scripts\xilinx_c-c++_application_(system_debugger)\system_debugger_using_debug_uart_0.elf_on_local.tcl'
16:58:19 INFO  : Disconnected from the channel tcfchan#6.
16:58:21 INFO  : 'targets -set -filter {jtag_cable_name =~ "Digilent JTAG-SMT3 210357A7D00EA" && level==0} -index 1' command is executed.
16:58:21 INFO  : 'fpga -state' command is executed.
16:58:21 INFO  : Connected to target on host '127.0.0.1' and port '3121'.
16:58:21 INFO  : Jtag cable 'Digilent JTAG-SMT3 210357A7D00EA' is selected.
16:58:21 INFO  : 'jtag frequency' command is executed.
16:58:21 INFO  : Sourcing of 'F:/FPGA/work_space/AD_DA_tran/AD_DA_tran.sdk/FFT_OUT_hw_platform_0/ps7_init.tcl' is done.
16:58:21 INFO  : Context for 'APU' is selected.
16:58:22 INFO  : Hardware design information is loaded from 'F:/FPGA/work_space/AD_DA_tran/AD_DA_tran.sdk/FFT_OUT_hw_platform_0/system.hdf'.
16:58:22 INFO  : 'configparams force-mem-access 1' command is executed.
16:58:22 INFO  : Context for 'APU' is selected.
16:58:22 INFO  : 'stop' command is executed.
16:58:22 INFO  : 'ps7_init' command is executed.
16:58:22 INFO  : 'ps7_post_config' command is executed.
16:58:22 INFO  : Context for processor 'ps7_cortexa9_0' is selected.
16:58:22 INFO  : Processor reset is completed for 'ps7_cortexa9_0'.
16:58:22 INFO  : Context for processor 'ps7_cortexa9_0' is selected.
16:58:22 INFO  : The application 'F:/FPGA/work_space/AD_DA_tran/AD_DA_tran.sdk/Uart_0/Debug/Uart_0.elf' is downloaded to processor 'ps7_cortexa9_0'.
16:58:22 INFO  : 'configparams force-mem-access 0' command is executed.
16:58:22 INFO  : ----------------XSDB Script----------------
connect -url tcp:127.0.0.1:3121
source F:/FPGA/work_space/AD_DA_tran/AD_DA_tran.sdk/FFT_OUT_hw_platform_0/ps7_init.tcl
targets -set -nocase -filter {name =~"APU*" && jtag_cable_name =~ "Digilent JTAG-SMT3 210357A7D00EA"} -index 0
loadhw -hw F:/FPGA/work_space/AD_DA_tran/AD_DA_tran.sdk/FFT_OUT_hw_platform_0/system.hdf -mem-ranges [list {0x40000000 0xbfffffff}]
configparams force-mem-access 1
targets -set -nocase -filter {name =~"APU*" && jtag_cable_name =~ "Digilent JTAG-SMT3 210357A7D00EA"} -index 0
stop
ps7_init
ps7_post_config
targets -set -nocase -filter {name =~ "ARM*#0" && jtag_cable_name =~ "Digilent JTAG-SMT3 210357A7D00EA"} -index 0
rst -processor
targets -set -nocase -filter {name =~ "ARM*#0" && jtag_cable_name =~ "Digilent JTAG-SMT3 210357A7D00EA"} -index 0
dow F:/FPGA/work_space/AD_DA_tran/AD_DA_tran.sdk/Uart_0/Debug/Uart_0.elf
configparams force-mem-access 0
----------------End of Script----------------

16:58:22 INFO  : Memory regions updated for context APU
16:58:22 INFO  : Context for processor 'ps7_cortexa9_0' is selected.
16:58:22 INFO  : 'con' command is executed.
16:58:22 INFO  : ----------------XSDB Script (After Launch)----------------
targets -set -nocase -filter {name =~ "ARM*#0" && jtag_cable_name =~ "Digilent JTAG-SMT3 210357A7D00EA"} -index 0
con
----------------End of Script----------------

16:58:22 INFO  : Launch script is exported to file 'F:\FPGA\work_space\AD_DA_tran\AD_DA_tran.sdk\.sdk\launch_scripts\xilinx_c-c++_application_(system_debugger)\system_debugger_using_debug_uart_0.elf_on_local.tcl'
23:36:09 INFO  : Launching XSCT server: xsct.bat -interactive F:\FPGA\work_space\AD_DA_tran\AD_DA_tran.sdk\temp_xsdb_launch_script.tcl
08:35:49 INFO  : Registering command handlers for SDK TCF services
08:35:49 INFO  : Launching XSCT server: xsct.bat -interactive F:\FPGA\work_space\AD_DA_tran\AD_DA_tran.sdk\temp_xsdb_launch_script.tcl
08:35:51 INFO  : XSCT server has started successfully.
08:35:51 INFO  : Successfully done setting XSCT server connection channel  
08:35:55 INFO  : Successfully done setting SDK workspace  
08:35:55 INFO  : Processing command line option -hwspec F:/FPGA/work_space/AD_DA_tran/AD_DA_tran.sdk/FFT_OUT.hdf.
08:35:55 INFO  : Checking for hwspec changes in the project FFT_OUT_hw_platform_0.
08:36:08 INFO  : 'targets -set -filter {jtag_cable_name =~ "Digilent JTAG-SMT3 210357A7D00EA" && level==0} -index 1' command is executed.
08:36:08 INFO  : 'fpga -state' command is executed.
08:36:08 INFO  : Connected to target on host '127.0.0.1' and port '3121'.
08:36:08 INFO  : Jtag cable 'Digilent JTAG-SMT3 210357A7D00EA' is selected.
08:36:08 INFO  : 'jtag frequency' command is executed.
08:36:08 INFO  : Sourcing of 'F:/FPGA/work_space/AD_DA_tran/AD_DA_tran.sdk/FFT_OUT_hw_platform_0/ps7_init.tcl' is done.
08:36:08 INFO  : Context for 'APU' is selected.
08:36:08 INFO  : Hardware design information is loaded from 'F:/FPGA/work_space/AD_DA_tran/AD_DA_tran.sdk/FFT_OUT_hw_platform_0/system.hdf'.
08:36:08 INFO  : 'configparams force-mem-access 1' command is executed.
08:36:08 INFO  : Context for 'APU' is selected.
08:36:08 INFO  : 'stop' command is executed.
08:36:08 INFO  : 'ps7_init' command is executed.
08:36:08 INFO  : 'ps7_post_config' command is executed.
08:36:08 INFO  : Context for processor 'ps7_cortexa9_0' is selected.
08:36:08 INFO  : Processor reset is completed for 'ps7_cortexa9_0'.
08:36:08 INFO  : Context for processor 'ps7_cortexa9_0' is selected.
08:36:09 INFO  : The application 'F:/FPGA/work_space/AD_DA_tran/AD_DA_tran.sdk/Uart_0/Debug/Uart_0.elf' is downloaded to processor 'ps7_cortexa9_0'.
08:36:09 INFO  : 'configparams force-mem-access 0' command is executed.
08:36:09 INFO  : ----------------XSDB Script----------------
connect -url tcp:127.0.0.1:3121
source F:/FPGA/work_space/AD_DA_tran/AD_DA_tran.sdk/FFT_OUT_hw_platform_0/ps7_init.tcl
targets -set -nocase -filter {name =~"APU*" && jtag_cable_name =~ "Digilent JTAG-SMT3 210357A7D00EA"} -index 0
loadhw -hw F:/FPGA/work_space/AD_DA_tran/AD_DA_tran.sdk/FFT_OUT_hw_platform_0/system.hdf -mem-ranges [list {0x40000000 0xbfffffff}]
configparams force-mem-access 1
targets -set -nocase -filter {name =~"APU*" && jtag_cable_name =~ "Digilent JTAG-SMT3 210357A7D00EA"} -index 0
stop
ps7_init
ps7_post_config
targets -set -nocase -filter {name =~ "ARM*#0" && jtag_cable_name =~ "Digilent JTAG-SMT3 210357A7D00EA"} -index 0
rst -processor
targets -set -nocase -filter {name =~ "ARM*#0" && jtag_cable_name =~ "Digilent JTAG-SMT3 210357A7D00EA"} -index 0
dow F:/FPGA/work_space/AD_DA_tran/AD_DA_tran.sdk/Uart_0/Debug/Uart_0.elf
configparams force-mem-access 0
----------------End of Script----------------

08:36:09 INFO  : Memory regions updated for context APU
08:36:09 INFO  : Context for processor 'ps7_cortexa9_0' is selected.
08:36:09 INFO  : 'con' command is executed.
08:36:09 INFO  : ----------------XSDB Script (After Launch)----------------
targets -set -nocase -filter {name =~ "ARM*#0" && jtag_cable_name =~ "Digilent JTAG-SMT3 210357A7D00EA"} -index 0
con
----------------End of Script----------------

08:36:09 INFO  : Launch script is exported to file 'F:\FPGA\work_space\AD_DA_tran\AD_DA_tran.sdk\.sdk\launch_scripts\xilinx_c-c++_application_(system_debugger)\system_debugger_using_debug_uart_0.elf_on_local.tcl'
08:40:56 INFO  : Disconnected from the channel tcfchan#1.
08:40:57 INFO  : 'targets -set -filter {jtag_cable_name =~ "Digilent JTAG-SMT3 210357A7D00EA" && level==0} -index 1' command is executed.
08:40:57 INFO  : 'fpga -state' command is executed.
08:40:57 INFO  : Connected to target on host '127.0.0.1' and port '3121'.
08:40:57 INFO  : Jtag cable 'Digilent JTAG-SMT3 210357A7D00EA' is selected.
08:40:57 INFO  : 'jtag frequency' command is executed.
08:40:57 INFO  : Sourcing of 'F:/FPGA/work_space/AD_DA_tran/AD_DA_tran.sdk/FFT_OUT_hw_platform_0/ps7_init.tcl' is done.
08:40:57 INFO  : Context for 'APU' is selected.
08:40:58 INFO  : Hardware design information is loaded from 'F:/FPGA/work_space/AD_DA_tran/AD_DA_tran.sdk/FFT_OUT_hw_platform_0/system.hdf'.
08:40:58 INFO  : 'configparams force-mem-access 1' command is executed.
08:40:58 INFO  : Context for 'APU' is selected.
08:40:58 INFO  : 'stop' command is executed.
08:40:59 INFO  : 'ps7_init' command is executed.
08:40:59 INFO  : 'ps7_post_config' command is executed.
08:40:59 INFO  : Context for processor 'ps7_cortexa9_0' is selected.
08:40:59 INFO  : Processor reset is completed for 'ps7_cortexa9_0'.
08:40:59 INFO  : Context for processor 'ps7_cortexa9_0' is selected.
08:40:59 INFO  : The application 'F:/FPGA/work_space/AD_DA_tran/AD_DA_tran.sdk/Uart_0/Debug/Uart_0.elf' is downloaded to processor 'ps7_cortexa9_0'.
08:40:59 INFO  : 'configparams force-mem-access 0' command is executed.
08:40:59 INFO  : ----------------XSDB Script----------------
connect -url tcp:127.0.0.1:3121
source F:/FPGA/work_space/AD_DA_tran/AD_DA_tran.sdk/FFT_OUT_hw_platform_0/ps7_init.tcl
targets -set -nocase -filter {name =~"APU*" && jtag_cable_name =~ "Digilent JTAG-SMT3 210357A7D00EA"} -index 0
loadhw -hw F:/FPGA/work_space/AD_DA_tran/AD_DA_tran.sdk/FFT_OUT_hw_platform_0/system.hdf -mem-ranges [list {0x40000000 0xbfffffff}]
configparams force-mem-access 1
targets -set -nocase -filter {name =~"APU*" && jtag_cable_name =~ "Digilent JTAG-SMT3 210357A7D00EA"} -index 0
stop
ps7_init
ps7_post_config
targets -set -nocase -filter {name =~ "ARM*#0" && jtag_cable_name =~ "Digilent JTAG-SMT3 210357A7D00EA"} -index 0
rst -processor
targets -set -nocase -filter {name =~ "ARM*#0" && jtag_cable_name =~ "Digilent JTAG-SMT3 210357A7D00EA"} -index 0
dow F:/FPGA/work_space/AD_DA_tran/AD_DA_tran.sdk/Uart_0/Debug/Uart_0.elf
configparams force-mem-access 0
----------------End of Script----------------

08:40:59 INFO  : Memory regions updated for context APU
08:40:59 INFO  : Context for processor 'ps7_cortexa9_0' is selected.
08:40:59 INFO  : 'con' command is executed.
08:40:59 INFO  : ----------------XSDB Script (After Launch)----------------
targets -set -nocase -filter {name =~ "ARM*#0" && jtag_cable_name =~ "Digilent JTAG-SMT3 210357A7D00EA"} -index 0
con
----------------End of Script----------------

08:40:59 INFO  : Launch script is exported to file 'F:\FPGA\work_space\AD_DA_tran\AD_DA_tran.sdk\.sdk\launch_scripts\xilinx_c-c++_application_(system_debugger)\system_debugger_using_debug_uart_0.elf_on_local.tcl'
08:43:13 INFO  : Disconnected from the channel tcfchan#2.
08:43:14 INFO  : 'targets -set -filter {jtag_cable_name =~ "Digilent JTAG-SMT3 210357A7D00EA" && level==0} -index 1' command is executed.
08:43:14 INFO  : 'fpga -state' command is executed.
08:43:14 INFO  : Connected to target on host '127.0.0.1' and port '3121'.
08:43:15 INFO  : Jtag cable 'Digilent JTAG-SMT3 210357A7D00EA' is selected.
08:43:15 INFO  : 'jtag frequency' command is executed.
08:43:15 INFO  : Sourcing of 'F:/FPGA/work_space/AD_DA_tran/AD_DA_tran.sdk/FFT_OUT_hw_platform_0/ps7_init.tcl' is done.
08:43:15 INFO  : Context for 'APU' is selected.
08:43:16 INFO  : Hardware design information is loaded from 'F:/FPGA/work_space/AD_DA_tran/AD_DA_tran.sdk/FFT_OUT_hw_platform_0/system.hdf'.
08:43:16 INFO  : 'configparams force-mem-access 1' command is executed.
08:43:16 INFO  : Context for 'APU' is selected.
08:43:16 INFO  : 'stop' command is executed.
08:43:16 INFO  : 'ps7_init' command is executed.
08:43:16 INFO  : 'ps7_post_config' command is executed.
08:43:16 INFO  : Context for processor 'ps7_cortexa9_0' is selected.
08:43:16 INFO  : Processor reset is completed for 'ps7_cortexa9_0'.
08:43:16 INFO  : Context for processor 'ps7_cortexa9_0' is selected.
08:43:16 INFO  : The application 'F:/FPGA/work_space/AD_DA_tran/AD_DA_tran.sdk/Uart_0/Debug/Uart_0.elf' is downloaded to processor 'ps7_cortexa9_0'.
08:43:16 INFO  : 'configparams force-mem-access 0' command is executed.
08:43:16 INFO  : ----------------XSDB Script----------------
connect -url tcp:127.0.0.1:3121
source F:/FPGA/work_space/AD_DA_tran/AD_DA_tran.sdk/FFT_OUT_hw_platform_0/ps7_init.tcl
targets -set -nocase -filter {name =~"APU*" && jtag_cable_name =~ "Digilent JTAG-SMT3 210357A7D00EA"} -index 0
loadhw -hw F:/FPGA/work_space/AD_DA_tran/AD_DA_tran.sdk/FFT_OUT_hw_platform_0/system.hdf -mem-ranges [list {0x40000000 0xbfffffff}]
configparams force-mem-access 1
targets -set -nocase -filter {name =~"APU*" && jtag_cable_name =~ "Digilent JTAG-SMT3 210357A7D00EA"} -index 0
stop
ps7_init
ps7_post_config
targets -set -nocase -filter {name =~ "ARM*#0" && jtag_cable_name =~ "Digilent JTAG-SMT3 210357A7D00EA"} -index 0
rst -processor
targets -set -nocase -filter {name =~ "ARM*#0" && jtag_cable_name =~ "Digilent JTAG-SMT3 210357A7D00EA"} -index 0
dow F:/FPGA/work_space/AD_DA_tran/AD_DA_tran.sdk/Uart_0/Debug/Uart_0.elf
configparams force-mem-access 0
----------------End of Script----------------

08:43:16 INFO  : Memory regions updated for context APU
08:43:16 INFO  : Context for processor 'ps7_cortexa9_0' is selected.
08:43:16 INFO  : 'con' command is executed.
08:43:16 INFO  : ----------------XSDB Script (After Launch)----------------
targets -set -nocase -filter {name =~ "ARM*#0" && jtag_cable_name =~ "Digilent JTAG-SMT3 210357A7D00EA"} -index 0
con
----------------End of Script----------------

08:43:16 INFO  : Launch script is exported to file 'F:\FPGA\work_space\AD_DA_tran\AD_DA_tran.sdk\.sdk\launch_scripts\xilinx_c-c++_application_(system_debugger)\system_debugger_using_debug_uart_0.elf_on_local.tcl'
08:58:43 INFO  : Disconnected from the channel tcfchan#3.
08:58:44 INFO  : 'targets -set -filter {jtag_cable_name =~ "Digilent JTAG-SMT3 210357A7D00EA" && level==0} -index 1' command is executed.
08:58:44 INFO  : 'fpga -state' command is executed.
08:58:44 INFO  : Connected to target on host '127.0.0.1' and port '3121'.
08:58:44 INFO  : Jtag cable 'Digilent JTAG-SMT3 210357A7D00EA' is selected.
08:58:44 INFO  : 'jtag frequency' command is executed.
08:58:44 INFO  : Sourcing of 'F:/FPGA/work_space/AD_DA_tran/AD_DA_tran.sdk/FFT_OUT_hw_platform_0/ps7_init.tcl' is done.
08:58:44 INFO  : Context for 'APU' is selected.
08:58:46 INFO  : Hardware design information is loaded from 'F:/FPGA/work_space/AD_DA_tran/AD_DA_tran.sdk/FFT_OUT_hw_platform_0/system.hdf'.
08:58:46 INFO  : 'configparams force-mem-access 1' command is executed.
08:58:46 INFO  : Context for 'APU' is selected.
08:58:46 INFO  : 'stop' command is executed.
08:58:46 INFO  : 'ps7_init' command is executed.
08:58:46 INFO  : 'ps7_post_config' command is executed.
08:58:46 INFO  : Context for processor 'ps7_cortexa9_0' is selected.
08:58:46 INFO  : Processor reset is completed for 'ps7_cortexa9_0'.
08:58:46 INFO  : Context for processor 'ps7_cortexa9_0' is selected.
08:58:46 INFO  : The application 'F:/FPGA/work_space/AD_DA_tran/AD_DA_tran.sdk/Uart_0/Debug/Uart_0.elf' is downloaded to processor 'ps7_cortexa9_0'.
08:58:46 INFO  : 'configparams force-mem-access 0' command is executed.
08:58:46 INFO  : ----------------XSDB Script----------------
connect -url tcp:127.0.0.1:3121
source F:/FPGA/work_space/AD_DA_tran/AD_DA_tran.sdk/FFT_OUT_hw_platform_0/ps7_init.tcl
targets -set -nocase -filter {name =~"APU*" && jtag_cable_name =~ "Digilent JTAG-SMT3 210357A7D00EA"} -index 0
loadhw -hw F:/FPGA/work_space/AD_DA_tran/AD_DA_tran.sdk/FFT_OUT_hw_platform_0/system.hdf -mem-ranges [list {0x40000000 0xbfffffff}]
configparams force-mem-access 1
targets -set -nocase -filter {name =~"APU*" && jtag_cable_name =~ "Digilent JTAG-SMT3 210357A7D00EA"} -index 0
stop
ps7_init
ps7_post_config
targets -set -nocase -filter {name =~ "ARM*#0" && jtag_cable_name =~ "Digilent JTAG-SMT3 210357A7D00EA"} -index 0
rst -processor
targets -set -nocase -filter {name =~ "ARM*#0" && jtag_cable_name =~ "Digilent JTAG-SMT3 210357A7D00EA"} -index 0
dow F:/FPGA/work_space/AD_DA_tran/AD_DA_tran.sdk/Uart_0/Debug/Uart_0.elf
configparams force-mem-access 0
----------------End of Script----------------

08:58:46 INFO  : Memory regions updated for context APU
08:58:46 INFO  : Context for processor 'ps7_cortexa9_0' is selected.
08:58:46 INFO  : 'con' command is executed.
08:58:46 INFO  : ----------------XSDB Script (After Launch)----------------
targets -set -nocase -filter {name =~ "ARM*#0" && jtag_cable_name =~ "Digilent JTAG-SMT3 210357A7D00EA"} -index 0
con
----------------End of Script----------------

08:58:46 INFO  : Launch script is exported to file 'F:\FPGA\work_space\AD_DA_tran\AD_DA_tran.sdk\.sdk\launch_scripts\xilinx_c-c++_application_(system_debugger)\system_debugger_using_debug_uart_0.elf_on_local.tcl'
09:00:24 INFO  : Disconnected from the channel tcfchan#4.
09:00:26 INFO  : 'targets -set -filter {jtag_cable_name =~ "Digilent JTAG-SMT3 210357A7D00EA" && level==0} -index 1' command is executed.
09:00:26 INFO  : 'fpga -state' command is executed.
09:00:26 INFO  : Connected to target on host '127.0.0.1' and port '3121'.
09:00:26 INFO  : Jtag cable 'Digilent JTAG-SMT3 210357A7D00EA' is selected.
09:00:26 INFO  : 'jtag frequency' command is executed.
09:00:26 INFO  : Sourcing of 'F:/FPGA/work_space/AD_DA_tran/AD_DA_tran.sdk/FFT_OUT_hw_platform_0/ps7_init.tcl' is done.
09:00:26 INFO  : Context for 'APU' is selected.
09:00:26 INFO  : Hardware design information is loaded from 'F:/FPGA/work_space/AD_DA_tran/AD_DA_tran.sdk/FFT_OUT_hw_platform_0/system.hdf'.
09:00:26 INFO  : 'configparams force-mem-access 1' command is executed.
09:00:26 INFO  : Context for 'APU' is selected.
09:00:26 INFO  : 'stop' command is executed.
09:00:27 INFO  : 'ps7_init' command is executed.
09:00:27 INFO  : 'ps7_post_config' command is executed.
09:00:27 INFO  : Context for processor 'ps7_cortexa9_0' is selected.
09:00:27 INFO  : Processor reset is completed for 'ps7_cortexa9_0'.
09:00:27 INFO  : Context for processor 'ps7_cortexa9_0' is selected.
09:00:27 INFO  : The application 'F:/FPGA/work_space/AD_DA_tran/AD_DA_tran.sdk/Uart_0/Debug/Uart_0.elf' is downloaded to processor 'ps7_cortexa9_0'.
09:00:27 INFO  : 'configparams force-mem-access 0' command is executed.
09:00:27 INFO  : ----------------XSDB Script----------------
connect -url tcp:127.0.0.1:3121
source F:/FPGA/work_space/AD_DA_tran/AD_DA_tran.sdk/FFT_OUT_hw_platform_0/ps7_init.tcl
targets -set -nocase -filter {name =~"APU*" && jtag_cable_name =~ "Digilent JTAG-SMT3 210357A7D00EA"} -index 0
loadhw -hw F:/FPGA/work_space/AD_DA_tran/AD_DA_tran.sdk/FFT_OUT_hw_platform_0/system.hdf -mem-ranges [list {0x40000000 0xbfffffff}]
configparams force-mem-access 1
targets -set -nocase -filter {name =~"APU*" && jtag_cable_name =~ "Digilent JTAG-SMT3 210357A7D00EA"} -index 0
stop
ps7_init
ps7_post_config
targets -set -nocase -filter {name =~ "ARM*#0" && jtag_cable_name =~ "Digilent JTAG-SMT3 210357A7D00EA"} -index 0
rst -processor
targets -set -nocase -filter {name =~ "ARM*#0" && jtag_cable_name =~ "Digilent JTAG-SMT3 210357A7D00EA"} -index 0
dow F:/FPGA/work_space/AD_DA_tran/AD_DA_tran.sdk/Uart_0/Debug/Uart_0.elf
configparams force-mem-access 0
----------------End of Script----------------

09:00:27 INFO  : Memory regions updated for context APU
09:00:27 INFO  : Context for processor 'ps7_cortexa9_0' is selected.
09:00:27 INFO  : 'con' command is executed.
09:00:27 INFO  : ----------------XSDB Script (After Launch)----------------
targets -set -nocase -filter {name =~ "ARM*#0" && jtag_cable_name =~ "Digilent JTAG-SMT3 210357A7D00EA"} -index 0
con
----------------End of Script----------------

09:00:27 INFO  : Launch script is exported to file 'F:\FPGA\work_space\AD_DA_tran\AD_DA_tran.sdk\.sdk\launch_scripts\xilinx_c-c++_application_(system_debugger)\system_debugger_using_debug_uart_0.elf_on_local.tcl'
09:02:21 INFO  : Disconnected from the channel tcfchan#5.
09:02:22 INFO  : 'targets -set -filter {jtag_cable_name =~ "Digilent JTAG-SMT3 210357A7D00EA" && level==0} -index 1' command is executed.
09:02:22 INFO  : 'fpga -state' command is executed.
09:02:22 INFO  : Connected to target on host '127.0.0.1' and port '3121'.
09:02:22 INFO  : Jtag cable 'Digilent JTAG-SMT3 210357A7D00EA' is selected.
09:02:22 INFO  : 'jtag frequency' command is executed.
09:02:22 INFO  : Sourcing of 'F:/FPGA/work_space/AD_DA_tran/AD_DA_tran.sdk/FFT_OUT_hw_platform_0/ps7_init.tcl' is done.
09:02:22 INFO  : Context for 'APU' is selected.
09:02:23 INFO  : Hardware design information is loaded from 'F:/FPGA/work_space/AD_DA_tran/AD_DA_tran.sdk/FFT_OUT_hw_platform_0/system.hdf'.
09:02:23 INFO  : 'configparams force-mem-access 1' command is executed.
09:02:23 INFO  : Context for 'APU' is selected.
09:02:23 INFO  : 'stop' command is executed.
09:02:23 INFO  : 'ps7_init' command is executed.
09:02:23 INFO  : 'ps7_post_config' command is executed.
09:02:23 INFO  : Context for processor 'ps7_cortexa9_0' is selected.
09:02:23 INFO  : Processor reset is completed for 'ps7_cortexa9_0'.
09:02:23 INFO  : Context for processor 'ps7_cortexa9_0' is selected.
09:02:24 INFO  : The application 'F:/FPGA/work_space/AD_DA_tran/AD_DA_tran.sdk/Uart_0/Debug/Uart_0.elf' is downloaded to processor 'ps7_cortexa9_0'.
09:02:24 INFO  : 'configparams force-mem-access 0' command is executed.
09:02:24 INFO  : ----------------XSDB Script----------------
connect -url tcp:127.0.0.1:3121
source F:/FPGA/work_space/AD_DA_tran/AD_DA_tran.sdk/FFT_OUT_hw_platform_0/ps7_init.tcl
targets -set -nocase -filter {name =~"APU*" && jtag_cable_name =~ "Digilent JTAG-SMT3 210357A7D00EA"} -index 0
loadhw -hw F:/FPGA/work_space/AD_DA_tran/AD_DA_tran.sdk/FFT_OUT_hw_platform_0/system.hdf -mem-ranges [list {0x40000000 0xbfffffff}]
configparams force-mem-access 1
targets -set -nocase -filter {name =~"APU*" && jtag_cable_name =~ "Digilent JTAG-SMT3 210357A7D00EA"} -index 0
stop
ps7_init
ps7_post_config
targets -set -nocase -filter {name =~ "ARM*#0" && jtag_cable_name =~ "Digilent JTAG-SMT3 210357A7D00EA"} -index 0
rst -processor
targets -set -nocase -filter {name =~ "ARM*#0" && jtag_cable_name =~ "Digilent JTAG-SMT3 210357A7D00EA"} -index 0
dow F:/FPGA/work_space/AD_DA_tran/AD_DA_tran.sdk/Uart_0/Debug/Uart_0.elf
configparams force-mem-access 0
----------------End of Script----------------

09:02:24 INFO  : Memory regions updated for context APU
09:02:24 INFO  : Context for processor 'ps7_cortexa9_0' is selected.
09:02:24 INFO  : 'con' command is executed.
09:02:24 INFO  : ----------------XSDB Script (After Launch)----------------
targets -set -nocase -filter {name =~ "ARM*#0" && jtag_cable_name =~ "Digilent JTAG-SMT3 210357A7D00EA"} -index 0
con
----------------End of Script----------------

09:02:24 INFO  : Launch script is exported to file 'F:\FPGA\work_space\AD_DA_tran\AD_DA_tran.sdk\.sdk\launch_scripts\xilinx_c-c++_application_(system_debugger)\system_debugger_using_debug_uart_0.elf_on_local.tcl'
09:03:13 INFO  : Disconnected from the channel tcfchan#6.
09:03:14 INFO  : 'targets -set -filter {jtag_cable_name =~ "Digilent JTAG-SMT3 210357A7D00EA" && level==0} -index 1' command is executed.
09:03:14 INFO  : 'fpga -state' command is executed.
09:03:14 INFO  : Connected to target on host '127.0.0.1' and port '3121'.
09:03:14 INFO  : Jtag cable 'Digilent JTAG-SMT3 210357A7D00EA' is selected.
09:03:14 INFO  : 'jtag frequency' command is executed.
09:03:14 INFO  : Sourcing of 'F:/FPGA/work_space/AD_DA_tran/AD_DA_tran.sdk/FFT_OUT_hw_platform_0/ps7_init.tcl' is done.
09:03:14 INFO  : Context for 'APU' is selected.
09:03:15 INFO  : Hardware design information is loaded from 'F:/FPGA/work_space/AD_DA_tran/AD_DA_tran.sdk/FFT_OUT_hw_platform_0/system.hdf'.
09:03:15 INFO  : 'configparams force-mem-access 1' command is executed.
09:03:15 INFO  : Context for 'APU' is selected.
09:03:15 INFO  : 'stop' command is executed.
09:03:15 INFO  : 'ps7_init' command is executed.
09:03:15 INFO  : 'ps7_post_config' command is executed.
09:03:15 INFO  : Context for processor 'ps7_cortexa9_0' is selected.
09:03:15 INFO  : Processor reset is completed for 'ps7_cortexa9_0'.
09:03:15 INFO  : Context for processor 'ps7_cortexa9_0' is selected.
09:03:16 INFO  : The application 'F:/FPGA/work_space/AD_DA_tran/AD_DA_tran.sdk/Uart_0/Debug/Uart_0.elf' is downloaded to processor 'ps7_cortexa9_0'.
09:03:16 INFO  : 'configparams force-mem-access 0' command is executed.
09:03:16 INFO  : ----------------XSDB Script----------------
connect -url tcp:127.0.0.1:3121
source F:/FPGA/work_space/AD_DA_tran/AD_DA_tran.sdk/FFT_OUT_hw_platform_0/ps7_init.tcl
targets -set -nocase -filter {name =~"APU*" && jtag_cable_name =~ "Digilent JTAG-SMT3 210357A7D00EA"} -index 0
loadhw -hw F:/FPGA/work_space/AD_DA_tran/AD_DA_tran.sdk/FFT_OUT_hw_platform_0/system.hdf -mem-ranges [list {0x40000000 0xbfffffff}]
configparams force-mem-access 1
targets -set -nocase -filter {name =~"APU*" && jtag_cable_name =~ "Digilent JTAG-SMT3 210357A7D00EA"} -index 0
stop
ps7_init
ps7_post_config
targets -set -nocase -filter {name =~ "ARM*#0" && jtag_cable_name =~ "Digilent JTAG-SMT3 210357A7D00EA"} -index 0
rst -processor
targets -set -nocase -filter {name =~ "ARM*#0" && jtag_cable_name =~ "Digilent JTAG-SMT3 210357A7D00EA"} -index 0
dow F:/FPGA/work_space/AD_DA_tran/AD_DA_tran.sdk/Uart_0/Debug/Uart_0.elf
configparams force-mem-access 0
----------------End of Script----------------

09:03:16 INFO  : Memory regions updated for context APU
09:03:16 INFO  : Context for processor 'ps7_cortexa9_0' is selected.
09:03:16 INFO  : 'con' command is executed.
09:03:16 INFO  : ----------------XSDB Script (After Launch)----------------
targets -set -nocase -filter {name =~ "ARM*#0" && jtag_cable_name =~ "Digilent JTAG-SMT3 210357A7D00EA"} -index 0
con
----------------End of Script----------------

09:03:16 INFO  : Launch script is exported to file 'F:\FPGA\work_space\AD_DA_tran\AD_DA_tran.sdk\.sdk\launch_scripts\xilinx_c-c++_application_(system_debugger)\system_debugger_using_debug_uart_0.elf_on_local.tcl'
09:30:07 INFO  : Disconnected from the channel tcfchan#7.
17:36:50 INFO  : Registering command handlers for SDK TCF services
17:36:50 INFO  : Launching XSCT server: xsct.bat -interactive F:\FPGA\work_space\AD_DA_tran\AD_DA_tran.sdk\temp_xsdb_launch_script.tcl
17:36:53 INFO  : XSCT server has started successfully.
17:36:57 INFO  : Successfully done setting XSCT server connection channel  
17:36:57 INFO  : Successfully done setting SDK workspace  
17:36:57 INFO  : Processing command line option -hwspec F:/FPGA/work_space/AD_DA_tran/AD_DA_tran.sdk/FFT_OUT.hdf.
17:36:57 INFO  : Checking for hwspec changes in the project FFT_OUT_hw_platform_0.
23:32:54 INFO  : Registering command handlers for SDK TCF services
23:32:54 INFO  : Launching XSCT server: xsct.bat -interactive F:\FPGA\work_space\AD_DA_tran\AD_DA_tran.sdk\temp_xsdb_launch_script.tcl
23:32:57 INFO  : XSCT server has started successfully.
23:32:57 INFO  : Successfully done setting XSCT server connection channel  
23:32:57 INFO  : Successfully done setting SDK workspace  
23:32:57 INFO  : Processing command line option -hwspec F:/FPGA/work_space/AD_DA_tran/AD_DA_tran.sdk/FFT_OUT.hdf.
23:32:57 INFO  : Checking for hwspec changes in the project FFT_OUT_hw_platform_0.
13:46:32 INFO  : Registering command handlers for SDK TCF services
13:46:32 INFO  : Launching XSCT server: xsct.bat -interactive F:\FPGA\work_space\AD_DA_tran\AD_DA_tran.sdk\temp_xsdb_launch_script.tcl
13:46:35 INFO  : XSCT server has started successfully.
13:46:35 INFO  : Successfully done setting XSCT server connection channel  
13:46:40 INFO  : Successfully done setting SDK workspace  
13:46:40 INFO  : Processing command line option -hwspec F:/FPGA/work_space/AD_DA_tran/AD_DA_tran.sdk/FFT_OUT.hdf.
13:46:40 INFO  : Checking for hwspec changes in the project FFT_OUT_hw_platform_0.
